,pickup_zone_id,hour_ts,sample_rows,zone_id,requests,fulfilled_requests
0,APT-T1,2026-05-01 00:00:00+05:30,19,APT-T1,83,31
1,APT-T1,2026-05-01 01:00:00+05:30,17,APT-T1,111,27
2,APT-T1,2026-05-01 02:00:00+05:30,22,APT-T1,86,21
3,APT-T1,2026-05-01 03:00:00+05:30,30,APT-T1,54,25
4,APT-T1,2026-05-01 04:00:00+05:30,20,APT-T1,36,34
5,APT-T1,2026-05-01 05:00:00+05:30,22,APT-T1,47,40
6,APT-T1,2026-05-01 06:00:00+05:30,19,APT-T1,65,35
7,APT-T1,2026-05-01 07:00:00+05:30,19,APT-T1,74,47
8,APT-T1,2026-05-01 08:00:00+05:30,29,APT-T1,54,53
9,APT-T1,2026-05-01 09:00:00+05:30,19,APT-T1,47,46
10,APT-T1,2026-05-01 10:00:00+05:30,20,APT-T1,30,29
11,APT-T1,2026-05-01 11:00:00+05:30,28,APT-T1,30,29
12,APT-T1,2026-05-01 12:00:00+05:30,22,APT-T1,32,31
13,APT-T1,2026-05-01 13:00:00+05:30,16,APT-T1,18,17
14,APT-T1,2026-05-01 14:00:00+05:30,23,APT-T1,24,23
15,APT-T1,2026-05-01 15:00:00+05:30,24,APT-T1,29,28
16,APT-T1,2026-05-01 16:00:00+05:30,26,APT-T1,23,22
17,APT-T1,2026-05-01 17:00:00+05:30,25,APT-T1,23,22
18,APT-T1,2026-05-01 18:00:00+05:30,22,APT-T1,28,27
19,APT-T1,2026-05-01 19:00:00+05:30,14,APT-T1,23,14
20,APT-T1,2026-05-01 20:00:00+05:30,25,APT-T1,45,19
21,APT-T1,2026-05-01 21:00:00+05:30,22,APT-T1,70,29
22,APT-T1,2026-05-01 22:00:00+05:30,25,APT-T1,102,25
23,APT-T1,2026-05-01 23:00:00+05:30,30,APT-T1,109,30
24,APT-T1,2026-05-02 00:00:00+05:30,27,APT-T1,76,34
25,APT-T1,2026-05-02 01:00:00+05:30,21,APT-T1,95,23
26,APT-T1,2026-05-02 02:00:00+05:30,21,APT-T1,94,25
27,APT-T1,2026-05-02 03:00:00+05:30,17,APT-T1,40,19
28,APT-T1,2026-05-02 04:00:00+05:30,27,APT-T1,35,34
29,APT-T1,2026-05-02 05:00:00+05:30,21,APT-T1,44,41
30,APT-T1,2026-05-02 06:00:00+05:30,27,APT-T1,73,48
31,APT-T1,2026-05-02 07:00:00+05:30,19,APT-T1,61,50
32,APT-T1,2026-05-02 08:00:00+05:30,16,APT-T1,58,57
33,APT-T1,2026-05-02 09:00:00+05:30,25,APT-T1,52,51
34,APT-T1,2026-05-02 10:00:00+05:30,14,APT-T1,33,32
35,APT-T1,2026-05-02 11:00:00+05:30,20,APT-T1,26,25
36,APT-T1,2026-05-02 12:00:00+05:30,26,APT-T1,21,20
37,APT-T1,2026-05-02 13:00:00+05:30,18,APT-T1,22,21
38,APT-T1,2026-05-02 14:00:00+05:30,23,APT-T1,27,26
39,APT-T1,2026-05-02 15:00:00+05:30,22,APT-T1,16,15
40,APT-T1,2026-05-02 16:00:00+05:30,21,APT-T1,22,21
41,APT-T1,2026-05-02 17:00:00+05:30,14,APT-T1,17,16
42,APT-T1,2026-05-02 18:00:00+05:30,8,APT-T1,28,27
43,APT-T1,2026-05-02 19:00:00+05:30,15,APT-T1,27,26
44,APT-T1,2026-05-02 20:00:00+05:30,19,APT-T1,37,26
45,APT-T1,2026-05-02 21:00:00+05:30,19,APT-T1,55,22
46,APT-T1,2026-05-02 22:00:00+05:30,21,APT-T1,86,25
47,APT-T1,2026-05-02 23:00:00+05:30,14,APT-T1,111,27
48,APT-T1,2026-05-03 00:00:00+05:30,30,APT-T1,78,19
49,APT-T1,2026-05-03 01:00:00+05:30,30,APT-T1,99,32
50,APT-T1,2026-05-03 02:00:00+05:30,14,APT-T1,80,24
51,APT-T1,2026-05-03 03:00:00+05:30,25,APT-T1,46,19
52,APT-T1,2026-05-03 04:00:00+05:30,24,APT-T1,36,26
53,APT-T1,2026-05-03 05:00:00+05:30,31,APT-T1,48,38
54,APT-T1,2026-05-03 06:00:00+05:30,20,APT-T1,60,44
55,APT-T1,2026-05-03 07:00:00+05:30,20,APT-T1,52,51
56,APT-T1,2026-05-03 08:00:00+05:30,20,APT-T1,48,47
57,APT-T1,2026-05-03 09:00:00+05:30,14,APT-T1,35,34
58,APT-T1,2026-05-03 10:00:00+05:30,20,APT-T1,24,23
59,APT-T1,2026-05-03 11:00:00+05:30,22,APT-T1,29,28
60,APT-T1,2026-05-03 12:00:00+05:30,13,APT-T1,26,25
61,APT-T1,2026-05-03 13:00:00+05:30,21,APT-T1,25,24
62,APT-T1,2026-05-03 14:00:00+05:30,18,APT-T1,21,20
63,APT-T1,2026-05-03 15:00:00+05:30,25,APT-T1,24,23
64,APT-T1,2026-05-03 16:00:00+05:30,12,APT-T1,22,21
65,APT-T1,2026-05-03 17:00:00+05:30,20,APT-T1,26,25
66,APT-T1,2026-05-03 18:00:00+05:30,22,APT-T1,20,19
67,APT-T1,2026-05-03 19:00:00+05:30,17,APT-T1,28,27
68,APT-T1,2026-05-03 20:00:00+05:30,24,APT-T1,27,26
69,APT-T1,2026-05-03 21:00:00+05:30,27,APT-T1,69,42
70,APT-T1,2026-05-03 22:00:00+05:30,18,APT-T1,79,28
71,APT-T1,2026-05-03 23:00:00+05:30,21,APT-T1,99,24
72,APT-T1,2026-05-04 00:00:00+05:30,25,APT-T1,68,19
73,APT-T1,2026-05-04 01:00:00+05:30,24,APT-T1,97,29
74,APT-T1,2026-05-04 02:00:00+05:30,21,APT-T1,78,25
75,APT-T1,2026-05-04 03:00:00+05:30,26,APT-T1,52,30
76,APT-T1,2026-05-04 04:00:00+05:30,30,APT-T1,46,40
77,APT-T1,2026-05-04 05:00:00+05:30,22,APT-T1,51,27
78,APT-T1,2026-05-04 06:00:00+05:30,23,APT-T1,54,46
79,APT-T1,2026-05-04 07:00:00+05:30,25,APT-T1,67,52
80,APT-T1,2026-05-04 08:00:00+05:30,24,APT-T1,42,41
81,APT-T1,2026-05-04 09:00:00+05:30,16,APT-T1,38,37
82,APT-T1,2026-05-04 10:00:00+05:30,18,APT-T1,43,42
83,APT-T1,2026-05-04 11:00:00+05:30,25,APT-T1,19,18
84,APT-T1,2026-05-04 12:00:00+05:30,23,APT-T1,29,28
85,APT-T1,2026-05-04 13:00:00+05:30,24,APT-T1,20,19
86,APT-T1,2026-05-04 14:00:00+05:30,23,APT-T1,13,12
87,APT-T1,2026-05-04 15:00:00+05:30,21,APT-T1,19,18
88,APT-T1,2026-05-04 16:00:00+05:30,14,APT-T1,22,21
89,APT-T1,2026-05-04 17:00:00+05:30,16,APT-T1,27,26
90,APT-T1,2026-05-04 18:00:00+05:30,16,APT-T1,22,21
91,APT-T1,2026-05-04 19:00:00+05:30,19,APT-T1,29,28
92,APT-T1,2026-05-04 20:00:00+05:30,29,APT-T1,43,33
93,APT-T1,2026-05-04 21:00:00+05:30,24,APT-T1,46,27
94,APT-T1,2026-05-04 22:00:00+05:30,19,APT-T1,79,20
95,APT-T1,2026-05-04 23:00:00+05:30,20,APT-T1,105,28
96,APT-T1,2026-05-05 00:00:00+05:30,20,APT-T1,70,17
97,APT-T1,2026-05-05 01:00:00+05:30,24,APT-T1,92,23
98,APT-T1,2026-05-05 02:00:00+05:30,20,APT-T1,54,13
99,APT-T1,2026-05-05 03:00:00+05:30,24,APT-T1,54,37
100,APT-T1,2026-05-05 04:00:00+05:30,15,APT-T1,46,27
101,APT-T1,2026-05-05 05:00:00+05:30,12,APT-T1,31,30
102,APT-T1,2026-05-05 06:00:00+05:30,18,APT-T1,48,35
103,APT-T1,2026-05-05 07:00:00+05:30,19,APT-T1,66,49
104,APT-T1,2026-05-05 08:00:00+05:30,30,APT-T1,59,44
105,APT-T1,2026-05-05 09:00:00+05:30,19,APT-T1,43,42
106,APT-T1,2026-05-05 10:00:00+05:30,18,APT-T1,27,26
107,APT-T1,2026-05-05 11:00:00+05:30,14,APT-T1,16,15
108,APT-T1,2026-05-05 12:00:00+05:30,16,APT-T1,31,30
109,APT-T1,2026-05-05 13:00:00+05:30,25,APT-T1,25,24
110,APT-T1,2026-05-05 14:00:00+05:30,20,APT-T1,20,19
111,APT-T1,2026-05-05 15:00:00+05:30,24,APT-T1,19,18
112,APT-T1,2026-05-05 16:00:00+05:30,21,APT-T1,19,18
113,APT-T1,2026-05-05 17:00:00+05:30,28,APT-T1,21,20
114,APT-T1,2026-05-05 18:00:00+05:30,13,APT-T1,20,19
115,APT-T1,2026-05-05 19:00:00+05:30,23,APT-T1,22,21
116,APT-T1,2026-05-05 20:00:00+05:30,25,APT-T1,41,22
117,APT-T1,2026-05-05 21:00:00+05:30,17,APT-T1,81,20
118,APT-T1,2026-05-05 22:00:00+05:30,20,APT-T1,84,34
119,APT-T1,2026-05-05 23:00:00+05:30,16,APT-T1,102,25
120,APT-T1,2026-05-06 00:00:00+05:30,17,APT-T1,62,16
121,APT-T1,2026-05-06 01:00:00+05:30,16,APT-T1,87,23
122,APT-T1,2026-05-06 02:00:00+05:30,27,APT-T1,69,27
123,APT-T1,2026-05-06 03:00:00+05:30,22,APT-T1,55,15
124,APT-T1,2026-05-06 04:00:00+05:30,14,APT-T1,34,19
125,APT-T1,2026-05-06 05:00:00+05:30,19,APT-T1,37,26
126,APT-T1,2026-05-06 06:00:00+05:30,16,APT-T1,51,48
127,APT-T1,2026-05-06 07:00:00+05:30,26,APT-T1,66,56
128,APT-T1,2026-05-06 08:00:00+05:30,33,APT-T1,59,39
129,APT-T1,2026-05-06 09:00:00+05:30,20,APT-T1,42,41
130,APT-T1,2026-05-06 10:00:00+05:30,18,APT-T1,27,26
131,APT-T1,2026-05-06 11:00:00+05:30,20,APT-T1,22,21
132,APT-T1,2026-05-06 12:00:00+05:30,18,APT-T1,24,23
133,APT-T1,2026-05-06 13:00:00+05:30,19,APT-T1,18,17
134,APT-T1,2026-05-06 14:00:00+05:30,20,APT-T1,15,14
135,APT-T1,2026-05-06 15:00:00+05:30,12,APT-T1,24,23
136,APT-T1,2026-05-06 16:00:00+05:30,21,APT-T1,22,21
137,APT-T1,2026-05-06 17:00:00+05:30,21,APT-T1,21,20
138,APT-T1,2026-05-06 18:00:00+05:30,28,APT-T1,20,18
139,APT-T1,2026-05-06 19:00:00+05:30,12,APT-T1,26,25
140,APT-T1,2026-05-06 20:00:00+05:30,17,APT-T1,29,28
141,APT-T1,2026-05-06 21:00:00+05:30,23,APT-T1,54,17
142,APT-T1,2026-05-06 22:00:00+05:30,12,APT-T1,102,25
143,APT-T1,2026-05-06 23:00:00+05:30,12,APT-T1,110,27
144,APT-T1,2026-05-07 00:00:00+05:30,32,APT-T1,75,23
145,APT-T1,2026-05-07 01:00:00+05:30,28,APT-T1,79,23
146,APT-T1,2026-05-07 02:00:00+05:30,14,APT-T1,84,25
147,APT-T1,2026-05-07 03:00:00+05:30,18,APT-T1,47,23
148,APT-T1,2026-05-07 04:00:00+05:30,18,APT-T1,31,23
149,APT-T1,2026-05-07 05:00:00+05:30,12,APT-T1,40,39
150,APT-T1,2026-05-07 06:00:00+05:30,22,APT-T1,49,39
151,APT-T1,2026-05-07 07:00:00+05:30,27,APT-T1,47,46
152,APT-T1,2026-05-07 08:00:00+05:30,16,APT-T1,58,57
153,APT-T1,2026-05-07 09:00:00+05:30,27,APT-T1,39,38
154,APT-T1,2026-05-07 10:00:00+05:30,30,APT-T1,27,26
155,APT-T1,2026-05-07 11:00:00+05:30,10,APT-T1,26,25
156,APT-T1,2026-05-07 12:00:00+05:30,21,APT-T1,24,23
157,APT-T1,2026-05-07 13:00:00+05:30,18,APT-T1,16,15
158,APT-T1,2026-05-07 14:00:00+05:30,24,APT-T1,26,25
159,APT-T1,2026-05-07 15:00:00+05:30,23,APT-T1,22,21
160,APT-T1,2026-05-07 16:00:00+05:30,18,APT-T1,13,12
161,APT-T1,2026-05-07 17:00:00+05:30,25,APT-T1,21,20
162,APT-T1,2026-05-07 18:00:00+05:30,20,APT-T1,14,13
163,APT-T1,2026-05-07 19:00:00+05:30,20,APT-T1,28,27
164,APT-T1,2026-05-07 20:00:00+05:30,22,APT-T1,24,21
165,APT-T1,2026-05-07 21:00:00+05:30,15,APT-T1,48,29
166,APT-T1,2026-05-07 22:00:00+05:30,15,APT-T1,88,32
167,APT-T1,2026-05-07 23:00:00+05:30,24,APT-T1,107,26
168,APT-T1,2026-05-08 00:00:00+05:30,14,APT-T1,84,21
169,APT-T1,2026-05-08 01:00:00+05:30,11,APT-T1,108,29
170,APT-T1,2026-05-08 02:00:00+05:30,21,APT-T1,104,26
171,APT-T1,2026-05-08 03:00:00+05:30,24,APT-T1,48,31
172,APT-T1,2026-05-08 04:00:00+05:30,20,APT-T1,51,29
173,APT-T1,2026-05-08 05:00:00+05:30,17,APT-T1,45,33
174,APT-T1,2026-05-08 06:00:00+05:30,16,APT-T1,59,28
175,APT-T1,2026-05-08 07:00:00+05:30,21,APT-T1,65,46
176,APT-T1,2026-05-08 08:00:00+05:30,23,APT-T1,51,50
177,APT-T1,2026-05-08 09:00:00+05:30,13,APT-T1,41,40
178,APT-T1,2026-05-08 10:00:00+05:30,22,APT-T1,41,40
179,APT-T1,2026-05-08 11:00:00+05:30,25,APT-T1,37,36
180,APT-T1,2026-05-08 12:00:00+05:30,21,APT-T1,38,37
181,APT-T1,2026-05-08 13:00:00+05:30,22,APT-T1,23,22
182,APT-T1,2026-05-08 14:00:00+05:30,20,APT-T1,19,18
183,APT-T1,2026-05-08 15:00:00+05:30,23,APT-T1,21,20
184,APT-T1,2026-05-08 16:00:00+05:30,14,APT-T1,23,22
185,APT-T1,2026-05-08 17:00:00+05:30,21,APT-T1,26,25
186,APT-T1,2026-05-08 18:00:00+05:30,21,APT-T1,25,24
187,APT-T1,2026-05-08 19:00:00+05:30,22,APT-T1,20,19
188,APT-T1,2026-05-08 20:00:00+05:30,24,APT-T1,46,24
189,APT-T1,2026-05-08 21:00:00+05:30,18,APT-T1,61,28
190,APT-T1,2026-05-08 22:00:00+05:30,27,APT-T1,92,23
191,APT-T1,2026-05-08 23:00:00+05:30,15,APT-T1,110,40
192,APT-T1,2026-05-09 00:00:00+05:30,18,APT-T1,89,28
193,APT-T1,2026-05-09 01:00:00+05:30,25,APT-T1,104,26
194,APT-T1,2026-05-09 02:00:00+05:30,16,APT-T1,86,21
195,APT-T1,2026-05-09 03:00:00+05:30,28,APT-T1,63,26
196,APT-T1,2026-05-09 04:00:00+05:30,20,APT-T1,47,26
197,APT-T1,2026-05-09 05:00:00+05:30,18,APT-T1,51,43
198,APT-T1,2026-05-09 06:00:00+05:30,16,APT-T1,65,44
199,APT-T1,2026-05-09 07:00:00+05:30,19,APT-T1,69,54
200,APT-T1,2026-05-09 08:00:00+05:30,26,APT-T1,63,62
201,APT-T1,2026-05-09 09:00:00+05:30,19,APT-T1,45,44
202,APT-T1,2026-05-09 10:00:00+05:30,19,APT-T1,32,31
203,APT-T1,2026-05-09 11:00:00+05:30,17,APT-T1,22,21
204,APT-T1,2026-05-09 12:00:00+05:30,11,APT-T1,28,27
205,APT-T1,2026-05-09 13:00:00+05:30,16,APT-T1,18,17
206,APT-T1,2026-05-09 14:00:00+05:30,23,APT-T1,23,22
207,APT-T1,2026-05-09 15:00:00+05:30,23,APT-T1,22,21
208,APT-T1,2026-05-09 16:00:00+05:30,16,APT-T1,26,25
209,APT-T1,2026-05-09 17:00:00+05:30,13,APT-T1,19,18
210,APT-T1,2026-05-09 18:00:00+05:30,20,APT-T1,24,23
211,APT-T1,2026-05-09 19:00:00+05:30,25,APT-T1,31,30
212,APT-T1,2026-05-09 20:00:00+05:30,29,APT-T1,44,24
213,APT-T1,2026-05-09 21:00:00+05:30,21,APT-T1,64,19
214,APT-T1,2026-05-09 22:00:00+05:30,20,APT-T1,92,23
215,APT-T1,2026-05-09 23:00:00+05:30,27,APT-T1,113,28
216,APT-T1,2026-05-10 00:00:00+05:30,15,APT-T1,73,21
217,APT-T1,2026-05-10 01:00:00+05:30,14,APT-T1,71,17
218,APT-T1,2026-05-10 02:00:00+05:30,21,APT-T1,69,17
219,APT-T1,2026-05-10 03:00:00+05:30,12,APT-T1,54,18
220,APT-T1,2026-05-10 04:00:00+05:30,21,APT-T1,33,32
221,APT-T1,2026-05-10 05:00:00+05:30,19,APT-T1,36,35
222,APT-T1,2026-05-10 06:00:00+05:30,17,APT-T1,52,50
223,APT-T1,2026-05-10 07:00:00+05:30,17,APT-T1,58,57
224,APT-T1,2026-05-10 08:00:00+05:30,20,APT-T1,49,48
225,APT-T1,2026-05-10 09:00:00+05:30,18,APT-T1,29,28
226,APT-T1,2026-05-10 10:00:00+05:30,23,APT-T1,30,29
227,APT-T1,2026-05-10 11:00:00+05:30,17,APT-T1,20,19
228,APT-T1,2026-05-10 12:00:00+05:30,19,APT-T1,30,29
229,APT-T1,2026-05-10 13:00:00+05:30,15,APT-T1,30,29
230,APT-T1,2026-05-10 14:00:00+05:30,23,APT-T1,28,27
231,APT-T1,2026-05-10 15:00:00+05:30,16,APT-T1,19,18
232,APT-T1,2026-05-10 16:00:00+05:30,20,APT-T1,24,23
233,APT-T1,2026-05-10 17:00:00+05:30,31,APT-T1,20,19
234,APT-T1,2026-05-10 18:00:00+05:30,13,APT-T1,22,21
235,APT-T1,2026-05-10 19:00:00+05:30,15,APT-T1,18,17
236,APT-T1,2026-05-10 20:00:00+05:30,21,APT-T1,40,32
237,APT-T1,2026-05-10 21:00:00+05:30,20,APT-T1,52,35
238,APT-T1,2026-05-10 22:00:00+05:30,28,APT-T1,87,32
239,APT-T1,2026-05-10 23:00:00+05:30,25,APT-T1,108,27
240,APT-T1,2026-05-11 00:00:00+05:30,29,APT-T1,73,19
241,APT-T1,2026-05-11 01:00:00+05:30,25,APT-T1,92,23
242,APT-T1,2026-05-11 02:00:00+05:30,24,APT-T1,67,31
243,APT-T1,2026-05-11 03:00:00+05:30,15,APT-T1,41,28
244,APT-T1,2026-05-11 04:00:00+05:30,14,APT-T1,44,21
245,APT-T1,2026-05-11 05:00:00+05:30,25,APT-T1,31,28
246,APT-T1,2026-05-11 06:00:00+05:30,21,APT-T1,56,36
247,APT-T1,2026-05-11 07:00:00+05:30,18,APT-T1,62,47
248,APT-T1,2026-05-11 08:00:00+05:30,27,APT-T1,39,38
249,APT-T1,2026-05-11 09:00:00+05:30,24,APT-T1,39,38
250,APT-T1,2026-05-11 10:00:00+05:30,15,APT-T1,24,23
251,APT-T1,2026-05-11 11:00:00+05:30,17,APT-T1,20,19
252,APT-T1,2026-05-11 12:00:00+05:30,18,APT-T1,26,25
253,APT-T1,2026-05-11 13:00:00+05:30,19,APT-T1,26,25
254,APT-T1,2026-05-11 14:00:00+05:30,18,APT-T1,21,20
255,APT-T1,2026-05-11 15:00:00+05:30,26,APT-T1,21,20
256,APT-T1,2026-05-11 16:00:00+05:30,24,APT-T1,19,18
257,APT-T1,2026-05-11 17:00:00+05:30,21,APT-T1,24,23
258,APT-T1,2026-05-11 18:00:00+05:30,19,APT-T1,22,21
259,APT-T1,2026-05-11 19:00:00+05:30,25,APT-T1,17,16
260,APT-T1,2026-05-11 20:00:00+05:30,24,APT-T1,39,15
261,APT-T1,2026-05-11 21:00:00+05:30,25,APT-T1,58,25
262,APT-T1,2026-05-11 22:00:00+05:30,14,APT-T1,77,25
263,APT-T1,2026-05-11 23:00:00+05:30,15,APT-T1,99,24
264,APT-T1,2026-05-12 00:00:00+05:30,28,APT-T1,60,18
265,APT-T1,2026-05-12 01:00:00+05:30,20,APT-T1,104,26
266,APT-T1,2026-05-12 02:00:00+05:30,21,APT-T1,90,29
267,APT-T1,2026-05-12 03:00:00+05:30,16,APT-T1,50,12
268,APT-T1,2026-05-12 04:00:00+05:30,19,APT-T1,37,23
269,APT-T1,2026-05-12 05:00:00+05:30,26,APT-T1,41,26
270,APT-T1,2026-05-12 06:00:00+05:30,11,APT-T1,62,32
271,APT-T1,2026-05-12 07:00:00+05:30,24,APT-T1,68,52
272,APT-T1,2026-05-12 08:00:00+05:30,22,APT-T1,44,43
273,APT-T1,2026-05-12 09:00:00+05:30,15,APT-T1,42,41
274,APT-T1,2026-05-12 10:00:00+05:30,19,APT-T1,24,23
275,APT-T1,2026-05-12 11:00:00+05:30,23,APT-T1,27,26
276,APT-T1,2026-05-12 12:00:00+05:30,22,APT-T1,18,17
277,APT-T1,2026-05-12 13:00:00+05:30,16,APT-T1,15,14
278,APT-T1,2026-05-12 14:00:00+05:30,31,APT-T1,23,22
279,APT-T1,2026-05-12 15:00:00+05:30,20,APT-T1,25,24
280,APT-T1,2026-05-12 16:00:00+05:30,22,APT-T1,15,14
281,APT-T1,2026-05-12 17:00:00+05:30,16,APT-T1,25,24
282,APT-T1,2026-05-12 18:00:00+05:30,19,APT-T1,22,21
283,APT-T1,2026-05-12 19:00:00+05:30,24,APT-T1,27,26
284,APT-T1,2026-05-12 20:00:00+05:30,15,APT-T1,35,24
285,APT-T1,2026-05-12 21:00:00+05:30,24,APT-T1,58,36
286,APT-T1,2026-05-12 22:00:00+05:30,15,APT-T1,66,22
287,APT-T1,2026-05-12 23:00:00+05:30,18,APT-T1,114,28
288,APT-T1,2026-05-13 00:00:00+05:30,14,APT-T1,67,16
289,APT-T1,2026-05-13 01:00:00+05:30,20,APT-T1,90,39
290,APT-T1,2026-05-13 02:00:00+05:30,29,APT-T1,75,24
291,APT-T1,2026-05-13 03:00:00+05:30,23,APT-T1,38,37
292,APT-T1,2026-05-13 04:00:00+05:30,22,APT-T1,33,24
293,APT-T1,2026-05-13 05:00:00+05:30,25,APT-T1,37,34
294,APT-T1,2026-05-13 06:00:00+05:30,23,APT-T1,52,27
295,APT-T1,2026-05-13 07:00:00+05:30,13,APT-T1,59,58
296,APT-T1,2026-05-13 08:00:00+05:30,27,APT-T1,46,45
297,APT-T1,2026-05-13 09:00:00+05:30,14,APT-T1,50,49
298,APT-T1,2026-05-13 10:00:00+05:30,31,APT-T1,25,24
299,APT-T1,2026-05-13 11:00:00+05:30,24,APT-T1,21,20
300,APT-T1,2026-05-13 12:00:00+05:30,18,APT-T1,22,21
301,APT-T1,2026-05-13 13:00:00+05:30,15,APT-T1,25,24
302,APT-T1,2026-05-13 14:00:00+05:30,18,APT-T1,23,22
303,APT-T1,2026-05-13 15:00:00+05:30,16,APT-T1,19,18
304,APT-T1,2026-05-13 16:00:00+05:30,28,APT-T1,16,15
305,APT-T1,2026-05-13 17:00:00+05:30,23,APT-T1,14,13
306,APT-T1,2026-05-13 18:00:00+05:30,22,APT-T1,21,20
307,APT-T1,2026-05-13 19:00:00+05:30,22,APT-T1,23,22
308,APT-T1,2026-05-13 20:00:00+05:30,18,APT-T1,24,23
309,APT-T1,2026-05-13 21:00:00+05:30,22,APT-T1,43,13
310,APT-T1,2026-05-13 22:00:00+05:30,23,APT-T1,95,29
311,APT-T1,2026-05-13 23:00:00+05:30,11,APT-T1,89,29
312,APT-T1,2026-05-14 00:00:00+05:30,23,APT-T1,89,29
313,APT-T1,2026-05-14 01:00:00+05:30,27,APT-T1,89,22
314,APT-T1,2026-05-14 02:00:00+05:30,17,APT-T1,72,23
315,APT-T1,2026-05-14 03:00:00+05:30,20,APT-T1,48,25
316,APT-T1,2026-05-14 04:00:00+05:30,15,APT-T1,26,18
317,APT-T1,2026-05-14 05:00:00+05:30,22,APT-T1,37,29
318,APT-T1,2026-05-14 06:00:00+05:30,25,APT-T1,39,38
319,APT-T1,2026-05-14 07:00:00+05:30,16,APT-T1,45,44
320,APT-T1,2026-05-14 08:00:00+05:30,28,APT-T1,53,52
321,APT-T1,2026-05-14 09:00:00+05:30,20,APT-T1,43,42
322,APT-T1,2026-05-14 10:00:00+05:30,22,APT-T1,24,23
323,APT-T1,2026-05-14 11:00:00+05:30,26,APT-T1,18,17
324,APT-T1,2026-05-14 12:00:00+05:30,29,APT-T1,21,20
325,APT-T1,2026-05-14 13:00:00+05:30,22,APT-T1,24,23
326,APT-T1,2026-05-14 14:00:00+05:30,15,APT-T1,26,25
327,APT-T1,2026-05-14 15:00:00+05:30,22,APT-T1,19,18
328,APT-T1,2026-05-14 16:00:00+05:30,15,APT-T1,15,14
329,APT-T1,2026-05-14 17:00:00+05:30,21,APT-T1,24,23
330,APT-T1,2026-05-14 18:00:00+05:30,19,APT-T1,14,13
331,APT-T1,2026-05-14 19:00:00+05:30,23,APT-T1,24,23
332,APT-T1,2026-05-14 20:00:00+05:30,19,APT-T1,31,30
333,APT-T1,2026-05-14 21:00:00+05:30,31,APT-T1,70,25
334,APT-T1,2026-05-14 22:00:00+05:30,25,APT-T1,88,22
335,APT-T1,2026-05-14 23:00:00+05:30,22,APT-T1,93,23
336,APT-T1,2026-05-15 00:00:00+05:30,23,APT-T1,80,23
337,APT-T1,2026-05-15 01:00:00+05:30,13,APT-T1,114,28
338,APT-T1,2026-05-15 02:00:00+05:30,20,APT-T1,106,28
339,APT-T1,2026-05-15 03:00:00+05:30,19,APT-T1,59,21
340,APT-T1,2026-05-15 04:00:00+05:30,32,APT-T1,44,31
341,APT-T1,2026-05-15 05:00:00+05:30,28,APT-T1,45,26
342,APT-T1,2026-05-15 06:00:00+05:30,21,APT-T1,71,42
343,APT-T1,2026-05-15 07:00:00+05:30,18,APT-T1,61,45
344,APT-T1,2026-05-15 08:00:00+05:30,27,APT-T1,66,64
345,APT-T1,2026-05-15 09:00:00+05:30,22,APT-T1,45,44
346,APT-T1,2026-05-15 10:00:00+05:30,16,APT-T1,30,29
347,APT-T1,2026-05-15 11:00:00+05:30,14,APT-T1,27,26
348,APT-T1,2026-05-15 12:00:00+05:30,26,APT-T1,18,17
349,APT-T1,2026-05-15 13:00:00+05:30,23,APT-T1,22,21
350,APT-T1,2026-05-15 14:00:00+05:30,23,APT-T1,30,29
351,APT-T1,2026-05-15 15:00:00+05:30,22,APT-T1,18,17
352,APT-T1,2026-05-15 16:00:00+05:30,21,APT-T1,22,21
353,APT-T1,2026-05-15 17:00:00+05:30,30,APT-T1,24,23
354,APT-T1,2026-05-15 18:00:00+05:30,22,APT-T1,25,24
355,APT-T1,2026-05-15 19:00:00+05:30,17,APT-T1,27,25
356,APT-T1,2026-05-15 20:00:00+05:30,28,APT-T1,34,29
357,APT-T1,2026-05-15 21:00:00+05:30,24,APT-T1,62,30
358,APT-T1,2026-05-15 22:00:00+05:30,22,APT-T1,91,26
359,APT-T1,2026-05-15 23:00:00+05:30,22,APT-T1,127,31
360,APT-T1,2026-05-16 00:00:00+05:30,20,APT-T1,70,25
361,APT-T1,2026-05-16 01:00:00+05:30,21,APT-T1,116,29
362,APT-T1,2026-05-16 02:00:00+05:30,19,APT-T1,111,27
363,APT-T1,2026-05-16 03:00:00+05:30,16,APT-T1,53,25
364,APT-T1,2026-05-16 04:00:00+05:30,13,APT-T1,41,33
365,APT-T1,2026-05-16 05:00:00+05:30,19,APT-T1,51,28
366,APT-T1,2026-05-16 06:00:00+05:30,15,APT-T1,58,44
367,APT-T1,2026-05-16 07:00:00+05:30,21,APT-T1,80,59
368,APT-T1,2026-05-16 08:00:00+05:30,11,APT-T1,68,62
369,APT-T1,2026-05-16 09:00:00+05:30,26,APT-T1,37,36
370,APT-T1,2026-05-16 10:00:00+05:30,24,APT-T1,38,37
371,APT-T1,2026-05-16 11:00:00+05:30,14,APT-T1,22,21
372,APT-T1,2026-05-16 12:00:00+05:30,24,APT-T1,16,15
373,APT-T1,2026-05-16 13:00:00+05:30,12,APT-T1,26,25
374,APT-T1,2026-05-16 14:00:00+05:30,22,APT-T1,23,22
375,APT-T1,2026-05-16 15:00:00+05:30,21,APT-T1,26,25
376,APT-T1,2026-05-16 16:00:00+05:30,20,APT-T1,31,30
377,APT-T1,2026-05-16 17:00:00+05:30,18,APT-T1,32,31
378,APT-T1,2026-05-16 18:00:00+05:30,15,APT-T1,27,26
379,APT-T1,2026-05-16 19:00:00+05:30,12,APT-T1,24,23
380,APT-T1,2026-05-16 20:00:00+05:30,20,APT-T1,40,19
381,APT-T1,2026-05-16 21:00:00+05:30,15,APT-T1,57,21
382,APT-T1,2026-05-16 22:00:00+05:30,18,APT-T1,98,24
383,APT-T1,2026-05-16 23:00:00+05:30,28,APT-T1,123,30
384,APT-T1,2026-05-17 00:00:00+05:30,13,APT-T1,62,41
385,APT-T1,2026-05-17 01:00:00+05:30,26,APT-T1,93,25
386,APT-T1,2026-05-17 02:00:00+05:30,21,APT-T1,69,20
387,APT-T1,2026-05-17 03:00:00+05:30,22,APT-T1,57,17
388,APT-T1,2026-05-17 04:00:00+05:30,23,APT-T1,45,24
389,APT-T1,2026-05-17 05:00:00+05:30,23,APT-T1,59,48
390,APT-T1,2026-05-17 06:00:00+05:30,23,APT-T1,47,46
391,APT-T1,2026-05-17 07:00:00+05:30,17,APT-T1,64,41
392,APT-T1,2026-05-17 08:00:00+05:30,28,APT-T1,61,60
393,APT-T1,2026-05-17 09:00:00+05:30,10,APT-T1,49,48
394,APT-T1,2026-05-17 10:00:00+05:30,22,APT-T1,27,26
395,APT-T1,2026-05-17 11:00:00+05:30,26,APT-T1,18,17
396,APT-T1,2026-05-17 12:00:00+05:30,26,APT-T1,21,20
397,APT-T1,2026-05-17 13:00:00+05:30,19,APT-T1,22,21
398,APT-T1,2026-05-17 14:00:00+05:30,26,APT-T1,18,17
399,APT-T1,2026-05-17 15:00:00+05:30,28,APT-T1,22,21
400,APT-T1,2026-05-17 16:00:00+05:30,19,APT-T1,19,18
401,APT-T1,2026-05-17 17:00:00+05:30,20,APT-T1,26,25
402,APT-T1,2026-05-17 18:00:00+05:30,20,APT-T1,26,25
403,APT-T1,2026-05-17 19:00:00+05:30,18,APT-T1,19,18
404,APT-T1,2026-05-17 20:00:00+05:30,23,APT-T1,40,26
405,APT-T1,2026-05-17 21:00:00+05:30,11,APT-T1,60,28
406,APT-T1,2026-05-17 22:00:00+05:30,19,APT-T1,82,20
407,APT-T1,2026-05-17 23:00:00+05:30,20,APT-T1,111,27
408,APT-T1,2026-05-18 00:00:00+05:30,21,APT-T1,71,18
409,APT-T1,2026-05-18 01:00:00+05:30,18,APT-T1,92,23
410,APT-T1,2026-05-18 02:00:00+05:30,18,APT-T1,55,25
411,APT-T1,2026-05-18 03:00:00+05:30,24,APT-T1,44,29
412,APT-T1,2026-05-18 04:00:00+05:30,23,APT-T1,32,31
413,APT-T1,2026-05-18 05:00:00+05:30,14,APT-T1,40,39
414,APT-T1,2026-05-18 06:00:00+05:30,17,APT-T1,42,40
415,APT-T1,2026-05-18 07:00:00+05:30,23,APT-T1,64,63
416,APT-T1,2026-05-18 08:00:00+05:30,18,APT-T1,52,51
417,APT-T1,2026-05-18 09:00:00+05:30,25,APT-T1,31,30
418,APT-T1,2026-05-18 10:00:00+05:30,29,APT-T1,27,26
419,APT-T1,2026-05-18 11:00:00+05:30,12,APT-T1,32,31
420,APT-T1,2026-05-18 12:00:00+05:30,23,APT-T1,17,16
421,APT-T1,2026-05-18 13:00:00+05:30,19,APT-T1,24,23
422,APT-T1,2026-05-18 14:00:00+05:30,24,APT-T1,30,29
423,APT-T1,2026-05-18 15:00:00+05:30,21,APT-T1,25,24
424,APT-T1,2026-05-18 16:00:00+05:30,20,APT-T1,24,23
425,APT-T1,2026-05-18 17:00:00+05:30,16,APT-T1,20,19
426,APT-T1,2026-05-18 18:00:00+05:30,25,APT-T1,23,22
427,APT-T1,2026-05-18 19:00:00+05:30,23,APT-T1,27,26
428,APT-T1,2026-05-18 20:00:00+05:30,25,APT-T1,30,29
429,APT-T1,2026-05-18 21:00:00+05:30,28,APT-T1,59,23
430,APT-T1,2026-05-18 22:00:00+05:30,21,APT-T1,86,22
431,APT-T1,2026-05-18 23:00:00+05:30,19,APT-T1,99,24
432,APT-T1,2026-05-19 00:00:00+05:30,19,APT-T1,91,25
433,APT-T1,2026-05-19 01:00:00+05:30,21,APT-T1,66,24
434,APT-T1,2026-05-19 02:00:00+05:30,17,APT-T1,76,22
435,APT-T1,2026-05-19 03:00:00+05:30,20,APT-T1,43,22
436,APT-T1,2026-05-19 04:00:00+05:30,19,APT-T1,35,30
437,APT-T1,2026-05-19 05:00:00+05:30,21,APT-T1,51,38
438,APT-T1,2026-05-19 06:00:00+05:30,17,APT-T1,50,29
439,APT-T1,2026-05-19 07:00:00+05:30,24,APT-T1,64,41
440,APT-T1,2026-05-19 08:00:00+05:30,15,APT-T1,52,51
441,APT-T1,2026-05-19 09:00:00+05:30,34,APT-T1,43,42
442,APT-T1,2026-05-19 10:00:00+05:30,21,APT-T1,24,23
443,APT-T1,2026-05-19 11:00:00+05:30,25,APT-T1,18,17
444,APT-T1,2026-05-19 12:00:00+05:30,26,APT-T1,28,27
445,APT-T1,2026-05-19 13:00:00+05:30,20,APT-T1,27,26
446,APT-T1,2026-05-19 14:00:00+05:30,19,APT-T1,23,22
447,APT-T1,2026-05-19 15:00:00+05:30,25,APT-T1,27,26
448,APT-T1,2026-05-19 16:00:00+05:30,18,APT-T1,12,11
449,APT-T1,2026-05-19 17:00:00+05:30,25,APT-T1,16,15
450,APT-T1,2026-05-19 18:00:00+05:30,23,APT-T1,30,29
451,APT-T1,2026-05-19 19:00:00+05:30,19,APT-T1,16,15
452,APT-T1,2026-05-19 20:00:00+05:30,22,APT-T1,25,24
453,APT-T1,2026-05-19 21:00:00+05:30,17,APT-T1,55,27
454,APT-T1,2026-05-19 22:00:00+05:30,20,APT-T1,97,24
455,APT-T1,2026-05-19 23:00:00+05:30,27,APT-T1,95,24
456,APT-T1,2026-05-20 00:00:00+05:30,19,APT-T1,79,27
457,APT-T1,2026-05-20 01:00:00+05:30,15,APT-T1,92,23
458,APT-T1,2026-05-20 02:00:00+05:30,26,APT-T1,70,37
459,APT-T1,2026-05-20 03:00:00+05:30,13,APT-T1,56,31
460,APT-T1,2026-05-20 04:00:00+05:30,26,APT-T1,43,19
461,APT-T1,2026-05-20 05:00:00+05:30,26,APT-T1,38,37
462,APT-T1,2026-05-20 06:00:00+05:30,19,APT-T1,50,31
463,APT-T1,2026-05-20 07:00:00+05:30,22,APT-T1,59,58
464,APT-T1,2026-05-20 08:00:00+05:30,26,APT-T1,53,46
465,APT-T1,2026-05-20 09:00:00+05:30,21,APT-T1,40,39
466,APT-T1,2026-05-20 10:00:00+05:30,17,APT-T1,27,26
467,APT-T1,2026-05-20 11:00:00+05:30,15,APT-T1,30,29
468,APT-T1,2026-05-20 12:00:00+05:30,21,APT-T1,27,26
469,APT-T1,2026-05-20 13:00:00+05:30,21,APT-T1,21,20
470,APT-T1,2026-05-20 14:00:00+05:30,17,APT-T1,19,18
471,APT-T1,2026-05-20 15:00:00+05:30,15,APT-T1,23,22
472,APT-T1,2026-05-20 16:00:00+05:30,15,APT-T1,32,31
473,APT-T1,2026-05-20 17:00:00+05:30,23,APT-T1,23,22
474,APT-T1,2026-05-20 18:00:00+05:30,23,APT-T1,14,13
475,APT-T1,2026-05-20 19:00:00+05:30,20,APT-T1,21,20
476,APT-T1,2026-05-20 20:00:00+05:30,13,APT-T1,43,18
477,APT-T1,2026-05-20 21:00:00+05:30,23,APT-T1,62,37
478,APT-T1,2026-05-20 22:00:00+05:30,11,APT-T1,100,36
479,APT-T1,2026-05-20 23:00:00+05:30,12,APT-T1,106,26
480,APT-T1,2026-05-21 00:00:00+05:30,23,APT-T1,71,41
481,APT-T1,2026-05-21 01:00:00+05:30,22,APT-T1,73,27
482,APT-T1,2026-05-21 02:00:00+05:30,17,APT-T1,55,20
483,APT-T1,2026-05-21 03:00:00+05:30,20,APT-T1,53,21
484,APT-T1,2026-05-21 04:00:00+05:30,17,APT-T1,41,18
485,APT-T1,2026-05-21 05:00:00+05:30,29,APT-T1,39,20
486,APT-T1,2026-05-21 06:00:00+05:30,30,APT-T1,63,49
487,APT-T1,2026-05-21 07:00:00+05:30,11,APT-T1,57,48
488,APT-T1,2026-05-21 08:00:00+05:30,26,APT-T1,52,51
489,APT-T1,2026-05-21 09:00:00+05:30,34,APT-T1,41,40
490,APT-T1,2026-05-21 10:00:00+05:30,26,APT-T1,41,40
491,APT-T1,2026-05-21 11:00:00+05:30,13,APT-T1,21,20
492,APT-T1,2026-05-21 12:00:00+05:30,17,APT-T1,24,23
493,APT-T1,2026-05-21 13:00:00+05:30,8,APT-T1,20,19
494,APT-T1,2026-05-21 14:00:00+05:30,27,APT-T1,14,13
495,APT-T1,2026-05-21 15:00:00+05:30,13,APT-T1,23,22
496,APT-T1,2026-05-21 16:00:00+05:30,21,APT-T1,19,18
497,APT-T1,2026-05-21 17:00:00+05:30,19,APT-T1,24,23
498,APT-T1,2026-05-21 18:00:00+05:30,24,APT-T1,20,19
499,APT-T1,2026-05-21 19:00:00+05:30,20,APT-T1,21,20
500,APT-T1,2026-05-21 20:00:00+05:30,24,APT-T1,32,31
501,APT-T1,2026-05-21 21:00:00+05:30,16,APT-T1,62,15
502,APT-T1,2026-05-21 22:00:00+05:30,16,APT-T1,72,18
503,APT-T1,2026-05-21 23:00:00+05:30,18,APT-T1,81,20
504,APT-T1,2026-05-22 00:00:00+05:30,19,APT-T1,81,28
505,APT-T1,2026-05-22 01:00:00+05:30,19,APT-T1,96,24
506,APT-T1,2026-05-22 02:00:00+05:30,21,APT-T1,72,21
507,APT-T1,2026-05-22 03:00:00+05:30,22,APT-T1,53,38
508,APT-T1,2026-05-22 04:00:00+05:30,16,APT-T1,33,32
509,APT-T1,2026-05-22 05:00:00+05:30,17,APT-T1,48,30
510,APT-T1,2026-05-22 06:00:00+05:30,18,APT-T1,58,46
511,APT-T1,2026-05-22 07:00:00+05:30,13,APT-T1,68,66
512,APT-T1,2026-05-22 08:00:00+05:30,20,APT-T1,64,63
513,APT-T1,2026-05-22 09:00:00+05:30,15,APT-T1,39,38
514,APT-T1,2026-05-22 10:00:00+05:30,20,APT-T1,36,35
515,APT-T1,2026-05-22 11:00:00+05:30,22,APT-T1,31,30
516,APT-T1,2026-05-22 12:00:00+05:30,16,APT-T1,27,26
517,APT-T1,2026-05-22 13:00:00+05:30,23,APT-T1,24,23
518,APT-T1,2026-05-22 14:00:00+05:30,19,APT-T1,24,23
519,APT-T1,2026-05-22 15:00:00+05:30,16,APT-T1,26,25
520,APT-T1,2026-05-22 16:00:00+05:30,19,APT-T1,25,24
521,APT-T1,2026-05-22 17:00:00+05:30,18,APT-T1,21,20
522,APT-T1,2026-05-22 18:00:00+05:30,16,APT-T1,13,12
523,APT-T1,2026-05-22 19:00:00+05:30,18,APT-T1,30,29
524,APT-T1,2026-05-22 20:00:00+05:30,15,APT-T1,39,38
525,APT-T1,2026-05-22 21:00:00+05:30,21,APT-T1,83,37
526,APT-T1,2026-05-22 22:00:00+05:30,24,APT-T1,99,37
527,APT-T1,2026-05-22 23:00:00+05:30,24,APT-T1,126,31
528,APT-T1,2026-05-23 00:00:00+05:30,17,APT-T1,89,36
529,APT-T1,2026-05-23 01:00:00+05:30,23,APT-T1,104,26
530,APT-T1,2026-05-23 02:00:00+05:30,26,APT-T1,86,23
531,APT-T1,2026-05-23 03:00:00+05:30,23,APT-T1,53,25
532,APT-T1,2026-05-23 04:00:00+05:30,23,APT-T1,32,30
533,APT-T1,2026-05-23 05:00:00+05:30,16,APT-T1,50,25
534,APT-T1,2026-05-23 06:00:00+05:30,16,APT-T1,66,56
535,APT-T1,2026-05-23 07:00:00+05:30,17,APT-T1,57,56
536,APT-T1,2026-05-23 08:00:00+05:30,23,APT-T1,72,70
537,APT-T1,2026-05-23 09:00:00+05:30,18,APT-T1,57,56
538,APT-T1,2026-05-23 10:00:00+05:30,25,APT-T1,35,34
539,APT-T1,2026-05-23 11:00:00+05:30,21,APT-T1,31,30
540,APT-T1,2026-05-23 12:00:00+05:30,25,APT-T1,25,24
541,APT-T1,2026-05-23 13:00:00+05:30,17,APT-T1,30,29
542,APT-T1,2026-05-23 14:00:00+05:30,16,APT-T1,21,20
543,APT-T1,2026-05-23 15:00:00+05:30,23,APT-T1,30,29
544,APT-T1,2026-05-23 16:00:00+05:30,18,APT-T1,33,32
545,APT-T1,2026-05-23 17:00:00+05:30,29,APT-T1,29,28
546,APT-T1,2026-05-23 18:00:00+05:30,16,APT-T1,22,21
547,APT-T1,2026-05-23 19:00:00+05:30,18,APT-T1,24,23
548,APT-T1,2026-05-23 20:00:00+05:30,15,APT-T1,41,40
549,APT-T1,2026-05-23 21:00:00+05:30,25,APT-T1,62,19
550,APT-T1,2026-05-23 22:00:00+05:30,26,APT-T1,103,25
551,APT-T1,2026-05-23 23:00:00+05:30,25,APT-T1,132,34
552,APT-T1,2026-05-24 00:00:00+05:30,22,APT-T1,58,16
553,APT-T1,2026-05-24 01:00:00+05:30,20,APT-T1,75,35
554,APT-T1,2026-05-24 02:00:00+05:30,19,APT-T1,83,57
555,APT-T1,2026-05-24 03:00:00+05:30,14,APT-T1,44,22
556,APT-T1,2026-05-24 04:00:00+05:30,15,APT-T1,41,35
557,APT-T1,2026-05-24 05:00:00+05:30,18,APT-T1,47,30
558,APT-T1,2026-05-24 06:00:00+05:30,21,APT-T1,47,44
559,APT-T1,2026-05-24 07:00:00+05:30,26,APT-T1,60,50
560,APT-T1,2026-05-24 08:00:00+05:30,17,APT-T1,59,58
561,APT-T1,2026-05-24 09:00:00+05:30,15,APT-T1,40,39
562,APT-T1,2026-05-24 10:00:00+05:30,24,APT-T1,33,32
563,APT-T1,2026-05-24 11:00:00+05:30,17,APT-T1,27,26
564,APT-T1,2026-05-24 12:00:00+05:30,28,APT-T1,19,18
565,APT-T1,2026-05-24 13:00:00+05:30,27,APT-T1,18,17
566,APT-T1,2026-05-24 14:00:00+05:30,19,APT-T1,23,22
567,APT-T1,2026-05-24 15:00:00+05:30,20,APT-T1,25,24
568,APT-T1,2026-05-24 16:00:00+05:30,21,APT-T1,16,15
569,APT-T1,2026-05-24 17:00:00+05:30,13,APT-T1,26,25
570,APT-T1,2026-05-24 18:00:00+05:30,28,APT-T1,25,24
571,APT-T1,2026-05-24 19:00:00+05:30,17,APT-T1,25,24
572,APT-T1,2026-05-24 20:00:00+05:30,20,APT-T1,29,22
573,APT-T1,2026-05-24 21:00:00+05:30,22,APT-T1,60,17
574,APT-T1,2026-05-24 22:00:00+05:30,18,APT-T1,86,25
575,APT-T1,2026-05-24 23:00:00+05:30,22,APT-T1,105,26
576,APT-T1,2026-05-25 00:00:00+05:30,20,APT-T1,70,17
577,APT-T1,2026-05-25 01:00:00+05:30,21,APT-T1,81,31
578,APT-T1,2026-05-25 02:00:00+05:30,28,APT-T1,77,36
579,APT-T1,2026-05-25 03:00:00+05:30,18,APT-T1,51,26
580,APT-T1,2026-05-25 04:00:00+05:30,29,APT-T1,31,30
581,APT-T1,2026-05-25 05:00:00+05:30,29,APT-T1,33,31
582,APT-T1,2026-05-25 06:00:00+05:30,13,APT-T1,57,45
583,APT-T1,2026-05-25 07:00:00+05:30,24,APT-T1,54,37
584,APT-T1,2026-05-25 08:00:00+05:30,20,APT-T1,44,43
585,APT-T1,2026-05-25 09:00:00+05:30,20,APT-T1,46,45
586,APT-T1,2026-05-25 10:00:00+05:30,20,APT-T1,23,22
587,APT-T1,2026-05-25 11:00:00+05:30,12,APT-T1,23,22
588,APT-T1,2026-05-25 12:00:00+05:30,17,APT-T1,25,24
589,APT-T1,2026-05-25 13:00:00+05:30,22,APT-T1,18,17
590,APT-T1,2026-05-25 14:00:00+05:30,21,APT-T1,19,18
591,APT-T1,2026-05-25 15:00:00+05:30,19,APT-T1,38,37
592,APT-T1,2026-05-25 16:00:00+05:30,10,APT-T1,20,19
593,APT-T1,2026-05-25 17:00:00+05:30,10,APT-T1,21,20
594,APT-T1,2026-05-25 18:00:00+05:30,21,APT-T1,17,16
595,APT-T1,2026-05-25 19:00:00+05:30,21,APT-T1,27,26
596,APT-T1,2026-05-25 20:00:00+05:30,27,APT-T1,38,28
597,APT-T1,2026-05-25 21:00:00+05:30,23,APT-T1,56,23
598,APT-T1,2026-05-25 22:00:00+05:30,28,APT-T1,100,31
599,APT-T1,2026-05-25 23:00:00+05:30,24,APT-T1,117,29
600,APT-T1,2026-05-26 00:00:00+05:30,26,APT-T1,65,16
601,APT-T1,2026-05-26 01:00:00+05:30,24,APT-T1,81,20
602,APT-T1,2026-05-26 02:00:00+05:30,19,APT-T1,70,17
603,APT-T1,2026-05-26 03:00:00+05:30,16,APT-T1,53,41
604,APT-T1,2026-05-26 04:00:00+05:30,13,APT-T1,42,33
605,APT-T1,2026-05-26 05:00:00+05:30,20,APT-T1,45,28
606,APT-T1,2026-05-26 06:00:00+05:30,19,APT-T1,50,30
607,APT-T1,2026-05-26 07:00:00+05:30,16,APT-T1,55,54
608,APT-T1,2026-05-26 08:00:00+05:30,25,APT-T1,58,57
609,APT-T1,2026-05-26 09:00:00+05:30,18,APT-T1,44,43
610,APT-T1,2026-05-26 10:00:00+05:30,16,APT-T1,33,32
611,APT-T1,2026-05-26 11:00:00+05:30,21,APT-T1,19,18
612,APT-T1,2026-05-26 12:00:00+05:30,17,APT-T1,19,18
613,APT-T1,2026-05-26 13:00:00+05:30,16,APT-T1,18,17
614,APT-T1,2026-05-26 14:00:00+05:30,27,APT-T1,27,26
615,APT-T1,2026-05-26 15:00:00+05:30,20,APT-T1,15,14
616,APT-T1,2026-05-26 16:00:00+05:30,21,APT-T1,23,22
617,APT-T1,2026-05-26 17:00:00+05:30,20,APT-T1,26,25
618,APT-T1,2026-05-26 18:00:00+05:30,24,APT-T1,30,29
619,APT-T1,2026-05-26 19:00:00+05:30,15,APT-T1,10,9
620,APT-T1,2026-05-26 20:00:00+05:30,19,APT-T1,41,30
621,APT-T1,2026-05-26 21:00:00+05:30,20,APT-T1,40,31
622,APT-T1,2026-05-26 22:00:00+05:30,21,APT-T1,87,28
623,APT-T1,2026-05-26 23:00:00+05:30,23,APT-T1,93,23
624,APT-T1,2026-05-27 00:00:00+05:30,24,APT-T1,78,25
625,APT-T1,2026-05-27 01:00:00+05:30,23,APT-T1,74,18
626,APT-T1,2026-05-27 02:00:00+05:30,18,APT-T1,78,20
627,APT-T1,2026-05-27 03:00:00+05:30,20,APT-T1,50,24
628,APT-T1,2026-05-27 04:00:00+05:30,26,APT-T1,51,24
629,APT-T1,2026-05-27 05:00:00+05:30,14,APT-T1,52,23
630,APT-T1,2026-05-27 06:00:00+05:30,20,APT-T1,43,33
631,APT-T1,2026-05-27 07:00:00+05:30,25,APT-T1,62,39
632,APT-T1,2026-05-27 08:00:00+05:30,19,APT-T1,64,59
633,APT-T1,2026-05-27 09:00:00+05:30,19,APT-T1,32,31
634,APT-T1,2026-05-27 10:00:00+05:30,28,APT-T1,34,33
635,APT-T1,2026-05-27 11:00:00+05:30,18,APT-T1,20,19
636,APT-T1,2026-05-27 12:00:00+05:30,23,APT-T1,20,19
637,APT-T1,2026-05-27 13:00:00+05:30,19,APT-T1,20,19
638,APT-T1,2026-05-27 14:00:00+05:30,14,APT-T1,28,27
639,APT-T1,2026-05-27 15:00:00+05:30,23,APT-T1,20,19
640,APT-T1,2026-05-27 16:00:00+05:30,15,APT-T1,17,16
641,APT-T1,2026-05-27 17:00:00+05:30,16,APT-T1,15,14
642,APT-T1,2026-05-27 18:00:00+05:30,23,APT-T1,18,17
643,APT-T1,2026-05-27 19:00:00+05:30,18,APT-T1,32,31
644,APT-T1,2026-05-27 20:00:00+05:30,23,APT-T1,30,22
645,APT-T1,2026-05-27 21:00:00+05:30,24,APT-T1,69,26
646,APT-T1,2026-05-27 22:00:00+05:30,22,APT-T1,90,25
647,APT-T1,2026-05-27 23:00:00+05:30,16,APT-T1,115,28
648,APT-T1,2026-05-28 00:00:00+05:30,24,APT-T1,60,31
649,APT-T1,2026-05-28 01:00:00+05:30,21,APT-T1,89,35
650,APT-T1,2026-05-28 02:00:00+05:30,28,APT-T1,69,31
651,APT-T1,2026-05-28 03:00:00+05:30,17,APT-T1,39,17
652,APT-T1,2026-05-28 04:00:00+05:30,21,APT-T1,51,25
653,APT-T1,2026-05-28 05:00:00+05:30,23,APT-T1,48,25
654,APT-T1,2026-05-28 06:00:00+05:30,17,APT-T1,66,50
655,APT-T1,2026-05-28 07:00:00+05:30,16,APT-T1,68,35
656,APT-T1,2026-05-28 08:00:00+05:30,21,APT-T1,49,48
657,APT-T1,2026-05-28 09:00:00+05:30,27,APT-T1,48,47
658,APT-T1,2026-05-28 10:00:00+05:30,25,APT-T1,30,29
659,APT-T1,2026-05-28 11:00:00+05:30,28,APT-T1,21,20
660,APT-T1,2026-05-28 12:00:00+05:30,21,APT-T1,17,16
661,APT-T1,2026-05-28 13:00:00+05:30,23,APT-T1,23,22
662,APT-T1,2026-05-28 14:00:00+05:30,18,APT-T1,22,21
663,APT-T1,2026-05-28 15:00:00+05:30,20,APT-T1,22,21
664,APT-T1,2026-05-28 16:00:00+05:30,16,APT-T1,16,15
665,APT-T1,2026-05-28 17:00:00+05:30,18,APT-T1,26,25
666,APT-T1,2026-05-28 18:00:00+05:30,25,APT-T1,18,17
667,APT-T1,2026-05-28 19:00:00+05:30,19,APT-T1,21,20
668,APT-T1,2026-05-28 20:00:00+05:30,28,APT-T1,36,18
669,APT-T1,2026-05-28 21:00:00+05:30,23,APT-T1,62,25
670,APT-T1,2026-05-28 22:00:00+05:30,22,APT-T1,100,25
671,APT-T1,2026-05-28 23:00:00+05:30,26,APT-T1,108,27
672,APT-T1,2026-05-29 00:00:00+05:30,26,APT-T1,98,24
673,APT-T1,2026-05-29 01:00:00+05:30,21,APT-T1,106,26
674,APT-T1,2026-05-29 02:00:00+05:30,15,APT-T1,89,36
675,APT-T1,2026-05-29 03:00:00+05:30,17,APT-T1,56,27
676,APT-T1,2026-05-29 04:00:00+05:30,18,APT-T1,36,19
677,APT-T1,2026-05-29 05:00:00+05:30,26,APT-T1,50,44
678,APT-T1,2026-05-29 06:00:00+05:30,16,APT-T1,74,43
679,APT-T1,2026-05-29 07:00:00+05:30,24,APT-T1,70,57
680,APT-T1,2026-05-29 08:00:00+05:30,15,APT-T1,61,60
681,APT-T1,2026-05-29 09:00:00+05:30,23,APT-T1,33,32
682,APT-T1,2026-05-29 10:00:00+05:30,16,APT-T1,40,39
683,APT-T1,2026-05-29 11:00:00+05:30,25,APT-T1,29,28
684,APT-T1,2026-05-29 12:00:00+05:30,15,APT-T1,20,19
685,APT-T1,2026-05-29 13:00:00+05:30,17,APT-T1,22,21
686,APT-T1,2026-05-29 14:00:00+05:30,22,APT-T1,32,31
687,APT-T1,2026-05-29 15:00:00+05:30,19,APT-T1,23,22
688,APT-T1,2026-05-29 16:00:00+05:30,18,APT-T1,17,16
689,APT-T1,2026-05-29 17:00:00+05:30,21,APT-T1,24,23
690,APT-T1,2026-05-29 18:00:00+05:30,20,APT-T1,20,19
691,APT-T1,2026-05-29 19:00:00+05:30,18,APT-T1,23,22
692,APT-T1,2026-05-29 20:00:00+05:30,21,APT-T1,40,39
693,APT-T1,2026-05-29 21:00:00+05:30,19,APT-T1,79,25
694,APT-T1,2026-05-29 22:00:00+05:30,17,APT-T1,107,26
695,APT-T1,2026-05-29 23:00:00+05:30,25,APT-T1,125,31
696,APT-T1,2026-05-30 00:00:00+05:30,29,APT-T1,74,33
697,APT-T1,2026-05-30 01:00:00+05:30,17,APT-T1,132,33
698,APT-T1,2026-05-30 02:00:00+05:30,25,APT-T1,110,30
699,APT-T1,2026-05-30 03:00:00+05:30,21,APT-T1,55,38
700,APT-T1,2026-05-30 04:00:00+05:30,21,APT-T1,40,28
701,APT-T1,2026-05-30 05:00:00+05:30,16,APT-T1,40,28
702,APT-T1,2026-05-30 06:00:00+05:30,19,APT-T1,65,38
703,APT-T1,2026-05-30 07:00:00+05:30,20,APT-T1,70,63
704,APT-T1,2026-05-30 08:00:00+05:30,17,APT-T1,58,57
705,APT-T1,2026-05-30 09:00:00+05:30,22,APT-T1,38,37
706,APT-T1,2026-05-30 10:00:00+05:30,24,APT-T1,34,33
707,APT-T1,2026-05-30 11:00:00+05:30,16,APT-T1,23,22
708,APT-T1,2026-05-30 12:00:00+05:30,16,APT-T1,38,37
709,APT-T1,2026-05-30 13:00:00+05:30,21,APT-T1,20,19
710,APT-T1,2026-05-30 14:00:00+05:30,35,APT-T1,21,20
711,APT-T1,2026-05-30 15:00:00+05:30,31,APT-T1,35,34
712,APT-T1,2026-05-30 16:00:00+05:30,16,APT-T1,25,24
713,APT-T1,2026-05-30 17:00:00+05:30,17,APT-T1,22,21
714,APT-T1,2026-05-30 18:00:00+05:30,18,APT-T1,14,13
715,APT-T1,2026-05-30 19:00:00+05:30,22,APT-T1,28,27
716,APT-T1,2026-05-30 20:00:00+05:30,16,APT-T1,38,33
717,APT-T1,2026-05-30 21:00:00+05:30,21,APT-T1,65,19
718,APT-T1,2026-05-30 22:00:00+05:30,23,APT-T1,93,27
719,APT-T1,2026-05-30 23:00:00+05:30,23,APT-T1,130,32
720,APT-T1,2026-05-31 00:00:00+05:30,17,APT-T1,77,19
721,APT-T1,2026-05-31 01:00:00+05:30,21,APT-T1,91,22
722,APT-T1,2026-05-31 02:00:00+05:30,20,APT-T1,78,27
723,APT-T1,2026-05-31 03:00:00+05:30,24,APT-T1,40,22
724,APT-T1,2026-05-31 04:00:00+05:30,18,APT-T1,26,22
725,APT-T1,2026-05-31 05:00:00+05:30,20,APT-T1,44,43
726,APT-T1,2026-05-31 06:00:00+05:30,14,APT-T1,48,47
727,APT-T1,2026-05-31 07:00:00+05:30,31,APT-T1,56,55
728,APT-T1,2026-05-31 08:00:00+05:30,20,APT-T1,51,50
729,APT-T1,2026-05-31 09:00:00+05:30,18,APT-T1,37,36
730,APT-T1,2026-05-31 10:00:00+05:30,20,APT-T1,41,40
731,APT-T1,2026-05-31 11:00:00+05:30,12,APT-T1,19,18
732,APT-T1,2026-05-31 12:00:00+05:30,23,APT-T1,22,21
733,APT-T1,2026-05-31 13:00:00+05:30,17,APT-T1,23,22
734,APT-T1,2026-05-31 14:00:00+05:30,26,APT-T1,22,21
735,APT-T1,2026-05-31 15:00:00+05:30,13,APT-T1,23,22
736,APT-T1,2026-05-31 16:00:00+05:30,18,APT-T1,24,23
737,APT-T1,2026-05-31 17:00:00+05:30,15,APT-T1,19,18
738,APT-T1,2026-05-31 18:00:00+05:30,23,APT-T1,23,22
739,APT-T1,2026-05-31 19:00:00+05:30,30,APT-T1,17,16
740,APT-T1,2026-05-31 20:00:00+05:30,29,APT-T1,34,12
741,APT-T1,2026-05-31 21:00:00+05:30,17,APT-T1,61,25
742,APT-T1,2026-05-31 22:00:00+05:30,16,APT-T1,67,25
743,APT-T1,2026-05-31 23:00:00+05:30,20,APT-T1,88,22
744,APT-T1,2026-06-01 00:00:00+05:30,17,APT-T1,66,16
745,APT-T1,2026-06-01 01:00:00+05:30,15,APT-T1,99,24
746,APT-T1,2026-06-01 02:00:00+05:30,19,APT-T1,59,34
747,APT-T1,2026-06-01 03:00:00+05:30,21,APT-T1,65,23
748,APT-T1,2026-06-01 04:00:00+05:30,13,APT-T1,35,12
749,APT-T1,2026-06-01 05:00:00+05:30,24,APT-T1,43,33
750,APT-T1,2026-06-01 06:00:00+05:30,20,APT-T1,50,41
751,APT-T1,2026-06-01 07:00:00+05:30,25,APT-T1,51,46
752,APT-T1,2026-06-01 08:00:00+05:30,16,APT-T1,54,53
753,APT-T1,2026-06-01 09:00:00+05:30,17,APT-T1,38,37
754,APT-T1,2026-06-01 10:00:00+05:30,21,APT-T1,28,27
755,APT-T1,2026-06-01 11:00:00+05:30,16,APT-T1,24,23
756,APT-T1,2026-06-01 12:00:00+05:30,33,APT-T1,29,28
757,APT-T1,2026-06-01 13:00:00+05:30,20,APT-T1,20,19
758,APT-T1,2026-06-01 14:00:00+05:30,24,APT-T1,23,22
759,APT-T1,2026-06-01 15:00:00+05:30,19,APT-T1,25,24
760,APT-T1,2026-06-01 16:00:00+05:30,17,APT-T1,18,17
761,APT-T1,2026-06-01 17:00:00+05:30,24,APT-T1,21,20
762,APT-T1,2026-06-01 18:00:00+05:30,20,APT-T1,20,19
763,APT-T1,2026-06-01 19:00:00+05:30,27,APT-T1,14,13
764,APT-T1,2026-06-01 20:00:00+05:30,18,APT-T1,33,26
765,APT-T1,2026-06-01 21:00:00+05:30,17,APT-T1,66,16
766,APT-T1,2026-06-01 22:00:00+05:30,18,APT-T1,83,20
767,APT-T1,2026-06-01 23:00:00+05:30,21,APT-T1,121,30
768,APT-T1,2026-06-02 00:00:00+05:30,25,APT-T1,70,17
769,APT-T1,2026-06-02 01:00:00+05:30,24,APT-T1,79,22
770,APT-T1,2026-06-02 02:00:00+05:30,30,APT-T1,68,17
771,APT-T1,2026-06-02 03:00:00+05:30,21,APT-T1,55,22
772,APT-T1,2026-06-02 04:00:00+05:30,24,APT-T1,43,33
773,APT-T1,2026-06-02 05:00:00+05:30,24,APT-T1,51,29
774,APT-T1,2026-06-02 06:00:00+05:30,20,APT-T1,54,24
775,APT-T1,2026-06-02 07:00:00+05:30,29,APT-T1,64,49
776,APT-T1,2026-06-02 08:00:00+05:30,25,APT-T1,56,48
777,APT-T1,2026-06-02 09:00:00+05:30,16,APT-T1,43,42
778,APT-T1,2026-06-02 10:00:00+05:30,17,APT-T1,30,29
779,APT-T1,2026-06-02 11:00:00+05:30,22,APT-T1,18,17
780,APT-T1,2026-06-02 12:00:00+05:30,23,APT-T1,19,18
781,APT-T1,2026-06-02 13:00:00+05:30,27,APT-T1,20,19
782,APT-T1,2026-06-02 14:00:00+05:30,18,APT-T1,17,16
783,APT-T1,2026-06-02 15:00:00+05:30,15,APT-T1,14,13
784,APT-T1,2026-06-02 16:00:00+05:30,26,APT-T1,20,19
785,APT-T1,2026-06-02 17:00:00+05:30,19,APT-T1,20,19
786,APT-T1,2026-06-02 18:00:00+05:30,22,APT-T1,15,14
787,APT-T1,2026-06-02 19:00:00+05:30,26,APT-T1,28,27
788,APT-T1,2026-06-02 20:00:00+05:30,26,APT-T1,39,17
789,APT-T1,2026-06-02 21:00:00+05:30,16,APT-T1,50,12
790,APT-T1,2026-06-02 22:00:00+05:30,20,APT-T1,80,28
791,APT-T1,2026-06-02 23:00:00+05:30,21,APT-T1,87,21
792,APT-T1,2026-06-03 00:00:00+05:30,25,APT-T1,76,20
793,APT-T1,2026-06-03 01:00:00+05:30,23,APT-T1,93,23
794,APT-T1,2026-06-03 02:00:00+05:30,21,APT-T1,63,19
795,APT-T1,2026-06-03 03:00:00+05:30,18,APT-T1,44,32
796,APT-T1,2026-06-03 04:00:00+05:30,17,APT-T1,42,25
797,APT-T1,2026-06-03 05:00:00+05:30,20,APT-T1,51,30
798,APT-T1,2026-06-03 06:00:00+05:30,25,APT-T1,48,33
799,APT-T1,2026-06-03 07:00:00+05:30,16,APT-T1,55,54
800,APT-T1,2026-06-03 08:00:00+05:30,20,APT-T1,50,49
801,APT-T1,2026-06-03 09:00:00+05:30,28,APT-T1,35,34
802,APT-T1,2026-06-03 10:00:00+05:30,21,APT-T1,19,18
803,APT-T1,2026-06-03 11:00:00+05:30,24,APT-T1,27,26
804,APT-T1,2026-06-03 12:00:00+05:30,18,APT-T1,18,17
805,APT-T1,2026-06-03 13:00:00+05:30,21,APT-T1,21,20
806,APT-T1,2026-06-03 14:00:00+05:30,17,APT-T1,19,18
807,APT-T1,2026-06-03 15:00:00+05:30,21,APT-T1,23,22
808,APT-T1,2026-06-03 16:00:00+05:30,17,APT-T1,22,21
809,APT-T1,2026-06-03 17:00:00+05:30,25,APT-T1,27,26
810,APT-T1,2026-06-03 18:00:00+05:30,29,APT-T1,17,16
811,APT-T1,2026-06-03 19:00:00+05:30,16,APT-T1,18,17
812,APT-T1,2026-06-03 20:00:00+05:30,17,APT-T1,29,23
813,APT-T1,2026-06-03 21:00:00+05:30,28,APT-T1,53,23
814,APT-T1,2026-06-03 22:00:00+05:30,20,APT-T1,75,19
815,APT-T1,2026-06-03 23:00:00+05:30,19,APT-T1,93,23
816,APT-T1,2026-06-04 00:00:00+05:30,16,APT-T1,73,20
817,APT-T1,2026-06-04 01:00:00+05:30,27,APT-T1,105,26
818,APT-T1,2026-06-04 02:00:00+05:30,21,APT-T1,86,21
819,APT-T1,2026-06-04 03:00:00+05:30,20,APT-T1,54,17
820,APT-T1,2026-06-04 04:00:00+05:30,13,APT-T1,44,20
821,APT-T1,2026-06-04 05:00:00+05:30,13,APT-T1,46,32
822,APT-T1,2026-06-04 06:00:00+05:30,28,APT-T1,55,50
823,APT-T1,2026-06-04 07:00:00+05:30,21,APT-T1,58,57
824,APT-T1,2026-06-04 08:00:00+05:30,26,APT-T1,52,51
825,APT-T1,2026-06-04 09:00:00+05:30,27,APT-T1,42,41
826,APT-T1,2026-06-04 10:00:00+05:30,10,APT-T1,18,17
827,APT-T1,2026-06-04 11:00:00+05:30,27,APT-T1,20,19
828,APT-T1,2026-06-04 12:00:00+05:30,23,APT-T1,20,19
829,APT-T1,2026-06-04 13:00:00+05:30,14,APT-T1,20,19
830,APT-T1,2026-06-04 14:00:00+05:30,19,APT-T1,20,19
831,APT-T1,2026-06-04 15:00:00+05:30,24,APT-T1,17,16
832,APT-T1,2026-06-04 16:00:00+05:30,25,APT-T1,28,27
833,APT-T1,2026-06-04 17:00:00+05:30,17,APT-T1,24,23
834,APT-T1,2026-06-04 18:00:00+05:30,20,APT-T1,22,21
835,APT-T1,2026-06-04 19:00:00+05:30,30,APT-T1,23,22
836,APT-T1,2026-06-04 20:00:00+05:30,12,APT-T1,30,23
837,APT-T1,2026-06-04 21:00:00+05:30,19,APT-T1,61,37
838,APT-T1,2026-06-04 22:00:00+05:30,17,APT-T1,86,29
839,APT-T1,2026-06-04 23:00:00+05:30,23,APT-T1,102,25
840,APT-T1,2026-06-05 00:00:00+05:30,22,APT-T1,82,20
841,APT-T1,2026-06-05 01:00:00+05:30,21,APT-T1,120,30
842,APT-T1,2026-06-05 02:00:00+05:30,15,APT-T1,77,28
843,APT-T1,2026-06-05 03:00:00+05:30,14,APT-T1,56,17
844,APT-T1,2026-06-05 04:00:00+05:30,19,APT-T1,51,27
845,APT-T1,2026-06-05 05:00:00+05:30,22,APT-T1,53,27
846,APT-T1,2026-06-05 06:00:00+05:30,17,APT-T1,64,57
847,APT-T1,2026-06-05 07:00:00+05:30,23,APT-T1,77,75
848,APT-T1,2026-06-05 08:00:00+05:30,20,APT-T1,48,47
849,APT-T1,2026-06-05 09:00:00+05:30,19,APT-T1,55,54
850,APT-T1,2026-06-05 10:00:00+05:30,16,APT-T1,34,33
851,APT-T1,2026-06-05 11:00:00+05:30,24,APT-T1,32,31
852,APT-T1,2026-06-05 12:00:00+05:30,19,APT-T1,23,22
853,APT-T1,2026-06-05 13:00:00+05:30,16,APT-T1,33,32
854,APT-T1,2026-06-05 14:00:00+05:30,19,APT-T1,29,28
855,APT-T1,2026-06-05 15:00:00+05:30,19,APT-T1,22,21
856,APT-T1,2026-06-05 16:00:00+05:30,28,APT-T1,26,25
857,APT-T1,2026-06-05 17:00:00+05:30,25,APT-T1,23,22
858,APT-T1,2026-06-05 18:00:00+05:30,15,APT-T1,22,21
859,APT-T1,2026-06-05 19:00:00+05:30,27,APT-T1,19,18
860,APT-T1,2026-06-05 20:00:00+05:30,21,APT-T1,39,35
861,APT-T1,2026-06-05 21:00:00+05:30,26,APT-T1,67,35
862,APT-T1,2026-06-05 22:00:00+05:30,16,APT-T1,90,30
863,APT-T1,2026-06-05 23:00:00+05:30,30,APT-T1,108,27
864,APT-T1,2026-06-06 00:00:00+05:30,17,APT-T1,88,35
865,APT-T1,2026-06-06 01:00:00+05:30,12,APT-T1,103,25
866,APT-T1,2026-06-06 02:00:00+05:30,20,APT-T1,99,32
867,APT-T1,2026-06-06 03:00:00+05:30,16,APT-T1,50,26
868,APT-T1,2026-06-06 04:00:00+05:30,19,APT-T1,40,25
869,APT-T1,2026-06-06 05:00:00+05:30,21,APT-T1,55,31
870,APT-T1,2026-06-06 06:00:00+05:30,20,APT-T1,73,54
871,APT-T1,2026-06-06 07:00:00+05:30,27,APT-T1,69,64
872,APT-T1,2026-06-06 08:00:00+05:30,20,APT-T1,72,70
873,APT-T1,2026-06-06 09:00:00+05:30,26,APT-T1,46,45
874,APT-T1,2026-06-06 10:00:00+05:30,21,APT-T1,41,40
875,APT-T1,2026-06-06 11:00:00+05:30,19,APT-T1,29,28
876,APT-T1,2026-06-06 12:00:00+05:30,29,APT-T1,30,29
877,APT-T1,2026-06-06 13:00:00+05:30,15,APT-T1,26,25
878,APT-T1,2026-06-06 14:00:00+05:30,24,APT-T1,29,28
879,APT-T1,2026-06-06 15:00:00+05:30,12,APT-T1,26,25
880,APT-T1,2026-06-06 16:00:00+05:30,23,APT-T1,24,23
881,APT-T1,2026-06-06 17:00:00+05:30,20,APT-T1,23,22
882,APT-T1,2026-06-06 18:00:00+05:30,15,APT-T1,30,29
883,APT-T1,2026-06-06 19:00:00+05:30,17,APT-T1,40,39
884,APT-T1,2026-06-06 20:00:00+05:30,23,APT-T1,40,27
885,APT-T1,2026-06-06 21:00:00+05:30,22,APT-T1,62,38
886,APT-T1,2026-06-06 22:00:00+05:30,25,APT-T1,112,30
887,APT-T1,2026-06-06 23:00:00+05:30,12,APT-T1,113,28
888,APT-T1,2026-06-07 00:00:00+05:30,23,APT-T1,72,25
889,APT-T1,2026-06-07 01:00:00+05:30,25,APT-T1,80,21
890,APT-T1,2026-06-07 02:00:00+05:30,23,APT-T1,75,18
891,APT-T1,2026-06-07 03:00:00+05:30,24,APT-T1,47,24
892,APT-T1,2026-06-07 04:00:00+05:30,20,APT-T1,47,39
893,APT-T1,2026-06-07 05:00:00+05:30,14,APT-T1,45,19
894,APT-T1,2026-06-07 06:00:00+05:30,26,APT-T1,46,44
895,APT-T1,2026-06-07 07:00:00+05:30,26,APT-T1,59,33
896,APT-T1,2026-06-07 08:00:00+05:30,17,APT-T1,62,61
897,APT-T1,2026-06-07 09:00:00+05:30,22,APT-T1,39,38
898,APT-T1,2026-06-07 10:00:00+05:30,31,APT-T1,29,28
899,APT-T1,2026-06-07 11:00:00+05:30,18,APT-T1,29,28
900,APT-T1,2026-06-07 12:00:00+05:30,25,APT-T1,27,26
901,APT-T1,2026-06-07 13:00:00+05:30,15,APT-T1,19,18
902,APT-T1,2026-06-07 14:00:00+05:30,20,APT-T1,26,25
903,APT-T1,2026-06-07 15:00:00+05:30,18,APT-T1,26,25
904,APT-T1,2026-06-07 16:00:00+05:30,21,APT-T1,16,15
905,APT-T1,2026-06-07 17:00:00+05:30,15,APT-T1,13,12
906,APT-T1,2026-06-07 18:00:00+05:30,21,APT-T1,15,14
907,APT-T1,2026-06-07 19:00:00+05:30,20,APT-T1,19,18
908,APT-T1,2026-06-07 20:00:00+05:30,28,APT-T1,46,26
909,APT-T1,2026-06-07 21:00:00+05:30,21,APT-T1,46,18
910,APT-T1,2026-06-07 22:00:00+05:30,18,APT-T1,91,22
911,APT-T1,2026-06-07 23:00:00+05:30,17,APT-T1,111,33
912,APT-T1,2026-06-08 00:00:00+05:30,17,APT-T1,74,18
913,APT-T1,2026-06-08 01:00:00+05:30,20,APT-T1,93,34
914,APT-T1,2026-06-08 02:00:00+05:30,16,APT-T1,83,27
915,APT-T1,2026-06-08 03:00:00+05:30,27,APT-T1,48,35
916,APT-T1,2026-06-08 04:00:00+05:30,23,APT-T1,47,33
917,APT-T1,2026-06-08 05:00:00+05:30,17,APT-T1,46,30
918,APT-T1,2026-06-08 06:00:00+05:30,24,APT-T1,46,45
919,APT-T1,2026-06-08 07:00:00+05:30,23,APT-T1,73,35
920,APT-T1,2026-06-08 08:00:00+05:30,23,APT-T1,43,42
921,APT-T1,2026-06-08 09:00:00+05:30,24,APT-T1,34,33
922,APT-T1,2026-06-08 10:00:00+05:30,18,APT-T1,26,25
923,APT-T1,2026-06-08 11:00:00+05:30,17,APT-T1,23,22
924,APT-T1,2026-06-08 12:00:00+05:30,20,APT-T1,12,11
925,APT-T1,2026-06-08 13:00:00+05:30,14,APT-T1,19,18
926,APT-T1,2026-06-08 14:00:00+05:30,18,APT-T1,20,19
927,APT-T1,2026-06-08 15:00:00+05:30,16,APT-T1,25,24
928,APT-T1,2026-06-08 16:00:00+05:30,20,APT-T1,22,21
929,APT-T1,2026-06-08 17:00:00+05:30,27,APT-T1,18,17
930,APT-T1,2026-06-08 18:00:00+05:30,20,APT-T1,23,22
931,APT-T1,2026-06-08 19:00:00+05:30,16,APT-T1,28,27
932,APT-T1,2026-06-08 20:00:00+05:30,13,APT-T1,34,24
933,APT-T1,2026-06-08 21:00:00+05:30,19,APT-T1,59,14
934,APT-T1,2026-06-08 22:00:00+05:30,16,APT-T1,88,22
935,APT-T1,2026-06-08 23:00:00+05:30,33,APT-T1,87,21
936,APT-T1,2026-06-09 00:00:00+05:30,17,APT-T1,74,18
937,APT-T1,2026-06-09 01:00:00+05:30,16,APT-T1,83,20
938,APT-T1,2026-06-09 02:00:00+05:30,15,APT-T1,76,26
939,APT-T1,2026-06-09 03:00:00+05:30,15,APT-T1,52,24
940,APT-T1,2026-06-09 04:00:00+05:30,17,APT-T1,35,32
941,APT-T1,2026-06-09 05:00:00+05:30,11,APT-T1,44,21
942,APT-T1,2026-06-09 06:00:00+05:30,24,APT-T1,60,34
943,APT-T1,2026-06-09 07:00:00+05:30,24,APT-T1,65,41
944,APT-T1,2026-06-09 08:00:00+05:30,12,APT-T1,58,57
945,APT-T1,2026-06-09 09:00:00+05:30,16,APT-T1,43,42
946,APT-T1,2026-06-09 10:00:00+05:30,18,APT-T1,21,20
947,APT-T1,2026-06-09 11:00:00+05:30,21,APT-T1,20,19
948,APT-T1,2026-06-09 12:00:00+05:30,18,APT-T1,19,18
949,APT-T1,2026-06-09 13:00:00+05:30,28,APT-T1,19,18
950,APT-T1,2026-06-09 14:00:00+05:30,26,APT-T1,24,23
951,APT-T1,2026-06-09 15:00:00+05:30,25,APT-T1,26,25
952,APT-T1,2026-06-09 16:00:00+05:30,18,APT-T1,26,25
953,APT-T1,2026-06-09 17:00:00+05:30,23,APT-T1,26,25
954,APT-T1,2026-06-09 18:00:00+05:30,25,APT-T1,18,17
955,APT-T1,2026-06-09 19:00:00+05:30,24,APT-T1,19,18
956,APT-T1,2026-06-09 20:00:00+05:30,26,APT-T1,32,18
957,APT-T1,2026-06-09 21:00:00+05:30,19,APT-T1,50,21
958,APT-T1,2026-06-09 22:00:00+05:30,25,APT-T1,87,24
959,APT-T1,2026-06-09 23:00:00+05:30,24,APT-T1,106,26
960,APT-T1,2026-06-10 00:00:00+05:30,20,APT-T1,67,20
961,APT-T1,2026-06-10 01:00:00+05:30,12,APT-T1,88,28
962,APT-T1,2026-06-10 02:00:00+05:30,14,APT-T1,80,28
963,APT-T1,2026-06-10 03:00:00+05:30,17,APT-T1,61,22
964,APT-T1,2026-06-10 04:00:00+05:30,24,APT-T1,39,15
965,APT-T1,2026-06-10 05:00:00+05:30,15,APT-T1,50,37
966,APT-T1,2026-06-10 06:00:00+05:30,24,APT-T1,56,28
967,APT-T1,2026-06-10 07:00:00+05:30,15,APT-T1,71,69
968,APT-T1,2026-06-10 08:00:00+05:30,28,APT-T1,64,63
969,APT-T1,2026-06-10 09:00:00+05:30,13,APT-T1,39,38
970,APT-T1,2026-06-10 10:00:00+05:30,22,APT-T1,25,24
971,APT-T1,2026-06-10 11:00:00+05:30,22,APT-T1,25,24
972,APT-T1,2026-06-10 12:00:00+05:30,18,APT-T1,24,23
973,APT-T1,2026-06-10 13:00:00+05:30,17,APT-T1,18,17
974,APT-T1,2026-06-10 14:00:00+05:30,14,APT-T1,16,15
975,APT-T1,2026-06-10 15:00:00+05:30,23,APT-T1,20,19
976,APT-T1,2026-06-10 16:00:00+05:30,16,APT-T1,21,20
977,APT-T1,2026-06-10 17:00:00+05:30,23,APT-T1,23,22
978,APT-T1,2026-06-10 18:00:00+05:30,22,APT-T1,17,16
979,APT-T1,2026-06-10 19:00:00+05:30,14,APT-T1,20,19
980,APT-T1,2026-06-10 20:00:00+05:30,15,APT-T1,49,20
981,APT-T1,2026-06-10 21:00:00+05:30,23,APT-T1,72,23
982,APT-T1,2026-06-10 22:00:00+05:30,26,APT-T1,92,24
983,APT-T1,2026-06-10 23:00:00+05:30,26,APT-T1,95,36
984,APT-T1,2026-06-11 00:00:00+05:30,26,APT-T1,76,25
985,APT-T1,2026-06-11 01:00:00+05:30,18,APT-T1,94,26
986,APT-T1,2026-06-11 02:00:00+05:30,15,APT-T1,67,44
987,APT-T1,2026-06-11 03:00:00+05:30,14,APT-T1,51,18
988,APT-T1,2026-06-11 04:00:00+05:30,20,APT-T1,37,33
989,APT-T1,2026-06-11 05:00:00+05:30,23,APT-T1,39,34
990,APT-T1,2026-06-11 06:00:00+05:30,14,APT-T1,39,33
991,APT-T1,2026-06-11 07:00:00+05:30,13,APT-T1,75,58
992,APT-T1,2026-06-11 08:00:00+05:30,18,APT-T1,55,54
993,APT-T1,2026-06-11 09:00:00+05:30,20,APT-T1,26,25
994,APT-T1,2026-06-11 10:00:00+05:30,22,APT-T1,38,37
995,APT-T1,2026-06-11 11:00:00+05:30,14,APT-T1,14,13
996,APT-T1,2026-06-11 12:00:00+05:30,30,APT-T1,25,24
997,APT-T1,2026-06-11 13:00:00+05:30,18,APT-T1,22,21
998,APT-T1,2026-06-11 14:00:00+05:30,26,APT-T1,30,29
999,APT-T1,2026-06-11 15:00:00+05:30,26,APT-T1,21,20
1000,APT-T1,2026-06-11 16:00:00+05:30,17,APT-T1,20,19
1001,APT-T1,2026-06-11 17:00:00+05:30,23,APT-T1,14,13
1002,APT-T1,2026-06-11 18:00:00+05:30,27,APT-T1,22,21
1003,APT-T1,2026-06-11 19:00:00+05:30,21,APT-T1,18,17
1004,APT-T1,2026-06-11 20:00:00+05:30,22,APT-T1,36,21
1005,APT-T1,2026-06-11 21:00:00+05:30,13,APT-T1,55,35
1006,APT-T1,2026-06-11 22:00:00+05:30,12,APT-T1,92,26
1007,APT-T1,2026-06-11 23:00:00+05:30,16,APT-T1,93,23
1008,APT-T1,2026-06-12 00:00:00+05:30,17,APT-T1,84,25
1009,APT-T1,2026-06-12 01:00:00+05:30,19,APT-T1,104,26
1010,APT-T1,2026-06-12 02:00:00+05:30,30,APT-T1,79,20
1011,APT-T1,2026-06-12 03:00:00+05:30,18,APT-T1,57,28
1012,APT-T1,2026-06-12 04:00:00+05:30,28,APT-T1,53,42
1013,APT-T1,2026-06-12 05:00:00+05:30,21,APT-T1,38,33
1014,APT-T1,2026-06-12 06:00:00+05:30,16,APT-T1,64,56
1015,APT-T1,2026-06-12 07:00:00+05:30,16,APT-T1,71,55
1016,APT-T1,2026-06-12 08:00:00+05:30,18,APT-T1,61,60
1017,APT-T1,2026-06-12 09:00:00+05:30,25,APT-T1,41,40
1018,APT-T1,2026-06-12 10:00:00+05:30,30,APT-T1,34,33
1019,APT-T1,2026-06-12 11:00:00+05:30,20,APT-T1,31,30
1020,APT-T1,2026-06-12 12:00:00+05:30,22,APT-T1,28,27
1021,APT-T1,2026-06-12 13:00:00+05:30,21,APT-T1,23,22
1022,APT-T1,2026-06-12 14:00:00+05:30,18,APT-T1,25,24
1023,APT-T1,2026-06-12 15:00:00+05:30,14,APT-T1,33,32
1024,APT-T1,2026-06-12 16:00:00+05:30,16,APT-T1,14,13
1025,APT-T1,2026-06-12 17:00:00+05:30,22,APT-T1,20,19
1026,APT-T1,2026-06-12 18:00:00+05:30,22,APT-T1,22,21
1027,APT-T1,2026-06-12 19:00:00+05:30,20,APT-T1,17,16
1028,APT-T1,2026-06-12 20:00:00+05:30,22,APT-T1,46,32
1029,APT-T1,2026-06-12 21:00:00+05:30,20,APT-T1,70,26
1030,APT-T1,2026-06-12 22:00:00+05:30,29,APT-T1,88,26
1031,APT-T1,2026-06-12 23:00:00+05:30,20,APT-T1,108,27
1032,APT-T1,2026-06-13 00:00:00+05:30,21,APT-T1,77,19
1033,APT-T1,2026-06-13 01:00:00+05:30,28,APT-T1,103,29
1034,APT-T1,2026-06-13 02:00:00+05:30,28,APT-T1,85,21
1035,APT-T1,2026-06-13 03:00:00+05:30,27,APT-T1,40,22
1036,APT-T1,2026-06-13 04:00:00+05:30,22,APT-T1,41,19
1037,APT-T1,2026-06-13 05:00:00+05:30,33,APT-T1,44,21
1038,APT-T1,2026-06-13 06:00:00+05:30,15,APT-T1,58,38
1039,APT-T1,2026-06-13 07:00:00+05:30,22,APT-T1,65,57
1040,APT-T1,2026-06-13 08:00:00+05:30,17,APT-T1,63,62
1041,APT-T1,2026-06-13 09:00:00+05:30,27,APT-T1,53,52
1042,APT-T1,2026-06-13 10:00:00+05:30,25,APT-T1,24,23
1043,APT-T1,2026-06-13 11:00:00+05:30,23,APT-T1,36,35
1044,APT-T1,2026-06-13 12:00:00+05:30,16,APT-T1,26,25
1045,APT-T1,2026-06-13 13:00:00+05:30,20,APT-T1,24,23
1046,APT-T1,2026-06-13 14:00:00+05:30,21,APT-T1,19,18
1047,APT-T1,2026-06-13 15:00:00+05:30,18,APT-T1,21,20
1048,APT-T1,2026-06-13 16:00:00+05:30,16,APT-T1,28,27
1049,APT-T1,2026-06-13 17:00:00+05:30,23,APT-T1,18,17
1050,APT-T1,2026-06-13 18:00:00+05:30,25,APT-T1,23,22
1051,APT-T1,2026-06-13 19:00:00+05:30,25,APT-T1,33,32
1052,APT-T1,2026-06-13 20:00:00+05:30,18,APT-T1,49,45
1053,APT-T1,2026-06-13 21:00:00+05:30,21,APT-T1,74,24
1054,APT-T1,2026-06-13 22:00:00+05:30,21,APT-T1,104,26
1055,APT-T1,2026-06-13 23:00:00+05:30,22,APT-T1,122,30
1056,APT-T1,2026-06-14 00:00:00+05:30,20,APT-T1,77,22
1057,APT-T1,2026-06-14 01:00:00+05:30,28,APT-T1,80,23
1058,APT-T1,2026-06-14 02:00:00+05:30,24,APT-T1,73,22
1059,APT-T1,2026-06-14 03:00:00+05:30,19,APT-T1,49,28
1060,APT-T1,2026-06-14 04:00:00+05:30,15,APT-T1,40,22
1061,APT-T1,2026-06-14 05:00:00+05:30,16,APT-T1,42,34
1062,APT-T1,2026-06-14 06:00:00+05:30,17,APT-T1,53,37
1063,APT-T1,2026-06-14 07:00:00+05:30,24,APT-T1,59,58
1064,APT-T1,2026-06-14 08:00:00+05:30,17,APT-T1,58,57
1065,APT-T1,2026-06-14 09:00:00+05:30,20,APT-T1,42,41
1066,APT-T1,2026-06-14 10:00:00+05:30,16,APT-T1,24,23
1067,APT-T1,2026-06-14 11:00:00+05:30,21,APT-T1,23,22
1068,APT-T1,2026-06-14 12:00:00+05:30,16,APT-T1,27,26
1069,APT-T1,2026-06-14 13:00:00+05:30,23,APT-T1,26,25
1070,APT-T1,2026-06-14 14:00:00+05:30,28,APT-T1,22,21
1071,APT-T1,2026-06-14 15:00:00+05:30,19,APT-T1,19,18
1072,APT-T1,2026-06-14 16:00:00+05:30,30,APT-T1,21,20
1073,APT-T1,2026-06-14 17:00:00+05:30,14,APT-T1,18,17
1074,APT-T1,2026-06-14 18:00:00+05:30,13,APT-T1,18,17
1075,APT-T1,2026-06-14 19:00:00+05:30,27,APT-T1,18,17
1076,APT-T1,2026-06-14 20:00:00+05:30,23,APT-T1,30,29
1077,APT-T1,2026-06-14 21:00:00+05:30,18,APT-T1,41,25
1078,APT-T1,2026-06-14 22:00:00+05:30,20,APT-T1,83,32
1079,APT-T1,2026-06-14 23:00:00+05:30,19,APT-T1,109,27
1080,APT-T1,2026-06-15 00:00:00+05:30,15,APT-T1,58,31
1081,APT-T1,2026-06-15 01:00:00+05:30,24,APT-T1,77,24
1082,APT-T1,2026-06-15 02:00:00+05:30,28,APT-T1,69,20
1083,APT-T1,2026-06-15 03:00:00+05:30,17,APT-T1,48,26
1084,APT-T1,2026-06-15 04:00:00+05:30,24,APT-T1,42,26
1085,APT-T1,2026-06-15 05:00:00+05:30,22,APT-T1,38,21
1086,APT-T1,2026-06-15 06:00:00+05:30,18,APT-T1,62,39
1087,APT-T1,2026-06-15 07:00:00+05:30,29,APT-T1,43,35
1088,APT-T1,2026-06-15 08:00:00+05:30,26,APT-T1,55,54
1089,APT-T1,2026-06-15 09:00:00+05:30,24,APT-T1,41,40
1090,APT-T1,2026-06-15 10:00:00+05:30,22,APT-T1,25,24
1091,APT-T1,2026-06-15 11:00:00+05:30,10,APT-T1,25,24
1092,APT-T1,2026-06-15 12:00:00+05:30,17,APT-T1,22,21
1093,APT-T1,2026-06-15 13:00:00+05:30,21,APT-T1,25,24
1094,APT-T1,2026-06-15 14:00:00+05:30,12,APT-T1,22,21
1095,APT-T1,2026-06-15 15:00:00+05:30,27,APT-T1,20,19
1096,APT-T1,2026-06-15 16:00:00+05:30,21,APT-T1,19,18
1097,APT-T1,2026-06-15 17:00:00+05:30,20,APT-T1,19,18
1098,APT-T1,2026-06-15 18:00:00+05:30,16,APT-T1,20,19
1099,APT-T1,2026-06-15 19:00:00+05:30,21,APT-T1,18,17
1100,APT-T1,2026-06-15 20:00:00+05:30,22,APT-T1,31,30
1101,APT-T1,2026-06-15 21:00:00+05:30,19,APT-T1,58,20
1102,APT-T1,2026-06-15 22:00:00+05:30,20,APT-T1,81,23
1103,APT-T1,2026-06-15 23:00:00+05:30,11,APT-T1,115,28
1104,APT-T1,2026-06-16 00:00:00+05:30,16,APT-T1,83,23
1105,APT-T1,2026-06-16 01:00:00+05:30,21,APT-T1,88,23
1106,APT-T1,2026-06-16 02:00:00+05:30,26,APT-T1,77,26
1107,APT-T1,2026-06-16 03:00:00+05:30,16,APT-T1,40,29
1108,APT-T1,2026-06-16 04:00:00+05:30,19,APT-T1,36,29
1109,APT-T1,2026-06-16 05:00:00+05:30,19,APT-T1,45,39
1110,APT-T1,2026-06-16 06:00:00+05:30,22,APT-T1,46,38
1111,APT-T1,2026-06-16 07:00:00+05:30,16,APT-T1,59,58
1112,APT-T1,2026-06-16 08:00:00+05:30,23,APT-T1,57,48
1113,APT-T1,2026-06-16 09:00:00+05:30,23,APT-T1,36,35
1114,APT-T1,2026-06-16 10:00:00+05:30,10,APT-T1,25,24
1115,APT-T1,2026-06-16 11:00:00+05:30,16,APT-T1,18,17
1116,APT-T1,2026-06-16 12:00:00+05:30,25,APT-T1,22,21
1117,APT-T1,2026-06-16 13:00:00+05:30,21,APT-T1,15,14
1118,APT-T1,2026-06-16 14:00:00+05:30,27,APT-T1,18,17
1119,APT-T1,2026-06-16 15:00:00+05:30,18,APT-T1,18,17
1120,APT-T1,2026-06-16 16:00:00+05:30,17,APT-T1,21,20
1121,APT-T1,2026-06-16 17:00:00+05:30,23,APT-T1,19,18
1122,APT-T1,2026-06-16 18:00:00+05:30,28,APT-T1,18,17
1123,APT-T1,2026-06-16 19:00:00+05:30,17,APT-T1,16,15
1124,APT-T1,2026-06-16 20:00:00+05:30,25,APT-T1,26,25
1125,APT-T1,2026-06-16 21:00:00+05:30,22,APT-T1,59,19
1126,APT-T1,2026-06-16 22:00:00+05:30,20,APT-T1,91,22
1127,APT-T1,2026-06-16 23:00:00+05:30,21,APT-T1,103,25
1128,APT-T1,2026-06-17 00:00:00+05:30,14,APT-T1,70,25
1129,APT-T1,2026-06-17 01:00:00+05:30,14,APT-T1,97,24
1130,APT-T1,2026-06-17 02:00:00+05:30,13,APT-T1,71,17
1131,APT-T1,2026-06-17 03:00:00+05:30,25,APT-T1,47,31
1132,APT-T1,2026-06-17 04:00:00+05:30,25,APT-T1,36,35
1133,APT-T1,2026-06-17 05:00:00+05:30,22,APT-T1,44,36
1134,APT-T1,2026-06-17 06:00:00+05:30,17,APT-T1,34,29
1135,APT-T1,2026-06-17 07:00:00+05:30,29,APT-T1,64,48
1136,APT-T1,2026-06-17 08:00:00+05:30,16,APT-T1,57,56
1137,APT-T1,2026-06-17 09:00:00+05:30,21,APT-T1,50,49
1138,APT-T1,2026-06-17 10:00:00+05:30,23,APT-T1,34,33
1139,APT-T1,2026-06-17 11:00:00+05:30,18,APT-T1,27,26
1140,APT-T1,2026-06-17 12:00:00+05:30,21,APT-T1,18,17
1141,APT-T1,2026-06-17 13:00:00+05:30,16,APT-T1,27,26
1142,APT-T1,2026-06-17 14:00:00+05:30,14,APT-T1,23,22
1143,APT-T1,2026-06-17 15:00:00+05:30,21,APT-T1,27,26
1144,APT-T1,2026-06-17 16:00:00+05:30,22,APT-T1,23,22
1145,APT-T1,2026-06-17 17:00:00+05:30,22,APT-T1,18,17
1146,APT-T1,2026-06-17 18:00:00+05:30,27,APT-T1,25,24
1147,APT-T1,2026-06-17 19:00:00+05:30,26,APT-T1,24,23
1148,APT-T1,2026-06-17 20:00:00+05:30,19,APT-T1,30,29
1149,APT-T1,2026-06-17 21:00:00+05:30,28,APT-T1,56,28
1150,APT-T1,2026-06-17 22:00:00+05:30,21,APT-T1,99,24
1151,APT-T1,2026-06-17 23:00:00+05:30,13,APT-T1,104,26
1152,APT-T1,2026-06-18 00:00:00+05:30,22,APT-T1,62,28
1153,APT-T1,2026-06-18 01:00:00+05:30,22,APT-T1,92,23
1154,APT-T1,2026-06-18 02:00:00+05:30,27,APT-T1,84,21
1155,APT-T1,2026-06-18 03:00:00+05:30,14,APT-T1,39,18
1156,APT-T1,2026-06-18 04:00:00+05:30,27,APT-T1,46,23
1157,APT-T1,2026-06-18 05:00:00+05:30,18,APT-T1,44,27
1158,APT-T1,2026-06-18 06:00:00+05:30,25,APT-T1,62,38
1159,APT-T1,2026-06-18 07:00:00+05:30,16,APT-T1,52,51
1160,APT-T1,2026-06-18 08:00:00+05:30,17,APT-T1,50,41
1161,APT-T1,2026-06-18 09:00:00+05:30,13,APT-T1,40,39
1162,APT-T1,2026-06-18 10:00:00+05:30,20,APT-T1,31,30
1163,APT-T1,2026-06-18 11:00:00+05:30,24,APT-T1,18,17
1164,APT-T1,2026-06-18 12:00:00+05:30,14,APT-T1,25,24
1165,APT-T1,2026-06-18 13:00:00+05:30,21,APT-T1,23,22
1166,APT-T1,2026-06-18 14:00:00+05:30,16,APT-T1,18,17
1167,APT-T1,2026-06-18 15:00:00+05:30,19,APT-T1,32,31
1168,APT-T1,2026-06-18 16:00:00+05:30,17,APT-T1,21,20
1169,APT-T1,2026-06-18 17:00:00+05:30,16,APT-T1,22,21
1170,APT-T1,2026-06-18 18:00:00+05:30,23,APT-T1,19,18
1171,APT-T1,2026-06-18 19:00:00+05:30,24,APT-T1,28,27
1172,APT-T1,2026-06-18 20:00:00+05:30,21,APT-T1,37,27
1173,APT-T1,2026-06-18 21:00:00+05:30,27,APT-T1,50,28
1174,APT-T1,2026-06-18 22:00:00+05:30,21,APT-T1,90,22
1175,APT-T1,2026-06-18 23:00:00+05:30,16,APT-T1,104,26
1176,APT-T1,2026-06-19 00:00:00+05:30,21,APT-T1,79,50
1177,APT-T1,2026-06-19 01:00:00+05:30,15,APT-T1,99,24
1178,APT-T1,2026-06-19 02:00:00+05:30,20,APT-T1,80,29
1179,APT-T1,2026-06-19 03:00:00+05:30,21,APT-T1,63,17
1180,APT-T1,2026-06-19 04:00:00+05:30,23,APT-T1,39,29
1181,APT-T1,2026-06-19 05:00:00+05:30,19,APT-T1,46,25
1182,APT-T1,2026-06-19 06:00:00+05:30,29,APT-T1,59,58
1183,APT-T1,2026-06-19 07:00:00+05:30,15,APT-T1,62,55
1184,APT-T1,2026-06-19 08:00:00+05:30,23,APT-T1,65,56
1185,APT-T1,2026-06-19 09:00:00+05:30,25,APT-T1,39,38
1186,APT-T1,2026-06-19 10:00:00+05:30,23,APT-T1,39,38
1187,APT-T1,2026-06-19 11:00:00+05:30,24,APT-T1,28,27
1188,APT-T1,2026-06-19 12:00:00+05:30,18,APT-T1,23,22
1189,APT-T1,2026-06-19 13:00:00+05:30,30,APT-T1,22,21
1190,APT-T1,2026-06-19 14:00:00+05:30,20,APT-T1,16,15
1191,APT-T1,2026-06-19 15:00:00+05:30,27,APT-T1,27,26
1192,APT-T1,2026-06-19 16:00:00+05:30,17,APT-T1,26,25
1193,APT-T1,2026-06-19 17:00:00+05:30,15,APT-T1,23,22
1194,APT-T1,2026-06-19 18:00:00+05:30,19,APT-T1,25,24
1195,APT-T1,2026-06-19 19:00:00+05:30,15,APT-T1,28,20
1196,APT-T1,2026-06-19 20:00:00+05:30,18,APT-T1,38,37
1197,APT-T1,2026-06-19 21:00:00+05:30,27,APT-T1,58,32
1198,APT-T1,2026-06-19 22:00:00+05:30,14,APT-T1,96,33
1199,APT-T1,2026-06-19 23:00:00+05:30,22,APT-T1,116,29
1200,APT-T1,2026-06-20 00:00:00+05:30,18,APT-T1,78,29
1201,APT-T1,2026-06-20 01:00:00+05:30,26,APT-T1,88,22
1202,APT-T1,2026-06-20 02:00:00+05:30,20,APT-T1,87,21
1203,APT-T1,2026-06-20 03:00:00+05:30,19,APT-T1,52,38
1204,APT-T1,2026-06-20 04:00:00+05:30,23,APT-T1,43,13
1205,APT-T1,2026-06-20 05:00:00+05:30,23,APT-T1,48,40
1206,APT-T1,2026-06-20 06:00:00+05:30,15,APT-T1,56,30
1207,APT-T1,2026-06-20 07:00:00+05:30,21,APT-T1,90,61
1208,APT-T1,2026-06-20 08:00:00+05:30,24,APT-T1,59,58
1209,APT-T1,2026-06-20 09:00:00+05:30,21,APT-T1,47,46
1210,APT-T1,2026-06-20 10:00:00+05:30,18,APT-T1,34,33
1211,APT-T1,2026-06-20 11:00:00+05:30,21,APT-T1,33,32
1212,APT-T1,2026-06-20 12:00:00+05:30,16,APT-T1,24,23
1213,APT-T1,2026-06-20 13:00:00+05:30,25,APT-T1,32,31
1214,APT-T1,2026-06-20 14:00:00+05:30,17,APT-T1,32,31
1215,APT-T1,2026-06-20 15:00:00+05:30,18,APT-T1,24,23
1216,APT-T1,2026-06-20 16:00:00+05:30,15,APT-T1,31,30
1217,APT-T1,2026-06-20 17:00:00+05:30,27,APT-T1,28,27
1218,APT-T1,2026-06-20 18:00:00+05:30,21,APT-T1,18,17
1219,APT-T1,2026-06-20 19:00:00+05:30,13,APT-T1,35,34
1220,APT-T1,2026-06-20 20:00:00+05:30,18,APT-T1,38,37
1221,APT-T1,2026-06-20 21:00:00+05:30,20,APT-T1,67,16
1222,APT-T1,2026-06-20 22:00:00+05:30,23,APT-T1,98,24
1223,APT-T1,2026-06-20 23:00:00+05:30,12,APT-T1,107,26
1224,APT-T1,2026-06-21 00:00:00+05:30,21,APT-T1,68,22
1225,APT-T1,2026-06-21 01:00:00+05:30,23,APT-T1,81,20
1226,APT-T1,2026-06-21 02:00:00+05:30,20,APT-T1,68,27
1227,APT-T1,2026-06-21 03:00:00+05:30,20,APT-T1,47,21
1228,APT-T1,2026-06-21 04:00:00+05:30,25,APT-T1,32,23
1229,APT-T1,2026-06-21 05:00:00+05:30,30,APT-T1,39,38
1230,APT-T1,2026-06-21 06:00:00+05:30,24,APT-T1,64,37
1231,APT-T1,2026-06-21 07:00:00+05:30,26,APT-T1,51,50
1232,APT-T1,2026-06-21 08:00:00+05:30,23,APT-T1,47,46
1233,APT-T1,2026-06-21 09:00:00+05:30,24,APT-T1,34,33
1234,APT-T1,2026-06-21 10:00:00+05:30,20,APT-T1,33,32
1235,APT-T1,2026-06-21 11:00:00+05:30,16,APT-T1,21,20
1236,APT-T1,2026-06-21 12:00:00+05:30,21,APT-T1,19,18
1237,APT-T1,2026-06-21 13:00:00+05:30,16,APT-T1,25,24
1238,APT-T1,2026-06-21 14:00:00+05:30,21,APT-T1,25,24
1239,APT-T1,2026-06-21 15:00:00+05:30,18,APT-T1,17,16
1240,APT-T1,2026-06-21 16:00:00+05:30,15,APT-T1,19,18
1241,APT-T1,2026-06-21 17:00:00+05:30,14,APT-T1,16,15
1242,APT-T1,2026-06-21 18:00:00+05:30,19,APT-T1,33,27
1243,APT-T1,2026-06-21 19:00:00+05:30,22,APT-T1,24,23
1244,APT-T1,2026-06-21 20:00:00+05:30,26,APT-T1,31,19
1245,APT-T1,2026-06-21 21:00:00+05:30,16,APT-T1,60,15
1246,APT-T1,2026-06-21 22:00:00+05:30,15,APT-T1,94,23
1247,APT-T1,2026-06-21 23:00:00+05:30,17,APT-T1,88,25
1248,APT-T1,2026-06-22 00:00:00+05:30,12,APT-T1,71,21
1249,APT-T1,2026-06-22 01:00:00+05:30,22,APT-T1,82,20
1250,APT-T1,2026-06-22 02:00:00+05:30,23,APT-T1,71,24
1251,APT-T1,2026-06-22 03:00:00+05:30,23,APT-T1,46,15
1252,APT-T1,2026-06-22 04:00:00+05:30,21,APT-T1,38,17
1253,APT-T1,2026-06-22 05:00:00+05:30,21,APT-T1,34,23
1254,APT-T1,2026-06-22 06:00:00+05:30,23,APT-T1,53,32
1255,APT-T1,2026-06-22 07:00:00+05:30,29,APT-T1,55,41
1256,APT-T1,2026-06-22 08:00:00+05:30,19,APT-T1,52,51
1257,APT-T1,2026-06-22 09:00:00+05:30,23,APT-T1,38,37
1258,APT-T1,2026-06-22 10:00:00+05:30,18,APT-T1,33,32
1259,APT-T1,2026-06-22 11:00:00+05:30,26,APT-T1,25,24
1260,APT-T1,2026-06-22 12:00:00+05:30,16,APT-T1,16,15
1261,APT-T1,2026-06-22 13:00:00+05:30,15,APT-T1,17,16
1262,APT-T1,2026-06-22 14:00:00+05:30,19,APT-T1,25,24
1263,APT-T1,2026-06-22 15:00:00+05:30,17,APT-T1,17,16
1264,APT-T1,2026-06-22 16:00:00+05:30,15,APT-T1,19,18
1265,APT-T1,2026-06-22 17:00:00+05:30,26,APT-T1,20,19
1266,APT-T1,2026-06-22 18:00:00+05:30,18,APT-T1,29,28
1267,APT-T1,2026-06-22 19:00:00+05:30,14,APT-T1,26,25
1268,APT-T1,2026-06-22 20:00:00+05:30,17,APT-T1,37,19
1269,APT-T1,2026-06-22 21:00:00+05:30,27,APT-T1,62,23
1270,APT-T1,2026-06-22 22:00:00+05:30,17,APT-T1,82,20
1271,APT-T1,2026-06-22 23:00:00+05:30,24,APT-T1,106,34
1272,APT-T1,2026-06-23 00:00:00+05:30,20,APT-T1,57,34
1273,APT-T1,2026-06-23 01:00:00+05:30,23,APT-T1,93,30
1274,APT-T1,2026-06-23 02:00:00+05:30,17,APT-T1,65,24
1275,APT-T1,2026-06-23 03:00:00+05:30,23,APT-T1,46,43
1276,APT-T1,2026-06-23 04:00:00+05:30,16,APT-T1,33,32
1277,APT-T1,2026-06-23 05:00:00+05:30,23,APT-T1,48,30
1278,APT-T1,2026-06-23 06:00:00+05:30,29,APT-T1,49,35
1279,APT-T1,2026-06-23 07:00:00+05:30,25,APT-T1,74,47
1280,APT-T1,2026-06-23 08:00:00+05:30,22,APT-T1,46,45
1281,APT-T1,2026-06-23 09:00:00+05:30,21,APT-T1,37,36
1282,APT-T1,2026-06-23 10:00:00+05:30,26,APT-T1,26,25
1283,APT-T1,2026-06-23 11:00:00+05:30,21,APT-T1,31,30
1284,APT-T1,2026-06-23 12:00:00+05:30,22,APT-T1,31,30
1285,APT-T1,2026-06-23 13:00:00+05:30,21,APT-T1,20,19
1286,APT-T1,2026-06-23 14:00:00+05:30,19,APT-T1,30,29
1287,APT-T1,2026-06-23 15:00:00+05:30,20,APT-T1,19,18
1288,APT-T1,2026-06-23 16:00:00+05:30,29,APT-T1,19,18
1289,APT-T1,2026-06-23 17:00:00+05:30,21,APT-T1,15,14
1290,APT-T1,2026-06-23 18:00:00+05:30,12,APT-T1,19,18
1291,APT-T1,2026-06-23 19:00:00+05:30,18,APT-T1,26,25
1292,APT-T1,2026-06-23 20:00:00+05:30,14,APT-T1,33,32
1293,APT-T1,2026-06-23 21:00:00+05:30,25,APT-T1,49,24
1294,APT-T1,2026-06-23 22:00:00+05:30,23,APT-T1,100,25
1295,APT-T1,2026-06-23 23:00:00+05:30,16,APT-T1,99,28
1296,APT-T1,2026-06-24 00:00:00+05:30,21,APT-T1,72,37
1297,APT-T1,2026-06-24 01:00:00+05:30,21,APT-T1,99,24
1298,APT-T1,2026-06-24 02:00:00+05:30,21,APT-T1,74,25
1299,APT-T1,2026-06-24 03:00:00+05:30,20,APT-T1,52,29
1300,APT-T1,2026-06-24 04:00:00+05:30,19,APT-T1,33,32
1301,APT-T1,2026-06-24 05:00:00+05:30,18,APT-T1,48,39
1302,APT-T1,2026-06-24 06:00:00+05:30,17,APT-T1,45,38
1303,APT-T1,2026-06-24 07:00:00+05:30,27,APT-T1,61,60
1304,APT-T1,2026-06-24 08:00:00+05:30,26,APT-T1,51,50
1305,APT-T1,2026-06-24 09:00:00+05:30,22,APT-T1,47,46
1306,APT-T1,2026-06-24 10:00:00+05:30,25,APT-T1,27,26
1307,APT-T1,2026-06-24 11:00:00+05:30,17,APT-T1,29,28
1308,APT-T1,2026-06-24 12:00:00+05:30,21,APT-T1,34,33
1309,APT-T1,2026-06-24 13:00:00+05:30,16,APT-T1,19,18
1310,APT-T1,2026-06-24 14:00:00+05:30,22,APT-T1,17,16
1311,APT-T1,2026-06-24 15:00:00+05:30,30,APT-T1,17,16
1312,APT-T1,2026-06-24 16:00:00+05:30,21,APT-T1,25,24
1313,APT-T1,2026-06-24 17:00:00+05:30,19,APT-T1,23,22
1314,APT-T1,2026-06-24 18:00:00+05:30,27,APT-T1,19,18
1315,APT-T1,2026-06-24 19:00:00+05:30,16,APT-T1,27,21
1316,APT-T1,2026-06-24 20:00:00+05:30,22,APT-T1,32,31
1317,APT-T1,2026-06-24 21:00:00+05:30,19,APT-T1,67,24
1318,APT-T1,2026-06-24 22:00:00+05:30,24,APT-T1,74,24
1319,APT-T1,2026-06-24 23:00:00+05:30,18,APT-T1,103,29
1320,APT-T1,2026-06-25 00:00:00+05:30,16,APT-T1,55,23
1321,APT-T1,2026-06-25 01:00:00+05:30,17,APT-T1,82,20
1322,APT-T1,2026-06-25 02:00:00+05:30,22,APT-T1,69,29
1323,APT-T1,2026-06-25 03:00:00+05:30,18,APT-T1,54,35
1324,APT-T1,2026-06-25 04:00:00+05:30,23,APT-T1,35,18
1325,APT-T1,2026-06-25 05:00:00+05:30,13,APT-T1,37,21
1326,APT-T1,2026-06-25 06:00:00+05:30,18,APT-T1,48,27
1327,APT-T1,2026-06-25 07:00:00+05:30,19,APT-T1,51,50
1328,APT-T1,2026-06-25 08:00:00+05:30,21,APT-T1,47,46
1329,APT-T1,2026-06-25 09:00:00+05:30,29,APT-T1,34,33
1330,APT-T1,2026-06-25 10:00:00+05:30,28,APT-T1,26,25
1331,APT-T1,2026-06-25 11:00:00+05:30,15,APT-T1,29,28
1332,APT-T1,2026-06-25 12:00:00+05:30,12,APT-T1,28,27
1333,APT-T1,2026-06-25 13:00:00+05:30,13,APT-T1,28,27
1334,APT-T1,2026-06-25 14:00:00+05:30,30,APT-T1,19,18
1335,APT-T1,2026-06-25 15:00:00+05:30,28,APT-T1,25,24
1336,APT-T1,2026-06-25 16:00:00+05:30,23,APT-T1,24,23
1337,APT-T1,2026-06-25 17:00:00+05:30,21,APT-T1,18,17
1338,APT-T1,2026-06-25 18:00:00+05:30,23,APT-T1,21,20
1339,APT-T1,2026-06-25 19:00:00+05:30,31,APT-T1,26,25
1340,APT-T1,2026-06-25 20:00:00+05:30,25,APT-T1,30,29
1341,APT-T1,2026-06-25 21:00:00+05:30,24,APT-T1,46,27
1342,APT-T1,2026-06-25 22:00:00+05:30,25,APT-T1,90,22
1343,APT-T1,2026-06-25 23:00:00+05:30,21,APT-T1,109,34
1344,APT-T1,2026-06-26 00:00:00+05:30,24,APT-T1,83,21
1345,APT-T1,2026-06-26 01:00:00+05:30,19,APT-T1,121,30
1346,APT-T1,2026-06-26 02:00:00+05:30,21,APT-T1,91,22
1347,APT-T1,2026-06-26 03:00:00+05:30,18,APT-T1,56,22
1348,APT-T1,2026-06-26 04:00:00+05:30,18,APT-T1,40,28
1349,APT-T1,2026-06-26 05:00:00+05:30,15,APT-T1,49,45
1350,APT-T1,2026-06-26 06:00:00+05:30,20,APT-T1,59,44
1351,APT-T1,2026-06-26 07:00:00+05:30,25,APT-T1,63,54
1352,APT-T1,2026-06-26 08:00:00+05:30,23,APT-T1,69,67
1353,APT-T1,2026-06-26 09:00:00+05:30,18,APT-T1,41,40
1354,APT-T1,2026-06-26 10:00:00+05:30,21,APT-T1,40,39
1355,APT-T1,2026-06-26 11:00:00+05:30,24,APT-T1,18,17
1356,APT-T1,2026-06-26 12:00:00+05:30,14,APT-T1,27,26
1357,APT-T1,2026-06-26 13:00:00+05:30,19,APT-T1,27,26
1358,APT-T1,2026-06-26 14:00:00+05:30,21,APT-T1,27,26
1359,APT-T1,2026-06-26 15:00:00+05:30,19,APT-T1,16,15
1360,APT-T1,2026-06-26 16:00:00+05:30,19,APT-T1,22,21
1361,APT-T1,2026-06-26 17:00:00+05:30,25,APT-T1,36,35
1362,APT-T1,2026-06-26 18:00:00+05:30,15,APT-T1,18,17
1363,APT-T1,2026-06-26 19:00:00+05:30,25,APT-T1,18,17
1364,APT-T1,2026-06-26 20:00:00+05:30,26,APT-T1,45,25
1365,APT-T1,2026-06-26 21:00:00+05:30,21,APT-T1,73,19
1366,APT-T1,2026-06-26 22:00:00+05:30,22,APT-T1,101,25
1367,APT-T1,2026-06-26 23:00:00+05:30,25,APT-T1,129,32
1368,APT-T1,2026-06-27 00:00:00+05:30,17,APT-T1,79,19
1369,APT-T1,2026-06-27 01:00:00+05:30,23,APT-T1,115,28
1370,APT-T1,2026-06-27 02:00:00+05:30,18,APT-T1,94,24
1371,APT-T1,2026-06-27 03:00:00+05:30,10,APT-T1,60,24
1372,APT-T1,2026-06-27 04:00:00+05:30,20,APT-T1,35,34
1373,APT-T1,2026-06-27 05:00:00+05:30,10,APT-T1,44,27
1374,APT-T1,2026-06-27 06:00:00+05:30,16,APT-T1,64,34
1375,APT-T1,2026-06-27 07:00:00+05:30,18,APT-T1,61,44
1376,APT-T1,2026-06-27 08:00:00+05:30,20,APT-T1,43,42
1377,APT-T1,2026-06-27 09:00:00+05:30,18,APT-T1,44,43
1378,APT-T1,2026-06-27 10:00:00+05:30,24,APT-T1,26,25
1379,APT-T1,2026-06-27 11:00:00+05:30,17,APT-T1,26,25
1380,APT-T1,2026-06-27 12:00:00+05:30,30,APT-T1,25,24
1381,APT-T1,2026-06-27 13:00:00+05:30,9,APT-T1,18,17
1382,APT-T1,2026-06-27 14:00:00+05:30,28,APT-T1,21,20
1383,APT-T1,2026-06-27 15:00:00+05:30,23,APT-T1,36,35
1384,APT-T1,2026-06-27 16:00:00+05:30,15,APT-T1,22,21
1385,APT-T1,2026-06-27 17:00:00+05:30,17,APT-T1,23,22
1386,APT-T1,2026-06-27 18:00:00+05:30,16,APT-T1,25,24
1387,APT-T1,2026-06-27 19:00:00+05:30,26,APT-T1,29,28
1388,APT-T1,2026-06-27 20:00:00+05:30,15,APT-T1,27,26
1389,APT-T1,2026-06-27 21:00:00+05:30,23,APT-T1,63,23
1390,APT-T1,2026-06-27 22:00:00+05:30,25,APT-T1,91,28
1391,APT-T1,2026-06-27 23:00:00+05:30,14,APT-T1,112,28
1392,APT-T1,2026-06-28 00:00:00+05:30,28,APT-T1,72,21
1393,APT-T1,2026-06-28 01:00:00+05:30,23,APT-T1,92,23
1394,APT-T1,2026-06-28 02:00:00+05:30,21,APT-T1,64,30
1395,APT-T1,2026-06-28 03:00:00+05:30,18,APT-T1,66,25
1396,APT-T1,2026-06-28 04:00:00+05:30,16,APT-T1,41,29
1397,APT-T1,2026-06-28 05:00:00+05:30,22,APT-T1,44,35
1398,APT-T1,2026-06-28 06:00:00+05:30,24,APT-T1,48,27
1399,APT-T1,2026-06-28 07:00:00+05:30,28,APT-T1,49,48
1400,APT-T1,2026-06-28 08:00:00+05:30,24,APT-T1,50,49
1401,APT-T1,2026-06-28 09:00:00+05:30,16,APT-T1,38,37
1402,APT-T1,2026-06-28 10:00:00+05:30,26,APT-T1,34,33
1403,APT-T1,2026-06-28 11:00:00+05:30,22,APT-T1,21,20
1404,APT-T1,2026-06-28 12:00:00+05:30,24,APT-T1,27,26
1405,APT-T1,2026-06-28 13:00:00+05:30,24,APT-T1,21,20
1406,APT-T1,2026-06-28 14:00:00+05:30,25,APT-T1,17,16
1407,APT-T1,2026-06-28 15:00:00+05:30,16,APT-T1,17,16
1408,APT-T1,2026-06-28 16:00:00+05:30,21,APT-T1,22,21
1409,APT-T1,2026-06-28 17:00:00+05:30,27,APT-T1,24,23
1410,APT-T1,2026-06-28 18:00:00+05:30,20,APT-T1,25,24
1411,APT-T1,2026-06-28 19:00:00+05:30,23,APT-T1,22,21
1412,APT-T1,2026-06-28 20:00:00+05:30,23,APT-T1,35,32
1413,APT-T1,2026-06-28 21:00:00+05:30,23,APT-T1,60,20
1414,APT-T1,2026-06-28 22:00:00+05:30,20,APT-T1,91,23
1415,APT-T1,2026-06-28 23:00:00+05:30,20,APT-T1,102,25
1416,APT-T1,2026-06-29 00:00:00+05:30,23,APT-T1,73,18
1417,APT-T1,2026-06-29 01:00:00+05:30,16,APT-T1,104,26
1418,APT-T1,2026-06-29 02:00:00+05:30,27,APT-T1,78,35
1419,APT-T1,2026-06-29 03:00:00+05:30,18,APT-T1,34,10
1420,APT-T1,2026-06-29 04:00:00+05:30,32,APT-T1,40,33
1421,APT-T1,2026-06-29 05:00:00+05:30,17,APT-T1,34,24
1422,APT-T1,2026-06-29 06:00:00+05:30,18,APT-T1,49,27
1423,APT-T1,2026-06-29 07:00:00+05:30,15,APT-T1,52,50
1424,APT-T1,2026-06-29 08:00:00+05:30,27,APT-T1,59,58
1425,APT-T1,2026-06-29 09:00:00+05:30,22,APT-T1,50,49
1426,APT-T1,2026-06-29 10:00:00+05:30,22,APT-T1,25,24
1427,APT-T1,2026-06-29 11:00:00+05:30,23,APT-T1,21,20
1428,APT-T1,2026-06-29 12:00:00+05:30,19,APT-T1,17,16
1429,APT-T1,2026-06-29 13:00:00+05:30,18,APT-T1,17,16
1430,APT-T1,2026-06-29 14:00:00+05:30,21,APT-T1,18,17
1431,APT-T1,2026-06-29 15:00:00+05:30,24,APT-T1,27,26
1432,APT-T1,2026-06-29 16:00:00+05:30,19,APT-T1,27,26
1433,APT-T1,2026-06-29 17:00:00+05:30,13,APT-T1,13,12
1434,APT-T1,2026-06-29 18:00:00+05:30,15,APT-T1,15,14
1435,APT-T1,2026-06-29 19:00:00+05:30,24,APT-T1,20,19
1436,APT-T1,2026-06-29 20:00:00+05:30,21,APT-T1,33,31
1437,APT-T1,2026-06-29 21:00:00+05:30,21,APT-T1,56,23
1438,APT-T1,2026-06-29 22:00:00+05:30,13,APT-T1,93,29
1439,APT-T1,2026-06-29 23:00:00+05:30,13,APT-T1,104,26
1440,APT-T1,2026-06-30 00:00:00+05:30,14,APT-T1,70,21
1441,APT-T1,2026-06-30 01:00:00+05:30,16,APT-T1,87,21
1442,APT-T1,2026-06-30 02:00:00+05:30,22,APT-T1,71,26
1443,APT-T1,2026-06-30 03:00:00+05:30,33,APT-T1,43,12
1444,APT-T1,2026-06-30 04:00:00+05:30,26,APT-T1,39,17
1445,APT-T1,2026-06-30 05:00:00+05:30,24,APT-T1,33,25
1446,APT-T1,2026-06-30 06:00:00+05:30,23,APT-T1,52,38
1447,APT-T1,2026-06-30 07:00:00+05:30,19,APT-T1,51,49
1448,APT-T1,2026-06-30 08:00:00+05:30,20,APT-T1,56,55
1449,APT-T1,2026-06-30 09:00:00+05:30,22,APT-T1,37,36
1450,APT-T1,2026-06-30 10:00:00+05:30,22,APT-T1,19,18
1451,APT-T1,2026-06-30 11:00:00+05:30,14,APT-T1,28,27
1452,APT-T1,2026-06-30 12:00:00+05:30,27,APT-T1,20,19
1453,APT-T1,2026-06-30 13:00:00+05:30,17,APT-T1,17,16
1454,APT-T1,2026-06-30 14:00:00+05:30,19,APT-T1,19,18
1455,APT-T1,2026-06-30 15:00:00+05:30,25,APT-T1,25,24
1456,APT-T1,2026-06-30 16:00:00+05:30,17,APT-T1,17,16
1457,APT-T1,2026-06-30 17:00:00+05:30,23,APT-T1,17,16
1458,APT-T1,2026-06-30 18:00:00+05:30,21,APT-T1,25,24
1459,APT-T1,2026-06-30 19:00:00+05:30,18,APT-T1,18,17
1460,APT-T1,2026-06-30 20:00:00+05:30,25,APT-T1,48,26
1461,APT-T1,2026-06-30 21:00:00+05:30,21,APT-T1,58,23
1462,APT-T1,2026-06-30 22:00:00+05:30,23,APT-T1,83,20
1463,APT-T1,2026-06-30 23:00:00+05:30,27,APT-T1,110,27
1464,APT-T2,2026-05-01 00:00:00+05:30,21,APT-T2,78,36
1465,APT-T2,2026-05-01 01:00:00+05:30,18,APT-T2,96,26
1466,APT-T2,2026-05-01 02:00:00+05:30,20,APT-T2,93,23
1467,APT-T2,2026-05-01 03:00:00+05:30,15,APT-T2,71,21
1468,APT-T2,2026-05-01 04:00:00+05:30,21,APT-T2,43,16
1469,APT-T2,2026-05-01 05:00:00+05:30,19,APT-T2,40,30
1470,APT-T2,2026-05-01 06:00:00+05:30,22,APT-T2,49,48
1471,APT-T2,2026-05-01 07:00:00+05:30,14,APT-T2,57,56
1472,APT-T2,2026-05-01 08:00:00+05:30,17,APT-T2,47,46
1473,APT-T2,2026-05-01 09:00:00+05:30,24,APT-T2,61,60
1474,APT-T2,2026-05-01 10:00:00+05:30,23,APT-T2,33,32
1475,APT-T2,2026-05-01 11:00:00+05:30,17,APT-T2,29,28
1476,APT-T2,2026-05-01 12:00:00+05:30,22,APT-T2,25,24
1477,APT-T2,2026-05-01 13:00:00+05:30,21,APT-T2,23,22
1478,APT-T2,2026-05-01 14:00:00+05:30,15,APT-T2,17,16
1479,APT-T2,2026-05-01 15:00:00+05:30,19,APT-T2,25,24
1480,APT-T2,2026-05-01 16:00:00+05:30,24,APT-T2,32,31
1481,APT-T2,2026-05-01 17:00:00+05:30,19,APT-T2,27,26
1482,APT-T2,2026-05-01 18:00:00+05:30,25,APT-T2,29,28
1483,APT-T2,2026-05-01 19:00:00+05:30,28,APT-T2,23,22
1484,APT-T2,2026-05-01 20:00:00+05:30,16,APT-T2,55,29
1485,APT-T2,2026-05-01 21:00:00+05:30,16,APT-T2,57,53
1486,APT-T2,2026-05-01 22:00:00+05:30,23,APT-T2,97,24
1487,APT-T2,2026-05-01 23:00:00+05:30,19,APT-T2,121,30
1488,APT-T2,2026-05-02 00:00:00+05:30,19,APT-T2,78,20
1489,APT-T2,2026-05-02 01:00:00+05:30,17,APT-T2,86,22
1490,APT-T2,2026-05-02 02:00:00+05:30,34,APT-T2,89,22
1491,APT-T2,2026-05-02 03:00:00+05:30,13,APT-T2,51,27
1492,APT-T2,2026-05-02 04:00:00+05:30,18,APT-T2,30,29
1493,APT-T2,2026-05-02 05:00:00+05:30,18,APT-T2,48,35
1494,APT-T2,2026-05-02 06:00:00+05:30,21,APT-T2,65,32
1495,APT-T2,2026-05-02 07:00:00+05:30,22,APT-T2,74,69
1496,APT-T2,2026-05-02 08:00:00+05:30,28,APT-T2,76,74
1497,APT-T2,2026-05-02 09:00:00+05:30,16,APT-T2,51,50
1498,APT-T2,2026-05-02 10:00:00+05:30,19,APT-T2,22,21
1499,APT-T2,2026-05-02 11:00:00+05:30,23,APT-T2,21,20
1500,APT-T2,2026-05-02 12:00:00+05:30,28,APT-T2,15,14
1501,APT-T2,2026-05-02 13:00:00+05:30,21,APT-T2,27,26
1502,APT-T2,2026-05-02 14:00:00+05:30,18,APT-T2,22,21
1503,APT-T2,2026-05-02 15:00:00+05:30,20,APT-T2,17,16
1504,APT-T2,2026-05-02 16:00:00+05:30,24,APT-T2,25,24
1505,APT-T2,2026-05-02 17:00:00+05:30,16,APT-T2,34,33
1506,APT-T2,2026-05-02 18:00:00+05:30,24,APT-T2,21,20
1507,APT-T2,2026-05-02 19:00:00+05:30,20,APT-T2,28,27
1508,APT-T2,2026-05-02 20:00:00+05:30,25,APT-T2,37,26
1509,APT-T2,2026-05-02 21:00:00+05:30,26,APT-T2,64,22
1510,APT-T2,2026-05-02 22:00:00+05:30,8,APT-T2,102,27
1511,APT-T2,2026-05-02 23:00:00+05:30,22,APT-T2,110,27
1512,APT-T2,2026-05-03 00:00:00+05:30,19,APT-T2,78,19
1513,APT-T2,2026-05-03 01:00:00+05:30,20,APT-T2,109,29
1514,APT-T2,2026-05-03 02:00:00+05:30,27,APT-T2,71,22
1515,APT-T2,2026-05-03 03:00:00+05:30,14,APT-T2,56,21
1516,APT-T2,2026-05-03 04:00:00+05:30,30,APT-T2,34,14
1517,APT-T2,2026-05-03 05:00:00+05:30,21,APT-T2,34,27
1518,APT-T2,2026-05-03 06:00:00+05:30,14,APT-T2,53,32
1519,APT-T2,2026-05-03 07:00:00+05:30,19,APT-T2,58,50
1520,APT-T2,2026-05-03 08:00:00+05:30,30,APT-T2,49,48
1521,APT-T2,2026-05-03 09:00:00+05:30,29,APT-T2,41,40
1522,APT-T2,2026-05-03 10:00:00+05:30,26,APT-T2,29,28
1523,APT-T2,2026-05-03 11:00:00+05:30,20,APT-T2,28,27
1524,APT-T2,2026-05-03 12:00:00+05:30,25,APT-T2,17,16
1525,APT-T2,2026-05-03 13:00:00+05:30,30,APT-T2,17,16
1526,APT-T2,2026-05-03 14:00:00+05:30,22,APT-T2,30,29
1527,APT-T2,2026-05-03 15:00:00+05:30,11,APT-T2,21,20
1528,APT-T2,2026-05-03 16:00:00+05:30,16,APT-T2,17,16
1529,APT-T2,2026-05-03 17:00:00+05:30,12,APT-T2,27,26
1530,APT-T2,2026-05-03 18:00:00+05:30,20,APT-T2,19,18
1531,APT-T2,2026-05-03 19:00:00+05:30,19,APT-T2,23,18
1532,APT-T2,2026-05-03 20:00:00+05:30,21,APT-T2,31,27
1533,APT-T2,2026-05-03 21:00:00+05:30,23,APT-T2,54,20
1534,APT-T2,2026-05-03 22:00:00+05:30,27,APT-T2,109,27
1535,APT-T2,2026-05-03 23:00:00+05:30,25,APT-T2,103,25
1536,APT-T2,2026-05-04 00:00:00+05:30,15,APT-T2,82,20
1537,APT-T2,2026-05-04 01:00:00+05:30,20,APT-T2,80,28
1538,APT-T2,2026-05-04 02:00:00+05:30,16,APT-T2,75,31
1539,APT-T2,2026-05-04 03:00:00+05:30,24,APT-T2,59,36
1540,APT-T2,2026-05-04 04:00:00+05:30,30,APT-T2,30,21
1541,APT-T2,2026-05-04 05:00:00+05:30,18,APT-T2,42,30
1542,APT-T2,2026-05-04 06:00:00+05:30,16,APT-T2,46,45
1543,APT-T2,2026-05-04 07:00:00+05:30,22,APT-T2,71,63
1544,APT-T2,2026-05-04 08:00:00+05:30,21,APT-T2,51,50
1545,APT-T2,2026-05-04 09:00:00+05:30,26,APT-T2,47,46
1546,APT-T2,2026-05-04 10:00:00+05:30,28,APT-T2,29,28
1547,APT-T2,2026-05-04 11:00:00+05:30,18,APT-T2,28,27
1548,APT-T2,2026-05-04 12:00:00+05:30,22,APT-T2,25,24
1549,APT-T2,2026-05-04 13:00:00+05:30,33,APT-T2,28,27
1550,APT-T2,2026-05-04 14:00:00+05:30,29,APT-T2,20,19
1551,APT-T2,2026-05-04 15:00:00+05:30,19,APT-T2,38,37
1552,APT-T2,2026-05-04 16:00:00+05:30,23,APT-T2,23,22
1553,APT-T2,2026-05-04 17:00:00+05:30,16,APT-T2,20,19
1554,APT-T2,2026-05-04 18:00:00+05:30,25,APT-T2,27,26
1555,APT-T2,2026-05-04 19:00:00+05:30,11,APT-T2,19,18
1556,APT-T2,2026-05-04 20:00:00+05:30,16,APT-T2,41,31
1557,APT-T2,2026-05-04 21:00:00+05:30,26,APT-T2,63,26
1558,APT-T2,2026-05-04 22:00:00+05:30,26,APT-T2,96,24
1559,APT-T2,2026-05-04 23:00:00+05:30,21,APT-T2,104,27
1560,APT-T2,2026-05-05 00:00:00+05:30,31,APT-T2,77,23
1561,APT-T2,2026-05-05 01:00:00+05:30,21,APT-T2,89,22
1562,APT-T2,2026-05-05 02:00:00+05:30,17,APT-T2,80,20
1563,APT-T2,2026-05-05 03:00:00+05:30,21,APT-T2,52,19
1564,APT-T2,2026-05-05 04:00:00+05:30,17,APT-T2,36,35
1565,APT-T2,2026-05-05 05:00:00+05:30,24,APT-T2,39,26
1566,APT-T2,2026-05-05 06:00:00+05:30,29,APT-T2,51,41
1567,APT-T2,2026-05-05 07:00:00+05:30,23,APT-T2,63,16
1568,APT-T2,2026-05-05 08:00:00+05:30,22,APT-T2,43,42
1569,APT-T2,2026-05-05 09:00:00+05:30,17,APT-T2,45,44
1570,APT-T2,2026-05-05 10:00:00+05:30,25,APT-T2,22,21
1571,APT-T2,2026-05-05 11:00:00+05:30,23,APT-T2,27,26
1572,APT-T2,2026-05-05 12:00:00+05:30,25,APT-T2,18,17
1573,APT-T2,2026-05-05 13:00:00+05:30,22,APT-T2,16,15
1574,APT-T2,2026-05-05 14:00:00+05:30,25,APT-T2,19,18
1575,APT-T2,2026-05-05 15:00:00+05:30,22,APT-T2,14,13
1576,APT-T2,2026-05-05 16:00:00+05:30,16,APT-T2,21,20
1577,APT-T2,2026-05-05 17:00:00+05:30,23,APT-T2,19,18
1578,APT-T2,2026-05-05 18:00:00+05:30,31,APT-T2,20,19
1579,APT-T2,2026-05-05 19:00:00+05:30,23,APT-T2,29,25
1580,APT-T2,2026-05-05 20:00:00+05:30,17,APT-T2,33,22
1581,APT-T2,2026-05-05 21:00:00+05:30,16,APT-T2,66,18
1582,APT-T2,2026-05-05 22:00:00+05:30,25,APT-T2,95,23
1583,APT-T2,2026-05-05 23:00:00+05:30,20,APT-T2,109,27
1584,APT-T2,2026-05-06 00:00:00+05:30,22,APT-T2,81,28
1585,APT-T2,2026-05-06 01:00:00+05:30,16,APT-T2,97,30
1586,APT-T2,2026-05-06 02:00:00+05:30,17,APT-T2,87,23
1587,APT-T2,2026-05-06 03:00:00+05:30,24,APT-T2,53,21
1588,APT-T2,2026-05-06 04:00:00+05:30,13,APT-T2,35,26
1589,APT-T2,2026-05-06 05:00:00+05:30,14,APT-T2,31,30
1590,APT-T2,2026-05-06 06:00:00+05:30,20,APT-T2,45,40
1591,APT-T2,2026-05-06 07:00:00+05:30,23,APT-T2,57,56
1592,APT-T2,2026-05-06 08:00:00+05:30,19,APT-T2,60,45
1593,APT-T2,2026-05-06 09:00:00+05:30,8,APT-T2,45,44
1594,APT-T2,2026-05-06 10:00:00+05:30,21,APT-T2,31,30
1595,APT-T2,2026-05-06 11:00:00+05:30,18,APT-T2,23,22
1596,APT-T2,2026-05-06 12:00:00+05:30,19,APT-T2,21,20
1597,APT-T2,2026-05-06 13:00:00+05:30,17,APT-T2,29,28
1598,APT-T2,2026-05-06 14:00:00+05:30,13,APT-T2,21,20
1599,APT-T2,2026-05-06 15:00:00+05:30,16,APT-T2,19,18
1600,APT-T2,2026-05-06 16:00:00+05:30,21,APT-T2,21,20
1601,APT-T2,2026-05-06 17:00:00+05:30,19,APT-T2,22,21
1602,APT-T2,2026-05-06 18:00:00+05:30,21,APT-T2,15,14
1603,APT-T2,2026-05-06 19:00:00+05:30,12,APT-T2,25,24
1604,APT-T2,2026-05-06 20:00:00+05:30,29,APT-T2,38,25
1605,APT-T2,2026-05-06 21:00:00+05:30,19,APT-T2,57,16
1606,APT-T2,2026-05-06 22:00:00+05:30,22,APT-T2,83,21
1607,APT-T2,2026-05-06 23:00:00+05:30,25,APT-T2,79,20
1608,APT-T2,2026-05-07 00:00:00+05:30,25,APT-T2,64,25
1609,APT-T2,2026-05-07 01:00:00+05:30,20,APT-T2,98,24
1610,APT-T2,2026-05-07 02:00:00+05:30,13,APT-T2,74,19
1611,APT-T2,2026-05-07 03:00:00+05:30,17,APT-T2,43,42
1612,APT-T2,2026-05-07 04:00:00+05:30,17,APT-T2,46,37
1613,APT-T2,2026-05-07 05:00:00+05:30,23,APT-T2,43,37
1614,APT-T2,2026-05-07 06:00:00+05:30,24,APT-T2,62,38
1615,APT-T2,2026-05-07 07:00:00+05:30,17,APT-T2,74,52
1616,APT-T2,2026-05-07 08:00:00+05:30,18,APT-T2,60,59
1617,APT-T2,2026-05-07 09:00:00+05:30,17,APT-T2,47,46
1618,APT-T2,2026-05-07 10:00:00+05:30,21,APT-T2,32,31
1619,APT-T2,2026-05-07 11:00:00+05:30,14,APT-T2,23,22
1620,APT-T2,2026-05-07 12:00:00+05:30,23,APT-T2,21,20
1621,APT-T2,2026-05-07 13:00:00+05:30,22,APT-T2,12,11
1622,APT-T2,2026-05-07 14:00:00+05:30,25,APT-T2,20,19
1623,APT-T2,2026-05-07 15:00:00+05:30,19,APT-T2,21,20
1624,APT-T2,2026-05-07 16:00:00+05:30,14,APT-T2,19,18
1625,APT-T2,2026-05-07 17:00:00+05:30,15,APT-T2,28,27
1626,APT-T2,2026-05-07 18:00:00+05:30,16,APT-T2,18,17
1627,APT-T2,2026-05-07 19:00:00+05:30,15,APT-T2,22,21
1628,APT-T2,2026-05-07 20:00:00+05:30,24,APT-T2,28,27
1629,APT-T2,2026-05-07 21:00:00+05:30,21,APT-T2,53,21
1630,APT-T2,2026-05-07 22:00:00+05:30,24,APT-T2,101,36
1631,APT-T2,2026-05-07 23:00:00+05:30,32,APT-T2,106,26
1632,APT-T2,2026-05-08 00:00:00+05:30,18,APT-T2,103,32
1633,APT-T2,2026-05-08 01:00:00+05:30,21,APT-T2,94,23
1634,APT-T2,2026-05-08 02:00:00+05:30,24,APT-T2,91,43
1635,APT-T2,2026-05-08 03:00:00+05:30,19,APT-T2,57,34
1636,APT-T2,2026-05-08 04:00:00+05:30,23,APT-T2,49,23
1637,APT-T2,2026-05-08 05:00:00+05:30,18,APT-T2,46,45
1638,APT-T2,2026-05-08 06:00:00+05:30,17,APT-T2,58,37
1639,APT-T2,2026-05-08 07:00:00+05:30,19,APT-T2,51,38
1640,APT-T2,2026-05-08 08:00:00+05:30,34,APT-T2,71,69
1641,APT-T2,2026-05-08 09:00:00+05:30,15,APT-T2,49,48
1642,APT-T2,2026-05-08 10:00:00+05:30,24,APT-T2,48,47
1643,APT-T2,2026-05-08 11:00:00+05:30,24,APT-T2,21,20
1644,APT-T2,2026-05-08 12:00:00+05:30,17,APT-T2,20,19
1645,APT-T2,2026-05-08 13:00:00+05:30,19,APT-T2,26,25
1646,APT-T2,2026-05-08 14:00:00+05:30,11,APT-T2,23,22
1647,APT-T2,2026-05-08 15:00:00+05:30,23,APT-T2,24,23
1648,APT-T2,2026-05-08 16:00:00+05:30,20,APT-T2,25,24
1649,APT-T2,2026-05-08 17:00:00+05:30,20,APT-T2,19,18
1650,APT-T2,2026-05-08 18:00:00+05:30,12,APT-T2,28,27
1651,APT-T2,2026-05-08 19:00:00+05:30,18,APT-T2,20,19
1652,APT-T2,2026-05-08 20:00:00+05:30,13,APT-T2,43,37
1653,APT-T2,2026-05-08 21:00:00+05:30,29,APT-T2,56,27
1654,APT-T2,2026-05-08 22:00:00+05:30,21,APT-T2,118,46
1655,APT-T2,2026-05-08 23:00:00+05:30,17,APT-T2,122,30
1656,APT-T2,2026-05-09 00:00:00+05:30,19,APT-T2,72,21
1657,APT-T2,2026-05-09 01:00:00+05:30,17,APT-T2,103,25
1658,APT-T2,2026-05-09 02:00:00+05:30,19,APT-T2,83,22
1659,APT-T2,2026-05-09 03:00:00+05:30,19,APT-T2,59,17
1660,APT-T2,2026-05-09 04:00:00+05:30,17,APT-T2,47,28
1661,APT-T2,2026-05-09 05:00:00+05:30,17,APT-T2,48,39
1662,APT-T2,2026-05-09 06:00:00+05:30,22,APT-T2,55,36
1663,APT-T2,2026-05-09 07:00:00+05:30,20,APT-T2,51,50
1664,APT-T2,2026-05-09 08:00:00+05:30,21,APT-T2,69,54
1665,APT-T2,2026-05-09 09:00:00+05:30,30,APT-T2,36,35
1666,APT-T2,2026-05-09 10:00:00+05:30,24,APT-T2,36,35
1667,APT-T2,2026-05-09 11:00:00+05:30,23,APT-T2,17,16
1668,APT-T2,2026-05-09 12:00:00+05:30,26,APT-T2,24,23
1669,APT-T2,2026-05-09 13:00:00+05:30,12,APT-T2,34,33
1670,APT-T2,2026-05-09 14:00:00+05:30,26,APT-T2,22,21
1671,APT-T2,2026-05-09 15:00:00+05:30,18,APT-T2,20,19
1672,APT-T2,2026-05-09 16:00:00+05:30,19,APT-T2,28,27
1673,APT-T2,2026-05-09 17:00:00+05:30,19,APT-T2,44,43
1674,APT-T2,2026-05-09 18:00:00+05:30,15,APT-T2,16,15
1675,APT-T2,2026-05-09 19:00:00+05:30,13,APT-T2,29,28
1676,APT-T2,2026-05-09 20:00:00+05:30,20,APT-T2,42,25
1677,APT-T2,2026-05-09 21:00:00+05:30,24,APT-T2,48,16
1678,APT-T2,2026-05-09 22:00:00+05:30,21,APT-T2,98,26
1679,APT-T2,2026-05-09 23:00:00+05:30,25,APT-T2,123,30
1680,APT-T2,2026-05-10 00:00:00+05:30,26,APT-T2,71,17
1681,APT-T2,2026-05-10 01:00:00+05:30,20,APT-T2,105,26
1682,APT-T2,2026-05-10 02:00:00+05:30,21,APT-T2,79,32
1683,APT-T2,2026-05-10 03:00:00+05:30,16,APT-T2,46,17
1684,APT-T2,2026-05-10 04:00:00+05:30,27,APT-T2,35,34
1685,APT-T2,2026-05-10 05:00:00+05:30,24,APT-T2,50,31
1686,APT-T2,2026-05-10 06:00:00+05:30,16,APT-T2,57,52
1687,APT-T2,2026-05-10 07:00:00+05:30,26,APT-T2,60,38
1688,APT-T2,2026-05-10 08:00:00+05:30,19,APT-T2,51,50
1689,APT-T2,2026-05-10 09:00:00+05:30,25,APT-T2,40,39
1690,APT-T2,2026-05-10 10:00:00+05:30,19,APT-T2,27,26
1691,APT-T2,2026-05-10 11:00:00+05:30,21,APT-T2,27,26
1692,APT-T2,2026-05-10 12:00:00+05:30,15,APT-T2,22,21
1693,APT-T2,2026-05-10 13:00:00+05:30,21,APT-T2,22,21
1694,APT-T2,2026-05-10 14:00:00+05:30,26,APT-T2,23,22
1695,APT-T2,2026-05-10 15:00:00+05:30,35,APT-T2,23,22
1696,APT-T2,2026-05-10 16:00:00+05:30,20,APT-T2,22,21
1697,APT-T2,2026-05-10 17:00:00+05:30,13,APT-T2,21,20
1698,APT-T2,2026-05-10 18:00:00+05:30,21,APT-T2,35,34
1699,APT-T2,2026-05-10 19:00:00+05:30,24,APT-T2,25,24
1700,APT-T2,2026-05-10 20:00:00+05:30,22,APT-T2,32,31
1701,APT-T2,2026-05-10 21:00:00+05:30,18,APT-T2,49,15
1702,APT-T2,2026-05-10 22:00:00+05:30,26,APT-T2,103,31
1703,APT-T2,2026-05-10 23:00:00+05:30,15,APT-T2,101,34
1704,APT-T2,2026-05-11 00:00:00+05:30,23,APT-T2,73,18
1705,APT-T2,2026-05-11 01:00:00+05:30,23,APT-T2,74,43
1706,APT-T2,2026-05-11 02:00:00+05:30,29,APT-T2,77,19
1707,APT-T2,2026-05-11 03:00:00+05:30,21,APT-T2,47,16
1708,APT-T2,2026-05-11 04:00:00+05:30,14,APT-T2,41,27
1709,APT-T2,2026-05-11 05:00:00+05:30,19,APT-T2,38,34
1710,APT-T2,2026-05-11 06:00:00+05:30,33,APT-T2,66,35
1711,APT-T2,2026-05-11 07:00:00+05:30,18,APT-T2,48,47
1712,APT-T2,2026-05-11 08:00:00+05:30,18,APT-T2,44,43
1713,APT-T2,2026-05-11 09:00:00+05:30,19,APT-T2,43,42
1714,APT-T2,2026-05-11 10:00:00+05:30,21,APT-T2,30,29
1715,APT-T2,2026-05-11 11:00:00+05:30,19,APT-T2,16,15
1716,APT-T2,2026-05-11 12:00:00+05:30,21,APT-T2,35,34
1717,APT-T2,2026-05-11 13:00:00+05:30,26,APT-T2,26,25
1718,APT-T2,2026-05-11 14:00:00+05:30,20,APT-T2,27,26
1719,APT-T2,2026-05-11 15:00:00+05:30,20,APT-T2,13,12
1720,APT-T2,2026-05-11 16:00:00+05:30,22,APT-T2,25,24
1721,APT-T2,2026-05-11 17:00:00+05:30,26,APT-T2,25,24
1722,APT-T2,2026-05-11 18:00:00+05:30,21,APT-T2,23,22
1723,APT-T2,2026-05-11 19:00:00+05:30,23,APT-T2,25,24
1724,APT-T2,2026-05-11 20:00:00+05:30,25,APT-T2,26,13
1725,APT-T2,2026-05-11 21:00:00+05:30,25,APT-T2,57,19
1726,APT-T2,2026-05-11 22:00:00+05:30,17,APT-T2,76,23
1727,APT-T2,2026-05-11 23:00:00+05:30,25,APT-T2,107,31
1728,APT-T2,2026-05-12 00:00:00+05:30,17,APT-T2,91,22
1729,APT-T2,2026-05-12 01:00:00+05:30,11,APT-T2,90,45
1730,APT-T2,2026-05-12 02:00:00+05:30,14,APT-T2,93,23
1731,APT-T2,2026-05-12 03:00:00+05:30,33,APT-T2,46,21
1732,APT-T2,2026-05-12 04:00:00+05:30,21,APT-T2,38,25
1733,APT-T2,2026-05-12 05:00:00+05:30,18,APT-T2,43,30
1734,APT-T2,2026-05-12 06:00:00+05:30,14,APT-T2,53,48
1735,APT-T2,2026-05-12 07:00:00+05:30,30,APT-T2,56,54
1736,APT-T2,2026-05-12 08:00:00+05:30,22,APT-T2,49,48
1737,APT-T2,2026-05-12 09:00:00+05:30,24,APT-T2,65,64
1738,APT-T2,2026-05-12 10:00:00+05:30,24,APT-T2,29,28
1739,APT-T2,2026-05-12 11:00:00+05:30,23,APT-T2,29,28
1740,APT-T2,2026-05-12 12:00:00+05:30,25,APT-T2,26,25
1741,APT-T2,2026-05-12 13:00:00+05:30,17,APT-T2,28,27
1742,APT-T2,2026-05-12 14:00:00+05:30,14,APT-T2,27,26
1743,APT-T2,2026-05-12 15:00:00+05:30,16,APT-T2,18,17
1744,APT-T2,2026-05-12 16:00:00+05:30,15,APT-T2,17,16
1745,APT-T2,2026-05-12 17:00:00+05:30,19,APT-T2,21,20
1746,APT-T2,2026-05-12 18:00:00+05:30,27,APT-T2,26,25
1747,APT-T2,2026-05-12 19:00:00+05:30,20,APT-T2,29,27
1748,APT-T2,2026-05-12 20:00:00+05:30,31,APT-T2,37,19
1749,APT-T2,2026-05-12 21:00:00+05:30,15,APT-T2,58,15
1750,APT-T2,2026-05-12 22:00:00+05:30,18,APT-T2,90,22
1751,APT-T2,2026-05-12 23:00:00+05:30,11,APT-T2,101,25
1752,APT-T2,2026-05-13 00:00:00+05:30,22,APT-T2,57,15
1753,APT-T2,2026-05-13 01:00:00+05:30,24,APT-T2,79,22
1754,APT-T2,2026-05-13 02:00:00+05:30,19,APT-T2,75,30
1755,APT-T2,2026-05-13 03:00:00+05:30,16,APT-T2,33,32
1756,APT-T2,2026-05-13 04:00:00+05:30,16,APT-T2,32,26
1757,APT-T2,2026-05-13 05:00:00+05:30,22,APT-T2,36,23
1758,APT-T2,2026-05-13 06:00:00+05:30,18,APT-T2,58,30
1759,APT-T2,2026-05-13 07:00:00+05:30,22,APT-T2,52,40
1760,APT-T2,2026-05-13 08:00:00+05:30,24,APT-T2,50,49
1761,APT-T2,2026-05-13 09:00:00+05:30,22,APT-T2,48,47
1762,APT-T2,2026-05-13 10:00:00+05:30,17,APT-T2,49,48
1763,APT-T2,2026-05-13 11:00:00+05:30,25,APT-T2,22,21
1764,APT-T2,2026-05-13 12:00:00+05:30,25,APT-T2,17,16
1765,APT-T2,2026-05-13 13:00:00+05:30,10,APT-T2,13,12
1766,APT-T2,2026-05-13 14:00:00+05:30,26,APT-T2,25,24
1767,APT-T2,2026-05-13 15:00:00+05:30,20,APT-T2,23,22
1768,APT-T2,2026-05-13 16:00:00+05:30,23,APT-T2,22,21
1769,APT-T2,2026-05-13 17:00:00+05:30,15,APT-T2,20,19
1770,APT-T2,2026-05-13 18:00:00+05:30,18,APT-T2,22,21
1771,APT-T2,2026-05-13 19:00:00+05:30,20,APT-T2,21,20
1772,APT-T2,2026-05-13 20:00:00+05:30,25,APT-T2,47,27
1773,APT-T2,2026-05-13 21:00:00+05:30,23,APT-T2,51,18
1774,APT-T2,2026-05-13 22:00:00+05:30,22,APT-T2,77,22
1775,APT-T2,2026-05-13 23:00:00+05:30,13,APT-T2,98,24
1776,APT-T2,2026-05-14 00:00:00+05:30,18,APT-T2,71,17
1777,APT-T2,2026-05-14 01:00:00+05:30,17,APT-T2,91,22
1778,APT-T2,2026-05-14 02:00:00+05:30,28,APT-T2,85,21
1779,APT-T2,2026-05-14 03:00:00+05:30,20,APT-T2,48,22
1780,APT-T2,2026-05-14 04:00:00+05:30,22,APT-T2,35,26
1781,APT-T2,2026-05-14 05:00:00+05:30,24,APT-T2,41,24
1782,APT-T2,2026-05-14 06:00:00+05:30,28,APT-T2,61,34
1783,APT-T2,2026-05-14 07:00:00+05:30,19,APT-T2,59,46
1784,APT-T2,2026-05-14 08:00:00+05:30,19,APT-T2,57,56
1785,APT-T2,2026-05-14 09:00:00+05:30,16,APT-T2,52,51
1786,APT-T2,2026-05-14 10:00:00+05:30,21,APT-T2,46,45
1787,APT-T2,2026-05-14 11:00:00+05:30,20,APT-T2,21,20
1788,APT-T2,2026-05-14 12:00:00+05:30,25,APT-T2,17,16
1789,APT-T2,2026-05-14 13:00:00+05:30,25,APT-T2,22,21
1790,APT-T2,2026-05-14 14:00:00+05:30,18,APT-T2,23,22
1791,APT-T2,2026-05-14 15:00:00+05:30,18,APT-T2,15,14
1792,APT-T2,2026-05-14 16:00:00+05:30,18,APT-T2,18,17
1793,APT-T2,2026-05-14 17:00:00+05:30,24,APT-T2,23,22
1794,APT-T2,2026-05-14 18:00:00+05:30,21,APT-T2,15,14
1795,APT-T2,2026-05-14 19:00:00+05:30,18,APT-T2,27,26
1796,APT-T2,2026-05-14 20:00:00+05:30,20,APT-T2,29,20
1797,APT-T2,2026-05-14 21:00:00+05:30,24,APT-T2,54,25
1798,APT-T2,2026-05-14 22:00:00+05:30,20,APT-T2,88,36
1799,APT-T2,2026-05-14 23:00:00+05:30,16,APT-T2,118,29
1800,APT-T2,2026-05-15 00:00:00+05:30,23,APT-T2,79,38
1801,APT-T2,2026-05-15 01:00:00+05:30,19,APT-T2,124,31
1802,APT-T2,2026-05-15 02:00:00+05:30,23,APT-T2,88,25
1803,APT-T2,2026-05-15 03:00:00+05:30,19,APT-T2,59,20
1804,APT-T2,2026-05-15 04:00:00+05:30,23,APT-T2,42,37
1805,APT-T2,2026-05-15 05:00:00+05:30,19,APT-T2,47,33
1806,APT-T2,2026-05-15 06:00:00+05:30,25,APT-T2,69,40
1807,APT-T2,2026-05-15 07:00:00+05:30,20,APT-T2,69,56
1808,APT-T2,2026-05-15 08:00:00+05:30,22,APT-T2,57,47
1809,APT-T2,2026-05-15 09:00:00+05:30,16,APT-T2,44,43
1810,APT-T2,2026-05-15 10:00:00+05:30,20,APT-T2,36,35
1811,APT-T2,2026-05-15 11:00:00+05:30,24,APT-T2,35,34
1812,APT-T2,2026-05-15 12:00:00+05:30,15,APT-T2,27,26
1813,APT-T2,2026-05-15 13:00:00+05:30,16,APT-T2,23,22
1814,APT-T2,2026-05-15 14:00:00+05:30,23,APT-T2,30,29
1815,APT-T2,2026-05-15 15:00:00+05:30,22,APT-T2,16,15
1816,APT-T2,2026-05-15 16:00:00+05:30,22,APT-T2,24,23
1817,APT-T2,2026-05-15 17:00:00+05:30,21,APT-T2,16,15
1818,APT-T2,2026-05-15 18:00:00+05:30,27,APT-T2,25,24
1819,APT-T2,2026-05-15 19:00:00+05:30,20,APT-T2,33,24
1820,APT-T2,2026-05-15 20:00:00+05:30,32,APT-T2,32,31
1821,APT-T2,2026-05-15 21:00:00+05:30,26,APT-T2,62,22
1822,APT-T2,2026-05-15 22:00:00+05:30,19,APT-T2,83,25
1823,APT-T2,2026-05-15 23:00:00+05:30,21,APT-T2,112,38
1824,APT-T2,2026-05-16 00:00:00+05:30,24,APT-T2,74,24
1825,APT-T2,2026-05-16 01:00:00+05:30,14,APT-T2,117,29
1826,APT-T2,2026-05-16 02:00:00+05:30,23,APT-T2,82,29
1827,APT-T2,2026-05-16 03:00:00+05:30,15,APT-T2,67,16
1828,APT-T2,2026-05-16 04:00:00+05:30,17,APT-T2,48,20
1829,APT-T2,2026-05-16 05:00:00+05:30,19,APT-T2,44,37
1830,APT-T2,2026-05-16 06:00:00+05:30,15,APT-T2,81,59
1831,APT-T2,2026-05-16 07:00:00+05:30,18,APT-T2,64,51
1832,APT-T2,2026-05-16 08:00:00+05:30,20,APT-T2,64,63
1833,APT-T2,2026-05-16 09:00:00+05:30,27,APT-T2,37,36
1834,APT-T2,2026-05-16 10:00:00+05:30,22,APT-T2,38,37
1835,APT-T2,2026-05-16 11:00:00+05:30,21,APT-T2,27,26
1836,APT-T2,2026-05-16 12:00:00+05:30,14,APT-T2,26,25
1837,APT-T2,2026-05-16 13:00:00+05:30,14,APT-T2,21,20
1838,APT-T2,2026-05-16 14:00:00+05:30,27,APT-T2,23,22
1839,APT-T2,2026-05-16 15:00:00+05:30,16,APT-T2,29,28
1840,APT-T2,2026-05-16 16:00:00+05:30,19,APT-T2,27,26
1841,APT-T2,2026-05-16 17:00:00+05:30,17,APT-T2,13,12
1842,APT-T2,2026-05-16 18:00:00+05:30,19,APT-T2,29,28
1843,APT-T2,2026-05-16 19:00:00+05:30,21,APT-T2,20,19
1844,APT-T2,2026-05-16 20:00:00+05:30,17,APT-T2,35,34
1845,APT-T2,2026-05-16 21:00:00+05:30,21,APT-T2,61,29
1846,APT-T2,2026-05-16 22:00:00+05:30,25,APT-T2,116,29
1847,APT-T2,2026-05-16 23:00:00+05:30,18,APT-T2,90,40
1848,APT-T2,2026-05-17 00:00:00+05:30,25,APT-T2,70,17
1849,APT-T2,2026-05-17 01:00:00+05:30,20,APT-T2,80,20
1850,APT-T2,2026-05-17 02:00:00+05:30,25,APT-T2,72,23
1851,APT-T2,2026-05-17 03:00:00+05:30,16,APT-T2,48,30
1852,APT-T2,2026-05-17 04:00:00+05:30,20,APT-T2,33,26
1853,APT-T2,2026-05-17 05:00:00+05:30,20,APT-T2,33,27
1854,APT-T2,2026-05-17 06:00:00+05:30,17,APT-T2,74,45
1855,APT-T2,2026-05-17 07:00:00+05:30,29,APT-T2,56,43
1856,APT-T2,2026-05-17 08:00:00+05:30,26,APT-T2,55,54
1857,APT-T2,2026-05-17 09:00:00+05:30,26,APT-T2,42,41
1858,APT-T2,2026-05-17 10:00:00+05:30,17,APT-T2,28,27
1859,APT-T2,2026-05-17 11:00:00+05:30,16,APT-T2,26,25
1860,APT-T2,2026-05-17 12:00:00+05:30,24,APT-T2,20,19
1861,APT-T2,2026-05-17 13:00:00+05:30,26,APT-T2,23,22
1862,APT-T2,2026-05-17 14:00:00+05:30,22,APT-T2,24,23
1863,APT-T2,2026-05-17 15:00:00+05:30,15,APT-T2,18,17
1864,APT-T2,2026-05-17 16:00:00+05:30,24,APT-T2,19,18
1865,APT-T2,2026-05-17 17:00:00+05:30,17,APT-T2,28,27
1866,APT-T2,2026-05-17 18:00:00+05:30,21,APT-T2,21,20
1867,APT-T2,2026-05-17 19:00:00+05:30,20,APT-T2,23,22
1868,APT-T2,2026-05-17 20:00:00+05:30,20,APT-T2,34,20
1869,APT-T2,2026-05-17 21:00:00+05:30,26,APT-T2,65,24
1870,APT-T2,2026-05-17 22:00:00+05:30,16,APT-T2,93,23
1871,APT-T2,2026-05-17 23:00:00+05:30,11,APT-T2,94,23
1872,APT-T2,2026-05-18 00:00:00+05:30,15,APT-T2,72,18
1873,APT-T2,2026-05-18 01:00:00+05:30,22,APT-T2,72,20
1874,APT-T2,2026-05-18 02:00:00+05:30,20,APT-T2,79,28
1875,APT-T2,2026-05-18 03:00:00+05:30,20,APT-T2,47,25
1876,APT-T2,2026-05-18 04:00:00+05:30,22,APT-T2,34,33
1877,APT-T2,2026-05-18 05:00:00+05:30,17,APT-T2,41,40
1878,APT-T2,2026-05-18 06:00:00+05:30,23,APT-T2,47,38
1879,APT-T2,2026-05-18 07:00:00+05:30,23,APT-T2,59,50
1880,APT-T2,2026-05-18 08:00:00+05:30,26,APT-T2,49,48
1881,APT-T2,2026-05-18 09:00:00+05:30,20,APT-T2,44,43
1882,APT-T2,2026-05-18 10:00:00+05:30,20,APT-T2,37,36
1883,APT-T2,2026-05-18 11:00:00+05:30,18,APT-T2,25,24
1884,APT-T2,2026-05-18 12:00:00+05:30,17,APT-T2,23,22
1885,APT-T2,2026-05-18 13:00:00+05:30,21,APT-T2,17,16
1886,APT-T2,2026-05-18 14:00:00+05:30,20,APT-T2,27,26
1887,APT-T2,2026-05-18 15:00:00+05:30,21,APT-T2,27,26
1888,APT-T2,2026-05-18 16:00:00+05:30,13,APT-T2,17,16
1889,APT-T2,2026-05-18 17:00:00+05:30,18,APT-T2,11,10
1890,APT-T2,2026-05-18 18:00:00+05:30,22,APT-T2,32,31
1891,APT-T2,2026-05-18 19:00:00+05:30,27,APT-T2,29,25
1892,APT-T2,2026-05-18 20:00:00+05:30,19,APT-T2,23,22
1893,APT-T2,2026-05-18 21:00:00+05:30,27,APT-T2,60,19
1894,APT-T2,2026-05-18 22:00:00+05:30,20,APT-T2,91,23
1895,APT-T2,2026-05-18 23:00:00+05:30,23,APT-T2,110,27
1896,APT-T2,2026-05-19 00:00:00+05:30,26,APT-T2,69,42
1897,APT-T2,2026-05-19 01:00:00+05:30,18,APT-T2,93,23
1898,APT-T2,2026-05-19 02:00:00+05:30,29,APT-T2,87,23
1899,APT-T2,2026-05-19 03:00:00+05:30,19,APT-T2,37,28
1900,APT-T2,2026-05-19 04:00:00+05:30,17,APT-T2,33,18
1901,APT-T2,2026-05-19 05:00:00+05:30,26,APT-T2,44,34
1902,APT-T2,2026-05-19 06:00:00+05:30,21,APT-T2,62,40
1903,APT-T2,2026-05-19 07:00:00+05:30,24,APT-T2,47,46
1904,APT-T2,2026-05-19 08:00:00+05:30,24,APT-T2,59,58
1905,APT-T2,2026-05-19 09:00:00+05:30,15,APT-T2,52,51
1906,APT-T2,2026-05-19 10:00:00+05:30,19,APT-T2,27,26
1907,APT-T2,2026-05-19 11:00:00+05:30,25,APT-T2,24,23
1908,APT-T2,2026-05-19 12:00:00+05:30,25,APT-T2,21,20
1909,APT-T2,2026-05-19 13:00:00+05:30,17,APT-T2,26,25
1910,APT-T2,2026-05-19 14:00:00+05:30,16,APT-T2,21,20
1911,APT-T2,2026-05-19 15:00:00+05:30,24,APT-T2,15,14
1912,APT-T2,2026-05-19 16:00:00+05:30,20,APT-T2,18,17
1913,APT-T2,2026-05-19 17:00:00+05:30,12,APT-T2,19,18
1914,APT-T2,2026-05-19 18:00:00+05:30,17,APT-T2,24,23
1915,APT-T2,2026-05-19 19:00:00+05:30,24,APT-T2,29,28
1916,APT-T2,2026-05-19 20:00:00+05:30,17,APT-T2,36,35
1917,APT-T2,2026-05-19 21:00:00+05:30,18,APT-T2,59,24
1918,APT-T2,2026-05-19 22:00:00+05:30,14,APT-T2,105,26
1919,APT-T2,2026-05-19 23:00:00+05:30,26,APT-T2,115,30
1920,APT-T2,2026-05-20 00:00:00+05:30,21,APT-T2,66,20
1921,APT-T2,2026-05-20 01:00:00+05:30,23,APT-T2,93,29
1922,APT-T2,2026-05-20 02:00:00+05:30,21,APT-T2,71,40
1923,APT-T2,2026-05-20 03:00:00+05:30,22,APT-T2,51,23
1924,APT-T2,2026-05-20 04:00:00+05:30,25,APT-T2,37,19
1925,APT-T2,2026-05-20 05:00:00+05:30,9,APT-T2,31,30
1926,APT-T2,2026-05-20 06:00:00+05:30,26,APT-T2,42,35
1927,APT-T2,2026-05-20 07:00:00+05:30,18,APT-T2,46,45
1928,APT-T2,2026-05-20 08:00:00+05:30,15,APT-T2,46,45
1929,APT-T2,2026-05-20 09:00:00+05:30,30,APT-T2,38,37
1930,APT-T2,2026-05-20 10:00:00+05:30,21,APT-T2,31,30
1931,APT-T2,2026-05-20 11:00:00+05:30,14,APT-T2,27,26
1932,APT-T2,2026-05-20 12:00:00+05:30,12,APT-T2,21,20
1933,APT-T2,2026-05-20 13:00:00+05:30,21,APT-T2,16,15
1934,APT-T2,2026-05-20 14:00:00+05:30,23,APT-T2,11,10
1935,APT-T2,2026-05-20 15:00:00+05:30,18,APT-T2,20,19
1936,APT-T2,2026-05-20 16:00:00+05:30,16,APT-T2,15,14
1937,APT-T2,2026-05-20 17:00:00+05:30,11,APT-T2,22,21
1938,APT-T2,2026-05-20 18:00:00+05:30,16,APT-T2,19,18
1939,APT-T2,2026-05-20 19:00:00+05:30,19,APT-T2,26,25
1940,APT-T2,2026-05-20 20:00:00+05:30,20,APT-T2,46,18
1941,APT-T2,2026-05-20 21:00:00+05:30,26,APT-T2,67,17
1942,APT-T2,2026-05-20 22:00:00+05:30,23,APT-T2,94,23
1943,APT-T2,2026-05-20 23:00:00+05:30,27,APT-T2,102,25
1944,APT-T2,2026-05-21 00:00:00+05:30,25,APT-T2,69,44
1945,APT-T2,2026-05-21 01:00:00+05:30,24,APT-T2,80,26
1946,APT-T2,2026-05-21 02:00:00+05:30,21,APT-T2,86,25
1947,APT-T2,2026-05-21 03:00:00+05:30,11,APT-T2,42,14
1948,APT-T2,2026-05-21 04:00:00+05:30,23,APT-T2,33,22
1949,APT-T2,2026-05-21 05:00:00+05:30,24,APT-T2,40,39
1950,APT-T2,2026-05-21 06:00:00+05:30,20,APT-T2,60,42
1951,APT-T2,2026-05-21 07:00:00+05:30,26,APT-T2,44,43
1952,APT-T2,2026-05-21 08:00:00+05:30,20,APT-T2,59,58
1953,APT-T2,2026-05-21 09:00:00+05:30,22,APT-T2,41,40
1954,APT-T2,2026-05-21 10:00:00+05:30,19,APT-T2,35,34
1955,APT-T2,2026-05-21 11:00:00+05:30,20,APT-T2,23,22
1956,APT-T2,2026-05-21 12:00:00+05:30,16,APT-T2,25,24
1957,APT-T2,2026-05-21 13:00:00+05:30,15,APT-T2,29,28
1958,APT-T2,2026-05-21 14:00:00+05:30,28,APT-T2,21,20
1959,APT-T2,2026-05-21 15:00:00+05:30,12,APT-T2,21,20
1960,APT-T2,2026-05-21 16:00:00+05:30,20,APT-T2,21,20
1961,APT-T2,2026-05-21 17:00:00+05:30,22,APT-T2,18,17
1962,APT-T2,2026-05-21 18:00:00+05:30,31,APT-T2,23,22
1963,APT-T2,2026-05-21 19:00:00+05:30,16,APT-T2,30,22
1964,APT-T2,2026-05-21 20:00:00+05:30,17,APT-T2,38,37
1965,APT-T2,2026-05-21 21:00:00+05:30,23,APT-T2,63,20
1966,APT-T2,2026-05-21 22:00:00+05:30,27,APT-T2,81,20
1967,APT-T2,2026-05-21 23:00:00+05:30,23,APT-T2,119,29
1968,APT-T2,2026-05-22 00:00:00+05:30,20,APT-T2,73,30
1969,APT-T2,2026-05-22 01:00:00+05:30,12,APT-T2,101,25
1970,APT-T2,2026-05-22 02:00:00+05:30,23,APT-T2,74,24
1971,APT-T2,2026-05-22 03:00:00+05:30,25,APT-T2,52,26
1972,APT-T2,2026-05-22 04:00:00+05:30,20,APT-T2,53,36
1973,APT-T2,2026-05-22 05:00:00+05:30,25,APT-T2,43,42
1974,APT-T2,2026-05-22 06:00:00+05:30,14,APT-T2,66,59
1975,APT-T2,2026-05-22 07:00:00+05:30,20,APT-T2,56,55
1976,APT-T2,2026-05-22 08:00:00+05:30,13,APT-T2,61,60
1977,APT-T2,2026-05-22 09:00:00+05:30,25,APT-T2,41,40
1978,APT-T2,2026-05-22 10:00:00+05:30,19,APT-T2,32,31
1979,APT-T2,2026-05-22 11:00:00+05:30,29,APT-T2,31,30
1980,APT-T2,2026-05-22 12:00:00+05:30,21,APT-T2,24,23
1981,APT-T2,2026-05-22 13:00:00+05:30,21,APT-T2,24,23
1982,APT-T2,2026-05-22 14:00:00+05:30,25,APT-T2,31,30
1983,APT-T2,2026-05-22 15:00:00+05:30,25,APT-T2,19,18
1984,APT-T2,2026-05-22 16:00:00+05:30,17,APT-T2,20,19
1985,APT-T2,2026-05-22 17:00:00+05:30,9,APT-T2,20,19
1986,APT-T2,2026-05-22 18:00:00+05:30,15,APT-T2,21,20
1987,APT-T2,2026-05-22 19:00:00+05:30,33,APT-T2,32,31
1988,APT-T2,2026-05-22 20:00:00+05:30,24,APT-T2,31,30
1989,APT-T2,2026-05-22 21:00:00+05:30,23,APT-T2,75,21
1990,APT-T2,2026-05-22 22:00:00+05:30,26,APT-T2,110,30
1991,APT-T2,2026-05-22 23:00:00+05:30,14,APT-T2,105,26
1992,APT-T2,2026-05-23 00:00:00+05:30,23,APT-T2,80,35
1993,APT-T2,2026-05-23 01:00:00+05:30,21,APT-T2,102,26
1994,APT-T2,2026-05-23 02:00:00+05:30,24,APT-T2,83,30
1995,APT-T2,2026-05-23 03:00:00+05:30,24,APT-T2,67,34
1996,APT-T2,2026-05-23 04:00:00+05:30,14,APT-T2,40,26
1997,APT-T2,2026-05-23 05:00:00+05:30,14,APT-T2,59,46
1998,APT-T2,2026-05-23 06:00:00+05:30,24,APT-T2,60,33
1999,APT-T2,2026-05-23 07:00:00+05:30,19,APT-T2,65,43
2000,APT-T2,2026-05-23 08:00:00+05:30,24,APT-T2,54,53
2001,APT-T2,2026-05-23 09:00:00+05:30,15,APT-T2,49,48
2002,APT-T2,2026-05-23 10:00:00+05:30,17,APT-T2,25,24
2003,APT-T2,2026-05-23 11:00:00+05:30,21,APT-T2,32,31
2004,APT-T2,2026-05-23 12:00:00+05:30,23,APT-T2,25,24
2005,APT-T2,2026-05-23 13:00:00+05:30,14,APT-T2,21,20
2006,APT-T2,2026-05-23 14:00:00+05:30,17,APT-T2,24,23
2007,APT-T2,2026-05-23 15:00:00+05:30,25,APT-T2,20,19
2008,APT-T2,2026-05-23 16:00:00+05:30,20,APT-T2,20,19
2009,APT-T2,2026-05-23 17:00:00+05:30,22,APT-T2,21,20
2010,APT-T2,2026-05-23 18:00:00+05:30,28,APT-T2,14,13
2011,APT-T2,2026-05-23 19:00:00+05:30,16,APT-T2,34,33
2012,APT-T2,2026-05-23 20:00:00+05:30,20,APT-T2,45,22
2013,APT-T2,2026-05-23 21:00:00+05:30,16,APT-T2,70,37
2014,APT-T2,2026-05-23 22:00:00+05:30,16,APT-T2,100,25
2015,APT-T2,2026-05-23 23:00:00+05:30,17,APT-T2,113,41
2016,APT-T2,2026-05-24 00:00:00+05:30,22,APT-T2,56,14
2017,APT-T2,2026-05-24 01:00:00+05:30,20,APT-T2,68,17
2018,APT-T2,2026-05-24 02:00:00+05:30,22,APT-T2,68,17
2019,APT-T2,2026-05-24 03:00:00+05:30,14,APT-T2,44,21
2020,APT-T2,2026-05-24 04:00:00+05:30,14,APT-T2,45,33
2021,APT-T2,2026-05-24 05:00:00+05:30,22,APT-T2,32,26
2022,APT-T2,2026-05-24 06:00:00+05:30,23,APT-T2,55,51
2023,APT-T2,2026-05-24 07:00:00+05:30,22,APT-T2,61,60
2024,APT-T2,2026-05-24 08:00:00+05:30,26,APT-T2,40,39
2025,APT-T2,2026-05-24 09:00:00+05:30,12,APT-T2,38,37
2026,APT-T2,2026-05-24 10:00:00+05:30,18,APT-T2,35,34
2027,APT-T2,2026-05-24 11:00:00+05:30,18,APT-T2,19,18
2028,APT-T2,2026-05-24 12:00:00+05:30,17,APT-T2,20,19
2029,APT-T2,2026-05-24 13:00:00+05:30,13,APT-T2,17,16
2030,APT-T2,2026-05-24 14:00:00+05:30,21,APT-T2,21,20
2031,APT-T2,2026-05-24 15:00:00+05:30,19,APT-T2,24,23
2032,APT-T2,2026-05-24 16:00:00+05:30,20,APT-T2,22,21
2033,APT-T2,2026-05-24 17:00:00+05:30,27,APT-T2,13,12
2034,APT-T2,2026-05-24 18:00:00+05:30,23,APT-T2,19,18
2035,APT-T2,2026-05-24 19:00:00+05:30,24,APT-T2,14,13
2036,APT-T2,2026-05-24 20:00:00+05:30,14,APT-T2,29,28
2037,APT-T2,2026-05-24 21:00:00+05:30,18,APT-T2,54,26
2038,APT-T2,2026-05-24 22:00:00+05:30,18,APT-T2,118,30
2039,APT-T2,2026-05-24 23:00:00+05:30,15,APT-T2,92,23
2040,APT-T2,2026-05-25 00:00:00+05:30,21,APT-T2,78,23
2041,APT-T2,2026-05-25 01:00:00+05:30,23,APT-T2,101,25
2042,APT-T2,2026-05-25 02:00:00+05:30,20,APT-T2,73,18
2043,APT-T2,2026-05-25 03:00:00+05:30,15,APT-T2,60,18
2044,APT-T2,2026-05-25 04:00:00+05:30,29,APT-T2,36,20
2045,APT-T2,2026-05-25 05:00:00+05:30,25,APT-T2,48,18
2046,APT-T2,2026-05-25 06:00:00+05:30,23,APT-T2,55,54
2047,APT-T2,2026-05-25 07:00:00+05:30,19,APT-T2,66,51
2048,APT-T2,2026-05-25 08:00:00+05:30,16,APT-T2,58,57
2049,APT-T2,2026-05-25 09:00:00+05:30,20,APT-T2,38,37
2050,APT-T2,2026-05-25 10:00:00+05:30,19,APT-T2,37,36
2051,APT-T2,2026-05-25 11:00:00+05:30,26,APT-T2,13,12
2052,APT-T2,2026-05-25 12:00:00+05:30,17,APT-T2,29,28
2053,APT-T2,2026-05-25 13:00:00+05:30,18,APT-T2,18,17
2054,APT-T2,2026-05-25 14:00:00+05:30,20,APT-T2,27,26
2055,APT-T2,2026-05-25 15:00:00+05:30,20,APT-T2,17,16
2056,APT-T2,2026-05-25 16:00:00+05:30,20,APT-T2,19,18
2057,APT-T2,2026-05-25 17:00:00+05:30,24,APT-T2,15,14
2058,APT-T2,2026-05-25 18:00:00+05:30,20,APT-T2,35,34
2059,APT-T2,2026-05-25 19:00:00+05:30,24,APT-T2,24,23
2060,APT-T2,2026-05-25 20:00:00+05:30,19,APT-T2,30,29
2061,APT-T2,2026-05-25 21:00:00+05:30,22,APT-T2,77,19
2062,APT-T2,2026-05-25 22:00:00+05:30,22,APT-T2,76,23
2063,APT-T2,2026-05-25 23:00:00+05:30,20,APT-T2,104,26
2064,APT-T2,2026-05-26 00:00:00+05:30,13,APT-T2,64,20
2065,APT-T2,2026-05-26 01:00:00+05:30,28,APT-T2,89,22
2066,APT-T2,2026-05-26 02:00:00+05:30,13,APT-T2,77,22
2067,APT-T2,2026-05-26 03:00:00+05:30,22,APT-T2,41,23
2068,APT-T2,2026-05-26 04:00:00+05:30,22,APT-T2,39,21
2069,APT-T2,2026-05-26 05:00:00+05:30,18,APT-T2,38,25
2070,APT-T2,2026-05-26 06:00:00+05:30,23,APT-T2,60,28
2071,APT-T2,2026-05-26 07:00:00+05:30,24,APT-T2,50,45
2072,APT-T2,2026-05-26 08:00:00+05:30,18,APT-T2,44,43
2073,APT-T2,2026-05-26 09:00:00+05:30,17,APT-T2,42,41
2074,APT-T2,2026-05-26 10:00:00+05:30,22,APT-T2,24,23
2075,APT-T2,2026-05-26 11:00:00+05:30,22,APT-T2,19,18
2076,APT-T2,2026-05-26 12:00:00+05:30,24,APT-T2,24,23
2077,APT-T2,2026-05-26 13:00:00+05:30,29,APT-T2,16,15
2078,APT-T2,2026-05-26 14:00:00+05:30,20,APT-T2,14,13
2079,APT-T2,2026-05-26 15:00:00+05:30,18,APT-T2,17,16
2080,APT-T2,2026-05-26 16:00:00+05:30,21,APT-T2,23,22
2081,APT-T2,2026-05-26 17:00:00+05:30,22,APT-T2,19,18
2082,APT-T2,2026-05-26 18:00:00+05:30,32,APT-T2,18,17
2083,APT-T2,2026-05-26 19:00:00+05:30,18,APT-T2,22,21
2084,APT-T2,2026-05-26 20:00:00+05:30,19,APT-T2,25,24
2085,APT-T2,2026-05-26 21:00:00+05:30,13,APT-T2,47,23
2086,APT-T2,2026-05-26 22:00:00+05:30,18,APT-T2,91,36
2087,APT-T2,2026-05-26 23:00:00+05:30,17,APT-T2,106,26
2088,APT-T2,2026-05-27 00:00:00+05:30,21,APT-T2,86,21
2089,APT-T2,2026-05-27 01:00:00+05:30,25,APT-T2,78,26
2090,APT-T2,2026-05-27 02:00:00+05:30,21,APT-T2,72,29
2091,APT-T2,2026-05-27 03:00:00+05:30,22,APT-T2,42,32
2092,APT-T2,2026-05-27 04:00:00+05:30,15,APT-T2,29,28
2093,APT-T2,2026-05-27 05:00:00+05:30,18,APT-T2,48,31
2094,APT-T2,2026-05-27 06:00:00+05:30,15,APT-T2,56,45
2095,APT-T2,2026-05-27 07:00:00+05:30,14,APT-T2,74,60
2096,APT-T2,2026-05-27 08:00:00+05:30,16,APT-T2,57,56
2097,APT-T2,2026-05-27 09:00:00+05:30,19,APT-T2,34,33
2098,APT-T2,2026-05-27 10:00:00+05:30,21,APT-T2,31,30
2099,APT-T2,2026-05-27 11:00:00+05:30,27,APT-T2,24,23
2100,APT-T2,2026-05-27 12:00:00+05:30,18,APT-T2,18,17
2101,APT-T2,2026-05-27 13:00:00+05:30,23,APT-T2,22,21
2102,APT-T2,2026-05-27 14:00:00+05:30,25,APT-T2,24,23
2103,APT-T2,2026-05-27 15:00:00+05:30,20,APT-T2,18,17
2104,APT-T2,2026-05-27 16:00:00+05:30,21,APT-T2,13,12
2105,APT-T2,2026-05-27 17:00:00+05:30,30,APT-T2,15,14
2106,APT-T2,2026-05-27 18:00:00+05:30,19,APT-T2,21,20
2107,APT-T2,2026-05-27 19:00:00+05:30,18,APT-T2,29,18
2108,APT-T2,2026-05-27 20:00:00+05:30,10,APT-T2,32,28
2109,APT-T2,2026-05-27 21:00:00+05:30,14,APT-T2,52,28
2110,APT-T2,2026-05-27 22:00:00+05:30,14,APT-T2,91,22
2111,APT-T2,2026-05-27 23:00:00+05:30,16,APT-T2,117,29
2112,APT-T2,2026-05-28 00:00:00+05:30,20,APT-T2,59,16
2113,APT-T2,2026-05-28 01:00:00+05:30,22,APT-T2,96,24
2114,APT-T2,2026-05-28 02:00:00+05:30,21,APT-T2,73,18
2115,APT-T2,2026-05-28 03:00:00+05:30,25,APT-T2,46,24
2116,APT-T2,2026-05-28 04:00:00+05:30,14,APT-T2,43,34
2117,APT-T2,2026-05-28 05:00:00+05:30,18,APT-T2,44,36
2118,APT-T2,2026-05-28 06:00:00+05:30,16,APT-T2,57,51
2119,APT-T2,2026-05-28 07:00:00+05:30,20,APT-T2,68,54
2120,APT-T2,2026-05-28 08:00:00+05:30,21,APT-T2,47,46
2121,APT-T2,2026-05-28 09:00:00+05:30,22,APT-T2,41,40
2122,APT-T2,2026-05-28 10:00:00+05:30,23,APT-T2,28,27
2123,APT-T2,2026-05-28 11:00:00+05:30,21,APT-T2,34,33
2124,APT-T2,2026-05-28 12:00:00+05:30,19,APT-T2,19,18
2125,APT-T2,2026-05-28 13:00:00+05:30,22,APT-T2,16,15
2126,APT-T2,2026-05-28 14:00:00+05:30,14,APT-T2,19,18
2127,APT-T2,2026-05-28 15:00:00+05:30,18,APT-T2,21,20
2128,APT-T2,2026-05-28 16:00:00+05:30,25,APT-T2,26,25
2129,APT-T2,2026-05-28 17:00:00+05:30,18,APT-T2,27,26
2130,APT-T2,2026-05-28 18:00:00+05:30,24,APT-T2,22,21
2131,APT-T2,2026-05-28 19:00:00+05:30,20,APT-T2,28,27
2132,APT-T2,2026-05-28 20:00:00+05:30,25,APT-T2,25,20
2133,APT-T2,2026-05-28 21:00:00+05:30,20,APT-T2,53,25
2134,APT-T2,2026-05-28 22:00:00+05:30,20,APT-T2,94,23
2135,APT-T2,2026-05-28 23:00:00+05:30,33,APT-T2,102,38
2136,APT-T2,2026-05-29 00:00:00+05:30,22,APT-T2,92,39
2137,APT-T2,2026-05-29 01:00:00+05:30,29,APT-T2,101,25
2138,APT-T2,2026-05-29 02:00:00+05:30,18,APT-T2,90,24
2139,APT-T2,2026-05-29 03:00:00+05:30,20,APT-T2,57,18
2140,APT-T2,2026-05-29 04:00:00+05:30,30,APT-T2,34,33
2141,APT-T2,2026-05-29 05:00:00+05:30,28,APT-T2,59,22
2142,APT-T2,2026-05-29 06:00:00+05:30,23,APT-T2,48,41
2143,APT-T2,2026-05-29 07:00:00+05:30,17,APT-T2,73,71
2144,APT-T2,2026-05-29 08:00:00+05:30,15,APT-T2,77,57
2145,APT-T2,2026-05-29 09:00:00+05:30,17,APT-T2,40,39
2146,APT-T2,2026-05-29 10:00:00+05:30,16,APT-T2,29,28
2147,APT-T2,2026-05-29 11:00:00+05:30,23,APT-T2,19,18
2148,APT-T2,2026-05-29 12:00:00+05:30,23,APT-T2,28,27
2149,APT-T2,2026-05-29 13:00:00+05:30,16,APT-T2,29,28
2150,APT-T2,2026-05-29 14:00:00+05:30,25,APT-T2,24,23
2151,APT-T2,2026-05-29 15:00:00+05:30,26,APT-T2,23,22
2152,APT-T2,2026-05-29 16:00:00+05:30,14,APT-T2,39,38
2153,APT-T2,2026-05-29 17:00:00+05:30,9,APT-T2,15,14
2154,APT-T2,2026-05-29 18:00:00+05:30,27,APT-T2,26,25
2155,APT-T2,2026-05-29 19:00:00+05:30,15,APT-T2,21,19
2156,APT-T2,2026-05-29 20:00:00+05:30,25,APT-T2,31,30
2157,APT-T2,2026-05-29 21:00:00+05:30,21,APT-T2,60,27
2158,APT-T2,2026-05-29 22:00:00+05:30,18,APT-T2,89,22
2159,APT-T2,2026-05-29 23:00:00+05:30,11,APT-T2,114,28
2160,APT-T2,2026-05-30 00:00:00+05:30,16,APT-T2,64,35
2161,APT-T2,2026-05-30 01:00:00+05:30,13,APT-T2,102,30
2162,APT-T2,2026-05-30 02:00:00+05:30,23,APT-T2,76,38
2163,APT-T2,2026-05-30 03:00:00+05:30,18,APT-T2,67,29
2164,APT-T2,2026-05-30 04:00:00+05:30,18,APT-T2,43,29
2165,APT-T2,2026-05-30 05:00:00+05:30,16,APT-T2,58,40
2166,APT-T2,2026-05-30 06:00:00+05:30,19,APT-T2,55,54
2167,APT-T2,2026-05-30 07:00:00+05:30,22,APT-T2,63,57
2168,APT-T2,2026-05-30 08:00:00+05:30,24,APT-T2,74,68
2169,APT-T2,2026-05-30 09:00:00+05:30,27,APT-T2,56,55
2170,APT-T2,2026-05-30 10:00:00+05:30,10,APT-T2,17,16
2171,APT-T2,2026-05-30 11:00:00+05:30,15,APT-T2,22,21
2172,APT-T2,2026-05-30 12:00:00+05:30,11,APT-T2,26,25
2173,APT-T2,2026-05-30 13:00:00+05:30,20,APT-T2,33,32
2174,APT-T2,2026-05-30 14:00:00+05:30,17,APT-T2,22,21
2175,APT-T2,2026-05-30 15:00:00+05:30,25,APT-T2,29,28
2176,APT-T2,2026-05-30 16:00:00+05:30,24,APT-T2,25,24
2177,APT-T2,2026-05-30 17:00:00+05:30,22,APT-T2,16,15
2178,APT-T2,2026-05-30 18:00:00+05:30,21,APT-T2,29,28
2179,APT-T2,2026-05-30 19:00:00+05:30,21,APT-T2,24,23
2180,APT-T2,2026-05-30 20:00:00+05:30,15,APT-T2,43,20
2181,APT-T2,2026-05-30 21:00:00+05:30,18,APT-T2,67,27
2182,APT-T2,2026-05-30 22:00:00+05:30,21,APT-T2,112,28
2183,APT-T2,2026-05-30 23:00:00+05:30,17,APT-T2,114,40
2184,APT-T2,2026-05-31 00:00:00+05:30,24,APT-T2,85,24
2185,APT-T2,2026-05-31 01:00:00+05:30,19,APT-T2,91,22
2186,APT-T2,2026-05-31 02:00:00+05:30,19,APT-T2,63,15
2187,APT-T2,2026-05-31 03:00:00+05:30,18,APT-T2,55,21
2188,APT-T2,2026-05-31 04:00:00+05:30,19,APT-T2,32,19
2189,APT-T2,2026-05-31 05:00:00+05:30,15,APT-T2,36,14
2190,APT-T2,2026-05-31 06:00:00+05:30,33,APT-T2,54,39
2191,APT-T2,2026-05-31 07:00:00+05:30,21,APT-T2,43,42
2192,APT-T2,2026-05-31 08:00:00+05:30,15,APT-T2,49,48
2193,APT-T2,2026-05-31 09:00:00+05:30,16,APT-T2,29,28
2194,APT-T2,2026-05-31 10:00:00+05:30,15,APT-T2,25,24
2195,APT-T2,2026-05-31 11:00:00+05:30,21,APT-T2,18,17
2196,APT-T2,2026-05-31 12:00:00+05:30,21,APT-T2,20,19
2197,APT-T2,2026-05-31 13:00:00+05:30,20,APT-T2,23,22
2198,APT-T2,2026-05-31 14:00:00+05:30,22,APT-T2,19,18
2199,APT-T2,2026-05-31 15:00:00+05:30,24,APT-T2,28,27
2200,APT-T2,2026-05-31 16:00:00+05:30,22,APT-T2,21,20
2201,APT-T2,2026-05-31 17:00:00+05:30,16,APT-T2,20,19
2202,APT-T2,2026-05-31 18:00:00+05:30,34,APT-T2,28,27
2203,APT-T2,2026-05-31 19:00:00+05:30,20,APT-T2,30,29
2204,APT-T2,2026-05-31 20:00:00+05:30,15,APT-T2,38,18
2205,APT-T2,2026-05-31 21:00:00+05:30,19,APT-T2,59,16
2206,APT-T2,2026-05-31 22:00:00+05:30,24,APT-T2,90,41
2207,APT-T2,2026-05-31 23:00:00+05:30,18,APT-T2,94,31
2208,APT-T2,2026-06-01 00:00:00+05:30,15,APT-T2,74,18
2209,APT-T2,2026-06-01 01:00:00+05:30,21,APT-T2,77,21
2210,APT-T2,2026-06-01 02:00:00+05:30,25,APT-T2,64,24
2211,APT-T2,2026-06-01 03:00:00+05:30,21,APT-T2,48,28
2212,APT-T2,2026-06-01 04:00:00+05:30,23,APT-T2,44,28
2213,APT-T2,2026-06-01 05:00:00+05:30,28,APT-T2,38,24
2214,APT-T2,2026-06-01 06:00:00+05:30,25,APT-T2,61,36
2215,APT-T2,2026-06-01 07:00:00+05:30,15,APT-T2,72,60
2216,APT-T2,2026-06-01 08:00:00+05:30,15,APT-T2,50,49
2217,APT-T2,2026-06-01 09:00:00+05:30,18,APT-T2,43,42
2218,APT-T2,2026-06-01 10:00:00+05:30,17,APT-T2,37,36
2219,APT-T2,2026-06-01 11:00:00+05:30,30,APT-T2,17,16
2220,APT-T2,2026-06-01 12:00:00+05:30,17,APT-T2,27,26
2221,APT-T2,2026-06-01 13:00:00+05:30,19,APT-T2,22,21
2222,APT-T2,2026-06-01 14:00:00+05:30,23,APT-T2,18,17
2223,APT-T2,2026-06-01 15:00:00+05:30,20,APT-T2,22,21
2224,APT-T2,2026-06-01 16:00:00+05:30,26,APT-T2,26,25
2225,APT-T2,2026-06-01 17:00:00+05:30,19,APT-T2,17,16
2226,APT-T2,2026-06-01 18:00:00+05:30,23,APT-T2,18,17
2227,APT-T2,2026-06-01 19:00:00+05:30,15,APT-T2,24,23
2228,APT-T2,2026-06-01 20:00:00+05:30,21,APT-T2,33,31
2229,APT-T2,2026-06-01 21:00:00+05:30,18,APT-T2,50,29
2230,APT-T2,2026-06-01 22:00:00+05:30,22,APT-T2,81,20
2231,APT-T2,2026-06-01 23:00:00+05:30,16,APT-T2,100,25
2232,APT-T2,2026-06-02 00:00:00+05:30,22,APT-T2,73,43
2233,APT-T2,2026-06-02 01:00:00+05:30,27,APT-T2,77,26
2234,APT-T2,2026-06-02 02:00:00+05:30,23,APT-T2,76,31
2235,APT-T2,2026-06-02 03:00:00+05:30,22,APT-T2,40,24
2236,APT-T2,2026-06-02 04:00:00+05:30,27,APT-T2,32,13
2237,APT-T2,2026-06-02 05:00:00+05:30,25,APT-T2,43,34
2238,APT-T2,2026-06-02 06:00:00+05:30,30,APT-T2,50,43
2239,APT-T2,2026-06-02 07:00:00+05:30,34,APT-T2,65,59
2240,APT-T2,2026-06-02 08:00:00+05:30,20,APT-T2,46,45
2241,APT-T2,2026-06-02 09:00:00+05:30,20,APT-T2,42,41
2242,APT-T2,2026-06-02 10:00:00+05:30,20,APT-T2,35,34
2243,APT-T2,2026-06-02 11:00:00+05:30,20,APT-T2,21,20
2244,APT-T2,2026-06-02 12:00:00+05:30,22,APT-T2,15,14
2245,APT-T2,2026-06-02 13:00:00+05:30,17,APT-T2,20,19
2246,APT-T2,2026-06-02 14:00:00+05:30,24,APT-T2,18,17
2247,APT-T2,2026-06-02 15:00:00+05:30,13,APT-T2,25,24
2248,APT-T2,2026-06-02 16:00:00+05:30,25,APT-T2,34,33
2249,APT-T2,2026-06-02 17:00:00+05:30,21,APT-T2,20,19
2250,APT-T2,2026-06-02 18:00:00+05:30,21,APT-T2,24,23
2251,APT-T2,2026-06-02 19:00:00+05:30,23,APT-T2,19,18
2252,APT-T2,2026-06-02 20:00:00+05:30,22,APT-T2,30,21
2253,APT-T2,2026-06-02 21:00:00+05:30,24,APT-T2,50,29
2254,APT-T2,2026-06-02 22:00:00+05:30,24,APT-T2,83,20
2255,APT-T2,2026-06-02 23:00:00+05:30,20,APT-T2,94,23
2256,APT-T2,2026-06-03 00:00:00+05:30,17,APT-T2,77,25
2257,APT-T2,2026-06-03 01:00:00+05:30,16,APT-T2,86,25
2258,APT-T2,2026-06-03 02:00:00+05:30,36,APT-T2,58,25
2259,APT-T2,2026-06-03 03:00:00+05:30,28,APT-T2,50,12
2260,APT-T2,2026-06-03 04:00:00+05:30,22,APT-T2,39,22
2261,APT-T2,2026-06-03 05:00:00+05:30,19,APT-T2,49,39
2262,APT-T2,2026-06-03 06:00:00+05:30,22,APT-T2,53,35
2263,APT-T2,2026-06-03 07:00:00+05:30,19,APT-T2,52,51
2264,APT-T2,2026-06-03 08:00:00+05:30,17,APT-T2,55,54
2265,APT-T2,2026-06-03 09:00:00+05:30,19,APT-T2,45,44
2266,APT-T2,2026-06-03 10:00:00+05:30,17,APT-T2,32,31
2267,APT-T2,2026-06-03 11:00:00+05:30,20,APT-T2,25,24
2268,APT-T2,2026-06-03 12:00:00+05:30,26,APT-T2,25,24
2269,APT-T2,2026-06-03 13:00:00+05:30,23,APT-T2,17,16
2270,APT-T2,2026-06-03 14:00:00+05:30,18,APT-T2,25,24
2271,APT-T2,2026-06-03 15:00:00+05:30,18,APT-T2,25,24
2272,APT-T2,2026-06-03 16:00:00+05:30,19,APT-T2,26,25
2273,APT-T2,2026-06-03 17:00:00+05:30,23,APT-T2,26,25
2274,APT-T2,2026-06-03 18:00:00+05:30,19,APT-T2,23,22
2275,APT-T2,2026-06-03 19:00:00+05:30,23,APT-T2,19,18
2276,APT-T2,2026-06-03 20:00:00+05:30,6,APT-T2,29,28
2277,APT-T2,2026-06-03 21:00:00+05:30,19,APT-T2,73,21
2278,APT-T2,2026-06-03 22:00:00+05:30,23,APT-T2,80,22
2279,APT-T2,2026-06-03 23:00:00+05:30,20,APT-T2,88,26
2280,APT-T2,2026-06-04 00:00:00+05:30,30,APT-T2,69,28
2281,APT-T2,2026-06-04 01:00:00+05:30,12,APT-T2,80,30
2282,APT-T2,2026-06-04 02:00:00+05:30,35,APT-T2,89,22
2283,APT-T2,2026-06-04 03:00:00+05:30,15,APT-T2,44,25
2284,APT-T2,2026-06-04 04:00:00+05:30,30,APT-T2,41,21
2285,APT-T2,2026-06-04 05:00:00+05:30,26,APT-T2,51,21
2286,APT-T2,2026-06-04 06:00:00+05:30,16,APT-T2,44,25
2287,APT-T2,2026-06-04 07:00:00+05:30,15,APT-T2,58,54
2288,APT-T2,2026-06-04 08:00:00+05:30,17,APT-T2,49,48
2289,APT-T2,2026-06-04 09:00:00+05:30,21,APT-T2,44,43
2290,APT-T2,2026-06-04 10:00:00+05:30,18,APT-T2,43,42
2291,APT-T2,2026-06-04 11:00:00+05:30,22,APT-T2,27,26
2292,APT-T2,2026-06-04 12:00:00+05:30,19,APT-T2,25,24
2293,APT-T2,2026-06-04 13:00:00+05:30,21,APT-T2,21,20
2294,APT-T2,2026-06-04 14:00:00+05:30,19,APT-T2,25,24
2295,APT-T2,2026-06-04 15:00:00+05:30,17,APT-T2,29,28
2296,APT-T2,2026-06-04 16:00:00+05:30,18,APT-T2,19,18
2297,APT-T2,2026-06-04 17:00:00+05:30,19,APT-T2,16,15
2298,APT-T2,2026-06-04 18:00:00+05:30,15,APT-T2,23,22
2299,APT-T2,2026-06-04 19:00:00+05:30,25,APT-T2,22,21
2300,APT-T2,2026-06-04 20:00:00+05:30,21,APT-T2,31,28
2301,APT-T2,2026-06-04 21:00:00+05:30,20,APT-T2,43,27
2302,APT-T2,2026-06-04 22:00:00+05:30,25,APT-T2,97,24
2303,APT-T2,2026-06-04 23:00:00+05:30,24,APT-T2,104,39
2304,APT-T2,2026-06-05 00:00:00+05:30,25,APT-T2,85,36
2305,APT-T2,2026-06-05 01:00:00+05:30,19,APT-T2,102,38
2306,APT-T2,2026-06-05 02:00:00+05:30,26,APT-T2,84,21
2307,APT-T2,2026-06-05 03:00:00+05:30,28,APT-T2,56,39
2308,APT-T2,2026-06-05 04:00:00+05:30,32,APT-T2,45,34
2309,APT-T2,2026-06-05 05:00:00+05:30,25,APT-T2,49,40
2310,APT-T2,2026-06-05 06:00:00+05:30,26,APT-T2,65,51
2311,APT-T2,2026-06-05 07:00:00+05:30,20,APT-T2,54,53
2312,APT-T2,2026-06-05 08:00:00+05:30,22,APT-T2,67,65
2313,APT-T2,2026-06-05 09:00:00+05:30,22,APT-T2,32,31
2314,APT-T2,2026-06-05 10:00:00+05:30,19,APT-T2,34,33
2315,APT-T2,2026-06-05 11:00:00+05:30,14,APT-T2,21,20
2316,APT-T2,2026-06-05 12:00:00+05:30,17,APT-T2,20,19
2317,APT-T2,2026-06-05 13:00:00+05:30,17,APT-T2,26,25
2318,APT-T2,2026-06-05 14:00:00+05:30,20,APT-T2,22,21
2319,APT-T2,2026-06-05 15:00:00+05:30,20,APT-T2,22,21
2320,APT-T2,2026-06-05 16:00:00+05:30,16,APT-T2,32,31
2321,APT-T2,2026-06-05 17:00:00+05:30,20,APT-T2,19,18
2322,APT-T2,2026-06-05 18:00:00+05:30,20,APT-T2,26,25
2323,APT-T2,2026-06-05 19:00:00+05:30,20,APT-T2,29,28
2324,APT-T2,2026-06-05 20:00:00+05:30,27,APT-T2,54,19
2325,APT-T2,2026-06-05 21:00:00+05:30,32,APT-T2,78,30
2326,APT-T2,2026-06-05 22:00:00+05:30,23,APT-T2,101,25
2327,APT-T2,2026-06-05 23:00:00+05:30,23,APT-T2,104,26
2328,APT-T2,2026-06-06 00:00:00+05:30,22,APT-T2,77,19
2329,APT-T2,2026-06-06 01:00:00+05:30,20,APT-T2,87,21
2330,APT-T2,2026-06-06 02:00:00+05:30,15,APT-T2,92,32
2331,APT-T2,2026-06-06 03:00:00+05:30,18,APT-T2,53,28
2332,APT-T2,2026-06-06 04:00:00+05:30,15,APT-T2,40,39
2333,APT-T2,2026-06-06 05:00:00+05:30,19,APT-T2,54,44
2334,APT-T2,2026-06-06 06:00:00+05:30,17,APT-T2,54,36
2335,APT-T2,2026-06-06 07:00:00+05:30,23,APT-T2,76,74
2336,APT-T2,2026-06-06 08:00:00+05:30,17,APT-T2,51,50
2337,APT-T2,2026-06-06 09:00:00+05:30,23,APT-T2,34,33
2338,APT-T2,2026-06-06 10:00:00+05:30,20,APT-T2,48,47
2339,APT-T2,2026-06-06 11:00:00+05:30,18,APT-T2,30,29
2340,APT-T2,2026-06-06 12:00:00+05:30,16,APT-T2,25,24
2341,APT-T2,2026-06-06 13:00:00+05:30,28,APT-T2,28,27
2342,APT-T2,2026-06-06 14:00:00+05:30,19,APT-T2,29,28
2343,APT-T2,2026-06-06 15:00:00+05:30,18,APT-T2,26,25
2344,APT-T2,2026-06-06 16:00:00+05:30,25,APT-T2,24,23
2345,APT-T2,2026-06-06 17:00:00+05:30,20,APT-T2,27,26
2346,APT-T2,2026-06-06 18:00:00+05:30,21,APT-T2,21,20
2347,APT-T2,2026-06-06 19:00:00+05:30,9,APT-T2,22,21
2348,APT-T2,2026-06-06 20:00:00+05:30,19,APT-T2,42,27
2349,APT-T2,2026-06-06 21:00:00+05:30,22,APT-T2,49,34
2350,APT-T2,2026-06-06 22:00:00+05:30,14,APT-T2,121,38
2351,APT-T2,2026-06-06 23:00:00+05:30,35,APT-T2,124,35
2352,APT-T2,2026-06-07 00:00:00+05:30,26,APT-T2,79,19
2353,APT-T2,2026-06-07 01:00:00+05:30,19,APT-T2,87,34
2354,APT-T2,2026-06-07 02:00:00+05:30,19,APT-T2,71,25
2355,APT-T2,2026-06-07 03:00:00+05:30,18,APT-T2,54,35
2356,APT-T2,2026-06-07 04:00:00+05:30,16,APT-T2,31,14
2357,APT-T2,2026-06-07 05:00:00+05:30,29,APT-T2,38,30
2358,APT-T2,2026-06-07 06:00:00+05:30,14,APT-T2,52,30
2359,APT-T2,2026-06-07 07:00:00+05:30,27,APT-T2,56,40
2360,APT-T2,2026-06-07 08:00:00+05:30,12,APT-T2,52,51
2361,APT-T2,2026-06-07 09:00:00+05:30,21,APT-T2,48,47
2362,APT-T2,2026-06-07 10:00:00+05:30,24,APT-T2,31,30
2363,APT-T2,2026-06-07 11:00:00+05:30,18,APT-T2,25,24
2364,APT-T2,2026-06-07 12:00:00+05:30,21,APT-T2,19,18
2365,APT-T2,2026-06-07 13:00:00+05:30,20,APT-T2,29,28
2366,APT-T2,2026-06-07 14:00:00+05:30,13,APT-T2,20,19
2367,APT-T2,2026-06-07 15:00:00+05:30,21,APT-T2,20,19
2368,APT-T2,2026-06-07 16:00:00+05:30,24,APT-T2,27,26
2369,APT-T2,2026-06-07 17:00:00+05:30,21,APT-T2,28,27
2370,APT-T2,2026-06-07 18:00:00+05:30,15,APT-T2,13,12
2371,APT-T2,2026-06-07 19:00:00+05:30,20,APT-T2,21,20
2372,APT-T2,2026-06-07 20:00:00+05:30,24,APT-T2,36,34
2373,APT-T2,2026-06-07 21:00:00+05:30,14,APT-T2,53,18
2374,APT-T2,2026-06-07 22:00:00+05:30,22,APT-T2,103,25
2375,APT-T2,2026-06-07 23:00:00+05:30,23,APT-T2,87,21
2376,APT-T2,2026-06-08 00:00:00+05:30,25,APT-T2,62,18
2377,APT-T2,2026-06-08 01:00:00+05:30,14,APT-T2,92,23
2378,APT-T2,2026-06-08 02:00:00+05:30,20,APT-T2,66,27
2379,APT-T2,2026-06-08 03:00:00+05:30,16,APT-T2,52,15
2380,APT-T2,2026-06-08 04:00:00+05:30,23,APT-T2,39,22
2381,APT-T2,2026-06-08 05:00:00+05:30,16,APT-T2,44,32
2382,APT-T2,2026-06-08 06:00:00+05:30,21,APT-T2,64,49
2383,APT-T2,2026-06-08 07:00:00+05:30,21,APT-T2,62,61
2384,APT-T2,2026-06-08 08:00:00+05:30,19,APT-T2,52,51
2385,APT-T2,2026-06-08 09:00:00+05:30,23,APT-T2,29,28
2386,APT-T2,2026-06-08 10:00:00+05:30,30,APT-T2,20,19
2387,APT-T2,2026-06-08 11:00:00+05:30,22,APT-T2,26,25
2388,APT-T2,2026-06-08 12:00:00+05:30,21,APT-T2,21,20
2389,APT-T2,2026-06-08 13:00:00+05:30,20,APT-T2,22,21
2390,APT-T2,2026-06-08 14:00:00+05:30,16,APT-T2,24,23
2391,APT-T2,2026-06-08 15:00:00+05:30,17,APT-T2,27,26
2392,APT-T2,2026-06-08 16:00:00+05:30,25,APT-T2,25,24
2393,APT-T2,2026-06-08 17:00:00+05:30,17,APT-T2,21,20
2394,APT-T2,2026-06-08 18:00:00+05:30,27,APT-T2,18,17
2395,APT-T2,2026-06-08 19:00:00+05:30,15,APT-T2,31,29
2396,APT-T2,2026-06-08 20:00:00+05:30,16,APT-T2,27,18
2397,APT-T2,2026-06-08 21:00:00+05:30,18,APT-T2,61,17
2398,APT-T2,2026-06-08 22:00:00+05:30,22,APT-T2,78,21
2399,APT-T2,2026-06-08 23:00:00+05:30,23,APT-T2,113,28
2400,APT-T2,2026-06-09 00:00:00+05:30,25,APT-T2,76,20
2401,APT-T2,2026-06-09 01:00:00+05:30,15,APT-T2,91,29
2402,APT-T2,2026-06-09 02:00:00+05:30,17,APT-T2,75,18
2403,APT-T2,2026-06-09 03:00:00+05:30,18,APT-T2,51,33
2404,APT-T2,2026-06-09 04:00:00+05:30,27,APT-T2,25,12
2405,APT-T2,2026-06-09 05:00:00+05:30,13,APT-T2,35,19
2406,APT-T2,2026-06-09 06:00:00+05:30,16,APT-T2,67,29
2407,APT-T2,2026-06-09 07:00:00+05:30,18,APT-T2,54,53
2408,APT-T2,2026-06-09 08:00:00+05:30,17,APT-T2,51,50
2409,APT-T2,2026-06-09 09:00:00+05:30,19,APT-T2,34,33
2410,APT-T2,2026-06-09 10:00:00+05:30,20,APT-T2,22,21
2411,APT-T2,2026-06-09 11:00:00+05:30,16,APT-T2,27,26
2412,APT-T2,2026-06-09 12:00:00+05:30,16,APT-T2,30,29
2413,APT-T2,2026-06-09 13:00:00+05:30,14,APT-T2,20,19
2414,APT-T2,2026-06-09 14:00:00+05:30,16,APT-T2,23,22
2415,APT-T2,2026-06-09 15:00:00+05:30,17,APT-T2,15,14
2416,APT-T2,2026-06-09 16:00:00+05:30,21,APT-T2,20,19
2417,APT-T2,2026-06-09 17:00:00+05:30,24,APT-T2,28,27
2418,APT-T2,2026-06-09 18:00:00+05:30,22,APT-T2,27,26
2419,APT-T2,2026-06-09 19:00:00+05:30,28,APT-T2,20,19
2420,APT-T2,2026-06-09 20:00:00+05:30,13,APT-T2,32,20
2421,APT-T2,2026-06-09 21:00:00+05:30,22,APT-T2,58,16
2422,APT-T2,2026-06-09 22:00:00+05:30,26,APT-T2,94,24
2423,APT-T2,2026-06-09 23:00:00+05:30,18,APT-T2,104,26
2424,APT-T2,2026-06-10 00:00:00+05:30,20,APT-T2,75,28
2425,APT-T2,2026-06-10 01:00:00+05:30,18,APT-T2,95,28
2426,APT-T2,2026-06-10 02:00:00+05:30,17,APT-T2,80,20
2427,APT-T2,2026-06-10 03:00:00+05:30,15,APT-T2,41,16
2428,APT-T2,2026-06-10 04:00:00+05:30,16,APT-T2,35,20
2429,APT-T2,2026-06-10 05:00:00+05:30,31,APT-T2,44,39
2430,APT-T2,2026-06-10 06:00:00+05:30,24,APT-T2,52,38
2431,APT-T2,2026-06-10 07:00:00+05:30,23,APT-T2,66,53
2432,APT-T2,2026-06-10 08:00:00+05:30,19,APT-T2,59,58
2433,APT-T2,2026-06-10 09:00:00+05:30,24,APT-T2,39,38
2434,APT-T2,2026-06-10 10:00:00+05:30,16,APT-T2,33,32
2435,APT-T2,2026-06-10 11:00:00+05:30,16,APT-T2,24,23
2436,APT-T2,2026-06-10 12:00:00+05:30,13,APT-T2,24,23
2437,APT-T2,2026-06-10 13:00:00+05:30,26,APT-T2,21,20
2438,APT-T2,2026-06-10 14:00:00+05:30,21,APT-T2,23,22
2439,APT-T2,2026-06-10 15:00:00+05:30,22,APT-T2,12,11
2440,APT-T2,2026-06-10 16:00:00+05:30,23,APT-T2,24,23
2441,APT-T2,2026-06-10 17:00:00+05:30,21,APT-T2,10,9
2442,APT-T2,2026-06-10 18:00:00+05:30,20,APT-T2,23,22
2443,APT-T2,2026-06-10 19:00:00+05:30,20,APT-T2,22,21
2444,APT-T2,2026-06-10 20:00:00+05:30,18,APT-T2,23,8
2445,APT-T2,2026-06-10 21:00:00+05:30,23,APT-T2,57,24
2446,APT-T2,2026-06-10 22:00:00+05:30,22,APT-T2,79,34
2447,APT-T2,2026-06-10 23:00:00+05:30,18,APT-T2,112,28
2448,APT-T2,2026-06-11 00:00:00+05:30,19,APT-T2,81,28
2449,APT-T2,2026-06-11 01:00:00+05:30,19,APT-T2,84,29
2450,APT-T2,2026-06-11 02:00:00+05:30,21,APT-T2,68,28
2451,APT-T2,2026-06-11 03:00:00+05:30,19,APT-T2,48,15
2452,APT-T2,2026-06-11 04:00:00+05:30,21,APT-T2,38,26
2453,APT-T2,2026-06-11 05:00:00+05:30,35,APT-T2,34,27
2454,APT-T2,2026-06-11 06:00:00+05:30,17,APT-T2,52,32
2455,APT-T2,2026-06-11 07:00:00+05:30,27,APT-T2,41,38
2456,APT-T2,2026-06-11 08:00:00+05:30,13,APT-T2,55,54
2457,APT-T2,2026-06-11 09:00:00+05:30,20,APT-T2,34,33
2458,APT-T2,2026-06-11 10:00:00+05:30,23,APT-T2,30,29
2459,APT-T2,2026-06-11 11:00:00+05:30,24,APT-T2,20,19
2460,APT-T2,2026-06-11 12:00:00+05:30,19,APT-T2,22,21
2461,APT-T2,2026-06-11 13:00:00+05:30,21,APT-T2,15,14
2462,APT-T2,2026-06-11 14:00:00+05:30,13,APT-T2,18,17
2463,APT-T2,2026-06-11 15:00:00+05:30,19,APT-T2,14,13
2464,APT-T2,2026-06-11 16:00:00+05:30,29,APT-T2,17,16
2465,APT-T2,2026-06-11 17:00:00+05:30,22,APT-T2,20,19
2466,APT-T2,2026-06-11 18:00:00+05:30,17,APT-T2,12,11
2467,APT-T2,2026-06-11 19:00:00+05:30,28,APT-T2,26,25
2468,APT-T2,2026-06-11 20:00:00+05:30,19,APT-T2,49,35
2469,APT-T2,2026-06-11 21:00:00+05:30,16,APT-T2,71,25
2470,APT-T2,2026-06-11 22:00:00+05:30,22,APT-T2,96,26
2471,APT-T2,2026-06-11 23:00:00+05:30,17,APT-T2,85,25
2472,APT-T2,2026-06-12 00:00:00+05:30,23,APT-T2,89,22
2473,APT-T2,2026-06-12 01:00:00+05:30,18,APT-T2,104,36
2474,APT-T2,2026-06-12 02:00:00+05:30,21,APT-T2,82,26
2475,APT-T2,2026-06-12 03:00:00+05:30,26,APT-T2,51,31
2476,APT-T2,2026-06-12 04:00:00+05:30,12,APT-T2,57,26
2477,APT-T2,2026-06-12 05:00:00+05:30,29,APT-T2,40,39
2478,APT-T2,2026-06-12 06:00:00+05:30,31,APT-T2,62,34
2479,APT-T2,2026-06-12 07:00:00+05:30,22,APT-T2,60,56
2480,APT-T2,2026-06-12 08:00:00+05:30,24,APT-T2,67,50
2481,APT-T2,2026-06-12 09:00:00+05:30,25,APT-T2,56,55
2482,APT-T2,2026-06-12 10:00:00+05:30,26,APT-T2,36,35
2483,APT-T2,2026-06-12 11:00:00+05:30,14,APT-T2,33,32
2484,APT-T2,2026-06-12 12:00:00+05:30,22,APT-T2,36,35
2485,APT-T2,2026-06-12 13:00:00+05:30,21,APT-T2,22,21
2486,APT-T2,2026-06-12 14:00:00+05:30,15,APT-T2,29,28
2487,APT-T2,2026-06-12 15:00:00+05:30,20,APT-T2,17,16
2488,APT-T2,2026-06-12 16:00:00+05:30,18,APT-T2,25,24
2489,APT-T2,2026-06-12 17:00:00+05:30,17,APT-T2,25,24
2490,APT-T2,2026-06-12 18:00:00+05:30,15,APT-T2,25,24
2491,APT-T2,2026-06-12 19:00:00+05:30,26,APT-T2,32,31
2492,APT-T2,2026-06-12 20:00:00+05:30,16,APT-T2,30,13
2493,APT-T2,2026-06-12 21:00:00+05:30,26,APT-T2,85,25
2494,APT-T2,2026-06-12 22:00:00+05:30,15,APT-T2,102,31
2495,APT-T2,2026-06-12 23:00:00+05:30,20,APT-T2,106,26
2496,APT-T2,2026-06-13 00:00:00+05:30,15,APT-T2,88,22
2497,APT-T2,2026-06-13 01:00:00+05:30,26,APT-T2,100,30
2498,APT-T2,2026-06-13 02:00:00+05:30,26,APT-T2,73,23
2499,APT-T2,2026-06-13 03:00:00+05:30,11,APT-T2,57,20
2500,APT-T2,2026-06-13 04:00:00+05:30,18,APT-T2,33,32
2501,APT-T2,2026-06-13 05:00:00+05:30,16,APT-T2,47,29
2502,APT-T2,2026-06-13 06:00:00+05:30,17,APT-T2,68,36
2503,APT-T2,2026-06-13 07:00:00+05:30,24,APT-T2,67,65
2504,APT-T2,2026-06-13 08:00:00+05:30,26,APT-T2,73,71
2505,APT-T2,2026-06-13 09:00:00+05:30,21,APT-T2,49,48
2506,APT-T2,2026-06-13 10:00:00+05:30,22,APT-T2,37,36
2507,APT-T2,2026-06-13 11:00:00+05:30,24,APT-T2,31,30
2508,APT-T2,2026-06-13 12:00:00+05:30,23,APT-T2,25,24
2509,APT-T2,2026-06-13 13:00:00+05:30,20,APT-T2,27,26
2510,APT-T2,2026-06-13 14:00:00+05:30,15,APT-T2,27,26
2511,APT-T2,2026-06-13 15:00:00+05:30,19,APT-T2,21,20
2512,APT-T2,2026-06-13 16:00:00+05:30,16,APT-T2,27,26
2513,APT-T2,2026-06-13 17:00:00+05:30,20,APT-T2,20,19
2514,APT-T2,2026-06-13 18:00:00+05:30,31,APT-T2,22,21
2515,APT-T2,2026-06-13 19:00:00+05:30,23,APT-T2,32,31
2516,APT-T2,2026-06-13 20:00:00+05:30,17,APT-T2,43,25
2517,APT-T2,2026-06-13 21:00:00+05:30,24,APT-T2,71,25
2518,APT-T2,2026-06-13 22:00:00+05:30,27,APT-T2,106,26
2519,APT-T2,2026-06-13 23:00:00+05:30,18,APT-T2,113,32
2520,APT-T2,2026-06-14 00:00:00+05:30,16,APT-T2,79,19
2521,APT-T2,2026-06-14 01:00:00+05:30,18,APT-T2,84,25
2522,APT-T2,2026-06-14 02:00:00+05:30,20,APT-T2,70,20
2523,APT-T2,2026-06-14 03:00:00+05:30,19,APT-T2,45,24
2524,APT-T2,2026-06-14 04:00:00+05:30,23,APT-T2,37,36
2525,APT-T2,2026-06-14 05:00:00+05:30,24,APT-T2,41,20
2526,APT-T2,2026-06-14 06:00:00+05:30,16,APT-T2,55,30
2527,APT-T2,2026-06-14 07:00:00+05:30,22,APT-T2,60,45
2528,APT-T2,2026-06-14 08:00:00+05:30,21,APT-T2,49,45
2529,APT-T2,2026-06-14 09:00:00+05:30,9,APT-T2,38,37
2530,APT-T2,2026-06-14 10:00:00+05:30,20,APT-T2,35,34
2531,APT-T2,2026-06-14 11:00:00+05:30,16,APT-T2,30,29
2532,APT-T2,2026-06-14 12:00:00+05:30,11,APT-T2,14,13
2533,APT-T2,2026-06-14 13:00:00+05:30,13,APT-T2,20,19
2534,APT-T2,2026-06-14 14:00:00+05:30,29,APT-T2,16,15
2535,APT-T2,2026-06-14 15:00:00+05:30,24,APT-T2,30,29
2536,APT-T2,2026-06-14 16:00:00+05:30,25,APT-T2,20,19
2537,APT-T2,2026-06-14 17:00:00+05:30,28,APT-T2,15,14
2538,APT-T2,2026-06-14 18:00:00+05:30,16,APT-T2,26,25
2539,APT-T2,2026-06-14 19:00:00+05:30,16,APT-T2,30,23
2540,APT-T2,2026-06-14 20:00:00+05:30,18,APT-T2,38,34
2541,APT-T2,2026-06-14 21:00:00+05:30,22,APT-T2,52,33
2542,APT-T2,2026-06-14 22:00:00+05:30,18,APT-T2,81,20
2543,APT-T2,2026-06-14 23:00:00+05:30,17,APT-T2,118,29
2544,APT-T2,2026-06-15 00:00:00+05:30,17,APT-T2,65,16
2545,APT-T2,2026-06-15 01:00:00+05:30,18,APT-T2,89,22
2546,APT-T2,2026-06-15 02:00:00+05:30,24,APT-T2,70,31
2547,APT-T2,2026-06-15 03:00:00+05:30,25,APT-T2,41,22
2548,APT-T2,2026-06-15 04:00:00+05:30,21,APT-T2,45,29
2549,APT-T2,2026-06-15 05:00:00+05:30,13,APT-T2,41,37
2550,APT-T2,2026-06-15 06:00:00+05:30,20,APT-T2,42,25
2551,APT-T2,2026-06-15 07:00:00+05:30,18,APT-T2,42,41
2552,APT-T2,2026-06-15 08:00:00+05:30,18,APT-T2,52,51
2553,APT-T2,2026-06-15 09:00:00+05:30,30,APT-T2,48,47
2554,APT-T2,2026-06-15 10:00:00+05:30,14,APT-T2,30,29
2555,APT-T2,2026-06-15 11:00:00+05:30,28,APT-T2,30,29
2556,APT-T2,2026-06-15 12:00:00+05:30,21,APT-T2,21,20
2557,APT-T2,2026-06-15 13:00:00+05:30,26,APT-T2,16,15
2558,APT-T2,2026-06-15 14:00:00+05:30,26,APT-T2,15,14
2559,APT-T2,2026-06-15 15:00:00+05:30,20,APT-T2,21,20
2560,APT-T2,2026-06-15 16:00:00+05:30,24,APT-T2,31,30
2561,APT-T2,2026-06-15 17:00:00+05:30,19,APT-T2,22,21
2562,APT-T2,2026-06-15 18:00:00+05:30,18,APT-T2,21,20
2563,APT-T2,2026-06-15 19:00:00+05:30,20,APT-T2,20,19
2564,APT-T2,2026-06-15 20:00:00+05:30,23,APT-T2,34,29
2565,APT-T2,2026-06-15 21:00:00+05:30,26,APT-T2,53,23
2566,APT-T2,2026-06-15 22:00:00+05:30,15,APT-T2,94,25
2567,APT-T2,2026-06-15 23:00:00+05:30,20,APT-T2,94,29
2568,APT-T2,2026-06-16 00:00:00+05:30,24,APT-T2,73,20
2569,APT-T2,2026-06-16 01:00:00+05:30,21,APT-T2,72,21
2570,APT-T2,2026-06-16 02:00:00+05:30,18,APT-T2,53,23
2571,APT-T2,2026-06-16 03:00:00+05:30,17,APT-T2,48,18
2572,APT-T2,2026-06-16 04:00:00+05:30,26,APT-T2,40,16
2573,APT-T2,2026-06-16 05:00:00+05:30,27,APT-T2,44,28
2574,APT-T2,2026-06-16 06:00:00+05:30,22,APT-T2,52,35
2575,APT-T2,2026-06-16 07:00:00+05:30,23,APT-T2,46,45
2576,APT-T2,2026-06-16 08:00:00+05:30,26,APT-T2,51,50
2577,APT-T2,2026-06-16 09:00:00+05:30,23,APT-T2,53,52
2578,APT-T2,2026-06-16 10:00:00+05:30,16,APT-T2,34,33
2579,APT-T2,2026-06-16 11:00:00+05:30,25,APT-T2,29,28
2580,APT-T2,2026-06-16 12:00:00+05:30,19,APT-T2,20,19
2581,APT-T2,2026-06-16 13:00:00+05:30,21,APT-T2,14,13
2582,APT-T2,2026-06-16 14:00:00+05:30,27,APT-T2,20,19
2583,APT-T2,2026-06-16 15:00:00+05:30,30,APT-T2,17,16
2584,APT-T2,2026-06-16 16:00:00+05:30,11,APT-T2,14,13
2585,APT-T2,2026-06-16 17:00:00+05:30,17,APT-T2,21,20
2586,APT-T2,2026-06-16 18:00:00+05:30,24,APT-T2,25,24
2587,APT-T2,2026-06-16 19:00:00+05:30,19,APT-T2,33,29
2588,APT-T2,2026-06-16 20:00:00+05:30,19,APT-T2,28,16
2589,APT-T2,2026-06-16 21:00:00+05:30,26,APT-T2,63,15
2590,APT-T2,2026-06-16 22:00:00+05:30,23,APT-T2,94,27
2591,APT-T2,2026-06-16 23:00:00+05:30,17,APT-T2,105,26
2592,APT-T2,2026-06-17 00:00:00+05:30,12,APT-T2,71,17
2593,APT-T2,2026-06-17 01:00:00+05:30,14,APT-T2,90,30
2594,APT-T2,2026-06-17 02:00:00+05:30,21,APT-T2,85,26
2595,APT-T2,2026-06-17 03:00:00+05:30,17,APT-T2,50,12
2596,APT-T2,2026-06-17 04:00:00+05:30,24,APT-T2,44,21
2597,APT-T2,2026-06-17 05:00:00+05:30,22,APT-T2,24,23
2598,APT-T2,2026-06-17 06:00:00+05:30,29,APT-T2,60,57
2599,APT-T2,2026-06-17 07:00:00+05:30,17,APT-T2,57,48
2600,APT-T2,2026-06-17 08:00:00+05:30,18,APT-T2,50,49
2601,APT-T2,2026-06-17 09:00:00+05:30,21,APT-T2,36,35
2602,APT-T2,2026-06-17 10:00:00+05:30,23,APT-T2,44,43
2603,APT-T2,2026-06-17 11:00:00+05:30,18,APT-T2,32,31
2604,APT-T2,2026-06-17 12:00:00+05:30,23,APT-T2,17,16
2605,APT-T2,2026-06-17 13:00:00+05:30,17,APT-T2,22,21
2606,APT-T2,2026-06-17 14:00:00+05:30,27,APT-T2,14,13
2607,APT-T2,2026-06-17 15:00:00+05:30,16,APT-T2,21,20
2608,APT-T2,2026-06-17 16:00:00+05:30,20,APT-T2,17,16
2609,APT-T2,2026-06-17 17:00:00+05:30,16,APT-T2,22,21
2610,APT-T2,2026-06-17 18:00:00+05:30,15,APT-T2,27,26
2611,APT-T2,2026-06-17 19:00:00+05:30,18,APT-T2,34,25
2612,APT-T2,2026-06-17 20:00:00+05:30,23,APT-T2,37,26
2613,APT-T2,2026-06-17 21:00:00+05:30,23,APT-T2,61,27
2614,APT-T2,2026-06-17 22:00:00+05:30,11,APT-T2,95,23
2615,APT-T2,2026-06-17 23:00:00+05:30,21,APT-T2,97,24
2616,APT-T2,2026-06-18 00:00:00+05:30,19,APT-T2,74,18
2617,APT-T2,2026-06-18 01:00:00+05:30,19,APT-T2,96,24
2618,APT-T2,2026-06-18 02:00:00+05:30,22,APT-T2,71,21
2619,APT-T2,2026-06-18 03:00:00+05:30,20,APT-T2,50,15
2620,APT-T2,2026-06-18 04:00:00+05:30,22,APT-T2,25,24
2621,APT-T2,2026-06-18 05:00:00+05:30,12,APT-T2,34,33
2622,APT-T2,2026-06-18 06:00:00+05:30,22,APT-T2,52,37
2623,APT-T2,2026-06-18 07:00:00+05:30,21,APT-T2,59,36
2624,APT-T2,2026-06-18 08:00:00+05:30,22,APT-T2,60,59
2625,APT-T2,2026-06-18 09:00:00+05:30,21,APT-T2,42,41
2626,APT-T2,2026-06-18 10:00:00+05:30,21,APT-T2,28,27
2627,APT-T2,2026-06-18 11:00:00+05:30,21,APT-T2,26,25
2628,APT-T2,2026-06-18 12:00:00+05:30,18,APT-T2,22,21
2629,APT-T2,2026-06-18 13:00:00+05:30,18,APT-T2,21,20
2630,APT-T2,2026-06-18 14:00:00+05:30,16,APT-T2,16,15
2631,APT-T2,2026-06-18 15:00:00+05:30,26,APT-T2,16,15
2632,APT-T2,2026-06-18 16:00:00+05:30,16,APT-T2,21,20
2633,APT-T2,2026-06-18 17:00:00+05:30,21,APT-T2,13,12
2634,APT-T2,2026-06-18 18:00:00+05:30,18,APT-T2,20,19
2635,APT-T2,2026-06-18 19:00:00+05:30,22,APT-T2,23,22
2636,APT-T2,2026-06-18 20:00:00+05:30,18,APT-T2,24,23
2637,APT-T2,2026-06-18 21:00:00+05:30,22,APT-T2,47,16
2638,APT-T2,2026-06-18 22:00:00+05:30,21,APT-T2,81,20
2639,APT-T2,2026-06-18 23:00:00+05:30,24,APT-T2,120,30
2640,APT-T2,2026-06-19 00:00:00+05:30,13,APT-T2,93,35
2641,APT-T2,2026-06-19 01:00:00+05:30,15,APT-T2,100,25
2642,APT-T2,2026-06-19 02:00:00+05:30,24,APT-T2,79,19
2643,APT-T2,2026-06-19 03:00:00+05:30,28,APT-T2,67,27
2644,APT-T2,2026-06-19 04:00:00+05:30,20,APT-T2,33,32
2645,APT-T2,2026-06-19 05:00:00+05:30,24,APT-T2,44,39
2646,APT-T2,2026-06-19 06:00:00+05:30,15,APT-T2,60,45
2647,APT-T2,2026-06-19 07:00:00+05:30,22,APT-T2,73,71
2648,APT-T2,2026-06-19 08:00:00+05:30,21,APT-T2,70,51
2649,APT-T2,2026-06-19 09:00:00+05:30,17,APT-T2,33,32
2650,APT-T2,2026-06-19 10:00:00+05:30,19,APT-T2,36,35
2651,APT-T2,2026-06-19 11:00:00+05:30,14,APT-T2,27,26
2652,APT-T2,2026-06-19 12:00:00+05:30,19,APT-T2,15,14
2653,APT-T2,2026-06-19 13:00:00+05:30,19,APT-T2,25,24
2654,APT-T2,2026-06-19 14:00:00+05:30,20,APT-T2,31,30
2655,APT-T2,2026-06-19 15:00:00+05:30,24,APT-T2,30,29
2656,APT-T2,2026-06-19 16:00:00+05:30,15,APT-T2,28,27
2657,APT-T2,2026-06-19 17:00:00+05:30,27,APT-T2,23,22
2658,APT-T2,2026-06-19 18:00:00+05:30,20,APT-T2,28,27
2659,APT-T2,2026-06-19 19:00:00+05:30,24,APT-T2,22,21
2660,APT-T2,2026-06-19 20:00:00+05:30,16,APT-T2,51,25
2661,APT-T2,2026-06-19 21:00:00+05:30,26,APT-T2,64,20
2662,APT-T2,2026-06-19 22:00:00+05:30,21,APT-T2,109,29
2663,APT-T2,2026-06-19 23:00:00+05:30,16,APT-T2,117,29
2664,APT-T2,2026-06-20 00:00:00+05:30,22,APT-T2,81,20
2665,APT-T2,2026-06-20 01:00:00+05:30,21,APT-T2,106,29
2666,APT-T2,2026-06-20 02:00:00+05:30,22,APT-T2,79,19
2667,APT-T2,2026-06-20 03:00:00+05:30,9,APT-T2,56,28
2668,APT-T2,2026-06-20 04:00:00+05:30,14,APT-T2,40,39
2669,APT-T2,2026-06-20 05:00:00+05:30,23,APT-T2,40,30
2670,APT-T2,2026-06-20 06:00:00+05:30,21,APT-T2,67,40
2671,APT-T2,2026-06-20 07:00:00+05:30,22,APT-T2,66,39
2672,APT-T2,2026-06-20 08:00:00+05:30,22,APT-T2,70,53
2673,APT-T2,2026-06-20 09:00:00+05:30,12,APT-T2,49,48
2674,APT-T2,2026-06-20 10:00:00+05:30,14,APT-T2,30,29
2675,APT-T2,2026-06-20 11:00:00+05:30,18,APT-T2,32,31
2676,APT-T2,2026-06-20 12:00:00+05:30,14,APT-T2,24,23
2677,APT-T2,2026-06-20 13:00:00+05:30,27,APT-T2,28,27
2678,APT-T2,2026-06-20 14:00:00+05:30,23,APT-T2,26,25
2679,APT-T2,2026-06-20 15:00:00+05:30,13,APT-T2,31,30
2680,APT-T2,2026-06-20 16:00:00+05:30,18,APT-T2,25,24
2681,APT-T2,2026-06-20 17:00:00+05:30,16,APT-T2,25,24
2682,APT-T2,2026-06-20 18:00:00+05:30,25,APT-T2,21,20
2683,APT-T2,2026-06-20 19:00:00+05:30,23,APT-T2,23,22
2684,APT-T2,2026-06-20 20:00:00+05:30,19,APT-T2,44,31
2685,APT-T2,2026-06-20 21:00:00+05:30,20,APT-T2,61,26
2686,APT-T2,2026-06-20 22:00:00+05:30,25,APT-T2,104,26
2687,APT-T2,2026-06-20 23:00:00+05:30,27,APT-T2,120,30
2688,APT-T2,2026-06-21 00:00:00+05:30,23,APT-T2,69,28
2689,APT-T2,2026-06-21 01:00:00+05:30,27,APT-T2,83,28
2690,APT-T2,2026-06-21 02:00:00+05:30,22,APT-T2,83,28
2691,APT-T2,2026-06-21 03:00:00+05:30,16,APT-T2,58,21
2692,APT-T2,2026-06-21 04:00:00+05:30,23,APT-T2,37,36
2693,APT-T2,2026-06-21 05:00:00+05:30,26,APT-T2,43,27
2694,APT-T2,2026-06-21 06:00:00+05:30,23,APT-T2,39,29
2695,APT-T2,2026-06-21 07:00:00+05:30,25,APT-T2,69,67
2696,APT-T2,2026-06-21 08:00:00+05:30,20,APT-T2,63,59
2697,APT-T2,2026-06-21 09:00:00+05:30,22,APT-T2,39,38
2698,APT-T2,2026-06-21 10:00:00+05:30,26,APT-T2,26,25
2699,APT-T2,2026-06-21 11:00:00+05:30,19,APT-T2,22,21
2700,APT-T2,2026-06-21 12:00:00+05:30,20,APT-T2,25,24
2701,APT-T2,2026-06-21 13:00:00+05:30,16,APT-T2,17,16
2702,APT-T2,2026-06-21 14:00:00+05:30,29,APT-T2,14,13
2703,APT-T2,2026-06-21 15:00:00+05:30,22,APT-T2,17,16
2704,APT-T2,2026-06-21 16:00:00+05:30,18,APT-T2,13,12
2705,APT-T2,2026-06-21 17:00:00+05:30,20,APT-T2,18,17
2706,APT-T2,2026-06-21 18:00:00+05:30,15,APT-T2,21,20
2707,APT-T2,2026-06-21 19:00:00+05:30,23,APT-T2,22,20
2708,APT-T2,2026-06-21 20:00:00+05:30,20,APT-T2,51,20
2709,APT-T2,2026-06-21 21:00:00+05:30,13,APT-T2,52,24
2710,APT-T2,2026-06-21 22:00:00+05:30,25,APT-T2,85,24
2711,APT-T2,2026-06-21 23:00:00+05:30,19,APT-T2,114,28
2712,APT-T2,2026-06-22 00:00:00+05:30,13,APT-T2,75,18
2713,APT-T2,2026-06-22 01:00:00+05:30,21,APT-T2,89,28
2714,APT-T2,2026-06-22 02:00:00+05:30,22,APT-T2,75,30
2715,APT-T2,2026-06-22 03:00:00+05:30,17,APT-T2,45,14
2716,APT-T2,2026-06-22 04:00:00+05:30,21,APT-T2,38,22
2717,APT-T2,2026-06-22 05:00:00+05:30,23,APT-T2,48,35
2718,APT-T2,2026-06-22 06:00:00+05:30,24,APT-T2,53,42
2719,APT-T2,2026-06-22 07:00:00+05:30,24,APT-T2,69,50
2720,APT-T2,2026-06-22 08:00:00+05:30,20,APT-T2,50,49
2721,APT-T2,2026-06-22 09:00:00+05:30,29,APT-T2,47,46
2722,APT-T2,2026-06-22 10:00:00+05:30,23,APT-T2,29,28
2723,APT-T2,2026-06-22 11:00:00+05:30,14,APT-T2,22,21
2724,APT-T2,2026-06-22 12:00:00+05:30,22,APT-T2,21,20
2725,APT-T2,2026-06-22 13:00:00+05:30,19,APT-T2,21,20
2726,APT-T2,2026-06-22 14:00:00+05:30,21,APT-T2,23,22
2727,APT-T2,2026-06-22 15:00:00+05:30,25,APT-T2,27,26
2728,APT-T2,2026-06-22 16:00:00+05:30,20,APT-T2,24,23
2729,APT-T2,2026-06-22 17:00:00+05:30,25,APT-T2,24,23
2730,APT-T2,2026-06-22 18:00:00+05:30,24,APT-T2,26,25
2731,APT-T2,2026-06-22 19:00:00+05:30,20,APT-T2,24,23
2732,APT-T2,2026-06-22 20:00:00+05:30,25,APT-T2,31,30
2733,APT-T2,2026-06-22 21:00:00+05:30,25,APT-T2,60,22
2734,APT-T2,2026-06-22 22:00:00+05:30,19,APT-T2,80,26
2735,APT-T2,2026-06-22 23:00:00+05:30,20,APT-T2,109,27
2736,APT-T2,2026-06-23 00:00:00+05:30,16,APT-T2,73,18
2737,APT-T2,2026-06-23 01:00:00+05:30,33,APT-T2,84,24
2738,APT-T2,2026-06-23 02:00:00+05:30,23,APT-T2,85,38
2739,APT-T2,2026-06-23 03:00:00+05:30,14,APT-T2,47,19
2740,APT-T2,2026-06-23 04:00:00+05:30,28,APT-T2,41,17
2741,APT-T2,2026-06-23 05:00:00+05:30,32,APT-T2,58,33
2742,APT-T2,2026-06-23 06:00:00+05:30,19,APT-T2,47,31
2743,APT-T2,2026-06-23 07:00:00+05:30,17,APT-T2,56,46
2744,APT-T2,2026-06-23 08:00:00+05:30,16,APT-T2,49,45
2745,APT-T2,2026-06-23 09:00:00+05:30,20,APT-T2,53,52
2746,APT-T2,2026-06-23 10:00:00+05:30,21,APT-T2,24,23
2747,APT-T2,2026-06-23 11:00:00+05:30,17,APT-T2,25,24
2748,APT-T2,2026-06-23 12:00:00+05:30,16,APT-T2,19,18
2749,APT-T2,2026-06-23 13:00:00+05:30,26,APT-T2,24,23
2750,APT-T2,2026-06-23 14:00:00+05:30,18,APT-T2,15,14
2751,APT-T2,2026-06-23 15:00:00+05:30,23,APT-T2,21,20
2752,APT-T2,2026-06-23 16:00:00+05:30,24,APT-T2,20,19
2753,APT-T2,2026-06-23 17:00:00+05:30,21,APT-T2,23,22
2754,APT-T2,2026-06-23 18:00:00+05:30,18,APT-T2,26,25
2755,APT-T2,2026-06-23 19:00:00+05:30,17,APT-T2,20,19
2756,APT-T2,2026-06-23 20:00:00+05:30,32,APT-T2,31,28
2757,APT-T2,2026-06-23 21:00:00+05:30,13,APT-T2,57,24
2758,APT-T2,2026-06-23 22:00:00+05:30,32,APT-T2,75,18
2759,APT-T2,2026-06-23 23:00:00+05:30,13,APT-T2,106,26
2760,APT-T2,2026-06-24 00:00:00+05:30,20,APT-T2,83,27
2761,APT-T2,2026-06-24 01:00:00+05:30,20,APT-T2,82,20
2762,APT-T2,2026-06-24 02:00:00+05:30,15,APT-T2,86,21
2763,APT-T2,2026-06-24 03:00:00+05:30,27,APT-T2,53,22
2764,APT-T2,2026-06-24 04:00:00+05:30,22,APT-T2,40,35
2765,APT-T2,2026-06-24 05:00:00+05:30,14,APT-T2,52,34
2766,APT-T2,2026-06-24 06:00:00+05:30,18,APT-T2,56,42
2767,APT-T2,2026-06-24 07:00:00+05:30,21,APT-T2,54,53
2768,APT-T2,2026-06-24 08:00:00+05:30,21,APT-T2,58,46
2769,APT-T2,2026-06-24 09:00:00+05:30,19,APT-T2,41,40
2770,APT-T2,2026-06-24 10:00:00+05:30,19,APT-T2,29,28
2771,APT-T2,2026-06-24 11:00:00+05:30,30,APT-T2,16,15
2772,APT-T2,2026-06-24 12:00:00+05:30,16,APT-T2,19,18
2773,APT-T2,2026-06-24 13:00:00+05:30,17,APT-T2,29,28
2774,APT-T2,2026-06-24 14:00:00+05:30,28,APT-T2,21,20
2775,APT-T2,2026-06-24 15:00:00+05:30,20,APT-T2,22,21
2776,APT-T2,2026-06-24 16:00:00+05:30,22,APT-T2,27,26
2777,APT-T2,2026-06-24 17:00:00+05:30,23,APT-T2,20,19
2778,APT-T2,2026-06-24 18:00:00+05:30,28,APT-T2,30,29
2779,APT-T2,2026-06-24 19:00:00+05:30,24,APT-T2,33,32
2780,APT-T2,2026-06-24 20:00:00+05:30,26,APT-T2,24,20
2781,APT-T2,2026-06-24 21:00:00+05:30,23,APT-T2,60,21
2782,APT-T2,2026-06-24 22:00:00+05:30,17,APT-T2,71,18
2783,APT-T2,2026-06-24 23:00:00+05:30,16,APT-T2,97,24
2784,APT-T2,2026-06-25 00:00:00+05:30,14,APT-T2,93,25
2785,APT-T2,2026-06-25 01:00:00+05:30,17,APT-T2,84,21
2786,APT-T2,2026-06-25 02:00:00+05:30,24,APT-T2,74,21
2787,APT-T2,2026-06-25 03:00:00+05:30,22,APT-T2,37,11
2788,APT-T2,2026-06-25 04:00:00+05:30,20,APT-T2,23,22
2789,APT-T2,2026-06-25 05:00:00+05:30,28,APT-T2,40,23
2790,APT-T2,2026-06-25 06:00:00+05:30,12,APT-T2,60,40
2791,APT-T2,2026-06-25 07:00:00+05:30,17,APT-T2,59,48
2792,APT-T2,2026-06-25 08:00:00+05:30,20,APT-T2,45,34
2793,APT-T2,2026-06-25 09:00:00+05:30,20,APT-T2,52,51
2794,APT-T2,2026-06-25 10:00:00+05:30,19,APT-T2,35,34
2795,APT-T2,2026-06-25 11:00:00+05:30,18,APT-T2,22,21
2796,APT-T2,2026-06-25 12:00:00+05:30,17,APT-T2,12,11
2797,APT-T2,2026-06-25 13:00:00+05:30,22,APT-T2,27,26
2798,APT-T2,2026-06-25 14:00:00+05:30,15,APT-T2,12,11
2799,APT-T2,2026-06-25 15:00:00+05:30,16,APT-T2,22,21
2800,APT-T2,2026-06-25 16:00:00+05:30,21,APT-T2,16,15
2801,APT-T2,2026-06-25 17:00:00+05:30,19,APT-T2,29,28
2802,APT-T2,2026-06-25 18:00:00+05:30,14,APT-T2,19,18
2803,APT-T2,2026-06-25 19:00:00+05:30,31,APT-T2,19,18
2804,APT-T2,2026-06-25 20:00:00+05:30,14,APT-T2,35,28
2805,APT-T2,2026-06-25 21:00:00+05:30,30,APT-T2,45,23
2806,APT-T2,2026-06-25 22:00:00+05:30,25,APT-T2,98,24
2807,APT-T2,2026-06-25 23:00:00+05:30,17,APT-T2,119,29
2808,APT-T2,2026-06-26 00:00:00+05:30,22,APT-T2,87,21
2809,APT-T2,2026-06-26 01:00:00+05:30,15,APT-T2,107,29
2810,APT-T2,2026-06-26 02:00:00+05:30,12,APT-T2,81,20
2811,APT-T2,2026-06-26 03:00:00+05:30,18,APT-T2,78,19
2812,APT-T2,2026-06-26 04:00:00+05:30,19,APT-T2,25,23
2813,APT-T2,2026-06-26 05:00:00+05:30,13,APT-T2,39,24
2814,APT-T2,2026-06-26 06:00:00+05:30,25,APT-T2,42,41
2815,APT-T2,2026-06-26 07:00:00+05:30,25,APT-T2,80,78
2816,APT-T2,2026-06-26 08:00:00+05:30,15,APT-T2,64,63
2817,APT-T2,2026-06-26 09:00:00+05:30,28,APT-T2,41,40
2818,APT-T2,2026-06-26 10:00:00+05:30,19,APT-T2,34,33
2819,APT-T2,2026-06-26 11:00:00+05:30,26,APT-T2,22,21
2820,APT-T2,2026-06-26 12:00:00+05:30,20,APT-T2,32,31
2821,APT-T2,2026-06-26 13:00:00+05:30,18,APT-T2,18,17
2822,APT-T2,2026-06-26 14:00:00+05:30,12,APT-T2,15,14
2823,APT-T2,2026-06-26 15:00:00+05:30,17,APT-T2,13,12
2824,APT-T2,2026-06-26 16:00:00+05:30,26,APT-T2,25,24
2825,APT-T2,2026-06-26 17:00:00+05:30,25,APT-T2,27,26
2826,APT-T2,2026-06-26 18:00:00+05:30,18,APT-T2,21,20
2827,APT-T2,2026-06-26 19:00:00+05:30,18,APT-T2,29,28
2828,APT-T2,2026-06-26 20:00:00+05:30,24,APT-T2,33,32
2829,APT-T2,2026-06-26 21:00:00+05:30,16,APT-T2,63,34
2830,APT-T2,2026-06-26 22:00:00+05:30,21,APT-T2,86,27
2831,APT-T2,2026-06-26 23:00:00+05:30,15,APT-T2,110,27
2832,APT-T2,2026-06-27 00:00:00+05:30,16,APT-T2,79,19
2833,APT-T2,2026-06-27 01:00:00+05:30,21,APT-T2,93,23
2834,APT-T2,2026-06-27 02:00:00+05:30,31,APT-T2,101,25
2835,APT-T2,2026-06-27 03:00:00+05:30,23,APT-T2,56,24
2836,APT-T2,2026-06-27 04:00:00+05:30,17,APT-T2,40,27
2837,APT-T2,2026-06-27 05:00:00+05:30,16,APT-T2,61,36
2838,APT-T2,2026-06-27 06:00:00+05:30,23,APT-T2,57,50
2839,APT-T2,2026-06-27 07:00:00+05:30,15,APT-T2,74,51
2840,APT-T2,2026-06-27 08:00:00+05:30,10,APT-T2,77,67
2841,APT-T2,2026-06-27 09:00:00+05:30,20,APT-T2,42,41
2842,APT-T2,2026-06-27 10:00:00+05:30,20,APT-T2,34,33
2843,APT-T2,2026-06-27 11:00:00+05:30,19,APT-T2,35,34
2844,APT-T2,2026-06-27 12:00:00+05:30,15,APT-T2,21,20
2845,APT-T2,2026-06-27 13:00:00+05:30,22,APT-T2,25,24
2846,APT-T2,2026-06-27 14:00:00+05:30,19,APT-T2,19,18
2847,APT-T2,2026-06-27 15:00:00+05:30,18,APT-T2,21,20
2848,APT-T2,2026-06-27 16:00:00+05:30,25,APT-T2,19,18
2849,APT-T2,2026-06-27 17:00:00+05:30,28,APT-T2,28,27
2850,APT-T2,2026-06-27 18:00:00+05:30,21,APT-T2,17,16
2851,APT-T2,2026-06-27 19:00:00+05:30,21,APT-T2,23,22
2852,APT-T2,2026-06-27 20:00:00+05:30,25,APT-T2,34,33
2853,APT-T2,2026-06-27 21:00:00+05:30,20,APT-T2,77,39
2854,APT-T2,2026-06-27 22:00:00+05:30,12,APT-T2,109,35
2855,APT-T2,2026-06-27 23:00:00+05:30,19,APT-T2,106,27
2856,APT-T2,2026-06-28 00:00:00+05:30,22,APT-T2,72,22
2857,APT-T2,2026-06-28 01:00:00+05:30,16,APT-T2,85,21
2858,APT-T2,2026-06-28 02:00:00+05:30,26,APT-T2,68,19
2859,APT-T2,2026-06-28 03:00:00+05:30,15,APT-T2,39,16
2860,APT-T2,2026-06-28 04:00:00+05:30,16,APT-T2,33,30
2861,APT-T2,2026-06-28 05:00:00+05:30,14,APT-T2,41,31
2862,APT-T2,2026-06-28 06:00:00+05:30,24,APT-T2,56,35
2863,APT-T2,2026-06-28 07:00:00+05:30,21,APT-T2,61,43
2864,APT-T2,2026-06-28 08:00:00+05:30,17,APT-T2,61,54
2865,APT-T2,2026-06-28 09:00:00+05:30,22,APT-T2,33,32
2866,APT-T2,2026-06-28 10:00:00+05:30,19,APT-T2,40,39
2867,APT-T2,2026-06-28 11:00:00+05:30,12,APT-T2,32,31
2868,APT-T2,2026-06-28 12:00:00+05:30,17,APT-T2,26,25
2869,APT-T2,2026-06-28 13:00:00+05:30,21,APT-T2,16,15
2870,APT-T2,2026-06-28 14:00:00+05:30,17,APT-T2,20,19
2871,APT-T2,2026-06-28 15:00:00+05:30,18,APT-T2,23,22
2872,APT-T2,2026-06-28 16:00:00+05:30,17,APT-T2,20,19
2873,APT-T2,2026-06-28 17:00:00+05:30,29,APT-T2,19,18
2874,APT-T2,2026-06-28 18:00:00+05:30,21,APT-T2,26,25
2875,APT-T2,2026-06-28 19:00:00+05:30,15,APT-T2,33,27
2876,APT-T2,2026-06-28 20:00:00+05:30,20,APT-T2,36,33
2877,APT-T2,2026-06-28 21:00:00+05:30,20,APT-T2,57,16
2878,APT-T2,2026-06-28 22:00:00+05:30,20,APT-T2,74,21
2879,APT-T2,2026-06-28 23:00:00+05:30,18,APT-T2,122,30
2880,APT-T2,2026-06-29 00:00:00+05:30,19,APT-T2,55,13
2881,APT-T2,2026-06-29 01:00:00+05:30,19,APT-T2,103,25
2882,APT-T2,2026-06-29 02:00:00+05:30,19,APT-T2,81,30
2883,APT-T2,2026-06-29 03:00:00+05:30,16,APT-T2,46,18
2884,APT-T2,2026-06-29 04:00:00+05:30,19,APT-T2,44,27
2885,APT-T2,2026-06-29 05:00:00+05:30,22,APT-T2,34,32
2886,APT-T2,2026-06-29 06:00:00+05:30,16,APT-T2,45,29
2887,APT-T2,2026-06-29 07:00:00+05:30,12,APT-T2,67,61
2888,APT-T2,2026-06-29 08:00:00+05:30,16,APT-T2,36,35
2889,APT-T2,2026-06-29 09:00:00+05:30,20,APT-T2,42,41
2890,APT-T2,2026-06-29 10:00:00+05:30,24,APT-T2,24,23
2891,APT-T2,2026-06-29 11:00:00+05:30,21,APT-T2,21,20
2892,APT-T2,2026-06-29 12:00:00+05:30,14,APT-T2,20,19
2893,APT-T2,2026-06-29 13:00:00+05:30,27,APT-T2,16,15
2894,APT-T2,2026-06-29 14:00:00+05:30,20,APT-T2,21,20
2895,APT-T2,2026-06-29 15:00:00+05:30,23,APT-T2,19,18
2896,APT-T2,2026-06-29 16:00:00+05:30,26,APT-T2,25,24
2897,APT-T2,2026-06-29 17:00:00+05:30,15,APT-T2,29,28
2898,APT-T2,2026-06-29 18:00:00+05:30,18,APT-T2,24,23
2899,APT-T2,2026-06-29 19:00:00+05:30,21,APT-T2,18,17
2900,APT-T2,2026-06-29 20:00:00+05:30,23,APT-T2,26,23
2901,APT-T2,2026-06-29 21:00:00+05:30,19,APT-T2,62,19
2902,APT-T2,2026-06-29 22:00:00+05:30,19,APT-T2,81,31
2903,APT-T2,2026-06-29 23:00:00+05:30,21,APT-T2,92,23
2904,APT-T2,2026-06-30 00:00:00+05:30,17,APT-T2,78,19
2905,APT-T2,2026-06-30 01:00:00+05:30,14,APT-T2,86,21
2906,APT-T2,2026-06-30 02:00:00+05:30,24,APT-T2,70,17
2907,APT-T2,2026-06-30 03:00:00+05:30,28,APT-T2,55,13
2908,APT-T2,2026-06-30 04:00:00+05:30,31,APT-T2,48,18
2909,APT-T2,2026-06-30 05:00:00+05:30,21,APT-T2,39,38
2910,APT-T2,2026-06-30 06:00:00+05:30,18,APT-T2,53,40
2911,APT-T2,2026-06-30 07:00:00+05:30,17,APT-T2,71,56
2912,APT-T2,2026-06-30 08:00:00+05:30,31,APT-T2,46,45
2913,APT-T2,2026-06-30 09:00:00+05:30,18,APT-T2,39,38
2914,APT-T2,2026-06-30 10:00:00+05:30,19,APT-T2,39,38
2915,APT-T2,2026-06-30 11:00:00+05:30,12,APT-T2,27,26
2916,APT-T2,2026-06-30 12:00:00+05:30,23,APT-T2,16,15
2917,APT-T2,2026-06-30 13:00:00+05:30,25,APT-T2,22,21
2918,APT-T2,2026-06-30 14:00:00+05:30,21,APT-T2,17,16
2919,APT-T2,2026-06-30 15:00:00+05:30,17,APT-T2,17,16
2920,APT-T2,2026-06-30 16:00:00+05:30,23,APT-T2,22,21
2921,APT-T2,2026-06-30 17:00:00+05:30,16,APT-T2,14,13
2922,APT-T2,2026-06-30 18:00:00+05:30,21,APT-T2,23,22
2923,APT-T2,2026-06-30 19:00:00+05:30,20,APT-T2,22,21
2924,APT-T2,2026-06-30 20:00:00+05:30,15,APT-T2,40,18
2925,APT-T2,2026-06-30 21:00:00+05:30,22,APT-T2,71,23
2926,APT-T2,2026-06-30 22:00:00+05:30,14,APT-T2,103,25
2927,APT-T2,2026-06-30 23:00:00+05:30,16,APT-T2,106,34
