captain_id,first_order_ts,orders_d7,orders_d30,online_hours_d30
CPT104359,2026-01-11 12:11:54.524199600,7.0,33.0,26.9
CPT105916,2026-01-08 04:16:11.743250188,15.0,48.0,29.1
CPT115782,2026-01-10 11:14:57.939110321,9.0,31.0,20.2
CPT124093,2026-01-09 16:35:45.322422039,8.0,13.0,11.4
CPT101207,2026-01-09 18:43:22.114690071,4.0,9.0,6.1
CPT103242,2026-01-06 11:57:58.804450784,6.0,21.0,14.7
CPT114694,,0.0,0.0,0.0
CPT105361,2026-01-09 22:48:15.651117387,10.0,26.0,22.9
CPT122754,2026-01-09 20:05:19.368696679,4.0,23.0,14.1
CPT114983,2026-01-09 05:34:18.435413157,6.0,22.0,19.8
CPT118244,2026-01-09 20:15:54.262654598,5.0,23.0,18.5
CPT121448,2026-01-08 04:43:46.880304280,5.0,23.0,13.1
CPT113494,2026-01-09 01:37:39.517895695,3.0,8.0,5.9
CPT113968,2026-01-10 12:51:19.276694685,10.0,16.0,11.8
CPT109776,2026-01-07 18:21:37.922407773,6.0,24.0,21.3
CPT115765,2026-01-11 05:21:16.602133426,4.0,9.0,5.3
CPT117393,2026-01-08 16:08:57.332338926,7.0,25.0,21.5
CPT100006,2026-01-10 04:28:24.963066652,10.0,34.0,23.2
CPT116831,2026-01-11 23:07:44.383403927,4.0,31.0,25.8
CPT105584,2026-01-11 08:22:03.633039648,11.0,19.0,14.7
CPT115347,2026-01-12 16:27:41.717643429,14.0,39.0,26.7
CPT115213,2026-01-06 23:51:50.531369915,11.0,38.0,31.8
CPT118467,2026-01-10 01:05:45.931621274,5.0,23.0,18.9
CPT113637,2026-01-09 17:05:06.309051363,8.0,22.0,14.4
CPT115180,2026-01-08 14:36:44.101226263,1.0,21.0,18.0
CPT108209,2026-01-13 22:59:18.786526745,14.0,27.0,18.3
CPT105674,2026-01-10 21:07:32.363082405,11.0,36.0,20.6
CPT101235,2026-01-13 06:26:07.153132442,2.0,6.0,5.4
CPT119337,2026-01-11 21:59:10.401081636,16.0,48.0,35.9
CPT100877,2026-01-11 15:26:07.190137761,11.0,23.0,13.1
CPT103290,2026-01-11 12:29:07.031468287,6.0,19.0,17.4
CPT114082,2026-01-11 01:54:30.442134559,16.0,46.0,29.1
CPT121312,2026-01-08 00:18:27.341212320,10.0,27.0,19.3
CPT109370,2026-01-12 03:38:53.471565043,4.0,17.0,15.1
CPT103465,2026-01-11 09:49:52.124551261,3.0,19.0,11.8
CPT120100,2026-01-13 05:37:27.726226139,9.0,26.0,18.1
CPT100923,2026-01-13 17:55:38.235507057,3.0,30.0,20.7
CPT105764,2026-01-10 07:00:37.960067890,9.0,29.0,25.6
CPT114111,2026-01-11 14:37:29.908128258,3.0,16.0,14.7
CPT102032,2026-01-12 17:17:11.907647667,20.0,97.0,76.7
CPT124055,2026-01-11 06:34:06.370001963,4.0,17.0,15.5
CPT109517,2026-01-08 10:51:12.095415778,4.0,17.0,12.1
CPT119612,2026-01-09 19:46:48.806137938,4.0,27.0,20.6
CPT123453,2026-01-12 13:25:02.791860001,12.0,57.0,44.8
CPT118656,2026-01-14 18:36:16.626857134,9.0,43.0,33.5
CPT121649,2026-01-10 21:01:43.932733801,4.0,4.0,3.3
CPT108988,2026-01-11 13:02:04.268713787,14.0,24.0,22.7
CPT119726,2026-01-12 01:27:59.940246436,1.0,6.0,5.0
CPT101012,2026-01-15 08:11:40.347524915,2.0,12.0,9.1
CPT109593,2026-01-12 11:43:27.780915133,8.0,35.0,25.6
CPT120618,2026-01-13 13:39:59.388168360,2.0,19.0,10.9
CPT108973,2026-01-10 11:06:03.954321582,18.0,58.0,41.9
CPT109721,2026-01-14 22:05:56.288322741,3.0,19.0,17.8
CPT118012,2026-01-10 21:01:44.343977585,4.0,19.0,14.9
CPT103940,2026-01-15 12:37:56.793807224,3.0,26.0,24.3
CPT115475,,0.0,0.0,0.0
CPT120752,2026-01-12 12:59:41.224027444,6.0,15.0,14.0
CPT115934,2026-01-11 00:54:28.166443323,4.0,24.0,18.7
CPT108484,2026-01-12 08:45:35.413788876,4.0,11.0,7.9
CPT118553,2026-01-12 15:16:00.366490212,26.0,59.0,49.3
CPT120720,2026-01-16 23:29:25.469557451,10.0,43.0,30.3
CPT109544,2026-01-13 06:22:50.768143845,3.0,20.0,11.8
CPT123128,2026-01-11 00:35:57.014794022,5.0,13.0,8.1
CPT122563,2026-01-12 19:26:48.432387635,3.0,38.0,30.1
CPT121955,2026-01-12 07:47:25.738306512,6.0,24.0,14.8
CPT100561,2026-01-15 07:04:41.751105832,8.0,19.0,14.2
CPT118484,2026-01-15 16:09:21.281424861,2.0,6.0,4.5
CPT100424,2026-01-12 08:34:13.342557305,12.0,58.0,34.8
CPT101039,2026-01-11 00:24:51.704775509,3.0,9.0,7.7
CPT102943,2026-01-14 14:21:51.570620414,6.0,17.0,14.6
CPT109670,2026-01-10 19:21:38.777991561,14.0,37.0,30.4
CPT106925,2026-01-12 23:32:09.171307143,25.0,64.0,39.0
CPT123840,2026-01-10 23:04:50.957627877,9.0,33.0,28.2
CPT123721,2026-01-12 05:46:17.196540788,2.0,16.0,12.7
CPT102096,2026-01-10 12:36:16.357594816,10.0,14.0,12.6
CPT102396,2026-01-17 03:18:51.337498287,7.0,25.0,17.4
CPT118714,2026-01-15 20:47:55.918678634,12.0,19.0,15.3
CPT101631,2026-01-13 10:25:17.436853408,5.0,24.0,18.7
CPT103451,2026-01-11 15:25:33.174643229,2.0,23.0,15.4
CPT121329,2026-01-14 20:55:08.326618066,4.0,25.0,22.6
CPT108409,2026-01-16 15:41:31.034467246,5.0,33.0,19.3
CPT124687,2026-01-12 05:29:39.209528437,6.0,16.0,14.7
CPT115495,2026-01-11 13:21:23.513744913,11.0,38.0,28.9
CPT115613,2026-01-13 14:11:32.320195737,1.0,18.0,15.9
CPT118057,2026-01-15 16:14:34.301681946,11.0,54.0,36.8
CPT118357,2026-01-13 08:04:17.146646309,6.0,33.0,28.1
CPT108460,2026-01-15 03:49:34.525555467,8.0,36.0,20.3
CPT109538,2026-01-10 14:56:19.050909989,11.0,15.0,12.2
CPT115293,2026-01-14 18:25:57.557168345,7.0,26.0,22.0
CPT115104,2026-01-13 18:42:15.256951292,6.0,15.0,9.8
CPT111851,2026-01-13 06:49:04.411125414,4.0,12.0,10.8
CPT104068,2026-01-15 00:08:40.017845157,9.0,34.0,20.7
CPT114345,2026-01-15 13:56:30.121343126,9.0,30.0,18.6
CPT113569,2026-01-15 16:17:00.649563980,5.0,29.0,16.8
CPT112287,2026-01-15 07:32:30.658367922,12.0,30.0,17.1
CPT108267,2026-01-13 19:14:35.339833174,2.0,23.0,20.9
CPT108671,2026-01-13 08:10:35.224912582,1.0,13.0,10.5
CPT102323,2026-01-15 10:23:33.637810586,2.0,22.0,17.4
CPT112126,2026-01-15 05:00:08.612450251,17.0,65.0,53.1
CPT108382,2026-01-13 07:44:19.073551692,2.0,13.0,9.2
CPT113424,2026-01-17 11:03:23.151439546,11.0,24.0,20.9
CPT105743,2026-01-12 08:18:56.696920775,4.0,11.0,9.0
CPT113195,2026-01-14 12:43:48.666527653,4.0,21.0,17.3
CPT118940,2026-01-16 05:46:58.861849671,7.0,25.0,14.5
CPT119260,2026-01-13 05:04:05.072511580,7.0,19.0,15.4
CPT117323,2026-01-14 02:02:17.655482513,7.0,24.0,21.6
CPT118653,2026-01-12 22:27:44.637870613,1.0,9.0,6.6
CPT107021,2026-01-14 14:09:39.549164673,8.0,29.0,18.8
CPT103388,2026-01-14 20:49:40.095397256,10.0,21.0,18.7
CPT117030,2026-01-12 16:16:55.240724260,13.0,59.0,50.7
CPT123704,2026-01-14 14:33:18.361317857,6.0,20.0,15.7
CPT109611,2026-01-15 14:20:58.732277515,7.0,32.0,18.7
CPT107325,2026-01-14 07:04:12.128570673,3.0,13.0,11.6
CPT107815,2026-01-11 12:01:56.716252540,15.0,72.0,66.0
CPT122783,2026-01-13 14:53:21.889290472,22.0,47.0,27.5
CPT100096,2026-01-16 22:18:59.745521230,11.0,26.0,22.6
CPT103538,2026-01-14 17:02:23.256539511,4.0,19.0,12.1
CPT113722,2026-01-16 02:11:02.670557790,2.0,17.0,15.4
CPT108393,2026-01-13 09:18:01.045892167,5.0,16.0,12.3
CPT108572,2026-01-16 01:30:46.997708113,18.0,39.0,28.0
CPT118198,2026-01-15 09:48:05.345734648,8.0,40.0,25.0
CPT113647,2026-01-13 05:43:32.777615745,9.0,26.0,22.8
CPT112029,2026-01-13 10:13:02.408267710,2.0,16.0,14.6
CPT117335,2026-01-15 11:53:23.720774082,11.0,21.0,12.4
CPT111030,2026-01-16 08:29:54.251813293,4.0,24.0,14.6
CPT109121,2026-01-12 15:25:36.097280817,13.0,47.0,27.8
CPT113704,2026-01-16 11:45:59.555284700,11.0,27.0,15.5
CPT116957,2026-01-17 02:43:21.809901074,14.0,49.0,28.3
CPT117280,2026-01-17 11:42:33.933424117,8.0,15.0,11.7
CPT121131,2026-01-14 13:05:25.003757526,6.0,27.0,22.1
CPT115357,2026-01-12 23:32:25.221767330,3.0,10.0,9.1
CPT102649,2026-01-18 07:28:59.800563628,19.0,45.0,37.3
CPT121367,2026-01-13 16:06:09.040565304,5.0,14.0,9.0
CPT115827,2026-01-15 10:09:26.943567634,6.0,34.0,22.3
CPT121456,2026-01-16 13:47:02.688914484,16.0,56.0,46.8
CPT108263,2026-01-17 00:06:36.113788966,9.0,28.0,15.7
CPT107885,2026-01-14 08:11:00.678369876,5.0,17.0,14.1
CPT100791,2026-01-15 14:05:24.080290676,6.0,19.0,14.9
CPT103878,2026-01-16 18:27:52.521875207,5.0,21.0,19.7
CPT114731,2026-01-14 10:07:35.511025764,6.0,27.0,22.4
CPT116721,2026-01-15 11:17:04.313939306,12.0,27.0,20.0
CPT102471,2026-01-16 13:33:27.511450524,2.0,19.0,15.6
CPT115243,2026-01-15 20:35:49.037880683,17.0,62.0,35.7
CPT112131,2026-01-18 02:01:27.903057037,2.0,11.0,7.1
CPT108100,2026-01-18 00:56:42.887758155,3.0,26.0,15.9
CPT116059,2026-01-17 04:37:12.333340178,23.0,148.0,96.4
CPT103876,2026-01-15 14:46:21.188406251,5.0,26.0,24.0
CPT111249,2026-01-15 22:43:13.330918261,9.0,30.0,27.8
CPT108059,2026-01-17 17:21:52.558543105,4.0,10.0,6.5
CPT101925,2026-01-15 17:54:36.571129665,10.0,25.0,20.6
CPT103138,2026-01-14 18:09:07.878614333,5.0,10.0,8.2
CPT124808,2026-01-16 17:56:59.692769319,4.0,13.0,7.3
CPT103129,2026-01-18 04:13:48.808963910,8.0,55.0,38.2
CPT102662,2026-01-15 21:33:56.425784154,10.0,61.0,56.9
CPT112278,2026-01-14 19:19:16.105774102,5.0,19.0,17.4
CPT108875,2026-01-16 11:07:59.973784654,13.0,29.0,20.8
CPT114117,2026-01-19 11:10:19.842452436,2.0,6.0,5.3
CPT100866,2026-01-14 19:35:33.433024505,1.0,10.0,7.2
CPT120775,2026-01-18 13:44:46.231522154,2.0,12.0,9.6
CPT120580,2026-01-16 04:22:47.960458456,5.0,9.0,7.4
CPT107974,2026-01-16 08:23:52.878104858,6.0,52.0,46.7
CPT122482,2026-01-11 19:54:52.865050361,15.0,26.0,21.1
CPT109796,2026-01-14 17:54:28.111192293,13.0,58.0,47.3
CPT113820,2026-01-16 03:08:45.939547794,4.0,12.0,8.8
CPT105750,2026-01-16 17:20:24.278909994,2.0,15.0,14.0
CPT100470,2026-01-18 14:18:29.293611569,2.0,15.0,10.6
CPT121440,2026-01-19 12:24:03.108432845,3.0,21.0,18.1
CPT101664,2026-01-19 00:19:22.323809157,3.0,19.0,16.9
CPT124812,2026-01-19 03:14:14.880401025,4.0,18.0,13.2
CPT117572,2026-01-20 18:45:20.458354605,8.0,30.0,17.5
CPT100859,2026-01-16 22:35:50.818354137,12.0,12.0,9.3
CPT120692,2026-01-16 18:17:46.293172070,7.0,23.0,14.3
CPT121595,2026-01-16 20:55:29.125905063,15.0,44.0,32.5
CPT120799,2026-01-16 00:48:56.470930253,3.0,17.0,12.8
CPT118109,2026-01-17 13:16:10.880199659,2.0,4.0,3.2
CPT117306,2026-01-19 05:52:00.337196592,10.0,50.0,38.5
CPT115754,2026-01-16 12:22:11.587093871,7.0,16.0,11.3
CPT122559,2026-01-17 01:50:41.259758295,4.0,23.0,18.0
CPT113089,2026-01-19 02:07:33.416950960,4.0,31.0,18.0
CPT105162,2026-01-16 09:06:24.378104237,18.0,42.0,31.9
CPT116162,2026-01-22 02:57:22.533255776,3.0,22.0,16.7
CPT102084,2026-01-15 07:59:17.103344272,7.0,25.0,18.9
CPT106386,2026-01-15 01:35:29.851768107,11.0,33.0,29.2
CPT104498,2026-01-17 03:28:15.129409077,11.0,55.0,37.4
CPT103215,2026-01-18 14:13:59.350192051,4.0,16.0,14.0
CPT115798,2026-01-15 12:58:00.982646377,19.0,71.0,62.9
CPT104991,2026-01-18 13:17:58.709353557,6.0,28.0,24.5
CPT102876,2026-01-23 15:54:31.581267497,10.0,25.0,13.8
CPT108603,2026-01-17 13:00:34.652932333,10.0,22.0,18.5
CPT115665,2026-01-15 00:18:04.209184866,5.0,8.0,7.0
CPT115540,2026-01-20 04:11:33.532016223,2.0,4.0,3.1
CPT114881,2026-01-18 06:08:22.648633194,11.0,23.0,13.2
CPT117719,2026-01-19 03:11:21.454748994,18.0,52.0,36.6
CPT119823,2026-01-20 01:50:32.127984800,8.0,15.0,10.9
CPT119135,2026-01-17 01:52:38.041015848,4.0,21.0,12.8
CPT104239,2026-01-20 17:37:28.852247670,14.0,41.0,29.9
CPT104038,2026-01-18 08:53:45.001530355,4.0,18.0,12.6
CPT109874,2026-01-18 15:56:17.883975194,8.0,13.0,12.0
CPT115962,2026-01-17 23:56:37.976944838,20.0,74.0,67.4
CPT102014,2026-01-17 07:13:27.846390157,8.0,31.0,23.4
CPT118968,2026-01-18 21:22:35.674790936,2.0,7.0,6.6
CPT106885,2026-01-19 05:45:56.656007372,6.0,11.0,9.2
CPT100935,2026-01-26 06:47:31.754546363,5.0,24.0,20.7
CPT100185,2026-01-17 05:16:03.319010553,6.0,16.0,12.9
CPT103137,2026-01-17 01:39:09.898272813,2.0,10.0,7.0
CPT104182,2026-01-19 19:28:15.601862159,4.0,17.0,11.1
CPT101695,2026-01-21 14:07:16.330981708,3.0,3.0,2.6
CPT122715,2026-01-16 17:16:29.874550122,5.0,14.0,12.5
CPT111042,2026-01-19 17:42:18.934337391,9.0,47.0,41.8
CPT107365,2026-01-21 06:10:31.392739555,13.0,33.0,30.8
CPT119665,2026-01-17 14:34:52.108373976,13.0,48.0,33.7
CPT105969,2026-01-18 03:37:26.834829332,4.0,17.0,13.5
CPT120476,2026-01-21 05:22:18.045001716,8.0,19.0,17.5
CPT119848,2026-01-20 10:43:38.992438133,16.0,77.0,70.2
CPT104470,2026-01-16 14:57:11.246271733,10.0,40.0,26.1
CPT113011,2026-01-22 11:02:30.947354925,6.0,26.0,22.2
CPT117566,2026-01-20 05:54:24.703059935,5.0,9.0,5.7
CPT124537,2026-01-20 21:12:24.382840714,6.0,18.0,10.7
CPT120365,2026-01-19 19:00:48.137109452,5.0,15.0,11.2
CPT121106,2026-01-17 16:10:06.702376915,18.0,77.0,57.5
CPT104731,2026-01-18 11:51:08.498448782,5.0,9.0,5.4
CPT107281,2026-01-17 18:23:57.674777270,2.0,15.0,10.0
CPT117152,2026-01-22 23:48:59.671623833,3.0,29.0,23.1
CPT114542,2026-01-18 23:12:55.013093156,6.0,10.0,9.0
CPT112332,2026-01-21 00:09:54.219306159,5.0,21.0,13.0
CPT116526,2026-01-21 01:44:04.020576394,3.0,18.0,13.1
CPT118876,2026-01-19 17:26:18.581993820,3.0,19.0,10.5
CPT106158,2026-01-21 17:14:56.572805070,5.0,27.0,21.6
CPT107331,2026-01-22 05:05:42.106264446,14.0,44.0,30.1
CPT115449,2026-01-20 03:00:28.596135177,5.0,26.0,20.1
CPT101148,2026-01-21 23:37:47.513624126,4.0,16.0,14.9
CPT112929,2026-01-18 18:31:15.160493777,11.0,24.0,13.8
CPT108176,2026-01-19 02:49:50.428717140,15.0,31.0,19.5
CPT120636,2026-01-22 05:57:49.591774968,10.0,49.0,46.3
CPT109383,2026-01-19 01:17:19.575980861,4.0,13.0,7.4
CPT113051,2026-01-21 12:33:13.042985320,9.0,29.0,16.1
CPT107256,2026-01-20 07:48:21.273533457,4.0,16.0,10.7
CPT108908,2026-01-24 15:11:15.293139434,7.0,27.0,17.9
CPT123425,2026-01-22 22:47:42.582552484,6.0,23.0,12.9
CPT116875,,0.0,0.0,0.0
CPT102880,2026-01-23 07:09:19.755994690,10.0,18.0,12.5
CPT116650,2026-01-22 07:48:24.124407428,1.0,18.0,15.7
CPT108166,2026-01-21 00:35:17.572165187,4.0,17.0,13.2
CPT119488,2026-01-19 16:45:13.000538710,11.0,43.0,33.9
CPT120332,2026-01-23 08:42:39.156821813,8.0,20.0,18.6
CPT105215,2026-01-21 21:15:42.876719989,4.0,25.0,20.9
CPT124317,2026-01-19 12:01:55.128495445,14.0,78.0,44.3
CPT115718,2026-01-22 01:46:11.065109729,3.0,18.0,11.4
CPT109255,2026-01-18 09:02:05.873780748,5.0,19.0,11.2
CPT112455,2026-01-23 05:48:28.008798670,3.0,14.0,13.0
CPT110226,2026-01-18 18:24:26.948721044,2.0,6.0,3.8
CPT105839,2026-01-20 19:26:21.247013725,6.0,17.0,12.4
CPT123448,2026-01-21 08:03:22.179430241,24.0,71.0,44.2
CPT100962,2026-01-26 22:38:01.684205775,8.0,26.0,24.4
CPT112936,2026-01-21 10:22:24.265743763,6.0,8.0,4.4
CPT116372,2026-01-21 13:35:32.500431412,5.0,17.0,11.5
CPT113474,2026-01-26 12:45:52.704674745,7.0,13.0,7.6
CPT116494,2026-01-24 01:00:57.769611793,4.0,22.0,13.6
CPT120401,2026-01-23 03:14:35.273983860,13.0,37.0,23.8
CPT108144,2026-01-20 02:23:33.984289362,5.0,32.0,21.8
CPT101606,2026-01-20 04:21:36.971976077,1.0,20.0,15.2
CPT119554,2026-01-19 20:45:14.815177407,5.0,14.0,12.8
CPT124298,2026-01-21 19:41:17.983707223,7.0,16.0,12.4
CPT101172,2026-01-21 14:34:10.389369010,7.0,25.0,17.4
CPT102301,2026-01-18 23:03:38.458396727,17.0,69.0,50.9
CPT103593,2026-01-19 23:24:40.654990433,1.0,23.0,14.8
CPT107298,2026-01-22 18:54:59.018753272,2.0,16.0,9.5
CPT116048,2026-01-20 03:44:46.950225593,11.0,16.0,12.7
CPT101541,2026-01-20 18:27:57.412022592,5.0,12.0,7.7
CPT104410,2026-01-23 11:55:10.862194960,13.0,33.0,19.4
CPT113659,2026-01-20 23:01:42.764683439,10.0,29.0,21.8
CPT111928,2026-01-22 10:08:45.790124774,5.0,11.0,8.9
CPT105224,2026-01-25 02:42:16.100067570,10.0,37.0,34.4
CPT120800,2026-01-20 11:53:44.499135515,9.0,48.0,39.4
CPT101529,2026-01-21 17:49:46.301148208,5.0,21.0,17.5
CPT107516,2026-01-27 09:09:54.441787808,9.0,10.0,8.1
CPT107877,2026-01-23 17:11:45.533513182,10.0,48.0,33.2
CPT100383,2026-01-28 09:51:47.513101200,7.0,33.0,30.8
CPT102222,2026-01-27 06:19:19.731686531,14.0,38.0,31.3
CPT108636,2026-01-22 08:45:21.789252320,3.0,34.0,23.3
CPT116661,2026-01-23 18:56:30.975378879,10.0,43.0,28.4
CPT118595,2026-01-22 19:29:51.212896756,10.0,20.0,13.8
CPT118746,2026-01-23 23:34:15.318511925,9.0,43.0,39.9
CPT123251,2026-01-23 06:17:08.979088804,10.0,95.0,79.5
CPT104562,2026-01-23 19:36:57.244354385,7.0,41.0,29.6
CPT104143,2026-01-24 20:48:07.047358224,2.0,10.0,6.0
CPT111720,2026-01-24 17:24:19.702544265,10.0,37.0,33.0
CPT104474,2026-01-22 10:23:10.115624537,9.0,13.0,7.5
CPT124386,2026-01-21 19:12:59.428999703,5.0,19.0,14.5
CPT108773,2026-01-21 12:06:43.957705447,4.0,16.0,10.5
CPT100733,2026-01-23 01:20:21.827186785,8.0,35.0,28.0
CPT104917,2026-01-25 15:54:17.127366581,6.0,33.0,27.2
CPT113657,2026-01-20 22:24:02.384885127,8.0,37.0,27.1
CPT102858,2026-01-21 05:54:34.963679027,5.0,30.0,23.4
CPT121275,2026-01-22 11:14:11.458188524,3.0,16.0,14.0
CPT105934,2026-01-20 19:56:16.914367902,7.0,27.0,23.5
CPT123440,2026-01-27 19:05:28.505749178,8.0,27.0,24.4
CPT120754,2026-01-23 01:18:50.609031316,3.0,10.0,9.0
CPT100908,2026-01-22 00:29:09.358960982,10.0,28.0,17.7
CPT118603,2026-01-30 10:37:16.094903685,3.0,12.0,7.7
CPT100988,2026-01-22 21:20:50.665645698,3.0,22.0,17.9
CPT117405,2026-01-26 03:23:20.610352382,4.0,22.0,12.3
CPT104899,2026-01-19 07:11:17.976290689,7.0,36.0,27.0
CPT105687,2026-01-24 14:33:26.143946857,13.0,57.0,51.0
CPT100871,2026-01-29 20:37:23.243893722,7.0,16.0,10.4
CPT101348,2026-01-24 12:45:45.650599542,5.0,27.0,21.3
CPT102026,2026-01-27 22:55:36.971152571,9.0,37.0,34.4
CPT114058,2026-01-28 12:19:21.656669274,9.0,25.0,20.1
CPT115434,2026-01-25 10:33:57.089380570,7.0,46.0,42.3
CPT110924,2026-01-22 03:12:56.011670416,8.0,19.0,11.5
CPT108270,2026-01-23 17:33:08.407710408,9.0,32.0,18.2
CPT115342,2026-01-25 08:50:12.470615066,10.0,28.0,20.9
CPT108381,2026-01-25 01:55:49.186802442,13.0,27.0,17.8
CPT110930,2026-01-25 16:52:24.951535697,8.0,21.0,19.5
CPT117921,2026-01-26 07:12:20.319846899,8.0,17.0,14.6
CPT119506,2026-01-28 22:10:11.251035341,7.0,22.0,12.5
CPT117272,2026-01-25 01:36:23.038600887,1.0,29.0,20.8
CPT102892,2026-01-25 16:24:52.412170268,2.0,8.0,6.1
CPT120909,2026-01-22 17:31:38.231161489,10.0,41.0,32.9
CPT115742,2026-01-21 22:41:56.711560089,2.0,30.0,23.0
CPT116039,2026-01-26 02:56:49.992715874,19.0,114.0,100.7
CPT103863,2026-01-23 19:54:49.320137422,13.0,29.0,25.7
CPT124429,2026-02-03 09:34:25.362182346,2.0,8.0,6.0
CPT110233,2026-01-26 15:11:48.921526204,8.0,14.0,12.8
CPT113592,2026-01-27 05:57:00.292587858,10.0,25.0,23.6
CPT124614,2026-01-24 17:56:33.210564689,4.0,13.0,9.7
CPT124722,2026-01-23 17:04:45.304315413,7.0,27.0,25.6
CPT100603,2026-01-23 01:38:23.745452578,3.0,12.0,9.3
CPT108864,2026-01-25 17:24:21.091157298,10.0,54.0,40.7
CPT120801,2026-01-26 13:26:20.933597496,5.0,13.0,9.1
CPT118794,2026-01-24 08:28:25.283546884,2.0,26.0,17.3
CPT112983,2026-01-30 10:35:26.836003027,2.0,13.0,9.4
CPT123798,2026-01-25 14:37:43.784178805,12.0,32.0,28.1
CPT113878,2026-01-24 11:21:39.335553818,9.0,23.0,17.0
CPT121014,2026-01-26 06:00:21.659720678,7.0,24.0,15.7
CPT119907,2026-01-25 21:22:16.362740363,2.0,11.0,8.1
CPT124714,2026-01-27 17:03:45.127696139,3.0,22.0,19.5
CPT121253,2026-01-24 22:24:43.673696950,1.0,16.0,8.9
CPT123680,2026-01-28 10:22:41.135041878,8.0,20.0,18.8
CPT113973,2026-01-25 11:53:19.287004906,4.0,37.0,22.0
CPT117355,2026-01-24 03:09:30.050691417,15.0,26.0,14.6
CPT122472,2026-01-25 16:14:08.005876776,3.0,21.0,12.8
CPT102705,2026-01-27 06:16:55.252096630,4.0,11.0,8.2
CPT124362,2026-01-27 04:32:37.637842673,8.0,27.0,23.8
CPT108745,2026-01-27 03:20:36.696881135,5.0,8.0,6.1
CPT124886,2026-01-29 01:48:32.831122339,10.0,85.0,63.7
CPT110199,2026-01-25 19:23:21.224175309,10.0,24.0,22.0
CPT123168,2026-01-27 20:07:07.594280825,4.0,11.0,9.3
CPT102265,2026-01-24 04:28:15.674838972,11.0,47.0,29.9
CPT110401,2026-01-27 06:58:51.698273918,9.0,37.0,34.7
CPT122577,,0.0,0.0,0.0
CPT101831,2026-01-24 06:59:50.968110775,7.0,13.0,7.2
CPT103550,2026-01-27 02:26:14.475892162,4.0,19.0,11.2
CPT109444,2026-01-25 11:10:59.061033723,4.0,11.0,6.2
CPT118866,2026-01-25 21:46:38.378927641,14.0,28.0,22.5
CPT100256,2026-01-24 01:50:37.132964041,8.0,32.0,18.2
CPT108739,2026-01-25 22:35:43.780569705,10.0,35.0,23.6
CPT105160,2026-01-24 01:18:02.712122826,9.0,28.0,25.1
CPT101312,2026-01-24 09:08:12.232877289,8.0,35.0,20.8
CPT110237,2026-01-24 13:33:52.821065288,3.0,18.0,14.6
CPT111471,2026-01-27 23:36:36.606711959,4.0,8.0,5.0
CPT116988,2026-01-28 00:29:03.215225208,6.0,22.0,19.2
CPT105787,2026-01-23 22:49:36.634901317,14.0,32.0,19.6
CPT120097,2026-02-01 08:54:56.263491776,11.0,34.0,22.3
CPT107000,2026-01-27 21:07:52.242119881,9.0,26.0,14.5
CPT122337,2026-01-22 21:27:35.345839675,7.0,31.0,19.5
CPT104440,2026-01-25 00:46:06.660630365,5.0,22.0,12.6
CPT123543,2026-01-31 06:45:09.786110418,4.0,20.0,11.9
CPT108965,2026-01-25 19:08:42.933930422,16.0,83.0,54.4
CPT112196,2026-01-27 07:17:14.868377499,2.0,4.0,3.5
CPT103590,2026-01-26 14:31:28.058669237,10.0,29.0,18.2
CPT118030,2026-01-28 12:21:31.326923050,6.0,14.0,8.8
CPT101170,2026-01-27 18:48:58.826652617,11.0,40.0,25.8
CPT111542,2026-01-25 03:19:58.847167225,9.0,40.0,36.4
CPT110210,2026-01-27 23:07:53.756459507,11.0,72.0,60.2
CPT114372,2026-01-26 16:53:18.597690913,2.0,20.0,11.2
CPT109875,2026-01-25 01:29:37.507068477,14.0,33.0,27.2
CPT110594,2026-02-01 05:36:43.159317422,3.0,22.0,19.5
CPT109552,2026-01-28 02:52:17.145124600,1.0,12.0,9.3
CPT121717,2026-01-27 13:08:32.209236223,14.0,38.0,27.3
CPT117656,2026-01-29 18:37:31.670652953,3.0,13.0,9.2
CPT104697,2026-01-27 17:06:53.301142728,14.0,50.0,35.7
CPT102283,2026-01-28 19:04:30.250013414,8.0,13.0,9.4
CPT119557,2026-01-29 07:28:57.174203745,5.0,24.0,14.0
CPT103884,2026-01-26 01:27:44.782619758,7.0,33.0,28.8
CPT119188,2026-01-30 11:39:58.905957575,6.0,35.0,32.2
CPT115970,2026-01-31 16:06:28.713590853,10.0,26.0,15.7
CPT103317,2026-01-28 19:26:50.871417931,4.0,19.0,18.0
CPT117810,2026-01-26 00:49:36.945817294,12.0,30.0,22.5
CPT108949,2026-01-30 09:21:45.554982016,3.0,13.0,11.9
CPT100046,2026-01-30 02:47:56.977568784,3.0,21.0,19.4
CPT110790,2026-01-29 23:16:47.932518190,7.0,21.0,16.2
CPT103396,2026-01-29 13:00:58.026734627,4.0,31.0,25.1
CPT116076,2026-01-28 15:35:53.631211474,5.0,39.0,22.0
CPT100404,2026-01-29 05:12:24.452181765,22.0,71.0,65.0
CPT109044,2026-01-28 07:21:46.100992844,5.0,18.0,10.8
CPT102727,2026-01-31 19:58:52.125527152,3.0,18.0,16.6
CPT111858,2026-01-29 05:00:53.838680480,21.0,83.0,66.3
CPT121824,2026-01-29 09:43:45.955573838,7.0,16.0,11.2
CPT101708,2026-01-30 01:07:43.198897150,6.0,21.0,13.1
CPT106173,2026-02-01 07:12:22.073326381,5.0,15.0,13.6
CPT110211,2026-01-26 02:54:17.948979079,6.0,18.0,15.9
CPT106179,2026-01-28 04:55:14.461189311,7.0,29.0,18.7
CPT115122,2026-01-28 10:16:32.168536793,6.0,21.0,16.1
CPT124080,2026-01-28 23:18:46.442775160,10.0,40.0,35.1
CPT100067,2026-01-26 12:08:59.032306367,3.0,27.0,21.4
CPT120878,2026-01-29 14:01:12.634893547,9.0,22.0,17.4
CPT106945,2026-01-29 19:04:42.322444604,3.0,30.0,28.2
CPT115280,2026-01-29 07:23:07.584790034,4.0,19.0,14.9
CPT101796,2026-01-29 23:49:09.076054630,8.0,46.0,42.3
CPT124799,2026-01-27 02:07:51.164288947,13.0,63.0,57.2
CPT119452,2026-01-28 22:16:44.083654535,3.0,15.0,12.5
CPT109562,2026-01-27 16:10:45.365388503,6.0,24.0,16.5
CPT112500,2026-01-29 00:41:08.273720771,6.0,15.0,8.3
CPT104974,2026-01-26 20:17:49.761501126,8.0,20.0,14.1
CPT119570,2026-01-25 20:02:22.863601445,6.0,43.0,35.4
CPT116191,2026-01-29 12:21:16.005239389,12.0,52.0,40.0
CPT108525,2026-01-27 01:24:15.173565563,6.0,16.0,11.4
CPT103978,2026-01-26 11:03:32.259024526,21.0,105.0,98.0
CPT117904,2026-01-30 16:40:02.061915690,1.0,9.0,6.1
CPT119251,2026-01-28 00:50:17.480398959,3.0,15.0,12.1
CPT113821,2026-02-01 11:44:51.238420262,8.0,59.0,33.4
CPT116557,2026-01-26 10:58:34.783179735,4.0,25.0,22.1
CPT103319,2026-01-28 09:51:46.279666100,10.0,21.0,16.1
CPT121221,2026-01-29 19:08:11.614068079,12.0,39.0,31.8
CPT107182,2026-01-29 13:29:06.866734853,3.0,29.0,16.3
CPT107955,2026-02-02 07:36:20.071167023,4.0,21.0,12.7
CPT105007,2026-01-29 11:20:21.337013441,4.0,25.0,16.5
CPT115130,2026-01-29 10:48:28.888797309,4.0,29.0,24.6
CPT120886,2026-01-31 11:56:14.888149600,10.0,27.0,20.8
CPT106879,2026-01-27 23:44:32.445044422,12.0,26.0,16.3
CPT114641,2026-01-29 15:19:14.291127007,3.0,8.0,5.2
CPT114795,2026-01-31 03:14:28.847181356,1.0,30.0,25.9
CPT108500,2026-01-29 09:21:27.332226890,3.0,27.0,15.9
CPT104548,2026-02-01 07:32:00.216895964,9.0,49.0,41.2
CPT124553,2026-01-29 03:49:50.476192552,10.0,36.0,24.3
CPT117708,2026-01-30 23:53:23.343811621,8.0,8.0,5.2
CPT117363,2026-01-28 10:40:25.151590929,7.0,36.0,23.8
CPT112158,2026-02-02 08:53:58.584332130,3.0,15.0,12.3
CPT122056,2026-01-28 15:57:55.479108498,18.0,69.0,56.9
CPT110771,2026-01-30 10:56:14.252172796,8.0,11.0,8.0
CPT121847,2026-01-29 20:05:12.638798012,5.0,23.0,14.8
CPT109957,2026-01-31 11:44:39.633393240,14.0,74.0,64.9
CPT120357,2026-01-30 09:14:21.557235120,20.0,89.0,68.2
CPT111164,2026-01-30 01:44:42.277656297,5.0,26.0,19.4
CPT117087,2026-01-31 22:39:25.691043757,8.0,46.0,40.2
CPT123450,2026-02-05 01:08:22.859904174,4.0,15.0,11.3
CPT107517,2026-01-29 09:32:41.303289969,6.0,26.0,20.0
CPT112800,2026-01-29 19:00:41.659403649,1.0,22.0,14.1
CPT120829,2026-01-31 09:30:34.117952794,6.0,29.0,25.0
CPT107192,2026-01-31 00:57:48.812061791,4.0,43.0,39.6
CPT114927,2026-01-31 11:15:23.136656725,19.0,44.0,30.8
CPT108926,2026-02-06 00:11:03.800449569,7.0,40.0,27.7
CPT109064,2026-01-28 18:39:29.324939696,10.0,25.0,20.7
CPT111077,2026-01-30 23:52:23.159773659,2.0,10.0,7.3
CPT123182,2026-01-30 10:32:08.941776903,5.0,7.0,6.6
CPT105110,2026-01-30 00:20:24.112539568,4.0,19.0,11.1
CPT122674,2026-01-28 02:34:58.608506044,6.0,8.0,7.3
CPT110038,2026-02-01 01:25:46.631461770,4.0,7.0,6.2
CPT109797,2026-02-01 08:53:54.991962137,9.0,28.0,18.3
CPT107339,2026-02-01 06:33:12.166258088,5.0,28.0,23.2
CPT108397,2026-01-27 12:28:15.607699762,6.0,27.0,21.1
CPT106026,2026-01-31 02:15:54.675679893,4.0,12.0,6.9
CPT112489,2026-01-28 14:59:09.089778638,6.0,49.0,40.7
CPT124867,2026-01-31 23:02:17.470102035,2.0,19.0,12.9
CPT112198,2026-02-02 08:05:04.750273739,9.0,28.0,25.3
CPT121196,2026-01-31 12:04:46.919844302,4.0,45.0,25.1
CPT104093,2026-02-03 17:11:43.602330562,7.0,51.0,44.1
CPT124846,2026-01-31 12:49:03.163013495,6.0,20.0,13.5
CPT103039,2026-02-01 16:46:54.982394899,5.0,17.0,10.1
CPT120985,2026-02-02 04:01:07.388715559,5.0,21.0,15.3
CPT111575,2026-01-31 23:40:07.615831503,6.0,30.0,27.4
CPT119078,2026-02-07 10:10:15.140199293,9.0,22.0,15.4
CPT119730,2026-02-06 19:36:23.079748244,6.0,53.0,40.1
CPT102060,2026-02-03 06:56:51.622932380,8.0,46.0,25.5
CPT110214,2026-02-02 05:35:52.716062841,7.0,18.0,13.6
CPT119480,2026-02-02 06:13:47.417630058,13.0,44.0,29.7
CPT114133,2026-02-04 06:46:29.392627037,3.0,18.0,11.2
CPT122821,2026-01-30 09:49:59.819241749,12.0,60.0,49.6
CPT104997,2026-01-30 03:55:59.505730250,6.0,21.0,13.0
CPT117048,2026-01-30 13:22:34.018993650,12.0,46.0,28.5
CPT115056,2026-02-03 15:11:57.441184649,9.0,30.0,21.2
CPT110505,2026-02-01 10:45:13.879377875,7.0,43.0,40.6
CPT101723,2026-02-02 00:26:56.332152451,3.0,4.0,2.3
CPT118858,2026-01-30 06:03:50.912772115,4.0,15.0,12.4
CPT123306,2026-02-01 02:37:58.190187631,7.0,45.0,36.0
CPT118345,2026-02-02 00:16:59.147198074,2.0,8.0,6.9
CPT111789,2026-02-02 12:37:35.875745198,9.0,43.0,36.7
CPT113580,2026-02-05 15:41:45.324075375,10.0,45.0,29.9
CPT119639,2026-01-30 15:17:36.703256209,7.0,41.0,33.6
CPT101057,2026-02-06 08:45:13.912453636,9.0,30.0,24.6
CPT124043,2026-01-30 10:33:02.597174161,6.0,16.0,9.1
CPT108748,2026-01-31 16:52:30.815102262,4.0,13.0,8.0
CPT118290,2026-02-02 21:12:38.309239073,12.0,25.0,18.2
CPT114156,2026-02-03 03:07:24.939324099,5.0,41.0,38.8
CPT109137,2026-01-30 16:53:43.966855857,14.0,39.0,30.3
CPT111304,2026-01-31 21:04:45.373267113,8.0,28.0,23.5
CPT119166,2026-01-31 03:45:05.805121295,8.0,36.0,26.8
CPT109095,2026-02-02 17:28:52.626026729,4.0,35.0,20.7
CPT101107,2026-02-02 12:49:11.805767295,7.0,35.0,27.6
CPT122925,2026-02-03 03:01:35.118156314,2.0,19.0,15.2
CPT121117,2026-01-30 07:57:16.428102776,12.0,26.0,19.6
CPT122272,2026-02-01 07:47:56.019851509,2.0,11.0,7.2
CPT123468,2026-02-04 19:30:32.794313172,4.0,9.0,8.3
CPT108125,2026-02-06 02:59:58.910337315,11.0,26.0,18.4
CPT117385,2026-02-02 11:58:49.777992019,1.0,12.0,8.0
CPT117184,2026-02-04 02:30:16.444709518,9.0,33.0,20.4
CPT112865,2026-02-01 10:09:55.638288771,1.0,11.0,7.2
CPT124945,2026-02-01 05:01:09.833434461,25.0,72.0,62.5
CPT117324,2026-02-06 01:16:16.213861864,16.0,30.0,18.0
CPT124013,2026-01-30 20:24:13.989733983,13.0,38.0,25.1
CPT101251,2026-02-04 04:10:33.392728902,5.0,17.0,15.3
CPT117309,2026-02-05 14:46:11.285416537,4.0,22.0,19.2
CPT104641,2026-02-02 16:12:28.917403416,7.0,10.0,5.9
CPT105548,2026-02-03 13:07:41.699995019,6.0,19.0,12.0
CPT117232,2026-02-05 18:25:29.794628662,5.0,55.0,47.0
CPT110421,2026-02-03 05:35:18.623577828,10.0,48.0,42.9
CPT103415,2026-02-01 12:31:29.243793611,4.0,7.0,5.8
CPT114045,2026-02-03 18:51:33.950784223,5.0,8.0,5.9
CPT102111,2026-02-03 19:02:55.455741938,5.0,32.0,20.4
CPT124903,2026-02-02 22:45:40.649362269,11.0,40.0,35.0
CPT107845,2026-02-08 13:10:26.892820283,3.0,21.0,19.8
CPT104390,2026-02-02 20:08:18.001911654,2.0,23.0,21.6
CPT109844,2026-02-01 09:32:10.934478917,4.0,19.0,14.6
CPT118719,2026-02-02 10:04:29.720642700,9.0,31.0,20.2
CPT106099,2026-02-03 08:45:54.922506552,5.0,10.0,6.4
CPT114403,2026-02-07 17:35:22.568298939,12.0,42.0,36.6
CPT121971,2026-02-02 19:01:30.052372893,6.0,13.0,10.6
CPT119908,2026-02-03 13:46:56.452937271,14.0,46.0,29.7
CPT113056,2026-02-02 03:17:56.877674978,6.0,14.0,9.3
CPT119302,2026-02-06 21:55:31.138784089,10.0,42.0,25.5
CPT124610,2026-02-04 12:23:08.894060480,11.0,29.0,17.7
CPT101179,2026-02-03 10:42:37.382833934,9.0,21.0,12.9
CPT108168,2026-02-04 08:16:25.080019965,9.0,33.0,27.0
CPT114284,2026-02-05 18:44:57.129499651,6.0,31.0,21.8
CPT117015,2026-02-06 17:22:44.524967168,3.0,14.0,9.9
CPT121643,2026-02-04 01:43:06.568581105,5.0,15.0,11.3
CPT115182,2026-02-04 21:27:52.846074785,5.0,27.0,21.8
CPT101176,2026-02-09 21:41:23.679466353,19.0,50.0,31.4
CPT100887,2026-02-03 16:07:32.965742845,3.0,11.0,8.8
CPT103536,2026-02-05 12:30:35.905612245,5.0,24.0,22.6
CPT104909,2026-02-03 14:27:14.610743243,4.0,25.0,16.9
CPT101008,2026-02-05 14:44:30.183131502,3.0,35.0,29.4
CPT112592,2026-02-06 23:57:03.146560164,9.0,44.0,33.0
CPT123399,2026-02-06 23:49:26.370626734,23.0,65.0,39.2
CPT124601,2026-02-06 16:16:06.626164697,12.0,34.0,24.9
CPT105709,2026-02-01 22:26:17.086277184,5.0,27.0,24.6
CPT117654,2026-02-03 19:41:57.604767024,9.0,23.0,20.6
CPT116638,2026-02-04 00:27:43.734902222,1.0,21.0,12.7
CPT118481,2026-02-06 08:04:39.007786273,10.0,33.0,25.0
CPT106714,2026-02-02 20:25:46.760000244,6.0,17.0,14.3
CPT113682,2026-02-04 17:37:58.633857742,3.0,34.0,31.5
CPT115135,2026-02-04 16:01:16.548082566,6.0,22.0,18.5
CPT109054,2026-02-07 23:25:45.879534084,4.0,19.0,12.4
CPT116607,2026-02-04 23:11:07.347175300,8.0,9.0,7.8
CPT120718,2026-02-06 03:35:17.841695936,5.0,34.0,31.4
CPT122493,2026-02-06 06:53:51.100109364,4.0,47.0,37.3
CPT102675,2026-02-06 10:25:30.009022559,7.0,29.0,22.3
CPT111133,2026-02-05 22:28:27.679405045,7.0,26.0,19.7
CPT111606,2026-02-07 01:35:48.222674643,5.0,28.0,23.7
CPT108434,2026-02-07 15:02:46.549344196,3.0,35.0,25.6
CPT106261,2026-02-04 04:31:31.365625585,4.0,27.0,22.1
CPT114767,2026-02-07 19:08:06.713615898,9.0,38.0,23.2
CPT119283,2026-02-06 14:24:25.927158901,6.0,23.0,20.8
CPT103302,2026-02-03 22:10:56.993756362,7.0,15.0,11.3
CPT124859,2026-02-03 15:09:09.377932945,18.0,73.0,41.1
CPT124880,2026-02-05 16:40:54.539389442,8.0,16.0,10.2
CPT114883,2026-02-02 20:11:36.582961010,3.0,15.0,9.9
CPT117360,2026-02-10 00:07:50.436029073,3.0,14.0,8.5
CPT123851,2026-02-07 21:42:30.247955800,4.0,16.0,10.2
CPT110447,2026-02-09 13:03:55.744458735,5.0,27.0,22.0
CPT109071,2026-02-05 22:32:55.193899589,3.0,17.0,10.5
CPT113584,2026-02-10 08:44:56.562561470,2.0,10.0,7.5
CPT112265,2026-02-05 10:21:07.050570896,3.0,17.0,14.9
CPT101446,2026-02-07 13:36:59.709784593,4.0,15.0,10.0
CPT116463,2026-02-04 02:09:26.420483700,9.0,27.0,17.2
CPT114769,2026-02-07 18:48:54.033060914,9.0,34.0,19.9
CPT108580,2026-02-09 02:42:17.295655035,11.0,21.0,15.1
CPT103070,2026-02-06 10:10:59.047481784,8.0,27.0,20.5
CPT107613,2026-02-08 23:01:17.632903725,3.0,28.0,23.5
CPT100820,2026-02-05 06:41:32.870857074,2.0,13.0,10.7
CPT100754,2026-02-11 12:17:08.773526704,1.0,6.0,3.6
CPT119767,2026-02-04 04:35:15.172151824,6.0,13.0,9.0
CPT108611,2026-02-06 17:11:09.880740896,2.0,40.0,29.7
CPT118053,2026-02-07 04:38:05.895014091,12.0,26.0,23.3
CPT105396,2026-02-06 14:04:58.618557463,10.0,24.0,21.8
CPT116070,2026-02-05 08:06:27.931435863,12.0,41.0,33.7
CPT101294,2026-02-08 09:17:25.816435724,2.0,24.0,21.5
CPT122512,2026-02-04 15:24:14.315973388,12.0,28.0,17.7
CPT119320,2026-02-07 07:39:08.617822131,6.0,16.0,14.0
CPT111378,2026-02-08 23:41:24.481987414,8.0,16.0,14.9
CPT121635,2026-02-04 23:54:11.542677359,7.0,34.0,20.7
CPT108097,2026-02-06 19:26:57.736091321,11.0,42.0,33.2
CPT109720,2026-02-06 05:33:00.083558992,3.0,19.0,15.3
CPT109907,2026-02-10 02:39:34.434408062,13.0,24.0,19.0
CPT122095,2026-02-07 07:32:40.605859816,5.0,46.0,26.0
CPT122303,2026-02-04 16:59:00.827715416,1.0,3.0,1.9
CPT117835,2026-02-10 08:46:39.653187119,2.0,10.0,8.9
CPT112504,2026-02-11 18:36:38.791585180,1.0,15.0,11.9
CPT123123,2026-02-06 19:36:50.655180150,3.0,7.0,4.5
CPT117474,2026-02-08 14:56:45.923231765,11.0,26.0,19.0
CPT123734,2026-02-06 14:56:04.615990050,12.0,32.0,22.7
CPT114509,2026-02-07 13:27:14.232769401,12.0,48.0,42.1
CPT104042,2026-02-09 01:15:20.087700253,2.0,16.0,12.9
CPT115648,2026-02-08 16:00:10.237513784,7.0,19.0,17.6
CPT114003,2026-02-08 05:16:56.933390052,3.0,9.0,6.4
CPT113989,2026-02-09 20:43:23.281112277,8.0,33.0,21.6
CPT113073,2026-02-08 13:03:10.282151319,15.0,51.0,29.6
CPT122188,2026-02-08 16:15:17.450308974,5.0,18.0,15.3
CPT114351,2026-02-06 06:08:50.159744921,5.0,31.0,23.3
CPT104734,2026-02-06 19:25:17.522189810,5.0,25.0,22.6
CPT119376,2026-02-07 05:40:20.648828521,8.0,30.0,22.8
CPT110090,2026-02-06 17:48:23.534409726,8.0,34.0,27.9
CPT111940,2026-02-10 06:22:12.228187244,2.0,31.0,19.3
CPT104209,2026-02-08 11:57:32.425007921,7.0,31.0,20.8
CPT113735,2026-02-07 08:00:31.031888572,3.0,16.0,10.5
CPT114596,2026-02-11 11:14:21.606668491,8.0,33.0,26.5
CPT106713,2026-02-05 03:06:35.208549660,14.0,56.0,41.9
CPT109381,2026-02-12 16:43:48.702662525,3.0,15.0,12.1
CPT117325,2026-02-08 18:00:45.768497542,8.0,27.0,18.1
CPT106450,2026-02-04 21:01:01.149274275,9.0,42.0,25.4
CPT105522,2026-02-08 00:00:03.952811923,11.0,38.0,32.5
CPT107592,2026-02-07 08:06:18.345280227,6.0,30.0,18.3
CPT123663,2026-02-06 17:22:21.717521983,4.0,23.0,18.2
CPT111314,2026-02-08 06:03:20.307419558,9.0,55.0,35.3
CPT101110,2026-02-12 13:57:36.841507096,7.0,19.0,11.0
CPT114279,2026-02-08 00:53:31.824942449,7.0,20.0,14.5
CPT118097,2026-02-13 01:17:25.600551085,8.0,22.0,19.5
CPT120802,2026-02-13 17:31:46.837165841,6.0,25.0,18.9
CPT104142,2026-02-07 09:03:17.828216693,5.0,25.0,14.6
CPT123948,2026-02-08 01:44:10.587556320,9.0,50.0,27.9
CPT119615,2026-02-10 15:51:36.766004684,3.0,24.0,17.1
CPT124408,2026-02-10 02:10:43.863913824,5.0,20.0,18.3
CPT115169,2026-02-10 00:22:31.204022527,9.0,27.0,18.9
CPT120297,2026-02-11 03:54:47.509518578,15.0,42.0,27.9
CPT106629,2026-02-08 15:09:22.945407861,9.0,38.0,35.3
CPT115746,2026-02-08 22:19:07.865124642,4.0,9.0,6.9
CPT100055,2026-02-13 06:02:11.397153960,6.0,25.0,14.0
CPT121921,2026-02-10 15:10:19.270511516,7.0,18.0,14.7
CPT106891,2026-02-10 23:24:57.618867658,4.0,10.0,6.4
CPT118640,2026-02-09 07:01:22.286368899,5.0,26.0,23.3
CPT110149,2026-02-08 16:25:13.741308002,7.0,27.0,15.2
CPT113158,2026-02-11 05:11:01.507709915,11.0,24.0,19.6
CPT114264,2026-02-09 11:54:48.403370814,14.0,59.0,47.8
CPT113460,2026-02-10 10:48:43.927532647,5.0,20.0,12.3
CPT111997,2026-02-14 12:03:27.518448378,3.0,6.0,5.1
CPT121770,2026-02-13 01:48:13.934692729,8.0,27.0,25.3
CPT119104,2026-02-10 08:41:37.689121177,4.0,21.0,18.2
CPT117842,2026-02-12 16:34:50.580561167,4.0,9.0,8.4
CPT122394,2026-02-11 15:51:24.731727560,5.0,16.0,10.1
CPT122508,2026-02-10 15:50:32.080679441,2.0,18.0,10.3
CPT105478,2026-02-10 03:39:31.803774779,6.0,8.0,6.0
CPT114290,2026-02-09 21:54:12.576127038,13.0,35.0,24.5
CPT113331,2026-02-08 12:55:12.188931980,10.0,55.0,35.6
CPT117362,2026-02-07 21:03:14.263431837,13.0,39.0,23.1
CPT118088,2026-02-08 02:34:02.190749218,3.0,23.0,17.1
CPT120646,2026-02-11 00:02:54.555795188,2.0,19.0,17.9
CPT105464,2026-02-07 23:08:42.309613046,13.0,31.0,28.3
CPT108427,2026-02-10 20:54:17.854295126,4.0,17.0,12.5
CPT113897,2026-02-13 03:41:45.365057613,22.0,75.0,60.5
CPT108692,2026-02-09 20:37:03.022402618,12.0,45.0,27.7
CPT115410,2026-02-09 08:04:14.203981952,4.0,9.0,7.8
CPT121954,2026-02-11 15:31:07.545437696,5.0,20.0,13.8
CPT110415,2026-02-08 13:53:42.198479713,5.0,5.0,3.6
CPT113233,2026-02-11 21:03:17.043530623,16.0,51.0,30.0
CPT106244,2026-02-07 20:24:30.492313832,15.0,49.0,28.8
CPT122177,2026-02-11 22:56:15.853006762,4.0,10.0,5.9
CPT103244,2026-02-11 20:00:55.050595943,16.0,30.0,17.0
CPT101718,2026-02-12 14:33:09.392258269,4.0,29.0,27.4
CPT115266,2026-02-14 23:16:15.366103900,12.0,41.0,38.4
CPT105550,2026-02-10 21:13:31.983343939,12.0,41.0,26.0
CPT113787,2026-02-09 10:57:13.085278324,7.0,34.0,32.1
CPT108505,2026-02-08 19:24:43.250910554,5.0,36.0,20.2
CPT116692,2026-02-14 15:08:28.636698778,13.0,53.0,50.2
CPT110658,2026-02-09 07:14:38.012901638,7.0,21.0,18.5
CPT106324,2026-02-13 01:34:59.368005232,15.0,61.0,52.6
CPT123062,2026-02-09 16:56:43.511358344,4.0,16.0,15.0
CPT119381,2026-02-14 08:47:37.975131623,6.0,27.0,17.4
CPT116974,2026-02-11 17:54:30.365469839,6.0,14.0,8.1
CPT100563,2026-02-10 00:37:53.557561067,7.0,22.0,20.1
CPT117616,2026-02-10 13:54:08.807083073,9.0,29.0,26.7
CPT114424,2026-02-14 16:45:45.370719904,3.0,11.0,7.2
CPT111518,2026-02-09 14:21:05.850193394,5.0,5.0,3.2
CPT100749,2026-02-11 22:40:54.199636613,10.0,33.0,23.8
CPT122331,2026-02-11 20:32:49.883632342,4.0,13.0,7.6
CPT123066,2026-02-10 00:10:46.628424581,6.0,14.0,10.5
CPT101462,2026-02-12 06:05:24.520746420,10.0,33.0,19.3
CPT121387,2026-02-09 15:45:37.435496575,1.0,4.0,2.4
CPT100571,2026-02-10 22:00:14.485238885,8.0,22.0,17.0
CPT117530,2026-02-10 05:13:40.349887309,7.0,20.0,12.6
CPT120123,2026-02-10 12:51:55.898244002,7.0,16.0,12.0
CPT124490,2026-02-10 03:42:04.050368132,6.0,26.0,20.0
CPT121074,2026-02-11 20:48:00.824606448,8.0,21.0,19.5
CPT122757,2026-02-08 09:55:46.113590148,15.0,46.0,28.1
CPT103218,2026-02-14 04:19:55.204080489,5.0,25.0,18.9
CPT121902,2026-02-11 21:48:41.785179676,5.0,40.0,33.5
CPT109094,2026-02-09 04:19:12.125183807,6.0,22.0,18.3
CPT116812,2026-02-15 09:09:25.145011860,2.0,6.0,5.0
CPT109188,2026-02-11 18:44:01.669201984,8.0,14.0,10.5
CPT108486,2026-02-12 00:45:07.830332065,6.0,45.0,34.6
CPT108101,2026-02-16 10:21:53.342532702,4.0,24.0,18.4
CPT107110,2026-02-10 02:24:44.743261947,9.0,38.0,27.4
CPT119644,2026-02-11 12:00:21.086396986,1.0,15.0,12.1
CPT115337,2026-02-12 13:43:31.440364681,9.0,39.0,25.4
CPT103133,2026-02-13 14:06:11.946227851,2.0,11.0,7.5
CPT106861,2026-02-14 02:55:25.810696549,8.0,27.0,17.8
CPT121344,2026-02-11 14:32:41.833899592,6.0,27.0,19.1
CPT122748,2026-02-14 03:21:51.596302807,7.0,30.0,21.6
CPT115843,2026-02-11 00:19:40.443333716,4.0,13.0,10.7
CPT111714,2026-02-12 12:27:53.069047844,13.0,55.0,46.1
CPT114574,2026-02-12 17:43:32.058594645,7.0,60.0,34.0
CPT120370,2026-02-10 12:22:46.234084041,4.0,17.0,10.9
CPT124295,2026-02-10 07:21:17.942572619,6.0,8.0,5.9
CPT114272,2026-02-12 15:00:31.652559674,12.0,73.0,55.6
CPT112762,2026-02-12 00:17:19.898348347,3.0,26.0,17.1
CPT120819,2026-02-13 09:17:51.551396929,6.0,15.0,9.9
CPT123804,2026-02-16 04:51:38.516854174,1.0,10.0,8.6
CPT119064,2026-02-10 14:18:38.633104512,1.0,14.0,13.2
CPT111345,2026-02-17 14:29:02.547734364,8.0,26.0,24.0
CPT114594,2026-02-13 14:36:00.168543633,7.0,33.0,20.8
CPT124835,2026-02-13 19:16:04.842461688,14.0,17.0,14.0
CPT124491,2026-02-13 00:51:41.322199499,6.0,52.0,44.8
CPT105543,2026-02-15 13:13:48.499638632,5.0,27.0,19.4
CPT115344,2026-02-12 10:54:30.738396184,10.0,20.0,14.7
CPT114445,2026-02-14 01:46:49.922014159,8.0,29.0,26.1
CPT121721,2026-02-17 19:22:25.685516145,5.0,20.0,14.7
CPT118847,2026-02-14 14:38:25.296960042,1.0,8.0,4.5
CPT112988,2026-02-14 09:48:37.521962086,4.0,19.0,16.2
CPT124964,2026-02-14 09:03:21.355159721,6.0,33.0,25.7
CPT106782,2026-02-11 06:15:34.432840408,18.0,47.0,39.2
CPT108537,2026-02-11 08:24:45.065080961,6.0,33.0,25.6
CPT111984,2026-02-12 13:03:42.642554968,23.0,63.0,36.5
CPT108039,2026-02-15 08:32:24.214943020,13.0,56.0,35.5
CPT108353,2026-02-11 23:11:54.324456363,8.0,11.0,7.8
CPT114379,2026-02-13 19:25:11.093148890,1.0,9.0,5.3
CPT117573,2026-02-13 12:08:03.663178341,4.0,15.0,10.9
CPT106238,,0.0,0.0,0.0
CPT119315,2026-02-12 19:03:57.304583704,8.0,22.0,13.4
CPT101987,2026-02-13 09:32:45.283526262,10.0,45.0,27.6
CPT107944,2026-02-13 23:24:45.780829710,7.0,22.0,12.9
CPT116391,2026-02-15 18:35:01.970899560,5.0,14.0,9.2
CPT106716,2026-02-11 10:44:39.705946737,3.0,30.0,18.2
CPT113677,2026-02-13 13:25:46.930794989,7.0,15.0,9.0
CPT106495,2026-02-13 22:11:05.961863716,7.0,35.0,23.3
CPT124489,2026-02-19 07:03:02.843922195,4.0,20.0,16.0
CPT114617,2026-02-14 18:07:57.619436934,3.0,18.0,11.9
CPT123648,2026-02-14 16:27:12.472943512,4.0,10.0,6.0
CPT114996,2026-02-15 02:30:31.590734515,2.0,22.0,14.6
CPT109474,2026-02-15 18:29:23.513375337,5.0,17.0,15.5
CPT102063,2026-02-17 18:17:20.464548158,5.0,16.0,9.7
CPT111691,2026-02-15 13:40:13.322598497,6.0,22.0,19.3
CPT111330,2026-02-13 04:15:16.004664966,10.0,36.0,25.1
CPT115978,2026-02-11 11:01:34.705344202,18.0,90.0,52.6
CPT117767,2026-02-15 18:42:16.802248323,16.0,78.0,55.4
CPT107012,2026-02-15 02:34:06.538736398,3.0,14.0,9.2
CPT115422,2026-02-13 11:06:44.226425027,12.0,61.0,40.8
CPT116180,2026-02-13 20:42:53.524868996,2.0,14.0,7.9
CPT120638,2026-02-19 01:11:16.776888430,8.0,30.0,27.2
CPT118834,2026-02-17 04:09:07.923780631,19.0,94.0,61.2
CPT117533,2026-02-15 20:19:42.717791162,11.0,40.0,29.6
CPT124291,2026-02-16 14:35:55.379475431,4.0,23.0,19.0
CPT102126,2026-02-16 13:38:07.455256499,6.0,21.0,14.6
CPT107718,2026-02-12 08:21:43.361452678,11.0,36.0,22.7
CPT102613,2026-02-14 03:48:07.851365074,7.0,30.0,23.0
CPT124031,2026-02-17 13:14:48.768291587,5.0,23.0,13.3
CPT107367,2026-02-17 12:45:26.653829363,5.0,14.0,10.7
CPT122438,2026-02-14 07:29:35.344264001,3.0,9.0,7.9
CPT100291,2026-02-12 11:26:59.157348043,9.0,24.0,19.7
CPT102978,2026-02-14 04:39:11.150627034,7.0,34.0,25.4
CPT114175,2026-02-16 05:23:36.291304981,8.0,27.0,18.0
CPT123481,2026-02-13 06:03:41.499750630,15.0,52.0,47.8
CPT102359,2026-02-15 00:12:46.403608753,6.0,35.0,24.9
CPT106435,2026-02-12 23:06:10.756332287,8.0,14.0,7.9
CPT123296,2026-02-12 19:47:33.194320723,12.0,15.0,9.0
CPT109292,2026-02-12 19:01:26.778127973,4.0,17.0,13.3
CPT114394,2026-02-18 20:37:15.160187828,14.0,33.0,20.8
CPT112063,2026-02-16 11:11:31.109483355,9.0,21.0,14.0
CPT121035,2026-02-16 20:43:03.186063649,1.0,18.0,12.4
CPT112341,2026-02-16 10:45:15.237846851,10.0,33.0,22.7
CPT123097,2026-02-17 13:06:45.850912348,7.0,24.0,21.1
CPT123278,2026-02-14 03:00:04.668301718,5.0,30.0,18.4
CPT103864,2026-02-18 16:14:58.240869785,1.0,11.0,8.0
CPT103098,2026-02-16 06:24:58.096362943,5.0,24.0,18.9
CPT114439,2026-02-13 04:12:00.139261921,9.0,21.0,14.1
CPT107792,2026-02-16 17:40:48.046452715,16.0,60.0,34.7
CPT120987,2026-02-15 16:09:37.554728218,3.0,5.0,3.0
CPT118399,2026-02-16 12:33:07.148341815,4.0,31.0,23.1
CPT124961,2026-02-16 20:44:47.513681534,3.0,25.0,19.9
CPT101395,2026-02-14 00:20:15.748475317,1.0,28.0,18.2
CPT104471,2026-02-16 05:14:58.676185867,7.0,32.0,22.3
CPT121070,2026-02-14 16:10:53.585796750,12.0,40.0,29.6
CPT120088,2026-02-12 19:30:33.039566792,11.0,23.0,18.6
CPT111300,2026-02-16 23:35:01.138538951,9.0,20.0,13.7
CPT110988,2026-02-15 13:49:36.440619918,3.0,13.0,11.4
CPT115076,2026-02-15 00:46:14.467713504,2.0,15.0,8.6
CPT116805,2026-02-15 14:14:18.381640484,10.0,22.0,20.4
CPT123202,2026-02-16 23:41:30.816148380,13.0,43.0,36.0
CPT107728,,0.0,0.0,0.0
CPT105747,2026-02-15 23:58:25.516203309,30.0,109.0,79.3
CPT119626,2026-02-14 11:22:27.926473605,7.0,30.0,19.1
CPT120924,2026-02-17 09:04:49.994969931,8.0,28.0,26.2
CPT123096,2026-02-15 16:29:49.775898751,7.0,19.0,15.3
CPT119863,2026-02-12 00:49:31.297280662,6.0,26.0,19.6
CPT109239,2026-02-15 11:49:31.545001649,6.0,36.0,27.9
CPT123237,2026-02-19 03:53:41.129435925,10.0,35.0,24.9
CPT105531,2026-02-19 16:43:18.705105415,8.0,33.0,20.2
CPT120650,,0.0,0.0,0.0
CPT119635,2026-02-15 23:39:26.262197388,8.0,28.0,15.5
CPT101015,2026-02-16 16:36:41.720138061,6.0,16.0,14.2
CPT113003,2026-02-19 00:54:54.707575813,6.0,36.0,21.4
CPT108586,2026-02-17 06:16:29.021941040,7.0,24.0,17.9
CPT108014,2026-02-15 04:28:40.976177156,11.0,56.0,46.7
CPT124378,2026-02-17 04:44:48.455464585,5.0,27.0,21.6
CPT123490,2026-02-16 02:05:55.424993542,2.0,8.0,4.8
CPT104745,2026-02-15 09:07:51.042282646,8.0,26.0,16.8
CPT119817,2026-02-15 22:47:54.596195544,5.0,19.0,14.1
CPT121600,2026-02-15 11:22:51.597813806,10.0,44.0,33.6
CPT113078,2026-02-17 14:13:57.148504445,7.0,21.0,14.5
CPT120286,2026-02-16 13:06:07.242891771,3.0,17.0,10.3
CPT102597,2026-02-18 10:02:16.884855369,3.0,15.0,10.5
CPT120540,2026-02-17 16:52:05.243919345,7.0,30.0,23.5
CPT103183,2026-02-16 12:39:28.720906143,19.0,51.0,42.6
CPT111745,2026-02-16 10:17:30.568938128,3.0,32.0,21.8
CPT117918,2026-02-23 03:36:49.403971731,8.0,61.0,38.0
CPT105444,2026-02-15 09:54:45.330281516,3.0,25.0,20.1
CPT122727,2026-02-16 13:02:45.137322440,4.0,25.0,18.0
CPT116506,2026-02-17 01:28:58.862109829,5.0,15.0,14.2
CPT112409,2026-02-19 21:26:17.147137024,4.0,12.0,10.7
CPT100285,2026-02-20 17:47:46.687308796,6.0,43.0,40.1
CPT102708,2026-02-17 16:18:02.447016878,6.0,32.0,19.1
CPT108565,2026-02-18 13:13:10.707882161,6.0,18.0,12.2
CPT118412,2026-02-20 03:48:03.082820707,2.0,19.0,12.4
CPT107832,2026-02-19 14:12:56.130132706,9.0,30.0,26.8
CPT110347,2026-02-19 07:25:25.014586817,4.0,29.0,23.6
CPT104944,2026-02-16 02:05:48.192187912,4.0,20.0,18.6
CPT111267,2026-02-18 00:09:53.883147225,3.0,19.0,11.6
CPT121742,2026-02-16 03:29:32.502081126,7.0,37.0,34.2
CPT120640,2026-02-18 21:14:14.887560621,11.0,36.0,28.4
CPT103867,2026-02-20 17:42:17.943642428,11.0,32.0,24.1
CPT106503,2026-02-15 17:07:57.757865102,7.0,30.0,18.3
CPT113751,2026-02-14 03:26:32.701031509,10.0,41.0,23.1
CPT103507,2026-02-17 12:45:20.388718216,2.0,10.0,7.6
CPT119437,2026-02-22 14:43:33.485465920,11.0,60.0,35.4
CPT100442,2026-02-15 12:42:28.247529160,4.0,14.0,12.7
CPT116097,2026-02-19 04:15:12.561384812,4.0,23.0,18.5
CPT119010,2026-02-19 20:35:12.051082281,20.0,68.0,56.1
CPT122778,2026-02-19 22:20:30.013479338,9.0,23.0,19.1
CPT114397,2026-02-15 13:15:56.343933665,2.0,12.0,7.2
CPT106029,2026-02-20 03:13:21.419729367,11.0,42.0,31.9
CPT109773,2026-02-17 01:10:37.288867768,4.0,9.0,6.1
CPT114208,2026-02-18 10:41:42.766425834,9.0,30.0,27.0
CPT109515,2026-02-25 06:52:10.510830875,4.0,23.0,13.6
CPT113244,2026-02-19 23:44:14.120182869,2.0,8.0,6.5
CPT102475,2026-02-18 17:17:57.788652508,6.0,42.0,29.2
CPT103792,2026-02-19 07:39:22.466424244,7.0,29.0,26.8
CPT104050,2026-02-16 07:29:19.481571412,15.0,43.0,26.6
CPT120466,2026-02-23 21:00:52.530468690,4.0,12.0,10.6
CPT102545,2026-02-14 21:32:22.804452474,3.0,25.0,13.9
CPT120129,2026-02-21 08:49:23.231025901,17.0,69.0,55.0
CPT112940,2026-02-20 14:42:36.939515649,12.0,39.0,32.2
CPT119788,2026-02-17 09:13:48.612695287,11.0,67.0,61.6
CPT124089,2026-02-19 08:00:51.765864288,3.0,17.0,11.4
CPT110410,2026-02-20 06:57:12.013940095,1.0,30.0,26.4
CPT122527,2026-02-22 12:01:35.280173284,5.0,37.0,34.2
CPT111148,2026-02-18 17:36:26.589508997,7.0,13.0,11.5
CPT100508,2026-02-22 00:29:08.161285944,5.0,25.0,22.2
CPT108592,2026-02-19 03:06:53.714631841,7.0,27.0,18.0
CPT120203,2026-02-20 11:06:10.481095916,15.0,88.0,74.7
CPT114355,2026-02-16 06:03:44.433626926,7.0,21.0,19.4
CPT103155,2026-02-19 15:55:53.840616234,5.0,35.0,21.3
CPT118604,2026-02-20 02:10:14.764037490,12.0,33.0,27.7
CPT117123,2026-02-20 10:38:51.145034507,9.0,43.0,35.4
CPT105488,2026-02-16 13:36:07.099395078,8.0,54.0,50.3
CPT123288,2026-02-17 00:17:31.983353172,12.0,32.0,28.9
CPT108559,2026-02-25 06:08:00.833936271,9.0,30.0,23.5
CPT101724,2026-02-22 05:06:17.201582627,5.0,22.0,19.6
CPT109810,2026-02-17 16:24:12.185669683,8.0,28.0,22.8
CPT116082,2026-02-17 14:08:34.644352579,7.0,21.0,13.9
CPT122339,2026-02-17 22:12:55.790039249,2.0,11.0,8.1
CPT102405,2026-02-20 07:25:49.926582083,7.0,9.0,8.3
CPT110861,2026-02-27 14:44:35.269707774,4.0,11.0,6.3
CPT114780,,0.0,0.0,0.0
CPT101543,2026-02-19 11:55:00.795346913,4.0,21.0,13.2
CPT110668,2026-02-21 11:17:51.825093041,5.0,15.0,11.8
CPT114144,2026-02-23 23:53:54.292018385,2.0,12.0,6.6
CPT105782,2026-02-19 22:41:29.102004880,8.0,23.0,15.4
CPT102010,2026-02-21 12:51:18.485009876,1.0,17.0,12.5
CPT113904,2026-02-18 22:32:10.967415526,7.0,25.0,18.4
CPT100853,2026-02-21 06:30:39.935833537,4.0,25.0,17.2
CPT107311,2026-02-24 01:03:18.881293780,3.0,9.0,6.5
CPT116148,2026-02-17 23:00:32.125411923,7.0,20.0,14.5
CPT119889,2026-02-19 09:36:10.715575466,8.0,23.0,12.9
CPT107979,2026-02-17 15:48:01.679376335,15.0,49.0,28.8
CPT102761,2026-02-21 07:46:18.065720162,10.0,39.0,29.1
CPT110409,2026-02-22 17:26:05.491506571,8.0,32.0,19.6
CPT101019,2026-02-20 09:22:12.356223413,13.0,52.0,29.2
CPT106988,2026-02-19 15:51:35.188818297,15.0,40.0,37.4
CPT104259,2026-02-21 09:15:46.402554676,5.0,21.0,17.2
CPT103341,2026-02-24 23:28:52.095921878,8.0,26.0,23.0
CPT108649,2026-02-20 21:24:38.352229203,9.0,46.0,26.5
CPT107603,2026-02-20 14:45:52.713652332,9.0,21.0,16.7
CPT117467,2026-02-21 18:27:45.547858236,12.0,35.0,30.7
CPT115761,2026-02-22 04:38:37.705196020,8.0,24.0,18.5
CPT104880,2026-02-23 11:15:51.757339583,8.0,19.0,13.4
CPT115730,2026-02-20 10:15:54.238360579,10.0,53.0,43.3
CPT107387,2026-02-19 21:20:52.054200121,8.0,26.0,22.8
CPT110900,2026-02-19 19:38:12.248034583,11.0,27.0,24.7
CPT112585,2026-02-20 09:02:43.562232235,5.0,18.0,10.4
CPT112509,2026-02-19 12:58:21.553241701,2.0,11.0,6.2
CPT114123,2026-02-21 06:50:47.723707194,3.0,26.0,15.3
CPT123266,2026-02-19 02:19:26.870049626,3.0,13.0,8.8
CPT114947,2026-02-21 15:02:01.126181369,10.0,30.0,19.0
CPT116867,2026-02-22 21:21:21.265631942,13.0,31.0,27.3
CPT114726,2026-02-20 02:40:59.802470437,4.0,23.0,18.2
CPT120814,2026-02-21 17:20:41.890608941,5.0,37.0,29.3
CPT107669,2026-02-20 08:51:42.287421577,3.0,6.0,5.2
CPT122539,2026-02-23 20:17:14.516621585,1.0,12.0,8.8
CPT108685,2026-02-18 12:56:26.678494407,12.0,48.0,44.2
CPT106280,2026-02-20 18:07:27.262829817,13.0,40.0,32.7
CPT106250,2026-02-21 10:28:24.758563326,11.0,31.0,24.3
CPT124600,2026-02-17 16:01:57.493296574,12.0,44.0,33.9
CPT115166,2026-02-19 06:43:36.879626463,3.0,14.0,8.4
CPT100419,2026-02-21 09:42:17.068670795,4.0,6.0,4.3
CPT117917,2026-02-20 03:05:47.178929492,6.0,37.0,29.2
CPT113606,2026-02-23 06:06:38.280925011,10.0,33.0,25.4
CPT109307,2026-02-18 20:38:20.733173250,8.0,22.0,17.7
CPT102547,2026-02-18 16:56:36.162973542,11.0,28.0,16.9
CPT120034,2026-02-19 05:30:35.215911504,7.0,35.0,26.0
CPT103805,2026-02-18 19:20:19.669774187,2.0,18.0,15.7
CPT113800,2026-02-23 10:31:36.155394721,6.0,46.0,33.8
CPT118002,2026-02-24 12:29:00.209207035,7.0,26.0,21.8
CPT105304,2026-02-24 22:57:25.772573404,5.0,34.0,20.3
CPT112972,2026-02-22 13:27:05.614056281,6.0,22.0,15.6
CPT102518,2026-02-23 06:19:42.953519419,7.0,17.0,14.3
CPT100069,2026-02-21 18:43:22.674791733,3.0,5.0,3.8
CPT116639,2026-02-20 13:29:02.268695211,5.0,22.0,20.5
CPT100665,2026-02-20 06:56:57.154503398,3.0,14.0,10.0
CPT100579,2026-02-20 01:17:31.396732734,2.0,9.0,8.2
CPT102982,2026-02-21 18:34:09.715681117,9.0,46.0,36.2
CPT114490,2026-02-20 18:50:43.091557604,5.0,21.0,12.6
CPT120657,2026-02-18 17:06:01.323605338,2.0,7.0,5.9
CPT124464,2026-02-23 12:45:48.165208234,6.0,17.0,10.0
CPT100160,2026-02-19 11:35:25.314634861,7.0,17.0,15.8
CPT120346,2026-02-20 11:34:46.256760579,6.0,9.0,7.2
CPT106010,2026-02-20 19:11:20.796742160,5.0,32.0,29.6
CPT113465,2026-02-20 14:26:58.362100379,8.0,24.0,16.1
CPT105589,2026-02-22 16:13:08.157595927,5.0,12.0,10.0
CPT108133,2026-02-20 07:32:59.234278704,3.0,6.0,5.5
CPT109941,2026-02-21 00:51:13.562938733,6.0,24.0,18.4
CPT103172,2026-02-26 17:29:52.793286002,5.0,16.0,9.2
CPT109754,2026-02-26 12:40:40.276685404,2.0,12.0,7.1
CPT107695,2026-02-19 06:58:20.367100700,4.0,15.0,10.3
CPT120487,2026-02-23 04:56:15.616205892,6.0,19.0,16.6
CPT116167,2026-02-21 03:24:57.929089678,12.0,35.0,20.2
CPT113520,2026-02-21 07:06:56.565877882,8.0,28.0,22.5
CPT115520,2026-02-23 23:16:46.654477344,5.0,7.0,4.7
CPT119163,2026-02-19 22:46:45.517275779,4.0,20.0,17.2
CPT117670,2026-02-25 01:35:08.512174254,8.0,28.0,24.9
CPT104838,2026-03-02 11:20:24.851962090,6.0,50.0,33.0
CPT118322,2026-02-23 02:57:13.010888522,10.0,29.0,17.4
CPT109697,2026-02-24 02:17:40.726040116,4.0,6.0,3.6
CPT101790,2026-02-22 18:09:52.012643462,16.0,48.0,40.1
CPT123531,2026-02-22 14:03:16.383959333,12.0,29.0,21.1
CPT118308,2026-02-19 23:32:20.069947103,2.0,8.0,4.7
CPT102565,2026-02-21 23:02:51.363779127,17.0,50.0,38.7
CPT113091,2026-02-25 15:13:21.593450240,4.0,17.0,9.8
CPT124647,2026-02-22 18:06:23.942074696,8.0,37.0,31.7
CPT102425,2026-02-21 22:49:22.046732753,2.0,21.0,16.8
CPT104186,2026-02-25 13:37:50.867950305,8.0,21.0,12.6
CPT124517,2026-02-25 16:52:08.564751651,6.0,30.0,28.3
CPT106192,2026-02-21 17:09:56.363859985,14.0,68.0,56.7
CPT106912,2026-02-22 16:03:37.055991586,17.0,67.0,43.4
CPT121517,2026-02-25 12:11:53.267153624,1.0,10.0,5.8
CPT104777,2026-02-25 06:19:04.020992111,10.0,49.0,37.7
CPT111907,2026-02-20 10:59:25.901566655,3.0,12.0,6.8
CPT106770,2026-02-22 16:11:06.370488397,8.0,16.0,11.7
CPT115414,2026-02-22 03:11:16.303200471,1.0,17.0,12.8
CPT109869,2026-02-24 12:42:17.139344003,11.0,32.0,19.1
CPT113939,2026-02-25 21:18:26.615389796,6.0,21.0,15.5
CPT102492,2026-02-22 21:51:23.618963791,6.0,19.0,14.9
CPT101381,2026-03-02 07:50:45.281445697,3.0,14.0,7.8
CPT110245,2026-02-22 06:41:11.896580995,5.0,19.0,13.1
CPT111810,2026-02-25 09:02:10.164514781,4.0,37.0,32.1
CPT113005,2026-02-23 19:49:15.126351950,1.0,10.0,8.2
CPT103130,2026-02-25 11:31:47.332743098,24.0,66.0,58.6
CPT103093,2026-02-22 22:47:03.488471964,7.0,26.0,15.7
CPT102241,2026-02-23 07:51:25.281468926,9.0,15.0,13.4
CPT111237,2026-02-23 10:24:35.351668101,12.0,55.0,35.7
CPT111638,2026-02-25 22:41:48.083026852,12.0,70.0,58.4
CPT119209,2026-02-24 06:12:55.030206554,6.0,16.0,9.6
CPT123141,2026-02-24 02:07:06.419126267,13.0,46.0,39.4
CPT123230,2026-02-25 01:11:17.428475316,2.0,21.0,17.9
CPT101694,2026-02-22 20:42:00.203953134,15.0,51.0,29.6
CPT122536,2026-02-25 11:14:11.374467164,8.0,21.0,16.6
CPT123165,2026-02-25 23:46:21.587464336,3.0,12.0,10.8
CPT114836,2026-02-22 03:51:15.916164720,7.0,19.0,13.8
CPT107056,2026-02-22 15:51:52.907990606,6.0,13.0,7.8
CPT104888,2026-02-24 00:53:03.134482892,6.0,56.0,39.6
CPT113927,2026-02-23 17:43:37.576334529,7.0,17.0,10.5
CPT117786,2026-02-25 05:07:16.097783455,14.0,46.0,25.6
CPT101444,2026-02-22 09:34:29.075324952,2.0,11.0,9.5
CPT109900,2026-02-26 12:50:56.033194096,4.0,8.0,7.2
CPT117226,2026-02-23 20:57:52.883135700,5.0,11.0,8.8
CPT111170,2026-02-27 00:22:22.901607187,6.0,23.0,15.7
CPT118380,2026-02-23 02:29:01.052629315,6.0,22.0,14.9
CPT111210,2026-02-22 07:30:01.961142946,6.0,30.0,24.2
CPT109917,2026-02-26 18:22:22.299892503,5.0,21.0,17.0
CPT103566,2026-02-23 09:12:06.192688633,4.0,34.0,32.1
CPT119454,2026-02-25 06:41:22.288580102,5.0,26.0,14.4
CPT112822,2026-02-23 22:41:47.710381056,10.0,38.0,31.9
CPT117852,2026-02-24 03:56:11.014576838,6.0,13.0,10.0
CPT114768,,0.0,0.0,0.0
CPT111722,2026-02-24 11:56:46.630003807,3.0,16.0,13.8
CPT120934,2026-02-23 15:42:56.719808695,8.0,25.0,22.0
CPT118783,2026-02-26 16:05:09.249155184,10.0,40.0,37.7
CPT101391,2026-02-26 23:53:15.103215180,2.0,10.0,8.8
CPT120523,2026-02-23 07:34:34.391599006,5.0,32.0,23.8
CPT121109,2026-02-22 21:57:20.754027261,7.0,16.0,8.9
CPT119668,2026-02-28 02:17:26.190584196,8.0,27.0,25.4
CPT100827,2026-02-24 12:29:07.815436911,8.0,34.0,25.5
CPT105837,2026-02-25 10:53:24.978668937,4.0,20.0,12.8
CPT112522,2026-02-25 13:45:03.708313537,11.0,57.0,32.2
CPT123556,2026-03-01 16:59:16.488798585,10.0,45.0,42.7
CPT111746,2026-02-24 18:50:54.160316919,2.0,21.0,16.4
CPT105914,2026-02-28 23:04:30.594397709,22.0,79.0,63.0
CPT103942,2026-02-25 07:38:42.602619287,5.0,22.0,14.6
CPT119983,2026-03-02 14:43:27.619424540,15.0,62.0,41.0
CPT120558,2026-02-25 18:07:18.450239541,1.0,6.0,3.4
CPT113986,2026-02-28 01:06:50.693983327,8.0,18.0,15.0
CPT124895,2026-02-25 13:22:27.916788356,6.0,23.0,17.3
CPT101482,2026-02-24 14:18:30.021798016,1.0,18.0,10.3
CPT101401,2026-03-01 04:28:50.043698569,11.0,50.0,36.3
CPT115505,2026-02-24 03:22:54.510538614,2.0,27.0,18.6
CPT109555,2026-02-25 16:13:29.468712165,6.0,18.0,16.7
CPT104001,2026-02-28 21:09:01.120606971,2.0,11.0,9.0
CPT104840,2026-03-04 15:47:41.141325763,8.0,36.0,33.5
CPT124577,2026-02-26 14:04:53.415347219,2.0,13.0,7.7
CPT120143,2026-02-24 15:52:57.850150894,16.0,63.0,35.8
CPT117887,,0.0,0.0,0.0
CPT102417,2026-03-05 02:34:49.324455137,5.0,19.0,17.9
CPT121445,2026-03-01 19:41:31.382523140,7.0,28.0,23.5
CPT111631,2026-02-23 07:09:52.458508886,2.0,18.0,10.1
CPT107204,2026-02-28 03:29:15.848796862,15.0,40.0,29.3
CPT109713,2026-03-01 14:03:26.599718013,8.0,50.0,30.0
CPT104017,2026-02-27 06:40:51.169112525,5.0,15.0,8.9
CPT119366,2026-02-27 01:34:49.722379757,3.0,35.0,21.2
CPT105163,2026-02-27 16:09:56.213174900,3.0,16.0,15.0
CPT103499,2026-02-27 16:44:20.584372549,4.0,20.0,11.9
CPT122789,2026-02-28 18:02:09.618704962,6.0,26.0,22.3
CPT112436,2026-02-24 23:56:23.639515150,8.0,27.0,18.6
CPT118954,2026-02-27 18:35:45.624882450,8.0,48.0,27.1
CPT100089,2026-02-22 20:48:29.586824765,4.0,18.0,13.6
CPT102929,2026-02-26 16:00:04.171642827,8.0,39.0,30.6
CPT112902,2026-02-28 23:21:18.964288509,2.0,17.0,9.5
CPT117264,2026-02-24 20:24:42.286193530,7.0,16.0,12.9
CPT103234,2026-02-24 17:29:51.876261352,3.0,15.0,9.7
CPT121086,2026-02-27 12:39:22.747431340,1.0,14.0,8.3
CPT121545,2026-02-27 09:41:53.222507799,10.0,41.0,38.5
CPT101736,2026-02-24 09:03:04.664680109,6.0,31.0,24.1
CPT124939,2026-02-26 21:24:54.387375259,3.0,18.0,15.5
CPT103511,2026-03-01 01:46:51.962419265,8.0,14.0,8.5
CPT112663,2026-03-01 08:57:12.716586256,5.0,24.0,18.1
CPT102401,2026-02-26 10:14:04.363313891,7.0,17.0,15.7
CPT119430,2026-03-01 06:02:35.266295035,6.0,18.0,11.3
CPT100918,2026-03-02 20:24:25.351259485,5.0,20.0,13.9
CPT101181,2026-02-27 00:42:17.427059614,10.0,31.0,29.0
CPT124459,2026-03-01 02:53:33.461287487,1.0,11.0,9.5
CPT103840,2026-02-23 16:42:29.455007198,3.0,13.0,8.6
CPT123843,2026-02-23 22:12:35.194932061,1.0,10.0,9.0
CPT106224,2026-02-23 10:15:45.559646446,5.0,26.0,16.7
CPT111358,2026-02-26 06:47:04.374070001,16.0,45.0,41.9
CPT111667,2026-02-26 01:08:50.099007079,7.0,27.0,18.6
CPT105630,2026-02-26 21:07:12.759297876,9.0,29.0,27.2
CPT119129,2026-02-27 00:27:05.551628204,7.0,23.0,14.7
CPT109146,2026-02-23 12:29:59.130180900,2.0,9.0,6.5
CPT101648,2026-02-26 22:35:15.765900236,11.0,38.0,32.2
CPT114275,2026-03-01 01:14:34.284684505,3.0,21.0,15.5
CPT108408,2026-02-28 04:32:55.448228628,12.0,27.0,16.7
CPT103177,2026-03-02 06:32:26.933175536,11.0,86.0,56.8
CPT121061,2026-03-02 04:31:57.785325422,8.0,29.0,20.8
CPT124134,2026-02-28 09:36:20.077950872,5.0,27.0,18.4
CPT114235,2026-03-01 18:04:29.177669754,5.0,43.0,34.4
CPT106258,2026-02-27 06:27:02.017967741,11.0,39.0,33.5
CPT123741,2026-02-26 09:01:44.876073883,7.0,50.0,44.8
CPT107701,2026-02-28 06:23:27.142643650,6.0,17.0,10.1
CPT106129,2026-02-25 17:21:45.258486605,1.0,9.0,8.4
CPT105191,2026-02-27 18:36:49.464276493,9.0,26.0,22.4
CPT113062,2026-02-28 12:05:58.541316930,2.0,23.0,16.6
CPT101025,2026-02-28 01:23:10.382009890,6.0,26.0,22.9
CPT122651,2026-02-28 08:45:25.722546547,6.0,15.0,8.7
CPT101937,2026-03-04 13:49:19.914034713,6.0,10.0,7.5
CPT111941,2026-02-28 17:38:59.627574569,9.0,27.0,20.7
CPT108017,2026-02-24 23:27:11.635362065,8.0,19.0,12.3
CPT123019,2026-02-26 04:00:28.372497687,2.0,17.0,11.8
CPT110103,2026-02-28 00:43:40.636096782,13.0,38.0,31.0
CPT117989,2026-02-27 20:55:07.968059346,10.0,59.0,35.1
CPT100031,2026-02-26 23:53:29.447210683,2.0,31.0,25.5
CPT109107,2026-02-25 21:06:46.129296417,7.0,33.0,28.7
CPT114138,2026-03-01 01:40:15.207935085,5.0,15.0,11.2
CPT101485,2026-02-27 11:05:23.596155264,19.0,68.0,59.9
CPT109624,2026-03-03 08:37:07.011409339,3.0,33.0,23.7
CPT124902,2026-03-02 08:16:39.530984557,4.0,20.0,16.4
CPT116906,2026-03-05 23:43:56.780902438,6.0,14.0,8.3
CPT122740,2026-02-28 20:41:54.674513423,19.0,32.0,19.8
CPT123955,2026-02-27 06:46:30.890854738,11.0,40.0,30.9
CPT113455,,0.0,0.0,0.0
CPT111609,2026-02-27 20:53:20.318278818,2.0,26.0,15.3
CPT103988,,0.0,0.0,0.0
CPT100012,2026-02-25 18:02:13.191769831,2.0,22.0,15.0
CPT119101,2026-03-01 15:34:58.753489349,3.0,19.0,17.6
CPT123107,2026-03-01 19:01:20.596484465,1.0,22.0,19.4
CPT114110,2026-02-28 13:59:14.291412022,4.0,29.0,26.5
CPT104389,2026-03-02 08:55:25.016950592,2.0,21.0,13.5
CPT108406,2026-03-01 13:34:22.183356015,6.0,34.0,23.8
CPT116563,2026-02-28 11:51:21.728336053,11.0,25.0,16.9
CPT116140,2026-02-28 01:34:38.218791378,8.0,28.0,18.6
CPT101206,2026-02-26 19:12:35.338159233,8.0,35.0,31.9
CPT111700,2026-03-03 11:21:41.071140451,12.0,34.0,29.9
CPT105806,2026-03-03 03:46:51.588401623,5.0,11.0,8.5
CPT123435,2026-03-02 16:23:40.765408847,5.0,10.0,9.2
CPT113213,2026-02-28 02:01:07.510012727,9.0,40.0,37.0
CPT112749,2026-03-01 12:27:14.301155815,5.0,16.0,10.7
CPT113858,2026-03-01 01:57:42.607643850,1.0,23.0,16.7
CPT111694,2026-03-03 06:03:39.343997842,4.0,22.0,20.3
CPT122663,2026-03-04 10:20:44.310454672,6.0,25.0,14.1
CPT112178,2026-02-28 04:42:43.303665383,3.0,27.0,22.9
CPT123477,2026-03-03 07:15:38.684153156,2.0,14.0,8.9
CPT113076,2026-03-03 23:10:44.838292754,5.0,21.0,15.2
CPT109934,2026-03-01 00:28:17.626599806,7.0,8.0,5.5
CPT113355,,0.0,0.0,0.0
CPT101955,2026-03-05 11:58:56.466463191,13.0,58.0,44.3
CPT108675,2026-03-01 12:09:42.057633355,11.0,50.0,30.3
CPT114016,2026-03-02 09:21:17.892721903,5.0,20.0,11.3
CPT101628,2026-03-04 16:55:44.360581955,11.0,47.0,34.3
CPT123555,2026-03-03 02:46:15.430898401,6.0,29.0,16.5
CPT102145,2026-02-28 20:34:26.516130958,11.0,33.0,20.3
CPT124245,2026-02-27 12:41:34.818462524,2.0,6.0,5.0
CPT111468,2026-03-03 00:46:13.974182728,8.0,35.0,32.1
CPT124518,2026-03-03 15:22:21.722452396,12.0,50.0,45.3
CPT111168,2026-03-01 16:32:20.649411976,6.0,15.0,9.5
CPT104348,2026-02-28 22:44:37.984792584,11.0,37.0,23.0
CPT111159,2026-03-07 17:08:40.950226489,9.0,28.0,18.7
CPT110342,2026-03-04 14:33:59.470614837,10.0,18.0,11.0
CPT119623,2026-03-01 07:35:15.738624210,5.0,10.0,9.0
CPT120463,2026-03-07 14:35:00.297489027,5.0,23.0,17.8
CPT122246,2026-03-01 09:20:05.585301671,8.0,63.0,55.9
CPT103891,2026-03-02 13:57:33.692801781,2.0,11.0,10.4
CPT100807,2026-03-05 10:22:53.318136946,7.0,18.0,10.8
CPT102280,2026-03-02 21:04:53.892365061,9.0,46.0,41.8
CPT121474,2026-02-28 08:17:28.314903061,4.0,11.0,6.1
CPT104521,2026-03-02 10:25:44.454285491,5.0,16.0,14.4
CPT120321,2026-03-03 16:35:07.533812291,11.0,33.0,29.4
CPT107698,2026-03-04 00:41:55.814532029,7.0,35.0,21.8
CPT120108,2026-03-07 04:29:48.848545788,4.0,15.0,10.7
CPT103562,2026-03-05 04:04:38.773193461,3.0,44.0,39.0
CPT115154,2026-03-06 03:32:27.119267636,3.0,32.0,18.5
CPT123377,2026-03-02 22:27:56.028942473,2.0,11.0,8.1
CPT111082,2026-03-06 00:49:20.607572904,12.0,37.0,20.8
CPT101720,2026-03-06 01:28:37.772367276,6.0,9.0,5.3
CPT121500,2026-03-01 04:12:52.333720445,5.0,25.0,21.5
CPT108886,2026-03-05 00:22:56.467243309,9.0,25.0,22.0
CPT101660,2026-02-28 19:29:15.793665355,4.0,19.0,16.4
CPT124836,2026-03-03 16:15:49.514054089,7.0,31.0,17.1
CPT124385,2026-03-03 01:31:18.871804286,10.0,29.0,20.6
CPT118789,2026-03-02 02:37:56.185708275,3.0,20.0,13.1
CPT103645,2026-03-01 18:30:48.161465915,4.0,8.0,4.8
CPT102520,2026-03-03 08:00:47.505525092,2.0,23.0,19.9
CPT104690,2026-03-08 20:21:59.274377976,5.0,11.0,10.3
CPT114244,2026-03-06 09:35:40.427958301,6.0,45.0,31.8
CPT108222,2026-03-05 23:27:44.003076864,4.0,8.0,6.2
CPT115470,2026-03-03 19:04:59.289549881,5.0,13.0,11.7
CPT104881,2026-02-28 11:27:47.935485180,4.0,12.0,8.2
CPT108891,2026-03-03 08:46:28.867043269,6.0,28.0,17.4
CPT118812,2026-03-01 21:12:12.693759840,4.0,6.0,3.7
CPT115492,2026-03-06 13:46:15.148751970,4.0,14.0,12.9
CPT119288,2026-03-06 14:09:44.901078941,23.0,99.0,54.6
CPT111961,2026-03-02 23:26:13.752662503,8.0,14.0,9.8
CPT121409,2026-03-01 23:46:58.934568112,8.0,29.0,27.4
CPT123080,2026-02-28 19:02:25.246316080,5.0,36.0,28.6
CPT111403,2026-03-04 07:31:46.282042227,11.0,53.0,39.3
CPT102353,2026-03-04 14:23:45.206842619,6.0,19.0,17.6
CPT111727,2026-02-27 16:27:06.058899368,4.0,10.0,5.9
CPT107380,2026-03-07 07:16:10.806085294,4.0,19.0,15.6
CPT119151,2026-03-04 22:44:17.993981439,3.0,20.0,11.8
CPT124211,2026-03-07 02:52:10.756593489,12.0,31.0,26.1
CPT104854,2026-03-02 21:27:12.478627583,6.0,23.0,21.8
CPT115223,2026-03-03 05:15:22.678711984,4.0,14.0,12.3
CPT115646,2026-03-07 07:28:56.380490833,8.0,35.0,30.8
CPT106281,2026-03-01 23:10:07.038376677,4.0,12.0,6.6
CPT115792,2026-02-28 21:54:44.112267983,6.0,17.0,13.6
CPT101873,2026-03-04 10:26:19.551271307,15.0,44.0,35.8
CPT102367,2026-03-04 13:55:57.677542334,10.0,15.0,11.0
CPT107641,2026-03-04 16:53:58.860434707,2.0,7.0,4.0
CPT123461,2026-03-03 10:29:27.782612167,14.0,59.0,53.5
CPT118936,2026-03-01 18:44:40.937226025,7.0,12.0,8.0
CPT124943,2026-03-03 21:44:46.746784162,7.0,39.0,26.8
CPT107237,2026-03-05 11:53:00.530015725,8.0,39.0,30.5
CPT121944,2026-03-06 03:25:11.289606275,6.0,16.0,11.4
CPT113039,2026-03-03 04:35:02.000956826,17.0,56.0,36.6
CPT106748,2026-03-04 07:03:41.696144535,6.0,18.0,16.3
CPT102426,2026-03-05 16:01:15.783678549,5.0,23.0,17.9
CPT113417,2026-03-05 14:10:09.638398027,7.0,25.0,16.7
CPT106004,2026-03-05 23:07:52.120327661,3.0,12.0,7.7
CPT103747,2026-03-07 08:43:14.441555418,6.0,12.0,11.0
CPT121336,2026-03-04 19:46:09.430181662,5.0,13.0,11.1
CPT121158,2026-03-04 23:42:22.093099517,5.0,20.0,11.3
CPT103032,2026-03-12 09:46:28.533156522,9.0,67.0,37.7
CPT124427,2026-03-03 10:52:38.377514794,4.0,26.0,22.1
CPT104648,2026-03-03 14:33:21.809605030,15.0,43.0,28.3
CPT102592,2026-03-08 09:33:36.481548717,2.0,11.0,7.8
CPT107090,2026-03-06 15:42:58.417237985,3.0,14.0,12.2
CPT110945,2026-03-04 10:39:08.380841563,2.0,12.0,11.2
CPT120109,2026-03-06 06:36:11.650562723,6.0,36.0,34.0
CPT116241,2026-03-04 22:14:33.934905728,5.0,14.0,12.5
CPT120245,2026-03-05 14:41:28.668074501,5.0,28.0,16.4
CPT115840,2026-03-04 03:07:48.820058291,7.0,15.0,12.5
CPT112976,2026-03-12 10:52:12.058230827,7.0,22.0,15.0
CPT103548,2026-03-09 02:13:18.175785816,4.0,20.0,18.9
CPT103887,2026-03-04 11:29:32.039013337,3.0,14.0,9.3
CPT101497,2026-03-04 15:10:17.186836035,6.0,28.0,22.3
CPT117104,2026-03-06 00:18:04.320806421,8.0,31.0,20.5
CPT108699,2026-03-03 07:31:37.751144402,6.0,52.0,28.9
CPT107411,2026-03-06 09:23:36.299767113,7.0,25.0,21.8
CPT110912,2026-03-07 22:07:18.748631403,15.0,39.0,34.9
CPT105956,2026-03-07 04:56:22.972679892,10.0,21.0,14.1
CPT106488,2026-03-06 00:25:19.004695850,7.0,46.0,41.3
CPT120465,2026-03-09 06:22:39.866038432,9.0,32.0,28.8
CPT107611,2026-03-05 14:08:04.577745945,7.0,29.0,21.4
CPT114879,2026-03-06 05:37:13.321211337,3.0,21.0,16.3
CPT103622,2026-03-05 20:31:57.291281082,4.0,8.0,4.5
CPT106263,2026-03-05 22:14:11.674972402,7.0,24.0,20.5
CPT120199,2026-03-04 12:17:33.585487333,5.0,22.0,14.4
CPT101813,2026-03-03 09:14:36.982073814,2.0,14.0,11.5
CPT112666,2026-03-07 01:53:34.032652812,2.0,5.0,4.7
CPT116373,2026-03-09 00:55:45.826093335,9.0,17.0,9.9
CPT103671,2026-03-04 21:32:03.126813906,8.0,21.0,11.6
CPT105985,2026-03-05 12:27:13.782290389,14.0,34.0,21.4
CPT100609,,0.0,0.0,0.0
CPT111095,2026-03-05 19:34:39.367698089,5.0,24.0,15.5
CPT100362,2026-03-04 02:26:22.108548007,11.0,20.0,14.9
CPT102395,2026-03-08 00:43:00.067621060,4.0,14.0,11.6
CPT122595,2026-03-03 22:59:53.206231776,1.0,15.0,13.2
CPT106923,2026-03-07 11:08:12.857617646,7.0,29.0,18.9
CPT119949,2026-03-05 17:55:35.141727600,9.0,31.0,26.1
CPT104439,2026-03-07 01:30:06.224133127,18.0,107.0,86.7
CPT108872,2026-03-11 14:13:45.192911517,8.0,23.0,20.3
CPT119127,2026-03-06 15:18:05.957725352,9.0,28.0,17.7
CPT104872,2026-03-08 08:40:02.458155523,9.0,28.0,20.9
CPT112894,2026-03-07 21:13:25.650377001,4.0,12.0,10.8
CPT118323,2026-03-08 11:33:23.969224804,9.0,39.0,35.3
CPT120857,2026-03-07 04:21:18.275378329,3.0,19.0,17.1
CPT123817,2026-03-07 13:32:59.354647536,10.0,33.0,18.7
CPT107722,2026-03-09 12:44:54.208937138,2.0,9.0,5.2
CPT120679,2026-03-06 21:05:27.372281576,4.0,13.0,11.9
CPT117576,2026-03-06 19:14:49.760540243,9.0,42.0,32.6
CPT109744,2026-03-08 07:13:54.772300527,9.0,25.0,22.2
CPT115713,2026-03-06 21:20:16.425442127,3.0,5.0,3.6
CPT104400,2026-03-11 14:14:45.927430140,10.0,28.0,23.8
CPT118599,2026-03-05 00:07:07.774979255,5.0,24.0,15.1
CPT104507,2026-03-08 04:29:39.661653773,4.0,54.0,49.7
CPT106387,2026-03-09 04:51:53.310817842,5.0,27.0,16.2
CPT119234,2026-03-06 04:20:33.584980394,4.0,18.0,16.4
CPT111584,2026-03-12 05:55:16.217962782,4.0,19.0,13.0
CPT111131,2026-03-11 07:03:35.707003721,10.0,60.0,51.1
CPT108727,2026-03-06 03:40:36.289501802,5.0,25.0,22.8
CPT105560,2026-03-08 11:16:38.677053465,6.0,20.0,14.0
CPT105485,2026-03-13 03:33:32.971594095,16.0,78.0,48.4
CPT115551,2026-03-08 08:37:37.286796876,12.0,58.0,45.1
CPT113880,2026-03-08 20:36:33.682658521,9.0,15.0,12.1
CPT107215,2026-03-11 06:29:32.371360962,9.0,28.0,18.5
CPT123846,2026-03-11 10:51:59.775150894,3.0,13.0,10.8
CPT123818,2026-03-08 11:44:17.039237622,4.0,19.0,13.5
CPT123437,2026-03-08 01:01:00.312801898,9.0,44.0,34.6
CPT101838,2026-03-12 04:08:17.159676871,13.0,50.0,35.9
CPT100480,2026-03-10 05:50:43.763998962,3.0,16.0,9.9
CPT100481,2026-03-09 18:23:57.730413489,4.0,22.0,19.5
CPT115892,,0.0,0.0,0.0
CPT101202,2026-03-06 20:34:31.275490297,9.0,41.0,29.8
CPT121949,2026-03-08 12:20:46.597653102,6.0,33.0,27.4
CPT123617,2026-03-08 01:40:00.449523498,10.0,26.0,16.3
CPT116729,2026-03-07 00:23:37.307562920,3.0,18.0,12.0
CPT113007,2026-03-07 00:12:06.852919292,7.0,40.0,24.2
CPT105700,2026-03-08 05:13:13.630302808,5.0,16.0,14.3
CPT102303,2026-03-08 00:15:50.420436598,9.0,49.0,36.8
CPT104476,2026-03-09 05:30:54.453568652,8.0,11.0,7.8
CPT113466,2026-03-06 14:56:34.442805579,7.0,25.0,18.1
CPT114882,2026-03-09 05:57:40.508206651,7.0,34.0,22.8
CPT121907,2026-03-06 14:41:53.181324389,14.0,36.0,24.4
CPT110157,2026-03-07 15:44:50.442115536,7.0,33.0,26.7
CPT105059,2026-03-10 07:49:39.763052727,8.0,24.0,21.1
CPT122301,2026-03-14 21:28:32.235356308,2.0,6.0,4.5
CPT102374,2026-03-10 19:47:50.285667765,4.0,26.0,19.4
CPT123987,2026-03-08 18:42:36.839768473,11.0,45.0,38.9
CPT124000,2026-03-10 06:53:24.510469846,6.0,21.0,17.3
CPT111893,2026-03-08 05:53:13.943099379,4.0,16.0,9.4
CPT102853,2026-03-08 19:03:56.927045025,13.0,49.0,38.9
CPT119789,,0.0,0.0,0.0
CPT115571,2026-03-11 05:35:43.074433131,21.0,85.0,61.3
CPT116710,2026-03-10 04:03:58.084835354,4.0,5.0,3.7
CPT109263,,0.0,0.0,0.0
CPT102210,2026-03-12 04:26:21.671288329,14.0,37.0,22.1
CPT110543,2026-03-09 20:01:38.752646879,5.0,8.0,5.2
CPT119054,2026-03-15 03:40:17.263553122,18.0,47.0,38.4
CPT116837,2026-03-09 19:19:01.583609689,8.0,31.0,22.5
CPT112215,2026-03-07 09:50:47.673533384,1.0,10.0,8.0
CPT106792,2026-03-08 16:49:18.860500230,4.0,9.0,5.6
CPT101102,2026-03-07 19:10:05.392470445,2.0,17.0,13.5
CPT109478,2026-03-11 23:34:57.160925815,6.0,25.0,15.2
CPT102232,2026-03-10 03:49:59.957178195,6.0,24.0,20.1
CPT101794,2026-03-09 21:28:49.875662252,6.0,20.0,18.8
CPT116778,2026-03-09 10:51:45.245897009,10.0,34.0,28.8
CPT108140,2026-03-08 02:44:17.685603479,5.0,16.0,14.3
CPT118578,2026-03-07 05:46:29.441819481,1.0,9.0,7.0
CPT122780,2026-03-07 16:01:16.656708044,6.0,35.0,20.0
CPT106889,2026-03-08 04:21:33.493238200,4.0,18.0,11.0
CPT101037,2026-03-15 16:13:24.086212758,10.0,42.0,24.6
CPT115790,2026-03-11 04:47:25.248331204,5.0,26.0,23.3
CPT103523,2026-03-10 21:35:56.576522678,2.0,24.0,18.6
CPT120137,2026-03-07 19:55:55.956621720,8.0,37.0,34.8
CPT119063,2026-03-08 03:16:41.608948968,7.0,12.0,8.7
CPT123703,2026-03-12 22:54:32.327670775,3.0,5.0,4.6
CPT110779,2026-03-17 22:27:57.631441075,10.0,15.0,9.5
CPT112204,2026-03-10 22:37:04.668470226,10.0,23.0,15.3
CPT118716,2026-03-11 15:00:46.586019674,3.0,13.0,8.7
CPT120958,2026-03-10 08:30:51.762689918,4.0,20.0,11.8
CPT101090,2026-03-09 21:26:17.053824703,9.0,17.0,15.1
CPT115030,2026-03-15 14:14:36.989553707,7.0,21.0,16.9
CPT100829,2026-03-11 21:13:41.829953236,12.0,34.0,22.4
CPT122211,2026-03-11 01:51:04.462600326,11.0,29.0,27.1
CPT117531,2026-03-09 08:54:12.329825564,17.0,58.0,42.0
CPT113139,2026-03-12 08:16:26.534892392,6.0,44.0,27.8
CPT102878,2026-03-10 14:56:55.804835627,7.0,19.0,11.2
CPT119109,2026-03-10 15:04:56.041470569,7.0,29.0,24.7
CPT114844,2026-03-11 22:43:53.546557141,4.0,17.0,12.5
CPT110700,2026-03-09 15:51:28.163155646,2.0,13.0,9.3
CPT100168,2026-03-12 07:41:19.176826785,13.0,27.0,19.2
CPT110904,2026-03-10 23:41:11.482011681,10.0,19.0,16.6
CPT116744,2026-03-10 22:25:49.843815420,4.0,21.0,13.0
CPT124328,2026-03-12 15:23:51.774298416,13.0,58.0,37.3
CPT114173,2026-03-11 19:17:14.300613467,5.0,21.0,14.9
CPT119613,2026-03-09 22:00:26.524135667,8.0,13.0,9.1
CPT101175,2026-03-13 06:48:00.114989070,7.0,16.0,14.6
CPT104747,2026-03-12 00:17:33.072747765,5.0,38.0,21.3
CPT107318,2026-03-09 21:51:14.054645020,9.0,36.0,30.5
CPT122445,2026-03-08 12:05:45.187673932,5.0,18.0,16.9
CPT104285,2026-03-16 05:48:39.758237495,4.0,18.0,17.0
CPT104191,2026-03-09 12:41:04.946934133,11.0,42.0,25.4
CPT116719,2026-03-14 17:32:42.067235722,4.0,32.0,25.3
CPT107665,2026-03-12 02:30:18.004770411,8.0,25.0,17.8
CPT109223,2026-03-09 18:54:12.613020081,8.0,18.0,14.3
CPT121618,2026-03-13 06:36:45.040344858,13.0,44.0,30.4
CPT105255,2026-03-12 10:07:25.951442714,5.0,18.0,10.1
CPT108624,2026-03-11 16:43:05.782782372,20.0,115.0,74.7
CPT119584,2026-03-14 07:47:49.868550354,3.0,31.0,27.6
CPT107142,2026-03-12 13:12:07.740408477,5.0,20.0,11.2
CPT119171,2026-03-13 11:17:54.736626895,4.0,16.0,12.6
CPT107408,2026-03-11 15:42:23.698058569,9.0,33.0,22.2
CPT114513,2026-03-15 01:18:27.358910191,7.0,36.0,26.5
CPT114657,2026-03-15 03:27:19.733952614,14.0,44.0,28.4
CPT103720,2026-03-12 15:15:23.894765457,17.0,62.0,45.6
CPT124951,2026-03-14 06:55:00.061995158,3.0,19.0,14.1
CPT109201,2026-03-11 02:14:36.439860471,4.0,10.0,9.3
CPT107751,2026-03-18 17:21:33.401299964,2.0,13.0,8.3
CPT106995,2026-03-11 06:32:43.987821933,6.0,42.0,29.6
CPT112898,2026-03-13 05:11:11.385662802,7.0,16.0,12.6
CPT123350,2026-03-10 12:05:06.287065151,8.0,38.0,32.5
CPT115755,2026-03-09 10:27:23.415836587,10.0,40.0,36.2
CPT122909,2026-03-15 09:17:12.581141621,6.0,13.0,8.8
CPT103722,2026-03-13 05:02:12.595830012,9.0,40.0,36.6
CPT118958,2026-03-11 16:45:46.668833290,5.0,27.0,19.4
CPT124834,2026-03-12 05:53:52.224830302,5.0,23.0,20.1
CPT122453,2026-03-16 02:13:26.452083436,8.0,38.0,24.9
CPT118689,2026-03-12 19:11:42.652444060,1.0,7.0,6.4
CPT117942,2026-03-12 09:02:28.460951380,3.0,35.0,20.4
CPT104749,2026-03-12 21:52:09.040124891,20.0,46.0,34.2
CPT109273,2026-03-11 04:41:57.763966597,10.0,24.0,20.9
CPT107414,2026-03-15 15:30:17.977082513,9.0,26.0,20.5
CPT115448,2026-03-13 07:27:41.113945550,11.0,30.0,24.2
CPT114053,2026-03-14 06:50:38.742667861,8.0,32.0,17.9
CPT107896,2026-03-12 12:39:52.919070638,2.0,14.0,12.2
CPT118204,2026-03-12 20:11:47.709255529,21.0,59.0,41.8
CPT117450,2026-03-11 19:03:46.323041954,3.0,4.0,3.4
CPT120462,2026-03-15 03:27:23.311209276,3.0,13.0,9.0
CPT112446,2026-03-12 06:37:39.811293859,4.0,28.0,24.3
CPT111806,2026-03-10 17:16:10.534861071,3.0,14.0,12.8
CPT120769,2026-03-13 17:03:17.813476721,4.0,21.0,17.0
CPT116937,2026-03-15 06:02:39.892875774,10.0,27.0,22.5
CPT101589,2026-03-15 07:23:11.270529285,9.0,35.0,29.4
CPT112182,2026-03-13 19:23:51.786374129,5.0,9.0,6.5
CPT119326,2026-03-11 16:25:50.326041567,6.0,24.0,18.4
CPT109550,2026-03-11 03:30:55.930311051,11.0,46.0,32.8
CPT108945,2026-03-12 04:46:55.914660084,6.0,31.0,22.5
CPT121219,2026-03-12 01:11:56.094809347,7.0,17.0,14.2
CPT118893,2026-03-14 09:01:40.533297112,10.0,19.0,14.2
CPT114688,2026-03-13 23:01:10.090976027,13.0,58.0,39.0
CPT112923,2026-03-12 01:31:23.230212698,5.0,15.0,13.6
CPT105205,2026-03-11 17:07:01.826017475,1.0,29.0,18.0
CPT101196,2026-03-15 03:45:27.401397077,9.0,42.0,37.4
CPT105422,2026-03-13 09:01:49.581862287,5.0,27.0,23.9
CPT114183,2026-03-11 02:35:10.542326660,5.0,15.0,12.4
CPT123167,2026-03-11 16:10:15.312158361,11.0,38.0,22.2
CPT107326,2026-03-13 13:37:51.389398066,17.0,38.0,30.7
CPT118864,2026-03-15 02:57:27.083284740,2.0,20.0,14.7
CPT123636,2026-03-14 13:59:17.819031554,8.0,41.0,28.3
CPT120329,2026-03-13 11:00:09.562751391,11.0,21.0,14.2
CPT112610,2026-03-12 12:41:22.298250315,10.0,17.0,13.4
CPT103773,2026-03-13 07:10:53.190770261,8.0,34.0,22.1
CPT111845,2026-03-14 13:22:43.535630520,5.0,27.0,25.3
CPT123010,2026-03-10 18:52:11.828450021,9.0,18.0,12.5
CPT104361,2026-03-11 08:42:57.637398425,2.0,19.0,14.6
CPT101045,2026-03-13 21:41:46.747774227,9.0,35.0,29.1
CPT101332,2026-03-16 22:23:42.907836598,21.0,54.0,43.9
CPT122770,2026-03-18 12:55:24.548597033,1.0,1.0,0.8
CPT115770,2026-03-14 20:33:05.668387866,4.0,16.0,10.6
CPT109144,2026-03-16 16:54:27.405674924,9.0,30.0,28.2
CPT104727,2026-03-17 14:27:43.256786348,7.0,24.0,20.2
CPT101760,2026-03-13 13:57:22.025380159,5.0,16.0,11.8
CPT116616,2026-03-13 19:09:38.660839768,1.0,26.0,24.0
CPT123656,2026-03-16 10:27:14.799253434,10.0,26.0,14.6
CPT108268,2026-03-18 11:54:22.837445833,16.0,54.0,34.7
CPT111370,2026-03-12 00:19:15.615788856,5.0,17.0,15.5
CPT117147,2026-03-12 03:51:50.693148839,2.0,18.0,11.2
CPT118046,2026-03-11 17:55:59.334130582,6.0,15.0,10.9
CPT121507,2026-03-13 11:48:44.944193521,11.0,50.0,45.0
CPT103337,2026-03-16 21:13:11.256358165,2.0,16.0,9.8
CPT103551,2026-03-12 13:11:31.408608570,12.0,57.0,49.0
CPT103542,2026-03-14 10:10:16.487075266,7.0,25.0,16.7
CPT114653,2026-03-14 03:33:46.585592366,14.0,29.0,25.4
CPT118791,2026-03-12 18:51:12.709336818,5.0,28.0,17.3
CPT119275,2026-03-13 19:01:22.272760069,6.0,18.0,15.9
CPT100094,2026-03-16 21:16:36.409721546,3.0,37.0,21.9
CPT124039,2026-03-16 09:39:39.528586465,5.0,21.0,13.5
CPT124115,2026-03-12 21:20:52.857336665,5.0,25.0,23.3
CPT116798,2026-03-13 23:58:31.146244398,7.0,51.0,28.5
CPT106009,2026-03-13 23:46:36.234379328,5.0,18.0,16.1
CPT118207,2026-03-12 18:36:46.779777209,7.0,26.0,21.4
CPT118411,2026-03-13 20:10:12.386930583,9.0,27.0,21.0
CPT107887,2026-03-15 16:15:33.848275792,7.0,44.0,40.8
CPT107407,2026-03-17 00:53:17.354434495,11.0,62.0,57.1
CPT122918,2026-03-15 18:16:43.288182349,6.0,35.0,23.7
CPT118084,2026-03-16 02:46:35.180687509,1.0,13.0,12.2
CPT105504,2026-03-18 10:25:31.367663959,4.0,24.0,13.6
CPT105164,2026-03-14 00:08:18.177847845,7.0,17.0,9.7
CPT107563,2026-03-16 14:37:38.927086197,14.0,45.0,31.1
CPT116965,2026-03-15 19:00:45.293145817,5.0,22.0,15.3
CPT103537,2026-03-18 06:09:54.328588955,9.0,28.0,16.6
CPT108005,2026-03-15 09:42:08.213420711,5.0,26.0,23.8
CPT111181,2026-03-14 20:17:07.708806277,8.0,24.0,22.0
CPT118709,2026-03-19 02:55:05.666256060,12.0,40.0,30.9
CPT118775,2026-03-13 08:50:55.669302717,12.0,40.0,35.1
CPT105005,2026-03-13 20:50:57.108164815,4.0,27.0,19.5
CPT123409,,0.0,0.0,0.0
CPT123203,2026-03-15 07:13:15.400227593,7.0,21.0,19.4
CPT103815,2026-03-16 08:27:53.728368256,7.0,25.0,22.8
CPT101417,2026-03-16 12:18:46.838136346,5.0,16.0,13.7
CPT119893,2026-03-16 06:45:03.023607849,6.0,11.0,8.7
CPT123485,2026-03-20 04:22:44.672225585,11.0,39.0,31.3
CPT105363,2026-03-17 12:49:56.246902045,5.0,28.0,19.3
CPT101881,2026-03-17 17:01:22.754240776,8.0,32.0,28.5
CPT121924,2026-03-19 08:21:26.381328973,6.0,37.0,34.6
CPT103165,2026-03-13 11:20:47.690227164,1.0,9.0,6.3
CPT101853,2026-03-13 23:59:41.448765178,1.0,10.0,9.0
CPT124239,2026-03-17 09:15:03.376207322,9.0,21.0,15.0
CPT116451,2026-03-19 10:21:06.219428097,3.0,9.0,7.0
CPT121791,2026-03-16 05:55:20.682420511,3.0,8.0,4.9
CPT114401,2026-03-15 04:59:31.632941178,11.0,74.0,58.2
CPT107950,2026-03-16 10:56:22.289999124,7.0,14.0,10.7
CPT115108,2026-03-15 03:41:18.645760426,11.0,52.0,37.0
CPT118741,2026-03-14 10:55:51.739441574,2.0,41.0,32.4
CPT114212,2026-03-17 09:05:10.743276606,2.0,22.0,19.7
CPT105377,2026-03-17 04:55:44.748142047,4.0,31.0,19.5
CPT102656,2026-03-19 01:20:54.600317886,6.0,15.0,11.6
CPT105108,2026-03-13 19:05:11.425159852,3.0,13.0,8.9
CPT121582,2026-03-20 03:35:48.978715841,11.0,25.0,19.8
CPT109906,2026-03-13 19:04:13.821776016,9.0,14.0,10.5
CPT124267,2026-03-18 10:15:51.595554443,1.0,8.0,7.0
CPT114727,2026-03-18 09:28:19.309556229,6.0,27.0,17.8
CPT100602,2026-03-18 09:01:27.441153597,10.0,37.0,30.7
CPT119272,2026-03-18 20:13:06.026772584,6.0,55.0,32.2
CPT102266,2026-03-17 10:22:38.239806331,6.0,15.0,12.9
CPT121805,2026-03-21 03:27:25.821939646,13.0,36.0,31.9
CPT108401,2026-03-18 02:19:45.046108153,8.0,38.0,26.7
CPT101416,2026-03-18 15:33:10.629467274,1.0,9.0,5.5
CPT114810,2026-03-18 05:41:02.189469419,5.0,7.0,4.3
CPT123222,2026-03-16 18:21:18.837717207,5.0,11.0,9.9
CPT114616,2026-03-18 20:30:02.221069182,3.0,9.0,5.6
CPT120733,2026-03-16 01:00:27.250098810,7.0,24.0,21.7
CPT110309,2026-03-19 09:20:37.413060789,7.0,18.0,16.1
CPT119532,2026-03-20 10:30:26.565464859,4.0,7.0,5.8
CPT114364,2026-03-15 13:27:23.992027642,4.0,20.0,14.8
CPT110178,2026-03-18 14:51:18.987475009,8.0,37.0,21.2
CPT108530,2026-03-17 23:13:23.799639944,9.0,50.0,35.7
CPT113081,2026-03-20 00:28:29.351582796,13.0,21.0,14.7
CPT101154,2026-03-16 20:27:07.010514634,10.0,18.0,10.8
CPT104308,2026-03-20 21:30:32.695066124,11.0,22.0,16.4
CPT124632,2026-03-19 22:34:53.037590093,6.0,15.0,13.7
CPT116642,2026-03-23 00:08:46.852542619,29.0,105.0,63.9
CPT123020,2026-03-19 00:54:15.906491111,13.0,56.0,50.1
CPT104423,2026-03-20 13:48:22.537849909,15.0,42.0,30.8
CPT105830,2026-03-20 08:34:41.446048223,10.0,49.0,46.5
CPT108057,2026-03-16 10:05:50.558932903,8.0,8.0,5.9
CPT114799,2026-03-20 14:16:51.841143910,4.0,22.0,20.9
CPT116914,2026-03-19 03:53:09.417700090,6.0,13.0,12.3
CPT118880,2026-03-19 05:21:58.027758928,1.0,6.0,4.6
CPT103829,2026-03-17 11:12:20.533497723,7.0,30.0,20.0
CPT123866,2026-03-17 23:52:17.667885354,5.0,17.0,14.7
CPT112912,2026-03-21 14:17:01.619302469,4.0,25.0,21.3
CPT108099,2026-03-18 14:10:29.955883827,6.0,37.0,25.2
CPT123228,2026-03-18 16:02:18.446286822,2.0,13.0,12.3
CPT115604,2026-03-18 09:59:35.827737756,8.0,44.0,37.8
CPT105156,2026-03-20 02:06:18.071337955,7.0,16.0,10.7
CPT108910,2026-03-15 08:54:23.696137632,3.0,15.0,10.6
CPT119973,2026-03-19 15:02:50.609714846,3.0,15.0,8.7
CPT112214,2026-03-26 06:58:13.283895485,12.0,42.0,37.9
CPT115926,2026-03-20 01:33:47.674852533,10.0,52.0,40.4
CPT113448,2026-03-21 07:36:45.360890779,8.0,32.0,19.9
CPT107483,2026-03-19 09:42:09.630731921,3.0,13.0,10.6
CPT120417,2026-03-21 10:24:44.844471441,18.0,110.0,86.6
CPT113168,2026-03-18 12:00:29.083892926,8.0,39.0,31.8
CPT111018,2026-03-20 14:59:43.889331923,5.0,17.0,11.2
CPT114361,2026-03-16 04:47:41.640937711,9.0,33.0,23.6
CPT109385,2026-03-17 18:49:34.429531492,15.0,125.0,99.5
CPT116249,,0.0,0.0,0.0
CPT120043,2026-03-18 20:56:29.797935434,8.0,28.0,21.3
CPT106248,2026-03-18 07:40:54.709921414,13.0,46.0,39.8
CPT123585,2026-03-19 13:56:22.155217437,4.0,3.0,2.3
CPT105865,2026-03-18 04:33:19.992886483,4.0,16.0,8.9
CPT103122,2026-03-22 07:41:24.465183978,4.0,22.0,18.8
CPT105446,2026-03-17 15:59:38.337151502,5.0,15.0,13.3
CPT110050,2026-03-20 08:30:54.890158061,5.0,13.0,11.5
CPT111388,2026-03-22 05:48:42.807763513,4.0,22.0,18.4
CPT110955,2026-03-16 18:49:49.918132874,4.0,17.0,10.3
CPT124301,2026-03-20 21:41:25.053517698,10.0,41.0,23.8
CPT117332,2026-03-17 10:53:07.722191648,7.0,28.0,24.9
CPT100987,2026-03-18 22:28:51.463260520,3.0,17.0,14.9
CPT117464,2026-03-17 17:14:11.608444811,13.0,47.0,37.0
CPT120648,2026-03-23 06:21:00.310883478,6.0,33.0,23.5
CPT112560,2026-03-18 00:07:32.656131254,1.0,8.0,6.7
CPT113290,2026-03-18 14:33:06.274058443,9.0,28.0,16.6
CPT105586,2026-03-17 15:17:58.814930550,16.0,47.0,38.1
CPT108822,2026-03-21 20:41:12.034923924,9.0,41.0,36.7
CPT121930,2026-03-20 03:08:54.003929101,4.0,23.0,14.9
CPT106938,2026-03-16 18:18:29.401500669,3.0,4.0,2.7
CPT119076,2026-03-21 21:07:21.458405807,10.0,34.0,27.9
CPT107628,2026-03-20 18:13:38.862966490,6.0,23.0,17.3
CPT122061,2026-03-17 13:19:16.711253901,9.0,27.0,16.2
CPT116963,2026-03-21 00:09:02.634292046,8.0,38.0,28.5
CPT114266,2026-03-19 02:53:04.450166639,4.0,28.0,17.9
CPT108048,2026-03-18 19:34:33.434007477,9.0,37.0,25.7
CPT104411,2026-03-18 11:41:19.994489193,5.0,15.0,14.2
CPT118354,2026-03-16 17:37:46.651262262,3.0,12.0,6.9
CPT124062,2026-03-20 23:49:14.260359727,1.0,15.0,9.6
CPT105341,2026-03-21 07:55:24.422047200,5.0,15.0,9.8
CPT103807,2026-03-23 02:12:49.748542333,5.0,16.0,15.1
CPT102383,2026-03-26 03:41:47.547023650,7.0,26.0,17.0
CPT122304,2026-03-25 17:24:15.185802612,5.0,21.0,19.2
CPT117389,2026-03-22 01:37:13.152885050,2.0,9.0,7.4
CPT117943,2026-03-21 12:34:10.788952372,9.0,39.0,32.6
CPT113706,2026-03-19 11:43:47.772951472,11.0,49.0,32.2
CPT108972,2026-03-20 03:18:32.289569890,5.0,18.0,12.5
CPT101845,2026-03-19 22:48:07.547061961,5.0,34.0,20.5
CPT120170,2026-03-26 00:35:27.362096592,10.0,48.0,38.8
CPT119382,2026-03-17 19:43:02.874271092,3.0,19.0,13.5
CPT105795,2026-03-19 13:47:10.314228687,8.0,56.0,49.4
CPT108472,2026-03-21 22:55:57.906878988,2.0,15.0,10.9
CPT110055,2026-03-22 08:12:06.652263541,9.0,22.0,14.9
CPT106527,2026-03-21 21:46:14.667079865,3.0,7.0,4.2
CPT120741,2026-03-20 20:39:50.282917627,14.0,30.0,20.6
CPT100108,2026-03-21 20:58:57.253092632,7.0,17.0,12.8
CPT112424,2026-03-18 15:35:59.081340537,4.0,25.0,19.2
CPT115554,2026-03-21 18:45:26.512664104,5.0,25.0,17.9
CPT104510,2026-03-21 14:26:36.901593078,10.0,34.0,27.7
CPT106864,2026-03-20 16:07:34.577604303,4.0,17.0,11.8
CPT101515,2026-03-21 08:19:21.603990928,6.0,31.0,23.7
CPT119708,2026-03-21 04:19:34.093210210,6.0,15.0,10.3
CPT117607,2026-03-20 13:07:46.651977654,9.0,20.0,15.5
CPT103738,2026-03-19 15:10:25.698568848,9.0,34.0,19.1
CPT117884,2026-03-25 02:48:37.814319224,8.0,19.0,17.7
CPT107727,2026-03-20 04:48:29.312631115,6.0,24.0,18.8
CPT115494,2026-03-21 06:09:47.369139836,7.0,40.0,23.3
CPT112890,2026-03-23 01:28:20.830792539,4.0,23.0,18.7
CPT103324,2026-03-20 06:01:34.353329775,9.0,38.0,29.6
CPT100127,2026-03-19 19:10:53.283112031,7.0,27.0,23.9
CPT107245,2026-03-21 06:06:38.662356220,10.0,30.0,28.5
CPT101357,2026-03-24 21:54:27.573642679,9.0,21.0,16.4
CPT103117,2026-03-22 18:43:29.453926315,5.0,25.0,22.0
CPT121493,2026-03-24 10:51:07.707392170,1.0,14.0,8.7
CPT124290,2026-03-21 22:21:34.963640191,5.0,18.0,14.2
CPT106368,2026-03-22 15:57:17.123109408,8.0,39.0,33.3
CPT113014,2026-03-19 15:56:40.557844746,3.0,9.0,5.0
CPT107273,2026-03-19 12:08:11.704026877,1.0,12.0,9.2
CPT121863,2026-03-20 20:40:44.106811058,4.0,32.0,20.0
CPT113200,2026-03-28 00:32:42.886976992,12.0,34.0,20.0
CPT111167,2026-03-19 19:23:45.921193241,5.0,16.0,10.0
CPT111603,2026-03-25 13:39:37.215314587,20.0,85.0,61.1
CPT102928,2026-03-20 20:59:36.947596079,6.0,28.0,19.2
CPT111195,2026-03-19 16:22:25.194566604,6.0,24.0,20.6
CPT103931,2026-03-21 14:52:46.891616582,2.0,18.0,15.0
CPT121910,2026-03-22 09:02:41.254391002,4.0,26.0,14.8
CPT112331,2026-03-23 05:31:08.944963834,2.0,14.0,13.3
CPT105326,2026-03-20 10:46:52.017675538,3.0,14.0,10.8
CPT109222,2026-03-21 18:19:29.194576549,4.0,28.0,16.5
CPT117985,2026-03-20 19:53:36.902113184,8.0,41.0,37.1
CPT114972,2026-03-23 04:16:05.241224881,4.0,22.0,18.5
CPT117111,2026-03-23 07:28:06.455032280,5.0,15.0,10.4
CPT122687,2026-03-25 15:08:07.867501330,18.0,56.0,38.2
CPT106551,2026-03-21 07:53:32.288578480,6.0,8.0,6.9
CPT122743,2026-03-24 09:12:58.529644880,14.0,51.0,36.3
CPT101661,2026-03-23 11:27:06.862905134,8.0,20.0,14.5
CPT115185,2026-03-21 11:22:39.216616995,5.0,12.0,10.7
CPT111500,2026-03-19 06:22:47.314514195,7.0,36.0,32.2
CPT110153,2026-03-24 02:17:50.244562232,1.0,14.0,11.2
CPT102192,2026-03-24 10:27:12.017449298,7.0,18.0,11.6
CPT116979,2026-03-22 13:40:48.092499357,16.0,49.0,35.0
CPT100281,2026-03-22 08:13:05.336249285,4.0,27.0,21.7
CPT122924,2026-03-22 14:02:12.655169649,2.0,13.0,10.6
CPT112492,2026-03-20 22:31:08.969360791,4.0,7.0,4.4
CPT113216,2026-03-28 03:44:02.439928960,6.0,25.0,20.2
CPT112365,2026-03-20 18:47:23.469693176,1.0,14.0,10.0
CPT123787,2026-03-23 07:26:42.420987467,9.0,29.0,26.3
CPT108787,2026-03-22 06:37:43.974698759,7.0,32.0,23.6
CPT100682,2026-03-20 10:37:00.579291598,8.0,25.0,18.4
CPT124574,2026-03-22 16:09:34.804833927,2.0,15.0,11.7
CPT120197,2026-03-23 22:49:43.355534661,10.0,76.0,47.7
CPT113984,2026-03-24 01:31:04.048063721,7.0,43.0,29.8
CPT119148,2026-03-22 02:17:53.739579278,11.0,29.0,19.2
CPT108373,2026-03-22 13:42:54.631136980,7.0,30.0,27.8
CPT122611,2026-03-25 03:28:42.290813355,11.0,34.0,27.7
CPT105576,2026-03-25 09:41:02.587329214,5.0,19.0,14.1
CPT114990,2026-03-28 01:25:43.680814072,2.0,14.0,10.6
CPT123558,2026-03-23 16:34:07.375415945,16.0,59.0,46.9
CPT119457,2026-03-24 05:51:01.241499570,3.0,10.0,8.8
CPT118190,2026-03-22 23:09:44.351629571,4.0,15.0,11.8
CPT123272,2026-03-23 16:41:44.798653155,3.0,23.0,17.2
CPT108567,2026-03-20 08:56:32.323317363,18.0,46.0,42.0
CPT124281,2026-03-26 02:40:33.645439303,2.0,6.0,5.2
CPT122973,2026-03-25 06:14:29.889382233,2.0,14.0,7.9
CPT103459,2026-03-22 18:22:44.501328856,15.0,65.0,59.0
CPT103188,2026-03-21 21:24:35.770430402,10.0,20.0,15.6
CPT122004,2026-03-26 06:09:24.405779296,6.0,24.0,21.7
CPT103384,2026-03-23 18:53:01.298057228,6.0,11.0,9.7
CPT114374,2026-03-24 10:13:57.190263816,6.0,13.0,10.1
CPT100486,2026-03-26 21:16:58.698000508,2.0,4.0,3.4
CPT116991,2026-03-22 00:21:31.060710458,11.0,38.0,26.6
CPT107445,2026-03-21 02:27:52.723443524,3.0,22.0,20.2
CPT104883,2026-03-25 10:56:32.230218982,8.0,16.0,11.9
CPT100520,2026-03-25 07:16:05.248559844,2.0,9.0,6.7
CPT121491,2026-03-24 13:46:12.788637221,9.0,41.0,31.4
CPT102372,2026-03-25 03:15:16.278512164,10.0,47.0,39.6
CPT106662,2026-03-26 02:02:41.623437509,17.0,76.0,64.2
CPT104681,2026-03-29 14:08:41.985284049,8.0,37.0,32.4
CPT106563,2026-03-26 11:23:27.571441360,3.0,17.0,11.9
CPT110655,2026-03-23 07:16:56.613698593,4.0,25.0,15.7
CPT122054,2026-03-27 04:12:05.459302045,6.0,22.0,20.1
CPT123357,2026-03-23 21:24:02.756859353,11.0,56.0,36.5
CPT111915,2026-03-27 20:09:44.139518921,8.0,36.0,25.9
CPT109300,2026-03-26 05:08:42.748674887,12.0,32.0,18.9
CPT100506,2026-03-24 13:23:59.463265409,10.0,29.0,21.3
CPT118546,2026-03-22 10:24:04.413171082,7.0,34.0,26.6
CPT113248,2026-03-27 05:07:03.831317496,5.0,49.0,42.6
CPT124530,2026-03-22 15:45:42.523710568,1.0,12.0,10.8
CPT121238,2026-03-26 16:26:56.436037194,1.0,13.0,9.2
CPT109241,2026-03-23 14:10:52.162089096,5.0,15.0,9.9
CPT110906,2026-03-28 20:55:30.732478781,6.0,32.0,22.0
CPT101097,2026-03-27 07:22:44.210438372,9.0,43.0,24.0
CPT100097,2026-03-25 15:21:30.818684764,8.0,24.0,16.7
CPT116452,2026-03-23 15:09:32.157641974,3.0,13.0,9.7
CPT114940,2026-03-23 06:10:39.281929896,20.0,50.0,46.3
CPT100811,2026-03-23 18:26:23.736751934,5.0,21.0,19.6
CPT113345,2026-03-23 17:39:06.877294364,13.0,55.0,45.1
CPT104575,2026-03-22 12:59:17.149745822,8.0,28.0,25.0
CPT104452,2026-03-26 15:59:08.169681251,2.0,7.0,4.0
CPT107949,2026-03-25 22:57:11.679044897,6.0,23.0,15.2
CPT114420,2026-03-27 14:35:55.977748443,22.0,76.0,48.1
CPT120337,2026-03-24 15:57:27.334206879,6.0,13.0,9.8
CPT121793,2026-03-27 04:06:45.096833315,8.0,61.0,49.0
CPT102594,2026-03-24 21:00:50.737652720,6.0,21.0,19.0
CPT108494,2026-03-25 01:02:49.336224712,3.0,29.0,16.1
CPT104677,2026-03-23 16:40:32.362797566,16.0,47.0,44.3
CPT114366,2026-03-26 00:04:12.963703974,4.0,32.0,26.5
CPT122530,2026-03-27 16:34:45.472306938,4.0,9.0,8.0
CPT117822,2026-03-24 13:04:23.101529453,5.0,29.0,26.9
CPT108733,2026-03-31 16:09:05.532795996,6.0,57.0,39.5
CPT111881,2026-03-24 15:16:19.323826790,14.0,54.0,40.1
CPT120160,2026-03-25 07:10:04.505868846,14.0,64.0,55.5
CPT113941,2026-03-26 19:15:02.010071401,1.0,14.0,12.4
CPT123509,2026-03-27 12:40:53.604653729,3.0,21.0,14.5
CPT113928,2026-03-25 08:16:39.828154959,8.0,46.0,30.2
CPT103194,2026-03-26 06:34:20.126659478,4.0,21.0,16.6
CPT111979,2026-03-29 19:53:12.905718281,14.0,34.0,24.1
CPT101604,2026-03-25 08:47:33.936376173,5.0,9.0,7.7
CPT109228,2026-03-29 01:23:35.031118991,12.0,64.0,53.8
CPT104216,2026-03-26 14:35:27.826917984,5.0,15.0,9.5
CPT117756,2026-03-25 15:17:39.133420467,9.0,15.0,9.8
CPT115467,2026-03-25 09:43:05.366825511,13.0,27.0,20.1
CPT113588,2026-03-26 07:52:34.396862583,3.0,28.0,19.8
CPT103156,2026-03-28 22:21:10.769490467,5.0,14.0,11.2
CPT116328,2026-03-24 16:54:18.362933586,10.0,41.0,36.5
CPT103293,2026-03-26 08:23:48.962542940,10.0,20.0,12.5
CPT117944,2026-03-25 18:34:15.909704935,6.0,21.0,18.7
CPT102154,2026-03-30 17:34:06.539439321,6.0,23.0,14.1
CPT112102,2026-03-26 11:15:57.953559061,6.0,19.0,17.5
CPT100311,2026-03-25 00:35:12.228799038,2.0,8.0,6.7
CPT119150,2026-03-26 21:37:17.857481892,6.0,22.0,19.5
CPT121634,2026-03-22 21:10:03.409723407,4.0,21.0,17.4
CPT119314,2026-03-25 12:09:55.231942674,17.0,63.0,37.1
CPT120419,2026-03-25 17:14:18.761340719,10.0,25.0,15.5
CPT116842,2026-03-26 09:49:40.904995436,7.0,36.0,28.7
CPT107795,2026-03-29 03:40:30.604679785,7.0,12.0,9.6
CPT108463,2026-03-28 01:14:31.390267437,11.0,41.0,24.7
CPT106197,2026-03-25 17:37:07.839628665,1.0,17.0,12.1
CPT110611,2026-03-26 01:35:40.274213773,9.0,40.0,33.3
CPT102822,2026-03-27 05:09:00.012279807,10.0,31.0,19.1
CPT124063,2026-04-01 11:41:38.566484630,5.0,25.0,19.0
CPT101222,2026-03-26 23:24:57.129621225,11.0,22.0,20.7
CPT111856,2026-04-01 12:01:24.146334374,5.0,23.0,18.1
CPT108261,2026-03-25 05:01:21.702827041,10.0,38.0,25.9
CPT120688,2026-03-25 21:03:49.690763969,13.0,37.0,20.9
CPT117470,2026-03-31 09:42:08.673560644,5.0,21.0,18.3
CPT109522,,0.0,0.0,0.0
CPT110203,2026-03-26 00:14:29.666343257,4.0,9.0,7.2
CPT118257,2026-03-26 10:50:49.142355761,1.0,15.0,13.9
CPT123560,2026-03-29 19:57:46.704458926,4.0,23.0,18.8
CPT110330,2026-03-27 03:53:21.437773780,6.0,13.0,8.5
CPT114891,2026-03-30 15:45:09.261727459,11.0,43.0,26.2
CPT110851,2026-03-27 11:57:07.747787585,7.0,16.0,14.1
CPT101273,2026-03-26 12:19:30.140155379,5.0,20.0,14.3
CPT103312,2026-03-25 22:43:40.474510876,4.0,10.0,6.0
CPT122664,2026-03-24 10:31:23.320045168,9.0,26.0,22.3
CPT112566,2026-03-25 09:25:59.954161178,4.0,41.0,30.4
CPT122187,2026-03-25 20:56:24.691893840,6.0,35.0,21.9
CPT114092,2026-03-28 15:39:41.453372128,3.0,18.0,14.9
CPT103026,2026-03-30 15:39:04.567726544,19.0,53.0,30.0
CPT108570,2026-03-26 15:03:18.671199036,8.0,29.0,19.9
CPT112100,2026-03-24 11:42:39.516259620,6.0,26.0,15.3
CPT104591,2026-03-27 00:42:00.645920547,5.0,24.0,18.8
CPT111951,2026-03-26 08:08:38.938270442,5.0,13.0,10.7
CPT110753,2026-03-28 15:34:53.255813223,5.0,29.0,24.3
CPT123484,2026-03-24 16:07:53.900001718,4.0,21.0,16.3
CPT117937,2026-03-26 14:47:02.935790703,1.0,6.0,3.6
CPT124382,2026-03-28 11:29:40.979380438,10.0,23.0,16.6
CPT124837,2026-03-28 04:46:22.352243666,6.0,26.0,19.9
CPT108094,2026-03-29 12:31:09.701117928,5.0,16.0,9.6
CPT110656,2026-03-30 03:32:35.616165625,21.0,89.0,77.6
CPT105461,2026-03-26 12:59:42.425706966,10.0,37.0,26.6
CPT117700,2026-03-29 06:16:02.852196841,15.0,40.0,35.8
CPT113294,2026-03-28 00:38:35.938191130,4.0,20.0,13.8
CPT111174,2026-03-28 06:29:02.892654650,17.0,48.0,44.4
CPT122585,2026-03-28 16:16:04.032320427,6.0,41.0,25.6
CPT114710,2026-03-30 08:39:19.120869288,4.0,21.0,15.8
CPT111949,2026-03-27 00:27:14.986059847,3.0,32.0,27.4
CPT120285,2026-03-29 22:32:04.711768334,3.0,10.0,8.0
CPT118393,2026-03-25 06:24:59.464790861,5.0,18.0,16.4
CPT104454,2026-03-26 03:26:31.465152807,1.0,6.0,3.5
CPT117809,2026-03-26 13:51:02.361207446,14.0,44.0,28.3
CPT118426,2026-03-31 04:21:22.372676476,2.0,18.0,11.6
CPT116951,2026-03-26 23:32:54.135008022,5.0,9.0,7.8
CPT112282,2026-03-26 23:00:02.460155587,8.0,13.0,10.2
CPT112797,2026-03-26 14:43:08.942287630,8.0,24.0,17.4
CPT120534,2026-03-27 20:18:41.708410125,7.0,25.0,18.2
CPT110081,2026-03-26 19:52:16.531494551,4.0,11.0,6.6
CPT117007,2026-04-02 06:51:36.110909661,12.0,45.0,27.4
CPT107376,2026-04-01 02:06:43.957416341,2.0,9.0,5.0
CPT112373,2026-03-26 02:06:02.781554387,8.0,20.0,14.3
CPT109648,2026-03-27 17:53:48.374363506,6.0,16.0,12.0
CPT123668,2026-03-29 17:54:38.035249939,8.0,31.0,18.3
CPT122946,2026-03-26 00:59:29.559213806,3.0,14.0,12.4
CPT113916,2026-03-27 13:31:40.885971673,5.0,18.0,11.0
CPT114068,2026-03-29 15:53:13.770232404,3.0,18.0,14.6
CPT105871,2026-03-27 18:37:30.041293598,11.0,33.0,28.0
CPT111935,2026-03-28 03:55:27.761562598,8.0,42.0,27.9
CPT117687,2026-03-31 07:20:52.733864558,4.0,16.0,11.5
CPT103440,2026-03-29 09:35:36.004534653,10.0,23.0,15.0
CPT108992,2026-03-25 15:14:44.088151002,8.0,30.0,23.1
CPT101630,2026-03-28 01:34:10.899001157,4.0,15.0,13.1
CPT117598,2026-03-28 22:44:19.703113932,3.0,10.0,5.8
CPT117658,2026-03-27 01:14:00.549312526,8.0,28.0,20.1
CPT100714,2026-03-29 01:34:33.057804219,6.0,17.0,15.1
CPT109193,2026-04-01 18:48:12.218996432,8.0,19.0,13.4
CPT120994,2026-03-28 08:22:35.520830784,6.0,16.0,8.9
CPT114885,2026-03-30 17:25:30.509854351,4.0,40.0,25.7
CPT118339,2026-03-25 08:59:58.037404431,15.0,70.0,60.8
CPT105820,2026-03-28 02:51:14.649420255,4.0,24.0,15.3
CPT124694,2026-03-29 17:34:13.359985493,5.0,22.0,14.1
CPT121941,2026-04-01 07:27:59.713528156,5.0,30.0,23.0
CPT124180,2026-03-28 05:43:44.374587471,3.0,23.0,16.6
CPT105391,2026-03-30 17:12:02.518298665,2.0,14.0,10.9
CPT103496,2026-03-30 22:45:11.446750097,3.0,10.0,6.9
CPT116870,2026-03-28 14:04:31.153004998,6.0,24.0,15.2
CPT102946,2026-03-26 23:15:25.476545767,5.0,16.0,9.9
CPT121639,2026-03-31 02:58:35.913738180,3.0,27.0,21.4
CPT107370,2026-03-31 17:02:16.448996183,9.0,22.0,15.3
CPT100455,2026-04-01 01:42:12.994569611,1.0,12.0,9.9
CPT116198,2026-03-29 15:03:00.725089529,7.0,28.0,17.3
CPT123717,2026-03-28 18:29:10.060271303,13.0,29.0,17.2
CPT113932,2026-03-31 02:13:20.723181301,2.0,20.0,13.4
CPT112452,2026-03-29 06:05:04.921131470,18.0,72.0,51.3
CPT110597,2026-03-30 07:52:40.123527632,11.0,59.0,34.0
CPT122506,2026-03-29 22:33:42.257349872,8.0,23.0,20.9
CPT110506,2026-04-02 08:47:01.610422642,2.0,15.0,11.7
CPT108319,2026-03-28 11:45:09.724119255,2.0,21.0,12.8
CPT120585,2026-04-02 09:44:53.925233754,3.0,19.0,12.3
CPT124470,2026-03-30 03:23:30.488198424,3.0,5.0,3.8
CPT119206,2026-03-28 11:36:27.659228077,3.0,25.0,14.0
CPT102436,2026-03-28 08:53:43.108283885,6.0,23.0,17.8
CPT124270,2026-03-30 01:25:48.310630997,6.0,36.0,24.2
CPT114571,2026-04-01 20:41:21.976484882,8.0,25.0,14.7
CPT124199,2026-04-01 03:55:14.730270780,10.0,24.0,18.8
CPT113914,2026-03-30 06:35:43.825845549,5.0,9.0,6.1
CPT117919,2026-03-29 09:20:17.436239322,9.0,28.0,16.3
CPT100568,2026-03-28 19:51:12.000463803,7.0,21.0,13.6
CPT105031,2026-03-27 19:45:58.765804393,16.0,90.0,81.9
CPT106658,2026-03-28 02:57:38.687787203,6.0,38.0,32.9
CPT107910,2026-03-31 05:28:15.041848568,4.0,22.0,18.5
CPT114737,2026-03-29 17:01:40.844121561,5.0,23.0,19.6
CPT109506,2026-03-27 14:31:33.961992505,2.0,16.0,12.6
CPT117508,2026-03-29 13:48:22.321133548,2.0,17.0,10.0
CPT106838,2026-03-29 19:18:47.265453750,20.0,57.0,41.9
CPT122989,2026-04-02 10:38:55.961630677,8.0,28.0,21.8
CPT110438,2026-04-05 13:11:39.384608824,2.0,13.0,9.5
CPT113692,2026-03-31 17:08:35.910006351,1.0,4.0,2.2
CPT115085,2026-04-02 14:22:37.225742872,5.0,14.0,8.6
CPT106837,2026-04-02 21:40:58.322130968,7.0,17.0,15.8
CPT113038,2026-03-31 21:52:39.193095983,8.0,24.0,19.0
CPT108302,2026-03-31 12:17:05.775591963,8.0,31.0,17.6
CPT114994,2026-03-31 02:01:24.142384241,4.0,19.0,10.5
CPT105118,2026-03-31 14:11:22.547924751,10.0,32.0,17.9
CPT119146,,0.0,0.0,0.0
CPT117101,2026-03-30 13:01:25.334711725,5.0,15.0,10.6
CPT113757,2026-04-03 13:42:22.411966099,2.0,9.0,7.1
CPT100803,2026-03-30 00:24:13.228728831,11.0,34.0,19.3
CPT102326,2026-03-31 02:45:02.727598227,10.0,34.0,27.9
CPT112874,2026-03-28 23:48:27.854844381,12.0,33.0,29.0
CPT116871,2026-04-03 05:12:21.564670894,4.0,23.0,14.2
CPT123248,2026-04-06 07:36:33.856420356,9.0,26.0,14.4
CPT111054,2026-03-30 23:33:08.609917340,8.0,48.0,40.9
CPT114633,2026-04-02 20:06:57.630590966,8.0,29.0,22.8
CPT124050,2026-04-02 05:50:15.523147367,7.0,25.0,14.3
CPT106928,2026-03-28 20:23:15.644339884,7.0,25.0,22.6
CPT103598,2026-03-30 06:39:20.209924885,3.0,8.0,6.7
CPT107374,2026-04-01 14:29:51.359426099,2.0,24.0,19.7
CPT118431,2026-03-29 09:48:47.847541632,5.0,20.0,16.9
CPT120454,2026-03-30 23:39:19.017783003,4.0,16.0,11.2
CPT115048,2026-04-01 14:44:49.134384485,6.0,39.0,28.8
CPT102940,2026-04-03 03:24:05.570884575,4.0,16.0,14.3
CPT121175,2026-04-01 02:03:10.271018701,4.0,10.0,7.2
CPT103179,2026-04-04 04:21:10.697953015,15.0,31.0,26.1
CPT116057,2026-04-02 06:00:58.051563486,22.0,81.0,56.1
CPT116711,2026-03-31 16:15:31.359957740,4.0,18.0,10.5
CPT102489,2026-03-30 01:23:30.722668814,8.0,23.0,16.6
CPT110998,2026-04-01 23:24:25.299928344,8.0,18.0,13.9
CPT123503,2026-03-29 03:09:33.605399918,22.0,56.0,32.7
CPT108239,2026-04-01 11:25:04.133356313,13.0,30.0,23.0
CPT122677,2026-04-02 23:41:23.579973978,11.0,30.0,18.9
CPT104103,2026-03-31 15:52:32.949227496,3.0,10.0,7.9
CPT104837,2026-03-30 17:58:40.690641894,5.0,35.0,22.5
CPT117252,2026-04-04 23:12:16.001531610,10.0,40.0,30.1
CPT101696,,0.0,0.0,0.0
CPT113094,2026-04-02 03:25:35.225926072,3.0,13.0,10.1
CPT117133,2026-04-02 17:04:02.046759010,4.0,18.0,13.0
CPT117341,2026-03-31 09:23:46.470531001,8.0,22.0,19.3
CPT120953,2026-04-02 00:02:44.231975601,1.0,13.0,9.1
CPT118096,2026-03-31 23:15:18.995348214,11.0,35.0,23.9
CPT103432,2026-04-05 15:14:49.304176661,10.0,55.0,37.1
CPT123015,2026-04-04 04:51:41.583554285,5.0,26.0,16.5
CPT122792,2026-03-30 05:30:39.592024589,7.0,24.0,22.8
CPT114976,2026-03-31 12:12:31.805096157,3.0,17.0,13.4
CPT103318,2026-04-05 05:59:52.389721997,10.0,44.0,34.5
CPT124349,2026-04-01 09:17:18.392375173,3.0,31.0,19.5
CPT124628,2026-04-01 21:36:39.451344121,3.0,37.0,26.4
CPT121215,2026-04-01 00:16:45.407684268,3.0,12.0,9.7
CPT114864,2026-03-29 07:32:32.118503691,7.0,26.0,14.8
CPT103685,2026-04-01 08:51:38.719489111,9.0,37.0,31.8
CPT107464,2026-04-04 06:51:37.478982901,7.0,18.0,15.9
CPT100118,2026-04-02 16:57:50.443010172,4.0,14.0,12.5
CPT110143,2026-04-01 11:37:52.311824890,10.0,39.0,23.4
CPT122899,2026-04-04 09:36:11.987089256,6.0,31.0,19.9
CPT123383,2026-04-06 10:15:24.854048088,2.0,23.0,17.1
CPT123623,2026-04-01 01:46:39.300789992,7.0,19.0,15.1
CPT113420,2026-04-03 06:17:07.619797290,4.0,17.0,11.4
CPT113027,2026-04-01 00:58:03.117187911,2.0,12.0,6.8
CPT104349,2026-04-01 17:57:34.038866949,7.0,16.0,10.1
CPT124801,2026-03-31 03:51:10.402731749,18.0,51.0,36.0
CPT108250,2026-03-31 22:18:38.476309458,9.0,23.0,21.1
CPT122772,2026-04-01 07:13:43.839909013,7.0,24.0,13.9
CPT104443,2026-04-09 00:44:25.777748454,9.0,32.0,21.0
CPT101064,2026-04-02 13:56:06.289941515,6.0,21.0,16.2
CPT102304,2026-04-01 16:32:26.033704898,10.0,41.0,36.7
CPT121656,2026-04-01 06:00:34.743608751,9.0,42.0,36.6
CPT112548,2026-04-04 11:04:41.368329841,9.0,24.0,16.0
CPT115907,2026-04-02 05:48:03.817183693,7.0,18.0,15.3
CPT115643,2026-04-01 16:00:05.487591159,9.0,30.0,21.6
CPT111085,2026-04-04 03:12:17.262372637,7.0,30.0,28.5
CPT102059,2026-04-02 14:46:10.347617135,6.0,18.0,15.3
CPT112258,2026-04-02 21:29:42.834586982,11.0,31.0,26.4
CPT123699,2026-04-05 03:25:52.444837109,13.0,60.0,53.3
CPT106606,2026-04-02 02:08:55.117980678,4.0,10.0,8.0
CPT104808,2026-03-31 22:31:15.695515336,2.0,20.0,15.9
CPT113792,2026-04-03 05:02:30.631553104,3.0,19.0,14.2
CPT123340,2026-04-04 03:42:02.284561269,5.0,17.0,13.6
CPT113361,2026-04-03 23:02:39.944288022,5.0,16.0,14.0
CPT113360,2026-04-02 16:31:15.803379289,5.0,17.0,14.1
CPT119943,2026-04-03 04:48:10.465858791,10.0,30.0,21.3
CPT114478,2026-04-04 03:16:37.704715940,3.0,15.0,11.2
CPT106420,2026-04-06 07:23:39.598697057,17.0,71.0,65.2
CPT101053,2026-04-05 03:42:26.555078568,6.0,16.0,11.9
CPT123214,2026-04-07 12:31:31.973561034,8.0,31.0,29.0
CPT100102,2026-03-31 10:58:45.431356835,5.0,15.0,11.6
CPT113181,2026-04-05 08:16:34.160967417,6.0,9.0,8.3
CPT121690,2026-04-05 15:01:32.914604019,4.0,15.0,9.9
CPT101865,2026-03-30 21:03:02.799130859,13.0,45.0,42.1
CPT106705,2026-04-02 13:55:17.705254325,7.0,39.0,31.2
CPT104714,2026-04-03 20:04:25.143904570,10.0,54.0,42.3
CPT111674,2026-04-01 23:52:35.551827993,10.0,11.0,7.3
CPT107965,2026-04-01 16:19:33.724808759,1.0,11.0,7.7
CPT110460,2026-04-04 05:54:26.960615857,10.0,31.0,24.6
CPT106195,2026-04-05 02:30:51.828948974,10.0,30.0,24.2
CPT117059,2026-04-02 05:16:22.113105816,4.0,24.0,17.0
CPT103929,2026-04-03 08:43:38.098773003,4.0,12.0,11.0
CPT123478,2026-04-02 01:46:27.234319200,4.0,3.0,2.0
CPT114258,2026-04-03 12:23:03.982150280,3.0,13.0,9.0
CPT100413,2026-04-07 01:56:35.435985563,5.0,22.0,12.5
CPT110863,2026-04-04 19:53:32.824478505,14.0,63.0,49.6
CPT120507,2026-03-30 19:52:37.245738603,5.0,11.0,7.4
CPT108023,2026-04-05 06:38:41.425142141,8.0,33.0,24.3
CPT120458,2026-04-04 06:41:28.791486225,4.0,16.0,14.9
CPT122867,2026-04-04 00:31:05.081321041,6.0,27.0,20.5
CPT114326,2026-04-04 07:34:25.262715553,10.0,49.0,46.5
CPT116371,2026-04-06 00:35:32.671673464,9.0,14.0,10.4
CPT105648,2026-04-04 18:09:24.247645537,14.0,37.0,25.9
CPT118178,2026-03-31 21:50:11.598865293,7.0,44.0,41.1
CPT119254,2026-04-05 13:09:37.205478449,6.0,9.0,7.8
CPT106659,2026-04-04 00:05:40.175737104,9.0,25.0,19.8
CPT109218,2026-04-05 09:46:19.880080003,8.0,34.0,20.7
CPT116424,2026-04-05 23:59:33.192177946,4.0,31.0,26.3
CPT108517,2026-04-04 12:44:47.606676308,14.0,47.0,42.3
CPT104994,2026-04-10 22:22:24.517308010,6.0,21.0,19.8
CPT118755,2026-04-04 21:23:46.094038744,12.0,47.0,43.0
CPT100738,2026-04-02 08:55:55.170010703,2.0,11.0,8.1
CPT106851,2026-04-04 11:42:10.641645540,13.0,38.0,26.5
CPT101656,2026-04-06 10:31:12.582333435,9.0,21.0,16.0
CPT117370,,0.0,0.0,0.0
CPT108082,2026-04-05 09:21:53.703564407,10.0,29.0,27.2
CPT122916,2026-04-05 20:08:09.759021651,6.0,16.0,13.6
CPT104242,2026-04-04 01:36:59.385615635,10.0,36.0,31.7
CPT106499,2026-04-05 13:04:56.279950468,10.0,49.0,41.1
CPT118045,2026-04-03 22:10:23.959690205,5.0,10.0,8.5
CPT122923,2026-04-03 23:12:35.532079698,2.0,2.0,1.6
CPT105988,2026-04-03 09:21:00.944271966,3.0,8.0,6.2
CPT121026,2026-04-04 01:11:44.689354554,4.0,14.0,12.1
CPT104628,2026-04-04 19:53:53.334347532,11.0,30.0,18.9
CPT107158,2026-04-04 22:15:39.788802501,6.0,13.0,10.2
CPT106674,2026-04-05 22:17:13.404979785,1.0,7.0,4.9
CPT119258,2026-04-05 06:15:46.936233600,9.0,42.0,24.4
CPT104041,2026-04-03 11:40:28.988505525,8.0,33.0,30.3
CPT114282,2026-04-04 14:16:24.303770236,17.0,62.0,38.3
CPT101149,2026-04-11 19:01:28.468903891,5.0,26.0,23.9
CPT118580,2026-04-09 07:06:45.133126876,8.0,51.0,39.9
CPT122040,2026-04-02 17:09:30.951763175,13.0,23.0,17.2
CPT113902,2026-04-05 03:43:01.470342558,6.0,23.0,13.8
CPT120904,2026-04-02 23:40:20.075075255,9.0,27.0,25.6
CPT117444,2026-04-03 18:53:54.890859121,7.0,31.0,21.8
CPT124659,2026-04-05 15:58:46.100249444,2.0,25.0,14.2
CPT114590,2026-04-04 19:47:49.633286365,3.0,27.0,17.7
CPT122495,2026-04-04 11:11:08.084457177,5.0,21.0,16.0
CPT110212,2026-04-08 09:24:10.963410892,5.0,27.0,18.0
CPT108293,2026-04-05 12:36:09.032857353,5.0,23.0,21.0
CPT110558,2026-04-03 07:07:50.144927241,8.0,37.0,32.3
CPT102714,2026-04-10 20:52:49.645161048,15.0,74.0,40.9
CPT108781,2026-04-04 06:21:47.252071283,6.0,42.0,33.1
CPT108920,2026-04-07 20:29:24.977119938,10.0,29.0,24.1
CPT110807,2026-04-04 01:37:09.975526749,8.0,26.0,15.6
CPT101389,2026-04-07 06:15:41.493617814,3.0,28.0,22.3
CPT109561,2026-04-04 04:45:49.453431520,2.0,6.0,5.0
CPT118598,2026-04-11 01:47:45.158242491,3.0,15.0,14.0
CPT100135,2026-04-04 15:52:20.575907440,6.0,30.0,23.4
CPT118455,2026-04-05 06:18:37.451805113,9.0,54.0,39.1
CPT109818,2026-04-09 01:57:05.246892972,7.0,38.0,27.2
CPT101291,2026-04-05 21:30:16.093095387,2.0,12.0,8.7
CPT101975,2026-04-05 20:08:29.510472242,24.0,106.0,74.9
CPT108436,2026-04-05 04:05:16.221778959,4.0,10.0,6.1
CPT115197,2026-04-08 08:26:39.433111567,6.0,28.0,25.9
CPT100331,2026-04-07 16:34:19.942265067,5.0,25.0,19.7
CPT100515,2026-04-05 07:12:46.197196464,6.0,10.0,9.3
CPT116247,2026-04-07 03:09:06.583663748,3.0,24.0,22.7
CPT100485,2026-04-04 22:40:29.034077158,12.0,42.0,31.8
CPT119486,2026-04-04 06:25:21.690771187,13.0,30.0,21.0
CPT119784,2026-04-06 13:45:51.359737301,4.0,10.0,7.3
CPT118476,2026-04-05 22:32:41.802872535,16.0,54.0,42.7
CPT111743,2026-04-09 01:43:36.982437522,7.0,28.0,25.3
CPT101961,2026-04-08 13:37:27.361391677,15.0,45.0,40.5
CPT103740,2026-04-11 09:15:56.726654728,10.0,32.0,29.2
CPT114503,2026-04-07 00:22:21.926458522,14.0,61.0,56.0
CPT121064,2026-04-07 15:01:17.738590621,2.0,12.0,6.8
CPT111526,2026-04-09 10:47:06.275888891,5.0,25.0,14.0
CPT100817,2026-04-06 14:43:45.317154233,7.0,24.0,19.7
CPT110609,2026-04-07 21:28:21.339319476,3.0,28.0,17.8
CPT115711,2026-04-06 21:11:04.407789741,4.0,17.0,12.4
CPT102423,2026-04-08 13:19:29.656985012,3.0,15.0,12.5
CPT120545,2026-04-07 06:00:38.079753986,5.0,36.0,29.4
CPT123472,2026-04-08 19:36:34.797158188,6.0,22.0,13.8
CPT116893,2026-04-04 01:35:20.263429573,2.0,22.0,13.8
CPT107992,2026-04-06 06:24:33.361536636,16.0,40.0,23.9
CPT118466,2026-04-09 20:31:44.921651055,9.0,39.0,36.0
CPT100688,2026-04-06 05:23:45.919430014,3.0,19.0,17.5
CPT104927,2026-04-08 18:22:43.119307469,4.0,23.0,18.2
CPT100808,2026-04-07 16:42:45.669826092,9.0,23.0,14.1
CPT111594,2026-04-05 09:25:44.828663070,7.0,28.0,25.4
CPT113472,2026-04-08 18:37:11.357298297,7.0,28.0,25.6
CPT116624,2026-04-06 21:19:50.937135140,17.0,78.0,70.5
CPT124321,2026-04-06 16:50:34.630443031,12.0,52.0,29.5
CPT114009,2026-04-05 22:32:59.134073546,8.0,30.0,16.8
CPT110093,2026-04-07 02:03:45.457332913,11.0,23.0,18.2
CPT122959,2026-04-05 01:46:25.063325611,6.0,13.0,9.9
CPT112279,2026-04-04 00:01:43.096157141,6.0,13.0,9.0
CPT100913,2026-04-08 19:29:41.194974959,5.0,15.0,9.6
CPT119049,2026-04-05 11:27:43.998898678,7.0,18.0,13.5
CPT115799,2026-04-08 03:19:11.767691964,3.0,20.0,14.9
CPT121588,2026-04-07 12:03:42.014086177,8.0,26.0,15.3
CPT115948,2026-04-07 06:51:21.333122886,18.0,42.0,37.0
CPT119582,2026-04-09 06:32:23.117872057,8.0,27.0,18.1
CPT104810,2026-04-06 15:34:57.600199956,3.0,13.0,10.1
CPT114289,2026-04-08 07:02:00.068375011,3.0,31.0,22.3
CPT121292,2026-04-08 22:44:20.952713195,1.0,9.0,8.3
CPT105561,2026-04-12 00:51:15.062018300,2.0,29.0,23.9
CPT109750,2026-04-08 00:50:51.269358523,2.0,29.0,16.3
CPT105694,2026-04-11 06:43:51.071333078,15.0,58.0,40.8
CPT122864,2026-04-06 10:23:01.150261720,10.0,44.0,27.9
CPT111074,2026-04-09 08:11:11.090102607,6.0,20.0,11.0
CPT100562,2026-04-10 18:00:45.224904444,5.0,32.0,29.7
CPT107443,2026-04-06 15:46:27.674307754,4.0,22.0,19.1
CPT108366,2026-04-11 20:56:16.086325019,9.0,27.0,17.7
CPT120729,2026-04-08 14:08:42.699475850,8.0,17.0,12.9
CPT121860,2026-04-05 12:15:46.035970491,7.0,24.0,20.3
CPT124179,2026-04-06 03:35:35.129571107,8.0,22.0,18.0
CPT101342,2026-04-07 20:14:00.100029061,11.0,28.0,23.6
CPT100242,2026-04-08 13:18:31.928137846,5.0,25.0,23.2
CPT108104,2026-04-06 21:20:26.161163263,7.0,11.0,8.6
CPT105827,2026-04-07 14:16:36.049024662,3.0,8.0,7.2
CPT110797,2026-04-09 02:28:04.030418211,9.0,29.0,25.3
CPT100343,2026-04-05 23:06:14.293960136,4.0,16.0,14.9
CPT108184,2026-04-09 04:20:50.591345864,12.0,48.0,40.0
CPT111521,2026-04-09 22:50:30.271615657,6.0,17.0,13.9
CPT100759,2026-04-06 07:41:19.281618486,7.0,35.0,23.1
CPT110473,2026-04-09 15:37:29.386064686,2.0,3.0,2.0
CPT110897,2026-04-05 14:45:56.654555847,5.0,32.0,25.1
CPT101843,2026-04-10 15:58:28.396030737,5.0,30.0,21.3
CPT116303,2026-04-07 21:23:23.165919635,2.0,11.0,10.2
CPT103607,2026-04-15 05:54:06.657063705,7.0,6.0,3.7
CPT120957,2026-04-09 08:54:32.700112850,10.0,32.0,27.9
CPT115113,2026-04-08 04:19:17.019699487,14.0,26.0,18.1
CPT107405,2026-04-09 03:57:56.904013967,7.0,51.0,28.7
CPT120830,2026-04-08 08:52:24.028145254,6.0,25.0,18.5
CPT101641,2026-04-09 06:45:31.188733094,8.0,43.0,26.5
CPT118134,2026-04-10 05:34:17.589194740,9.0,33.0,26.6
CPT107799,2026-04-08 02:25:33.504294677,4.0,13.0,8.1
CPT119646,2026-04-07 22:32:38.428888114,5.0,14.0,11.2
CPT120982,2026-04-08 14:26:59.096588469,8.0,27.0,25.4
CPT119772,2026-04-08 00:56:31.322560427,10.0,28.0,18.5
CPT117375,2026-04-08 20:48:42.409372675,8.0,26.0,15.4
CPT118885,2026-04-12 07:29:51.220594360,17.0,60.0,50.8
CPT114288,2026-04-07 13:06:55.184979383,24.0,49.0,29.1
CPT111261,2026-04-11 20:33:56.392350587,4.0,13.0,7.4
CPT101073,2026-04-07 19:06:17.293451016,16.0,70.0,46.5
CPT100974,2026-04-12 03:09:30.038997247,11.0,51.0,40.1
CPT110324,2026-04-09 16:23:44.032813759,2.0,11.0,7.4
CPT100664,2026-04-08 11:01:07.657539138,7.0,56.0,42.5
CPT107087,2026-04-09 16:54:18.633998963,11.0,53.0,34.8
CPT118232,2026-04-08 14:20:12.969074144,9.0,17.0,11.6
CPT116708,2026-04-08 00:41:05.784249966,7.0,36.0,30.4
CPT123221,2026-04-14 03:56:42.389118217,11.0,37.0,23.2
CPT107276,2026-04-08 14:57:13.485857734,2.0,16.0,12.2
CPT122263,2026-04-10 07:36:43.731940187,33.0,90.0,67.4
CPT105528,2026-04-08 15:09:30.805513537,4.0,22.0,18.1
CPT114303,2026-04-10 05:20:08.759151452,9.0,35.0,26.7
CPT112418,2026-04-10 05:46:30.699048424,11.0,37.0,33.2
CPT105475,2026-04-09 03:35:56.113508622,6.0,27.0,21.2
CPT112056,2026-04-14 14:02:35.354514073,16.0,69.0,54.7
CPT101072,2026-04-09 03:33:37.262485794,12.0,54.0,32.0
CPT115106,2026-04-09 05:11:13.996207149,7.0,28.0,19.4
CPT120944,2026-04-09 17:18:43.508641027,10.0,58.0,52.2
CPT117711,2026-04-09 14:44:40.741673745,6.0,31.0,21.9
CPT103029,,0.0,0.0,0.0
CPT107797,2026-04-12 11:44:40.806944659,9.0,28.0,19.8
CPT107876,2026-04-11 05:24:32.778817810,5.0,28.0,18.6
CPT111931,2026-04-11 16:11:44.313054783,3.0,15.0,14.2
CPT102648,2026-04-13 08:34:55.448042060,7.0,11.0,8.6
CPT107793,2026-04-12 08:41:41.901459806,17.0,33.0,25.4
CPT119892,2026-04-11 15:33:28.143629992,7.0,26.0,20.4
CPT117254,2026-04-13 09:44:57.072746506,12.0,62.0,38.8
CPT112354,2026-04-12 08:37:45.972284748,4.0,8.0,6.2
CPT100523,2026-04-11 18:24:21.285782880,8.0,29.0,25.3
CPT101187,2026-04-12 14:34:56.417998397,5.0,29.0,22.8
CPT108355,2026-04-10 00:40:33.780007101,11.0,41.0,31.0
CPT101043,2026-04-09 13:59:34.610760664,5.0,40.0,30.1
CPT108922,2026-04-12 21:39:42.333459795,8.0,18.0,13.0
CPT122193,2026-04-14 15:27:18.625303734,3.0,14.0,13.2
CPT118403,2026-04-11 01:32:49.611541616,2.0,26.0,23.7
CPT115537,2026-04-13 15:29:12.549241541,21.0,80.0,58.2
CPT121747,2026-04-14 04:08:21.969100474,8.0,25.0,21.0
CPT113531,2026-04-12 19:20:22.255625145,8.0,16.0,12.4
CPT102446,2026-04-11 23:09:19.032272740,4.0,13.0,9.8
CPT119040,2026-04-09 04:39:04.625255554,10.0,37.0,35.0
CPT119721,2026-04-12 11:51:09.646614961,5.0,10.0,6.6
CPT120995,2026-04-13 08:55:29.837843835,19.0,59.0,40.9
CPT124371,2026-04-11 10:06:40.115622950,6.0,25.0,23.4
CPT120603,2026-04-09 02:05:06.849291463,10.0,18.0,16.6
CPT108127,2026-04-11 13:23:00.251837608,1.0,1.0,0.6
CPT107448,2026-04-13 19:48:22.477345119,5.0,36.0,31.6
CPT110878,2026-04-09 16:42:57.475123167,6.0,11.0,8.5
CPT115817,2026-04-10 22:36:44.400037422,13.0,45.0,27.0
CPT114302,2026-04-16 05:24:22.700572092,1.0,12.0,9.5
CPT122673,2026-04-10 21:10:33.114231309,6.0,19.0,17.1
CPT122540,2026-04-12 16:32:49.677140701,19.0,72.0,52.6
CPT108577,2026-04-12 03:34:05.417793361,8.0,22.0,20.8
CPT118107,2026-04-15 09:19:53.873852905,4.0,58.0,50.2
CPT104844,2026-04-13 17:56:46.845288440,14.0,49.0,42.5
CPT104189,2026-04-12 02:53:06.424793812,3.0,11.0,7.2
CPT109846,2026-04-16 13:53:10.190738659,5.0,21.0,17.2
CPT113931,2026-04-11 04:22:08.321962588,1.0,15.0,11.9
CPT111281,2026-04-10 13:46:36.039040734,5.0,26.0,17.4
CPT103750,2026-04-13 14:26:59.213887826,11.0,51.0,46.4
CPT123978,2026-04-10 09:30:23.171735860,6.0,21.0,15.9
CPT118967,2026-04-11 03:40:22.970945962,5.0,22.0,17.0
CPT115684,2026-04-10 18:19:26.369284622,6.0,42.0,29.3
CPT103818,2026-04-13 13:39:03.253469135,6.0,21.0,15.7
CPT117564,2026-04-15 03:20:00.503752566,13.0,44.0,31.3
CPT123400,2026-04-18 15:11:53.611831493,18.0,61.0,35.5
CPT107809,2026-04-12 17:48:53.144313017,5.0,48.0,40.2
CPT120732,2026-04-18 23:25:07.653778436,7.0,50.0,41.4
CPT112886,2026-04-18 01:39:36.118154200,3.0,18.0,11.6
CPT102207,2026-04-13 20:48:15.863701079,8.0,40.0,32.7
CPT118156,2026-04-15 20:24:37.940220696,4.0,30.0,19.8
CPT121504,2026-04-14 06:10:30.608427007,4.0,21.0,16.2
CPT122906,2026-04-14 20:04:47.413814347,4.0,5.0,3.5
CPT104309,2026-04-11 09:28:33.612019142,8.0,27.0,16.6
CPT106373,2026-04-15 15:52:16.137786984,3.0,20.0,18.1
CPT124793,2026-04-14 15:45:06.320167185,2.0,9.0,7.2
CPT116762,2026-04-14 22:57:40.882940607,15.0,40.0,25.2
CPT121862,2026-04-15 01:15:06.486724031,5.0,20.0,11.3
CPT119958,2026-04-16 22:54:34.522538042,2.0,29.0,19.9
CPT105063,2026-04-17 22:55:40.228317073,3.0,29.0,23.0
CPT121516,2026-04-12 19:49:19.946738585,3.0,20.0,16.2
CPT110554,2026-04-13 19:12:55.299647736,12.0,61.0,50.5
CPT106024,2026-04-13 11:44:45.664728625,5.0,22.0,18.2
CPT122858,2026-04-14 22:17:49.903784491,10.0,36.0,21.2
CPT118071,2026-04-17 05:32:49.156658819,1.0,14.0,11.1
CPT119204,2026-04-15 08:35:32.973323785,9.0,32.0,19.3
CPT111163,2026-04-11 21:47:02.985150118,9.0,30.0,19.9
CPT116131,2026-04-18 16:51:35.729845112,5.0,23.0,17.2
CPT103092,2026-04-20 13:21:48.647087743,4.0,31.0,20.4
CPT121403,2026-04-15 07:35:50.808866221,10.0,28.0,25.4
CPT104202,2026-04-13 21:01:56.724548759,11.0,25.0,21.4
CPT109775,2026-04-16 13:23:03.813385135,1.0,9.0,7.5
CPT100539,2026-04-14 18:00:26.729645456,9.0,39.0,24.7
CPT116643,2026-04-16 09:12:21.019579754,1.0,17.0,9.6
CPT110727,2026-04-14 01:25:29.194687814,1.0,12.0,7.4
CPT117894,2026-04-14 02:58:59.565954191,1.0,15.0,10.8
CPT104251,2026-04-16 05:57:37.167627960,9.0,40.0,32.9
CPT112159,2026-04-15 02:52:13.582068029,3.0,14.0,12.6
CPT110647,2026-04-14 20:33:46.232728066,9.0,29.0,20.5
CPT114604,2026-04-17 16:28:44.403220431,6.0,33.0,30.8
CPT123989,2026-04-13 22:20:27.612264167,11.0,36.0,27.7
CPT115054,2026-04-13 18:10:47.286463005,3.0,15.0,11.6
CPT123927,2026-04-14 08:40:48.863931033,10.0,23.0,21.1
CPT106683,2026-04-15 16:20:01.431507312,10.0,43.0,36.1
CPT120340,2026-04-13 01:41:17.336340372,10.0,32.0,25.0
CPT112340,2026-04-13 18:26:26.748008716,5.0,23.0,13.2
CPT103304,2026-04-16 03:09:05.537280488,16.0,46.0,40.9
CPT121182,2026-04-12 18:54:20.550014288,4.0,21.0,16.4
CPT110097,2026-04-15 20:25:27.822338479,10.0,24.0,22.3
CPT121095,2026-04-16 20:46:37.929309028,11.0,26.0,22.6
CPT121051,2026-04-16 16:31:06.013187231,6.0,25.0,22.9
CPT100548,2026-04-14 04:35:39.761668312,6.0,19.0,14.8
CPT114270,2026-04-16 18:07:57.320021265,2.0,14.0,7.8
CPT124535,2026-04-14 15:07:38.086668585,8.0,39.0,35.5
CPT124153,2026-04-15 23:59:51.197626127,7.0,15.0,8.5
CPT114597,2026-04-13 00:14:23.498988081,14.0,36.0,25.1
CPT109414,2026-04-15 14:05:00.663060201,6.0,34.0,18.9
CPT102120,2026-04-16 01:51:53.881510460,11.0,31.0,27.3
CPT114523,2026-04-13 00:22:44.541231190,3.0,27.0,18.9
CPT116445,2026-04-15 04:53:56.790300784,6.0,28.0,22.8
CPT119359,2026-04-19 06:56:56.310247161,1.0,12.0,8.1
CPT114703,2026-04-13 19:30:27.541329282,6.0,31.0,26.3
CPT100493,2026-04-14 15:39:35.530728403,8.0,24.0,19.1
CPT122878,2026-04-14 03:46:05.561253674,22.0,96.0,75.2
CPT120090,2026-04-15 08:55:59.278806136,11.0,61.0,36.6
CPT109153,2026-04-15 19:30:03.813495662,8.0,15.0,10.9
CPT101180,2026-04-16 12:43:04.570132957,4.0,26.0,21.2
CPT105367,2026-04-16 09:44:09.759290736,9.0,22.0,19.3
CPT103803,2026-04-15 09:05:46.297505073,5.0,15.0,10.8
CPT115390,2026-04-15 19:33:17.218697430,4.0,25.0,21.9
CPT104240,2026-04-14 13:36:18.425813865,3.0,37.0,25.5
CPT108686,2026-04-14 16:11:18.353208593,11.0,22.0,16.7
CPT115383,2026-04-12 23:17:01.816279773,4.0,8.0,5.5
CPT100030,2026-04-17 09:58:07.292208044,3.0,14.0,11.1
CPT103871,2026-04-15 10:48:17.416677257,9.0,58.0,34.8
CPT118871,2026-04-12 10:07:45.926551557,11.0,28.0,16.2
CPT121174,2026-04-16 08:29:42.496814020,2.0,27.0,24.3
CPT107970,2026-04-22 11:00:12.574405604,6.0,24.0,17.8
CPT122390,2026-04-13 18:33:27.626568449,6.0,24.0,15.9
CPT113544,2026-04-17 00:40:19.778504214,6.0,30.0,17.5
CPT102065,2026-04-13 11:18:11.811500631,8.0,29.0,24.3
CPT105698,2026-04-18 16:28:12.134733823,7.0,20.0,14.1
CPT113507,2026-04-12 12:52:11.413463833,5.0,33.0,31.3
CPT118441,2026-04-18 01:29:05.379967439,14.0,54.0,47.1
CPT120380,2026-04-16 08:00:24.630082337,10.0,52.0,29.9
CPT122326,2026-04-15 19:06:33.360702386,12.0,49.0,32.1
CPT114096,2026-04-17 17:24:42.860770631,4.0,11.0,6.7
CPT100462,2026-04-14 08:16:19.779696388,7.0,24.0,14.9
CPT120188,2026-04-16 03:33:12.253925422,10.0,36.0,34.0
CPT104057,2026-04-16 20:57:06.784341541,22.0,100.0,65.4
CPT116628,2026-04-18 02:23:36.600114814,6.0,12.0,9.5
CPT103127,2026-04-14 05:26:32.297738400,29.0,76.0,53.0
CPT117028,2026-04-16 06:37:26.607119231,2.0,11.0,8.9
CPT109108,2026-04-18 09:10:49.964683211,3.0,38.0,34.5
CPT105044,2026-04-16 11:34:45.350435182,8.0,26.0,17.0
CPT113173,2026-04-18 05:31:15.628526705,4.0,30.0,27.7
CPT100042,2026-04-16 08:41:02.114791219,12.0,79.0,57.5
CPT103527,2026-04-15 17:35:46.508969304,9.0,46.0,43.3
CPT114307,2026-04-20 09:44:19.355422559,7.0,34.0,22.0
CPT113836,2026-04-17 10:18:11.312835089,7.0,31.0,20.6
CPT120896,2026-04-17 11:33:06.026437523,7.0,37.0,25.5
CPT105990,2026-04-22 18:40:29.980729685,4.0,21.0,13.3
CPT104077,2026-04-20 00:32:29.646737991,12.0,35.0,29.4
CPT115894,2026-04-13 15:39:41.221129599,17.0,27.0,17.6
CPT106300,2026-04-15 07:08:33.810454949,2.0,13.0,9.3
CPT110133,2026-04-18 06:02:16.801671595,17.0,42.0,33.7
CPT100752,2026-04-14 07:20:21.671140856,14.0,37.0,29.5
CPT110426,2026-04-18 17:56:15.402249538,7.0,21.0,14.4
CPT108621,2026-04-15 10:04:04.258753844,3.0,19.0,15.6
CPT118760,2026-04-16 11:59:25.145576666,4.0,17.0,11.8
CPT123257,2026-04-16 04:57:58.295438215,6.0,19.0,16.4
CPT123885,2026-04-14 00:20:18.675172565,9.0,35.0,21.4
CPT115885,2026-04-16 06:22:55.980516225,7.0,29.0,25.9
CPT120503,2026-04-17 12:06:18.012570440,5.0,20.0,15.9
CPT112662,2026-04-18 09:36:14.617230175,5.0,13.0,8.4
CPT107140,2026-04-17 17:00:31.449889150,6.0,23.0,15.2
CPT119966,2026-04-18 23:58:37.696013214,13.0,38.0,23.7
CPT111204,2026-04-17 05:33:30.575436761,3.0,11.0,7.1
CPT109698,2026-04-17 02:18:43.683417848,8.0,26.0,18.0
CPT119849,2026-04-16 20:59:04.849888886,10.0,27.0,19.3
CPT114943,2026-04-18 18:14:36.000814147,6.0,24.0,17.3
CPT114071,2026-04-15 12:18:21.065029407,2.0,5.0,3.4
CPT102894,2026-04-22 04:26:32.414010142,9.0,18.0,13.6
CPT106289,2026-04-19 04:35:09.079300924,2.0,17.0,11.1
CPT115274,2026-04-21 09:35:32.526122807,4.0,29.0,22.2
CPT117523,2026-04-16 12:20:38.355249558,13.0,37.0,24.8
CPT119008,2026-04-16 12:05:20.916276370,14.0,25.0,22.1
CPT106903,,0.0,0.0,0.0
CPT107265,2026-04-16 21:28:31.704465428,12.0,34.0,24.6
CPT119527,2026-04-17 09:11:38.413458166,7.0,29.0,21.1
CPT117050,2026-04-16 13:48:03.583705267,7.0,26.0,19.9
CPT101303,2026-04-18 08:33:50.267057792,10.0,30.0,18.0
CPT101191,2026-04-21 09:39:33.863884211,10.0,33.0,26.7
CPT114443,2026-04-18 14:55:14.960662141,12.0,44.0,26.7
CPT101169,2026-04-19 11:29:10.954952200,10.0,42.0,35.6
CPT108292,2026-04-19 12:15:53.469812919,9.0,57.0,41.8
CPT115909,2026-04-18 22:36:13.749861673,2.0,13.0,9.9
CPT103905,2026-04-17 18:59:26.157237532,6.0,26.0,16.7
CPT123715,2026-04-18 07:44:53.642965898,9.0,29.0,21.5
CPT115279,2026-04-18 07:54:28.323392950,3.0,14.0,11.1
CPT110740,2026-04-18 20:27:04.615617471,6.0,34.0,22.5
CPT123458,2026-04-21 21:42:08.679139005,3.0,18.0,16.6
CPT105407,2026-04-17 16:31:15.326677792,12.0,37.0,21.4
CPT101111,2026-04-16 22:12:53.928332354,2.0,22.0,16.5
CPT106128,2026-04-16 04:39:46.023728501,24.0,74.0,56.4
CPT122067,2026-04-18 14:14:29.080132907,2.0,9.0,5.0
CPT122537,2026-04-18 01:55:17.327074320,7.0,19.0,13.1
CPT105991,2026-04-16 08:29:14.302270485,4.0,14.0,8.0
CPT106409,2026-04-17 13:09:19.681931044,9.0,29.0,26.0
CPT116541,2026-04-19 14:48:14.189255011,2.0,16.0,10.2
CPT100029,2026-04-16 18:05:17.013042176,9.0,31.0,28.2
CPT111069,2026-04-21 13:59:19.204547824,15.0,41.0,22.9
CPT115252,2026-04-20 07:24:09.438719480,4.0,14.0,9.6
CPT111380,2026-04-17 08:03:11.180799941,4.0,37.0,32.5
CPT119934,2026-04-18 21:58:03.018120240,3.0,16.0,10.9
CPT106941,2026-04-18 23:56:10.512366719,9.0,20.0,17.6
CPT109197,2026-04-16 16:37:06.903104776,8.0,51.0,30.3
CPT120407,2026-04-19 09:30:13.002960622,4.0,36.0,28.2
CPT109878,2026-04-25 14:07:37.907276356,6.0,18.0,11.2
CPT112221,2026-04-16 23:10:54.361079489,8.0,24.0,21.9
CPT124229,,0.0,0.0,0.0
CPT119963,2026-04-21 22:21:54.649064215,11.0,36.0,31.1
CPT102005,2026-04-17 16:01:38.543083737,2.0,9.0,6.7
CPT113268,2026-04-22 05:18:19.905307562,8.0,35.0,22.3
CPT104475,2026-04-15 00:50:39.873118605,4.0,13.0,7.3
CPT111844,2026-04-22 13:53:58.827239990,3.0,41.0,23.1
CPT106332,2026-04-18 06:01:00.577479533,17.0,54.0,47.2
CPT103704,2026-04-18 14:31:27.071324758,13.0,28.0,25.0
CPT112717,2026-04-16 18:14:11.799282376,10.0,58.0,39.6
CPT110268,2026-04-23 16:16:19.876841748,22.0,137.0,117.8
CPT106137,2026-04-21 16:37:38.014969721,2.0,7.0,5.5
CPT107381,2026-04-18 21:03:00.279014445,12.0,41.0,31.4
CPT106472,2026-04-21 03:37:38.753177032,6.0,30.0,18.0
CPT114042,2026-04-18 21:17:31.200948983,5.0,26.0,18.9
CPT101658,2026-04-22 07:26:14.987226866,6.0,22.0,17.2
CPT122709,2026-04-21 22:28:43.890251884,11.0,39.0,24.9
CPT124504,2026-04-20 10:26:37.220908599,12.0,32.0,19.8
CPT122903,2026-04-17 14:59:31.844709691,8.0,39.0,23.0
CPT100138,2026-04-19 13:47:56.954191110,29.0,102.0,76.7
CPT111194,2026-04-18 17:09:10.067299093,3.0,11.0,9.4
CPT109725,2026-04-20 03:34:43.562526939,6.0,20.0,12.7
CPT118969,2026-04-17 05:30:04.030415983,13.0,29.0,19.0
CPT106514,2026-04-18 01:08:09.629652073,9.0,39.0,32.0
CPT102550,2026-04-17 19:42:39.925999098,1.0,20.0,11.1
CPT109285,2026-04-24 07:34:48.464601818,4.0,38.0,23.0
CPT100524,2026-04-19 03:13:21.890217364,16.0,35.0,24.2
CPT101269,2026-04-18 02:59:46.367724190,5.0,33.0,21.7
CPT106951,2026-04-18 02:59:46.571594863,8.0,26.0,22.3
CPT124675,2026-04-19 23:51:48.700813038,11.0,39.0,27.0
CPT122190,2026-04-21 05:00:36.495937571,5.0,9.0,5.3
CPT116833,2026-04-20 22:18:04.181732201,5.0,28.0,26.0
CPT123374,2026-04-22 21:01:35.441622268,9.0,10.0,6.1
CPT111620,2026-04-19 07:52:22.259548147,6.0,42.0,28.9
CPT109905,2026-04-18 04:02:28.500438343,7.0,16.0,11.9
CPT108911,2026-04-23 01:57:03.127437428,8.0,35.0,24.2
CPT120021,2026-04-21 13:49:45.269829020,7.0,18.0,11.5
CPT110137,2026-04-18 19:12:50.707854242,7.0,24.0,19.7
CPT108724,2026-04-19 18:02:16.285743339,11.0,50.0,45.1
CPT123256,2026-04-18 16:55:34.145407624,2.0,15.0,10.5
CPT109659,2026-04-18 18:14:15.797559945,9.0,43.0,29.2
CPT116491,2026-04-19 09:08:18.762968579,5.0,17.0,11.5
CPT106758,2026-04-19 11:21:09.142925475,3.0,11.0,6.3
CPT124750,2026-04-22 16:55:17.303517312,2.0,15.0,11.6
CPT110708,2026-04-21 01:24:55.334734912,8.0,28.0,17.6
CPT104268,2026-04-22 13:30:58.555312901,14.0,61.0,49.9
CPT117245,2026-04-21 04:05:54.042818547,4.0,24.0,20.2
CPT114074,2026-04-20 11:54:36.967743967,13.0,30.0,24.5
CPT107709,2026-04-24 16:34:16.172411590,4.0,25.0,16.9
CPT105400,2026-04-20 19:34:47.312899896,17.0,67.0,39.3
CPT116130,2026-04-20 02:07:49.326243018,6.0,14.0,11.6
CPT106883,2026-04-20 15:34:54.804834530,7.0,19.0,17.3
CPT109759,2026-04-19 03:00:25.468252400,3.0,7.0,4.9
CPT113356,2026-04-18 23:53:40.276494157,3.0,4.0,2.3
CPT101854,2026-04-20 00:55:19.710493905,4.0,26.0,20.9
CPT117053,2026-04-21 09:50:51.966248903,12.0,53.0,49.5
CPT103665,2026-04-21 23:21:36.290619398,4.0,20.0,14.7
CPT119945,2026-04-20 03:09:42.917636594,7.0,13.0,10.2
CPT112712,2026-04-22 08:36:44.743944421,12.0,37.0,34.8
CPT116105,2026-04-21 01:39:09.097150862,7.0,21.0,14.6
CPT113535,2026-04-21 17:56:38.714200119,3.0,27.0,25.4
CPT123766,2026-04-23 08:25:22.651076333,6.0,28.0,20.6
CPT112759,2026-04-25 21:50:39.549690621,19.0,64.0,36.1
CPT102975,2026-04-21 09:13:11.845948857,10.0,65.0,40.4
CPT104123,2026-04-19 19:39:05.560416631,8.0,24.0,18.6
CPT117845,2026-04-20 04:00:32.259338646,12.0,34.0,20.6
CPT112422,2026-04-22 22:57:44.370656779,12.0,36.0,20.1
CPT104715,2026-04-19 05:32:19.577040344,10.0,83.0,75.3
CPT121521,2026-04-24 01:14:36.202166794,11.0,35.0,32.1
CPT107209,2026-04-24 17:27:03.022341133,3.0,28.0,17.3
CPT117515,2026-04-18 05:32:15.370805770,4.0,19.0,13.7
CPT108843,2026-04-21 14:47:07.282135802,4.0,9.0,5.1
CPT111333,2026-04-22 22:17:37.875934642,9.0,20.0,18.5
CPT101670,2026-04-20 04:22:23.293002529,4.0,9.0,7.7
CPT113715,2026-04-23 23:51:59.067185225,2.0,25.0,22.8
CPT101551,2026-04-20 08:46:52.969764498,13.0,38.0,34.7
CPT120369,2026-04-24 09:58:23.998463751,5.0,35.0,24.4
CPT114057,2026-04-24 03:03:22.751777219,5.0,18.0,17.0
CPT106702,2026-04-23 17:09:34.469151554,4.0,7.0,5.0
CPT118352,2026-04-24 21:33:35.588657214,4.0,14.0,13.3
CPT116525,,0.0,0.0,0.0
CPT118506,2026-04-23 20:06:49.594224522,6.0,20.0,13.1
CPT105940,2026-04-20 09:05:37.718236279,12.0,64.0,58.2
CPT110826,2026-04-22 23:37:33.628088599,2.0,17.0,13.2
CPT107471,2026-04-26 11:16:30.387361075,7.0,11.0,7.6
CPT109509,2026-04-21 05:44:33.975014916,9.0,28.0,19.0
CPT105746,2026-04-22 05:04:31.322210646,11.0,53.0,32.3
CPT112624,2026-04-22 18:49:57.228839464,4.0,5.0,3.3
CPT110037,2026-04-22 20:04:10.372366915,6.0,31.0,24.2
CPT105632,2026-04-23 16:31:46.665814258,10.0,33.0,24.6
CPT110765,2026-04-22 09:20:38.505622806,4.0,7.0,3.9
CPT115401,2026-04-22 16:00:40.675540500,7.0,23.0,14.3
CPT114822,2026-04-22 07:36:38.152022201,18.0,55.0,36.4
CPT107274,2026-04-21 04:29:35.824983917,4.0,24.0,21.5
CPT107689,2026-04-24 08:59:22.675158294,10.0,25.0,17.3
CPT121462,2026-04-21 19:49:24.713666862,6.0,24.0,15.8
CPT124887,2026-04-22 23:12:17.541704169,15.0,30.0,22.7
CPT109047,2026-04-24 16:45:36.405857344,13.0,44.0,41.3
CPT124881,2026-04-23 17:44:51.935534028,7.0,23.0,14.3
CPT112236,2026-04-24 13:36:17.902145927,7.0,18.0,14.7
CPT122796,2026-04-24 23:21:44.988246347,3.0,15.0,13.6
CPT104945,2026-04-22 13:11:55.359383146,4.0,25.0,15.5
CPT116345,2026-04-28 02:41:07.490402077,1.0,11.0,10.2
CPT121520,2026-04-21 09:14:36.334050204,8.0,31.0,22.8
CPT124054,2026-04-23 18:15:47.255958723,3.0,27.0,22.9
CPT109217,2026-04-22 11:04:04.503185145,2.0,12.0,10.1
CPT117551,2026-04-25 12:55:54.600897661,8.0,12.0,7.1
CPT118996,2026-04-25 12:30:19.723552566,4.0,20.0,19.0
CPT104210,2026-04-25 12:14:55.942898360,5.0,11.0,7.4
CPT121235,2026-04-24 22:03:41.926248552,9.0,25.0,16.1
CPT103872,2026-04-25 11:44:01.489737083,9.0,21.0,12.7
CPT105838,2026-04-22 01:53:34.095550031,11.0,53.0,40.5
CPT100047,2026-04-21 06:31:20.042169875,7.0,24.0,18.8
CPT102227,2026-04-21 21:22:33.558837046,8.0,24.0,21.3
CPT104453,2026-04-23 21:19:46.399332487,1.0,16.0,12.8
CPT100251,2026-04-23 22:55:23.683325655,6.0,37.0,28.4
CPT111376,2026-04-22 18:28:18.742419116,8.0,34.0,29.0
CPT119245,2026-04-23 09:43:03.623669478,8.0,17.0,15.2
CPT120825,2026-04-22 10:49:35.337339911,5.0,22.0,12.4
CPT105544,2026-04-25 19:58:07.528541458,6.0,31.0,26.3
CPT100507,2026-04-26 11:38:13.652133384,6.0,29.0,26.1
CPT110591,2026-04-23 14:33:19.757943225,4.0,14.0,8.3
CPT113192,2026-04-23 08:15:27.908012379,10.0,29.0,25.5
CPT103052,2026-04-24 22:19:53.060679497,15.0,68.0,63.8
CPT122283,2026-04-22 19:40:30.414978443,4.0,17.0,10.2
CPT123640,2026-04-25 19:39:13.318754710,9.0,49.0,37.9
CPT115375,2026-04-25 09:33:32.783825732,2.0,31.0,25.1
CPT118314,2026-04-23 03:23:58.475895152,5.0,27.0,23.3
CPT112536,2026-04-26 20:43:21.418796922,5.0,31.0,21.8
CPT102443,2026-04-27 10:27:05.348261452,12.0,30.0,18.5
CPT123902,2026-04-24 19:17:45.903028270,5.0,32.0,19.1
CPT119642,2026-04-25 15:17:42.826773117,24.0,62.0,53.2
CPT121551,2026-04-21 09:08:48.511822022,11.0,48.0,32.5
CPT100093,2026-04-25 07:24:58.587104502,4.0,12.0,6.9
CPT105026,2026-04-24 01:57:43.796021956,5.0,7.0,4.5
CPT112370,2026-04-26 15:00:15.461348647,3.0,27.0,17.8
CPT111455,2026-04-27 00:48:09.420909945,1.0,10.0,6.3
CPT109261,2026-04-26 14:23:04.991509635,1.0,8.0,5.3
CPT101195,2026-04-25 16:17:24.180495147,13.0,51.0,28.5
CPT121378,2026-04-25 19:06:08.320889037,3.0,28.0,22.1
CPT118657,2026-04-26 21:23:23.881256831,6.0,26.0,24.6
CPT111522,2026-04-24 10:40:03.171440090,8.0,52.0,40.1
CPT109954,2026-04-27 01:05:32.650265662,6.0,16.0,9.6
CPT104024,2026-04-24 19:46:20.330986745,14.0,66.0,56.3
CPT112431,2026-04-26 05:51:55.912964154,6.0,28.0,25.4
CPT106582,2026-04-26 18:59:12.389294159,6.0,35.0,29.7
CPT106966,2026-04-22 10:18:38.643337229,4.0,26.0,20.6
CPT104516,2026-04-23 12:24:09.769860262,9.0,69.0,42.3
CPT102703,2026-04-26 05:35:51.988512533,17.0,56.0,33.3
CPT113326,2026-05-01 00:14:03.408157859,10.0,38.0,22.8
CPT111494,2026-04-22 20:24:12.885435692,16.0,39.0,33.3
CPT115179,2026-04-29 00:27:32.327918546,1.0,7.0,3.9
CPT101801,2026-04-24 11:40:56.428220647,12.0,69.0,65.5
CPT122645,,0.0,0.0,0.0
CPT100438,2026-04-26 19:23:08.150704158,10.0,23.0,17.0
CPT120111,2026-04-28 14:39:49.780058087,5.0,22.0,19.4
CPT124358,2026-04-23 12:55:26.648581002,10.0,36.0,33.7
CPT104031,,0.0,0.0,0.0
CPT108047,2026-05-03 22:44:02.446761358,19.0,71.0,66.3
CPT123187,2026-04-26 02:41:43.193309553,3.0,13.0,11.1
CPT101913,2026-04-26 08:09:36.694924939,5.0,24.0,19.0
CPT116884,2026-04-25 00:54:55.450467422,6.0,19.0,11.3
CPT119268,2026-04-24 04:46:52.696463792,10.0,46.0,30.0
CPT113040,2026-04-28 12:20:32.010885641,6.0,35.0,19.8
CPT118723,2026-04-26 07:40:19.899380125,9.0,43.0,24.0
CPT103857,2026-04-24 19:30:39.506787161,1.0,10.0,7.5
CPT107213,2026-04-23 12:48:59.244385516,9.0,21.0,19.8
CPT116621,2026-04-29 17:48:45.578827166,4.0,9.0,5.3
CPT102291,2026-04-24 01:23:40.704805077,1.0,3.0,2.1
CPT124069,2026-04-26 16:56:59.445829262,16.0,37.0,26.9
CPT120931,2026-04-29 00:10:24.604807365,8.0,33.0,18.7
CPT106518,2026-05-02 04:12:58.667338797,10.0,24.0,16.0
CPT120628,,0.0,0.0,0.0
CPT106558,2026-04-28 01:06:26.495677193,7.0,34.0,27.5
CPT102865,2026-04-28 04:59:33.903392870,14.0,35.0,30.2
CPT120496,2026-04-25 10:23:35.500445788,6.0,29.0,21.7
CPT100474,2026-04-26 08:01:13.314344894,10.0,39.0,29.5
CPT110185,2026-04-28 22:57:19.996766772,7.0,29.0,17.8
CPT108846,2026-04-26 11:59:02.054644667,1.0,11.0,8.5
CPT113552,2026-04-26 15:39:01.038429474,8.0,27.0,16.1
CPT122480,2026-04-30 12:59:04.529648213,7.0,27.0,17.7
CPT118303,2026-04-27 12:16:43.735732323,14.0,70.0,60.6
CPT115187,2026-04-29 08:20:20.988577509,10.0,41.0,36.7
CPT103836,2026-05-03 03:36:54.085145095,6.0,17.0,13.0
CPT102842,2026-05-01 05:26:46.545579677,19.0,69.0,57.4
CPT102771,2026-04-25 21:39:18.147354061,4.0,24.0,20.8
CPT114034,2026-04-26 07:18:17.810528568,3.0,13.0,11.7
CPT121016,2026-04-27 13:24:56.118621658,3.0,9.0,8.5
CPT106765,2026-05-02 17:49:42.878639197,12.0,49.0,46.0
CPT108513,2026-04-27 12:27:22.846309448,1.0,20.0,16.9
CPT120455,2026-04-29 14:07:01.357292753,9.0,21.0,14.1
CPT119233,,0.0,0.0,0.0
CPT106526,2026-04-27 13:14:30.728172317,12.0,20.0,18.1
CPT106206,2026-04-27 03:24:02.842439691,6.0,21.0,18.3
CPT106044,2026-04-26 18:36:18.138544144,4.0,13.0,11.7
CPT111900,2026-04-30 03:01:20.894096049,3.0,15.0,12.3
CPT117269,2026-04-28 22:31:46.890636692,6.0,19.0,11.2
CPT116035,2026-04-24 19:48:17.622006891,9.0,33.0,30.6
CPT104748,2026-04-27 07:23:38.360101436,8.0,39.0,31.1
CPT124207,2026-04-29 08:59:54.393463786,3.0,24.0,21.3
CPT106348,2026-04-25 00:42:35.057834916,12.0,52.0,36.6
CPT117621,2026-04-29 11:34:11.205491278,8.0,22.0,15.6
CPT103907,2026-04-29 07:43:10.172854471,3.0,28.0,21.0
CPT118571,2026-04-27 19:55:02.878209099,8.0,35.0,33.0
CPT105554,2026-04-27 20:27:49.049946538,7.0,27.0,24.7
CPT121693,2026-04-29 02:49:26.661080419,5.0,24.0,19.0
CPT124929,2026-04-30 09:05:14.144814322,7.0,26.0,20.0
CPT114193,2026-04-29 12:27:32.258098692,3.0,19.0,13.6
CPT109106,2026-04-27 00:52:58.610930184,11.0,35.0,31.1
CPT105823,2026-04-29 17:33:00.496142229,8.0,30.0,19.7
CPT117604,2026-04-27 22:52:28.061813799,3.0,14.0,8.3
CPT121882,2026-05-01 05:12:48.410069042,2.0,13.0,10.7
CPT101885,2026-05-01 06:37:27.777424253,18.0,63.0,48.4
CPT118503,2026-04-26 12:43:19.918230926,8.0,45.0,37.7
CPT111303,2026-05-01 20:49:37.659658835,7.0,9.0,5.4
CPT124757,2026-04-27 17:53:42.899349552,6.0,11.0,8.5
CPT106598,2026-04-28 01:05:19.230191536,6.0,41.0,29.5
CPT102452,2026-05-04 04:47:06.926965610,3.0,25.0,18.1
CPT119089,2026-04-26 20:34:37.706018426,8.0,19.0,10.8
CPT109138,2026-04-29 09:18:59.656361678,8.0,20.0,16.7
CPT113256,2026-04-29 15:10:52.013463763,7.0,13.0,10.1
CPT109817,2026-04-27 13:49:55.412420155,2.0,21.0,16.2
CPT122074,2026-04-26 12:22:54.074726328,6.0,36.0,28.3
CPT108962,2026-04-28 06:14:00.286444595,7.0,18.0,15.0
CPT119399,2026-04-28 11:27:14.681378098,8.0,44.0,24.9
CPT100406,2026-05-01 13:17:30.816965045,7.0,41.0,23.9
CPT100131,2026-04-29 21:48:04.452902545,3.0,11.0,8.8
CPT123465,2026-04-28 15:58:44.789096093,5.0,33.0,22.0
CPT117088,2026-05-01 19:48:54.291076686,7.0,38.0,28.6
CPT100669,2026-04-28 18:47:30.002000068,6.0,20.0,11.8
CPT119013,2026-04-30 14:15:54.307725307,5.0,23.0,15.7
CPT115944,2026-04-26 10:47:30.667451673,11.0,36.0,24.0
CPT119627,2026-04-27 12:52:05.806636879,3.0,14.0,12.1
CPT117071,2026-04-28 15:07:33.438654725,4.0,28.0,23.2
CPT103980,2026-05-02 08:16:46.734432371,15.0,37.0,30.9
CPT119827,2026-04-27 18:13:58.604892502,2.0,16.0,14.8
CPT116299,2026-04-27 16:08:16.154414111,7.0,35.0,20.3
CPT105492,2026-05-01 16:09:27.106311704,9.0,32.0,23.6
CPT115136,2026-04-29 08:52:31.761346172,13.0,52.0,31.8
CPT107822,2026-04-28 20:06:27.583423329,7.0,44.0,34.4
CPT106033,2026-04-30 11:46:06.743869357,7.0,34.0,23.7
CPT105388,2026-04-28 01:49:01.309333056,6.0,28.0,25.5
CPT104347,2026-05-01 06:46:32.406114001,13.0,67.0,39.8
CPT114017,2026-04-28 11:33:30.847925209,9.0,39.0,29.7
CPT111359,2026-04-28 20:04:41.804508088,6.0,16.0,13.3
CPT123358,2026-04-29 00:24:43.635160107,9.0,21.0,13.2
CPT108772,2026-04-28 00:47:38.210685884,3.0,24.0,17.4
CPT122404,2026-04-29 10:42:54.614458084,11.0,38.0,34.6
CPT111418,2026-04-29 07:12:08.816856300,7.0,18.0,10.6
CPT109955,2026-04-30 22:45:16.361436375,3.0,13.0,7.3
CPT111337,2026-04-26 05:07:57.671487706,11.0,39.0,25.9
CPT120811,2026-04-28 17:44:48.384094591,7.0,25.0,13.9
CPT108666,2026-04-28 01:00:31.070849076,15.0,44.0,34.1
CPT108106,2026-04-30 12:37:56.564768151,4.0,9.0,7.6
CPT122338,2026-05-03 13:58:10.661927232,7.0,38.0,25.0
CPT106804,2026-04-30 08:11:32.321224463,1.0,8.0,6.5
CPT119956,2026-04-29 15:35:20.363204971,11.0,24.0,13.9
CPT122635,2026-05-04 17:45:36.403844804,9.0,17.0,14.4
CPT121262,2026-04-28 13:00:18.342818039,4.0,8.0,5.1
CPT105223,2026-04-30 06:03:21.460266262,9.0,38.0,27.3
CPT119711,2026-04-30 15:21:01.716522195,2.0,18.0,11.2
CPT103900,2026-04-29 16:06:59.328998232,5.0,15.0,10.3
CPT108552,2026-04-29 05:35:34.601810835,5.0,7.0,6.3
CPT107616,2026-04-30 04:09:51.100641846,3.0,17.0,16.1
CPT109732,2026-04-28 10:37:29.310045410,9.0,23.0,19.2
CPT108964,2026-04-29 09:19:46.699586627,12.0,46.0,37.6
CPT122815,2026-04-28 22:49:31.663139167,6.0,32.0,20.5
CPT104637,2026-04-29 09:58:29.111962537,8.0,43.0,26.0
CPT119427,2026-04-28 18:17:25.406316135,9.0,28.0,23.7
CPT121427,2026-05-05 01:52:17.314134973,7.0,14.0,8.6
CPT114750,2026-04-30 17:09:56.925255022,12.0,25.0,16.9
CPT121004,2026-04-26 10:38:24.287044870,15.0,90.0,84.9
CPT123938,2026-05-04 03:48:21.842653669,6.0,26.0,18.8
CPT103011,2026-04-30 00:34:30.403121408,8.0,31.0,27.1
CPT120258,2026-04-29 12:49:43.573626694,16.0,68.0,49.3
CPT111024,2026-04-28 20:14:12.657848386,14.0,41.0,34.9
CPT117227,2026-04-29 11:51:34.015850266,7.0,29.0,23.9
CPT108550,2026-04-29 21:58:40.195453831,5.0,23.0,14.1
CPT114695,2026-05-02 05:04:35.127881798,8.0,19.0,13.2
CPT124241,2026-05-01 00:43:04.929541418,5.0,21.0,15.4
CPT101152,2026-04-29 16:59:34.912962681,11.0,37.0,27.9
CPT109319,,0.0,0.0,0.0
CPT122388,2026-05-01 03:14:19.317000253,31.0,107.0,93.2
CPT105288,2026-05-02 16:16:38.376290221,6.0,25.0,19.3
CPT101949,2026-05-03 06:33:18.114860225,1.0,15.0,11.7
CPT123873,2026-05-01 15:38:39.515714369,16.0,70.0,45.7
CPT120248,2026-05-03 21:08:59.565864518,7.0,22.0,14.6
CPT105808,2026-04-30 18:03:45.871374145,11.0,45.0,38.6
CPT103875,2026-05-02 11:39:06.474746295,3.0,8.0,5.4
CPT113814,2026-04-30 13:56:36.752227507,13.0,63.0,50.6
CPT120000,2026-04-29 20:07:26.003659114,2.0,7.0,6.0
CPT118869,2026-05-03 18:10:22.475494914,13.0,37.0,32.4
CPT119960,2026-05-01 16:22:03.392481530,6.0,23.0,17.0
CPT124782,2026-05-01 13:16:59.992902414,5.0,14.0,9.3
CPT121078,2026-04-30 05:25:07.818858927,8.0,33.0,18.7
CPT108837,2026-05-02 15:39:53.570421716,12.0,51.0,39.0
CPT123521,2026-05-10 16:49:16.974536906,10.0,28.0,24.3
CPT113835,2026-05-02 14:44:33.953646528,4.0,12.0,8.7
CPT100166,2026-05-01 06:55:08.848927897,7.0,17.0,15.0
CPT104772,2026-04-30 12:20:20.420543533,2.0,21.0,11.7
CPT121951,2026-05-04 15:23:16.758589677,21.0,34.0,23.3
CPT105986,2026-05-01 12:52:14.319989904,2.0,11.0,6.5
CPT109581,2026-05-03 05:09:23.289298193,9.0,20.0,15.0
CPT105072,2026-05-03 15:50:47.507469627,11.0,32.0,25.2
CPT124642,2026-05-03 11:27:14.366188963,3.0,14.0,12.0
CPT102402,,0.0,0.0,0.0
CPT120734,2026-05-01 19:25:39.643442741,10.0,57.0,53.9
CPT115627,2026-04-30 13:42:03.848387209,6.0,23.0,13.8
CPT115769,2026-04-29 14:25:29.129279259,7.0,25.0,16.7
CPT122724,2026-05-03 12:04:12.931006358,1.0,14.0,9.3
CPT114613,2026-05-01 12:31:12.717265516,7.0,24.0,14.6
CPT124037,2026-04-29 02:53:50.803296566,10.0,45.0,40.7
CPT101800,2026-05-02 17:49:07.316320459,4.0,29.0,19.5
CPT115082,2026-05-01 13:40:59.268720919,4.0,26.0,15.7
CPT121374,2026-04-29 19:39:56.147466066,8.0,21.0,11.6
CPT117650,2026-05-01 19:27:52.308932715,4.0,26.0,23.5
CPT124399,2026-05-04 19:34:07.891818644,13.0,24.0,16.0
CPT107662,2026-04-30 16:47:15.541337968,13.0,38.0,26.9
CPT114959,2026-04-30 19:12:57.605364355,5.0,30.0,20.8
CPT109122,2026-05-01 10:31:24.294996365,2.0,8.0,7.3
CPT103532,2026-05-07 01:09:20.002780397,2.0,3.0,2.4
CPT105152,2026-05-05 22:15:16.126070890,7.0,44.0,25.6
CPT106610,2026-05-01 12:44:14.605935342,8.0,24.0,20.5
CPT121483,2026-05-02 12:10:38.514325046,5.0,8.0,4.7
CPT106213,2026-05-02 22:02:21.242803356,9.0,41.0,27.6
CPT115744,2026-05-01 01:46:45.649918374,3.0,13.0,10.0
CPT124821,2026-05-01 09:10:36.723364374,4.0,23.0,21.8
CPT101237,2026-05-01 14:28:22.332760421,4.0,21.0,18.4
CPT114595,2026-05-04 10:26:50.162200616,4.0,16.0,11.3
CPT119349,2026-05-02 07:13:44.638698675,10.0,53.0,36.5
CPT124641,,0.0,0.0,0.0
CPT115912,2026-05-02 14:21:23.733287258,1.0,8.0,7.5
CPT111384,2026-05-06 03:25:24.389862375,6.0,16.0,11.9
CPT109270,2026-05-04 06:07:16.918972216,11.0,19.0,17.6
CPT104404,2026-05-03 05:40:42.984593111,8.0,29.0,26.4
CPT105002,2026-04-30 05:44:07.798485280,4.0,13.0,7.4
CPT117965,2026-05-05 02:22:29.037466247,6.0,22.0,13.4
CPT107667,2026-05-08 00:21:37.878539314,8.0,31.0,25.5
CPT120778,2026-05-06 05:11:48.802006732,4.0,15.0,12.6
CPT123030,2026-05-02 13:33:13.609978914,3.0,12.0,9.8
CPT110922,2026-05-03 08:15:28.038633722,6.0,24.0,14.0
CPT102668,,0.0,0.0,0.0
CPT103013,2026-05-04 14:59:40.860483959,8.0,33.0,26.7
CPT110734,2026-05-01 09:03:20.569315677,5.0,46.0,37.7
CPT118727,2026-05-04 17:48:50.900452217,5.0,41.0,34.5
CPT100060,2026-05-05 04:39:15.597994534,4.0,20.0,18.1
CPT105527,2026-05-01 22:33:51.415739638,5.0,16.0,14.6
CPT116439,2026-05-06 22:23:36.869443940,6.0,24.0,21.2
CPT115891,2026-04-30 20:50:36.809492214,10.0,21.0,16.6
CPT100856,2026-05-03 21:43:19.323396627,8.0,19.0,17.3
CPT100861,2026-05-03 14:40:39.214673233,9.0,22.0,14.1
CPT111896,2026-05-04 20:37:05.241044967,7.0,29.0,17.0
CPT103765,,0.0,0.0,0.0
CPT114041,2026-05-03 22:36:38.206569963,3.0,7.0,4.2
CPT122850,2026-05-07 04:03:50.140323679,4.0,18.0,14.5
CPT124797,2026-05-03 17:03:55.360436190,5.0,24.0,14.0
CPT117775,2026-05-05 13:12:21.458496042,9.0,33.0,18.6
CPT102208,2026-05-08 01:45:24.331308728,19.0,37.0,30.1
CPT113763,2026-05-08 06:52:56.099447517,4.0,14.0,9.2
CPT100164,2026-05-01 10:11:26.245402523,9.0,22.0,14.6
CPT112036,2026-05-02 16:41:16.471064081,5.0,24.0,21.1
CPT109887,2026-05-05 10:04:18.178562963,2.0,12.0,6.6
CPT124026,2026-05-04 22:03:36.613816004,7.0,27.0,22.5
CPT119279,2026-05-13 07:57:17.186175598,1.0,18.0,13.5
CPT103771,2026-05-06 11:08:33.745243645,7.0,27.0,21.7
CPT108281,,0.0,0.0,0.0
CPT123575,2026-05-08 14:15:13.942489111,11.0,44.0,26.8
CPT122248,2026-05-04 08:38:16.380661456,5.0,31.0,19.2
CPT113681,2026-05-05 04:06:26.470077358,3.0,11.0,9.1
CPT100793,2026-05-06 04:50:28.379408256,13.0,35.0,23.5
CPT100593,2026-05-07 13:15:19.882801550,2.0,16.0,14.1
CPT111785,2026-05-06 18:10:08.007754890,2.0,7.0,5.1
CPT112270,2026-05-05 05:26:21.129949519,11.0,22.0,15.7
CPT118559,2026-05-02 15:08:23.890398199,3.0,30.0,19.5
CPT115561,2026-05-08 00:25:59.905168815,5.0,29.0,22.4
CPT102854,2026-05-03 13:42:38.901537818,6.0,24.0,20.3
CPT114989,2026-05-04 17:08:54.414892110,7.0,37.0,30.4
CPT117993,2026-05-06 06:29:15.825487642,2.0,9.0,7.4
CPT100224,2026-05-04 06:43:29.737103886,10.0,56.0,45.6
CPT109583,2026-05-08 13:13:35.018659425,8.0,73.0,67.4
CPT118618,2026-05-07 11:29:06.580885768,5.0,9.0,6.3
CPT119093,2026-05-06 08:49:58.508327651,7.0,31.0,26.3
CPT107555,2026-05-05 02:57:57.962920250,3.0,20.0,17.9
CPT112263,2026-05-04 22:30:10.726838345,5.0,14.0,11.7
CPT124543,2026-05-04 07:39:14.366125054,10.0,7.0,6.6
CPT116483,2026-05-04 10:39:57.505074717,8.0,28.0,24.8
CPT108833,2026-05-03 17:02:49.215113219,6.0,14.0,8.8
CPT118141,2026-05-05 09:44:23.946807114,5.0,10.0,7.3
CPT109232,2026-05-10 13:53:57.020952142,6.0,30.0,17.4
CPT117036,2026-05-04 08:44:39.334937173,4.0,23.0,13.4
CPT114619,2026-05-06 20:34:17.115724436,13.0,21.0,14.8
CPT111441,2026-05-06 00:44:24.473380166,19.0,66.0,45.5
CPT118167,2026-05-06 04:02:19.232439994,8.0,40.0,25.8
CPT108576,2026-05-04 05:05:14.131005421,9.0,42.0,23.8
CPT118508,2026-05-08 14:31:51.940174349,3.0,26.0,20.6
CPT108180,2026-05-07 13:22:25.264287251,8.0,30.0,22.0
CPT123859,2026-05-06 18:44:04.191258322,18.0,72.0,65.8
CPT106186,,0.0,0.0,0.0
CPT109480,2026-05-06 15:32:25.165570666,4.0,28.0,20.3
CPT112702,2026-05-05 08:35:16.458007757,3.0,24.0,14.6
CPT120675,2026-05-08 02:16:00.542388488,11.0,25.0,17.1
CPT118781,2026-05-08 04:21:14.578055133,4.0,15.0,13.8
CPT107286,2026-05-05 18:43:19.567615353,5.0,22.0,15.7
CPT109694,2026-05-04 10:09:17.095225205,5.0,26.0,23.5
CPT116896,2026-05-08 19:04:44.282872232,4.0,12.0,7.6
CPT114561,,0.0,0.0,0.0
CPT102633,2026-05-05 21:21:19.991645432,10.0,45.0,37.3
CPT117285,2026-05-05 15:53:01.064500392,10.0,11.0,9.9
CPT120522,2026-05-03 00:37:48.480583558,2.0,24.0,19.7
CPT109494,2026-05-06 12:33:54.455894226,7.0,35.0,26.2
CPT105736,2026-05-09 17:09:19.918904665,13.0,13.0,8.2
CPT112327,2026-05-07 07:23:12.633838329,8.0,54.0,45.8
CPT124066,2026-05-07 08:52:30.583589067,11.0,27.0,20.2
CPT103568,2026-05-04 16:27:36.592889494,20.0,63.0,46.3
CPT121646,2026-05-04 02:23:47.075689864,4.0,21.0,12.2
CPT103902,2026-05-10 07:35:04.098771475,18.0,69.0,39.4
CPT103666,2026-05-09 12:15:14.638250238,16.0,62.0,53.5
CPT122091,2026-05-10 16:15:43.125254380,11.0,19.0,16.2
CPT115692,2026-05-06 05:29:38.296933409,8.0,15.0,10.3
CPT102560,2026-05-06 18:24:44.954606586,7.0,40.0,33.6
CPT123993,2026-05-09 22:19:56.991065808,19.0,64.0,36.5
CPT112837,2026-05-08 11:44:05.566429655,1.0,10.0,6.0
CPT114059,2026-05-07 11:27:53.937454720,8.0,39.0,34.4
CPT122225,2026-05-07 11:14:49.109177516,10.0,28.0,22.1
CPT109340,2026-05-05 04:13:41.890024579,2.0,11.0,6.2
CPT112532,2026-05-07 01:18:17.736920750,7.0,11.0,10.1
CPT111015,2026-05-06 21:06:58.696028797,5.0,18.0,10.2
CPT104993,2026-05-11 16:53:45.569466814,2.0,5.0,3.3
CPT106524,2026-05-06 22:27:41.879291969,5.0,8.0,6.0
CPT109037,2026-05-07 17:17:38.845943224,4.0,26.0,20.9
CPT118921,2026-05-08 21:23:04.728641489,3.0,8.0,6.8
CPT117422,2026-05-08 15:18:03.820787801,3.0,12.0,8.1
CPT107987,2026-05-07 10:45:38.815539120,7.0,43.0,31.9
CPT116295,2026-05-06 03:24:26.638881026,1.0,10.0,6.7
CPT122894,2026-05-04 23:05:15.176839238,6.0,30.0,22.2
CPT101287,2026-05-08 06:26:41.061599359,6.0,28.0,24.2
CPT119720,2026-05-08 02:38:04.051626845,3.0,16.0,15.1
CPT104820,2026-05-10 08:46:38.748082442,8.0,22.0,15.5
CPT100270,2026-05-08 09:48:48.567334197,3.0,18.0,10.7
CPT122963,2026-05-08 16:59:17.354964857,11.0,26.0,19.3
CPT113088,2026-05-06 10:36:13.543779412,6.0,18.0,12.9
CPT124484,2026-05-05 11:13:50.756621485,6.0,14.0,11.0
CPT115292,2026-05-08 01:08:15.643262307,4.0,9.0,8.2
CPT115210,2026-05-06 12:51:49.830408734,7.0,40.0,35.1
CPT102871,2026-05-08 19:41:25.836869384,3.0,16.0,12.1
CPT123544,2026-05-08 12:36:55.053446606,5.0,17.0,12.2
CPT112634,2026-05-08 14:17:52.448585839,12.0,52.0,41.0
CPT120761,2026-05-07 01:12:02.788739279,3.0,5.0,3.2
CPT116863,2026-05-08 09:04:32.164868985,24.0,61.0,52.2
CPT103609,2026-05-08 18:49:23.993722391,5.0,13.0,10.1
CPT123850,2026-05-10 07:52:12.573440863,7.0,29.0,18.0
CPT100709,2026-05-09 00:00:56.356430907,12.0,49.0,44.0
CPT122712,2026-05-06 12:31:29.541453470,5.0,36.0,21.8
CPT122279,2026-05-07 16:13:34.209873811,4.0,13.0,12.1
CPT115512,2026-05-08 12:23:26.701094165,9.0,38.0,31.4
CPT119445,2026-05-09 08:49:48.205408899,14.0,68.0,37.8
CPT108232,2026-05-07 21:13:12.002452699,5.0,16.0,12.5
CPT104970,2026-05-07 00:30:30.434713899,6.0,27.0,24.4
CPT122096,2026-05-06 18:20:19.492929721,10.0,47.0,43.5
CPT103450,2026-05-09 05:35:39.772824503,14.0,26.0,22.0
CPT119085,2026-05-08 16:53:47.318098127,19.0,64.0,38.5
CPT106816,2026-05-07 16:08:43.134541428,5.0,29.0,18.4
CPT110490,,0.0,0.0,0.0
CPT106776,,0.0,0.0,0.0
CPT103669,2026-05-10 11:27:18.952951739,8.0,21.0,14.9
CPT102021,2026-05-07 00:40:24.544316219,10.0,24.0,19.5
CPT114005,2026-05-06 15:55:17.509988060,2.0,17.0,12.8
CPT111336,2026-05-08 08:34:25.525882265,11.0,30.0,27.8
CPT114245,2026-05-06 11:22:16.419226229,5.0,15.0,10.5
CPT118628,2026-05-05 23:03:31.515596716,8.0,26.0,24.5
CPT111774,2026-05-07 20:55:20.157343925,11.0,29.0,23.2
CPT111295,2026-05-07 09:44:37.456143699,3.0,24.0,13.6
CPT114310,2026-05-09 01:26:34.971656596,11.0,25.0,17.4
CPT113006,2026-05-09 02:11:52.259786154,4.0,20.0,16.5
CPT110179,2026-05-08 15:22:19.781809548,12.0,54.0,40.8
CPT120347,2026-05-09 22:10:31.590308993,11.0,22.0,14.6
CPT100154,2026-05-07 16:50:21.203991349,5.0,28.0,21.3
CPT115781,2026-05-11 16:47:58.741266341,11.0,44.0,30.9
CPT111124,2026-05-12 22:07:48.391693085,4.0,29.0,21.0
CPT111788,2026-05-11 09:46:35.029280329,5.0,9.0,5.3
CPT121047,2026-05-07 04:36:51.139951233,13.0,37.0,31.9
CPT118474,2026-05-14 09:55:22.429526863,6.0,7.0,4.5
CPT111392,2026-05-10 22:36:33.746268710,8.0,27.0,15.7
CPT117611,2026-05-08 11:11:47.196978630,6.0,18.0,13.9
CPT102135,2026-05-08 14:54:42.880859499,3.0,28.0,15.7
CPT114664,2026-05-11 06:39:21.050507717,12.0,54.0,32.9
CPT104588,2026-05-09 00:08:38.707223340,4.0,10.0,8.9
CPT109258,2026-05-06 18:42:40.628986642,5.0,9.0,6.2
CPT118507,2026-05-10 04:42:30.014654378,9.0,53.0,47.2
CPT112526,2026-05-10 04:25:44.770218078,6.0,5.0,4.6
CPT122774,2026-05-08 20:14:41.001022557,3.0,24.0,14.4
CPT100172,2026-05-07 22:24:46.342239938,4.0,42.0,26.4
CPT120306,2026-05-09 03:22:15.778989692,20.0,83.0,74.2
CPT104615,2026-05-08 19:20:26.837523374,4.0,21.0,12.5
CPT101516,2026-05-10 03:10:22.624011227,13.0,68.0,44.7
CPT113273,2026-05-11 23:48:02.557947663,10.0,16.0,12.5
CPT104500,2026-05-10 13:37:08.748132362,11.0,26.0,22.3
CPT106475,2026-05-08 04:35:42.851840312,3.0,15.0,11.9
CPT103094,2026-05-09 22:51:14.746532045,9.0,25.0,19.8
CPT105425,2026-05-09 14:38:23.432810493,28.0,107.0,98.0
CPT111404,2026-05-11 05:04:39.835939125,10.0,30.0,25.5
CPT119470,2026-05-10 16:56:52.276936913,6.0,21.0,19.9
CPT117166,2026-05-11 23:12:59.182913654,3.0,12.0,6.9
CPT114383,2026-05-13 04:02:49.599004538,3.0,35.0,32.9
CPT120327,2026-05-08 06:36:22.846315277,14.0,55.0,35.3
CPT120242,2026-05-12 10:34:33.488244090,3.0,11.0,8.7
CPT115699,2026-05-11 19:46:03.372862465,8.0,24.0,19.0
CPT100044,2026-05-07 22:44:40.182739805,5.0,29.0,22.6
CPT123094,2026-05-10 00:43:59.457757091,3.0,16.0,14.1
CPT111342,2026-05-11 09:10:11.288598912,12.0,17.0,10.6
CPT109301,2026-05-08 16:56:08.943218415,4.0,29.0,18.8
CPT102818,2026-05-11 14:44:12.298532515,15.0,56.0,51.6
CPT110616,2026-05-10 09:00:27.453077692,3.0,13.0,7.2
CPT108968,2026-05-09 07:12:17.120746480,2.0,12.0,7.7
CPT101183,,0.0,0.0,0.0
CPT117482,2026-05-13 05:46:11.792830186,6.0,24.0,15.9
CPT121361,2026-05-14 09:06:58.642247006,9.0,23.0,12.8
CPT108581,2026-05-08 02:39:14.289691180,23.0,54.0,33.0
CPT122267,2026-05-07 12:55:08.239683128,6.0,19.0,13.7
CPT119455,2026-05-10 02:38:19.439909119,2.0,8.0,6.5
CPT106294,2026-05-10 17:15:08.358526109,4.0,22.0,15.3
CPT106858,2026-05-08 20:10:12.494690940,2.0,15.0,10.1
CPT109975,2026-05-10 07:45:25.367625205,11.0,54.0,46.3
CPT107520,2026-05-09 19:53:07.259058976,13.0,53.0,44.8
CPT103965,2026-05-10 15:37:07.577212469,2.0,26.0,21.2
CPT124178,2026-05-16 23:43:23.576532081,5.0,17.0,13.2
CPT104784,2026-05-11 11:56:51.985460090,3.0,14.0,12.7
CPT105598,2026-05-10 11:29:22.144457439,7.0,36.0,26.2
CPT112042,2026-05-12 21:44:26.489348989,6.0,9.0,5.7
CPT122146,2026-05-12 22:17:16.391697787,6.0,17.0,13.6
CPT117334,2026-05-16 21:51:12.715364824,10.0,29.0,20.9
CPT106030,2026-05-12 02:10:15.110599778,13.0,35.0,30.1
CPT112300,2026-05-13 00:42:24.744261118,5.0,35.0,30.9
CPT111099,2026-05-16 08:54:58.309512536,7.0,33.0,19.5
CPT112031,2026-05-08 15:03:26.789846394,7.0,21.0,12.1
CPT107614,2026-05-14 03:39:55.830533974,9.0,31.0,17.9
CPT124796,2026-05-09 09:00:48.349317807,9.0,24.0,17.9
CPT118447,2026-05-11 05:29:10.183033562,4.0,27.0,16.6
CPT111772,2026-05-12 14:53:49.874167263,3.0,29.0,21.1
CPT109949,,0.0,0.0,0.0
CPT106239,2026-05-13 19:52:06.222976245,6.0,40.0,27.6
CPT113072,2026-05-15 06:54:13.050226934,3.0,10.0,8.8
CPT107013,2026-05-13 14:04:45.896608200,17.0,41.0,38.6
CPT101380,2026-05-09 21:56:26.694909435,6.0,17.0,9.9
CPT111587,2026-05-11 00:37:10.387844343,1.0,12.0,10.1
CPT104428,2026-05-09 11:32:45.786310430,4.0,25.0,21.9
CPT107191,2026-05-09 17:55:44.658687697,1.0,7.0,5.0
CPT119341,2026-05-09 17:21:25.461056537,8.0,44.0,34.5
CPT110246,,0.0,0.0,0.0
CPT114238,2026-05-10 10:05:00.790324077,4.0,19.0,15.0
CPT119541,2026-05-10 15:57:47.288690062,3.0,18.0,14.4
CPT105540,2026-05-09 19:25:29.526370743,9.0,22.0,13.4
CPT106049,2026-05-11 02:56:25.017844793,5.0,17.0,14.9
CPT106698,2026-05-13 14:40:33.873864445,9.0,39.0,28.4
CPT108077,2026-05-12 10:15:58.813734784,2.0,15.0,9.7
CPT115841,2026-05-10 20:37:24.427663520,6.0,20.0,14.7
CPT106220,2026-05-15 06:40:20.548538540,12.0,42.0,33.9
CPT118449,2026-05-13 07:50:42.953997266,2.0,7.0,5.7
CPT124909,2026-05-11 20:01:49.873164279,4.0,32.0,27.7
CPT119330,2026-05-16 11:53:06.499830676,5.0,28.0,17.1
CPT106333,2026-05-13 11:02:45.228804110,5.0,5.0,4.0
CPT115183,2026-05-10 23:02:53.546465451,6.0,14.0,11.7
CPT104441,2026-05-12 10:44:31.926799994,8.0,26.0,15.6
CPT124498,2026-05-13 18:25:11.611066596,12.0,28.0,23.3
CPT113822,2026-05-18 09:26:05.936999081,1.0,5.0,4.7
CPT121972,2026-05-13 00:27:51.310198629,10.0,31.0,28.3
CPT112179,2026-05-12 20:01:21.036922433,4.0,23.0,14.5
CPT115939,2026-05-12 10:38:47.511743929,4.0,31.0,20.2
CPT110718,2026-05-11 04:12:34.889390766,5.0,16.0,11.9
CPT112808,2026-05-15 16:16:18.317628034,4.0,17.0,13.5
CPT106457,2026-05-11 06:24:37.492227369,5.0,23.0,15.3
CPT102938,2026-05-11 07:48:21.123818843,12.0,40.0,30.9
CPT102337,2026-05-10 19:59:23.657865007,7.0,45.0,27.4
CPT109671,2026-05-12 07:52:18.367253878,10.0,54.0,43.3
CPT110816,2026-05-12 05:05:45.198427275,3.0,11.0,7.2
CPT123951,2026-05-11 21:16:36.836024036,5.0,28.0,19.9
CPT109256,2026-05-17 09:01:28.365722545,6.0,32.0,26.2
CPT118463,2026-05-12 22:29:44.319136329,10.0,24.0,13.4
CPT117025,2026-05-19 11:47:15.291718955,11.0,25.0,21.4
CPT102717,2026-05-12 03:03:43.547908646,6.0,25.0,23.3
CPT107655,2026-05-12 08:22:50.059461069,1.0,22.0,19.3
CPT101246,2026-05-14 11:08:34.702224101,3.0,17.0,11.2
CPT106079,2026-05-14 16:11:31.136151337,4.0,23.0,15.3
CPT110939,2026-05-16 18:29:05.745678807,13.0,46.0,38.0
CPT110123,2026-05-13 11:39:24.801696881,8.0,19.0,17.5
CPT122522,2026-05-10 09:16:04.748231809,2.0,21.0,11.8
CPT110254,2026-05-17 09:31:28.925618489,8.0,40.0,36.2
CPT101632,2026-05-13 14:14:03.762355802,14.0,33.0,27.9
CPT118292,2026-05-13 07:24:20.160542082,3.0,17.0,12.8
CPT117495,2026-05-14 16:28:27.755445963,2.0,17.0,13.0
CPT112212,2026-05-14 19:53:41.268802869,4.0,17.0,12.8
CPT119156,2026-05-11 06:31:39.835734802,5.0,14.0,10.3
CPT114113,2026-05-12 14:42:49.052587151,3.0,28.0,25.9
CPT103861,2026-05-18 07:10:49.417820943,16.0,62.0,56.3
CPT100073,2026-05-18 10:54:31.096378691,5.0,23.0,20.2
CPT121398,2026-05-13 06:33:46.318614695,5.0,25.0,18.6
CPT116846,2026-05-16 20:16:01.591030854,14.0,44.0,38.1
CPT113638,2026-05-14 07:56:30.098218767,4.0,12.0,9.3
CPT112162,2026-05-13 15:52:15.190380749,7.0,21.0,13.1
CPT110748,2026-05-14 07:24:11.285126050,7.0,43.0,25.1
CPT110484,2026-05-18 03:55:25.387132466,37.0,161.0,112.9
CPT116827,2026-05-15 18:13:05.762766284,6.0,35.0,21.0
CPT100961,2026-05-15 11:52:59.360502143,1.0,6.0,5.1
CPT121240,2026-05-12 03:21:05.024099609,17.0,52.0,47.9
CPT118947,2026-05-14 08:14:14.612146936,1.0,18.0,11.5
CPT113171,2026-05-12 05:01:09.907204663,7.0,32.0,24.4
CPT107625,2026-05-15 03:30:10.028032912,2.0,9.0,5.0
CPT121085,2026-05-11 21:15:44.240707027,4.0,12.0,10.7
CPT123153,2026-05-13 00:49:09.861849526,2.0,10.0,6.3
CPT107607,2026-05-15 05:03:03.480384242,5.0,18.0,15.9
CPT122886,2026-05-15 21:59:36.597738551,5.0,28.0,24.8
CPT121042,2026-05-14 05:25:37.828724972,3.0,10.0,9.0
CPT113610,2026-05-12 07:19:30.099239796,12.0,43.0,28.9
CPT102722,2026-05-14 01:40:02.339600319,6.0,25.0,22.9
CPT106696,2026-05-12 08:45:09.948675038,9.0,51.0,36.5
CPT109630,2026-05-17 15:54:00.752703743,7.0,18.0,13.7
CPT105903,2026-05-11 11:26:12.401145074,1.0,19.0,14.3
CPT109289,2026-05-15 00:55:30.071659037,4.0,12.0,7.7
CPT100167,2026-05-15 01:58:23.075928595,7.0,22.0,15.5
CPT121058,2026-05-13 07:41:25.209051129,4.0,30.0,19.3
CPT123252,2026-05-14 08:30:52.069503738,17.0,66.0,59.2
CPT116627,2026-05-11 06:08:05.445913080,2.0,16.0,10.7
CPT119291,2026-05-14 21:44:01.655512485,1.0,9.0,7.0
CPT123041,2026-05-13 06:16:14.498689160,3.0,9.0,6.0
CPT100359,2026-05-14 18:09:05.562803488,5.0,45.0,30.6
CPT114900,2026-05-15 15:43:59.604781234,3.0,16.0,13.7
CPT122357,2026-05-13 16:56:36.432461086,11.0,22.0,19.8
CPT113614,2026-05-13 17:42:34.173857140,1.0,20.0,18.9
CPT109026,2026-05-14 17:51:42.724449918,9.0,13.0,7.4
CPT116423,2026-05-14 16:18:58.990202100,10.0,32.0,29.9
CPT120492,2026-05-13 11:47:24.402174073,2.0,5.0,3.8
CPT107929,2026-05-14 23:29:37.428654258,5.0,30.0,22.3
CPT107474,2026-05-14 03:53:55.584926549,5.0,29.0,18.6
CPT100589,2026-05-14 21:47:20.662920437,4.0,24.0,13.8
CPT102979,2026-05-13 15:50:46.772926225,10.0,27.0,22.0
CPT117608,2026-05-18 21:58:34.776788300,7.0,40.0,30.0
CPT101296,2026-05-19 08:23:37.494212635,5.0,30.0,22.7
CPT108760,2026-05-14 01:07:52.215977113,8.0,14.0,8.0
CPT118293,2026-05-15 03:29:13.773500111,1.0,7.0,6.6
CPT124800,2026-05-14 11:46:21.723554978,5.0,31.0,28.3
CPT103841,2026-05-12 16:59:43.119927608,6.0,11.0,10.3
CPT103190,2026-05-13 00:56:45.702374385,6.0,15.0,9.6
CPT117689,2026-05-13 15:22:59.063938752,5.0,29.0,26.6
CPT122584,2026-05-13 20:23:03.508291592,10.0,35.0,22.0
CPT124106,2026-05-14 21:56:07.390440974,10.0,30.0,22.1
CPT111398,2026-05-13 20:18:54.132316738,12.0,49.0,31.8
CPT116686,2026-05-14 07:03:11.751290529,5.0,21.0,17.6
CPT115550,2026-05-18 01:29:24.371808039,5.0,20.0,11.6
CPT105727,2026-05-18 21:56:51.989950694,26.0,84.0,49.7
CPT117958,2026-05-17 00:41:03.847855829,8.0,50.0,36.4
CPT101393,2026-05-16 02:06:09.082517121,1.0,8.0,4.8
CPT101499,2026-05-18 19:22:34.574140534,8.0,38.0,31.4
CPT103615,2026-05-14 01:05:12.927217579,5.0,32.0,26.6
CPT121556,2026-05-13 21:15:50.293324345,16.0,54.0,34.1
CPT100062,2026-05-18 06:47:35.977829910,8.0,21.0,19.4
CPT111290,2026-05-14 17:40:46.845896036,2.0,25.0,14.5
CPT117593,2026-05-19 22:20:54.358075102,7.0,21.0,19.8
CPT101032,2026-05-16 20:33:10.310123468,16.0,39.0,23.1
CPT121923,2026-05-14 06:46:38.943356712,1.0,14.0,11.4
CPT102845,2026-05-14 06:54:04.045222812,11.0,42.0,38.1
CPT121065,2026-05-18 04:49:13.330707389,6.0,33.0,20.5
CPT119982,2026-05-14 19:37:55.697968507,9.0,22.0,19.7
CPT100896,2026-05-16 20:15:58.690034335,9.0,38.0,34.6
CPT110970,2026-05-16 00:22:05.383157558,12.0,72.0,51.7
CPT103151,2026-05-15 04:31:17.811193027,9.0,30.0,21.4
CPT121247,2026-05-13 04:56:25.526301577,17.0,71.0,43.3
CPT105317,2026-05-15 13:27:45.937244763,12.0,44.0,33.2
CPT102600,2026-05-17 12:02:53.445732784,5.0,23.0,19.9
CPT116406,2026-05-14 12:31:40.420584246,5.0,22.0,12.9
CPT120165,2026-05-14 18:27:13.368519189,8.0,29.0,23.0
CPT122944,2026-05-18 02:14:08.407881639,3.0,24.0,21.9
CPT103893,2026-05-16 13:43:46.651345367,3.0,17.0,11.8
CPT121901,2026-05-15 10:29:40.090962867,4.0,15.0,12.3
CPT118711,2026-05-19 02:43:15.940097321,4.0,15.0,10.9
CPT101423,2026-05-18 02:15:51.049060811,4.0,27.0,19.2
CPT112416,2026-05-16 02:46:47.011230660,20.0,65.0,41.4
CPT102444,2026-05-18 00:32:00.257483829,8.0,16.0,9.3
CPT123129,2026-05-19 23:34:58.549539574,33.0,145.0,102.8
CPT110174,2026-05-17 00:50:37.367611045,3.0,17.0,9.7
CPT116879,2026-05-20 15:39:27.876790949,7.0,23.0,13.0
CPT105981,2026-05-15 00:39:13.400342045,9.0,35.0,20.3
CPT112753,2026-05-19 05:32:52.766023280,15.0,51.0,44.2
CPT119012,2026-05-17 23:38:49.785083271,7.0,19.0,12.5
CPT110022,2026-05-16 10:26:01.579842514,7.0,36.0,20.0
CPT117136,2026-05-15 12:49:27.302351019,9.0,19.0,12.9
CPT107593,2026-05-20 16:34:18.552661292,5.0,20.0,12.0
CPT110716,2026-05-16 05:38:29.834478308,5.0,18.0,10.3
CPT107409,2026-05-16 19:32:22.549644235,3.0,14.0,9.9
CPT101424,2026-05-17 16:30:41.158256452,4.0,25.0,22.3
CPT102294,2026-05-17 06:38:25.398605567,7.0,16.0,12.0
CPT100799,2026-05-19 07:32:53.448348812,2.0,9.0,8.5
CPT121546,2026-05-16 02:03:18.346924062,10.0,24.0,14.4
CPT117051,2026-05-16 09:52:21.561701905,3.0,13.0,9.3
CPT114546,2026-05-17 20:30:47.183929937,14.0,36.0,22.1
CPT110632,2026-05-18 04:11:53.647495484,1.0,31.0,27.7
CPT107465,2026-05-18 00:39:45.064312013,6.0,20.0,13.0
CPT120456,2026-05-18 10:32:47.304801015,13.0,36.0,32.7
CPT109240,2026-05-16 02:38:18.990725229,12.0,21.0,12.0
CPT110992,2026-05-17 03:50:40.230049271,3.0,16.0,13.1
CPT121287,2026-05-20 20:06:12.188805167,2.0,7.0,6.6
CPT116225,2026-05-18 01:37:33.968589485,7.0,26.0,20.7
CPT112155,2026-05-15 04:19:01.532345740,5.0,27.0,24.1
CPT110319,2026-05-21 09:56:41.507468912,9.0,29.0,25.9
CPT101508,2026-05-21 15:37:41.221882628,3.0,10.0,9.0
CPT110805,2026-05-19 04:13:53.491894172,18.0,87.0,80.5
CPT111017,2026-05-19 18:48:46.368399327,4.0,18.0,11.9
CPT113913,2026-05-16 01:23:44.800801773,17.0,68.0,54.0
CPT117996,2026-05-18 09:49:37.858951688,11.0,29.0,26.5
CPT109652,2026-05-25 16:28:09.034307551,10.0,22.0,14.3
CPT115590,2026-05-19 22:47:15.661587958,3.0,12.0,10.2
CPT105017,2026-05-17 11:38:24.693779625,3.0,10.0,8.5
CPT120658,2026-05-18 18:04:43.053927462,3.0,8.0,5.5
CPT122003,2026-05-16 02:30:28.080690874,8.0,40.0,37.0
CPT109972,2026-05-18 13:30:25.995050134,4.0,14.0,9.8
CPT112984,2026-05-17 20:45:16.074722109,6.0,44.0,26.7
CPT103576,2026-05-19 20:59:59.548020913,4.0,17.0,13.8
CPT105173,2026-05-20 16:03:42.385320634,6.0,24.0,22.8
CPT119323,2026-05-23 17:24:18.235042389,8.0,45.0,39.5
CPT118541,2026-05-19 05:17:39.274322938,5.0,46.0,31.0
CPT104147,2026-05-18 15:06:32.068114476,4.0,27.0,25.1
CPT103435,2026-05-16 17:23:47.501217218,2.0,12.0,8.8
CPT107272,2026-05-19 17:35:50.706597899,12.0,49.0,46.5
CPT113923,2026-05-21 03:30:37.899912255,3.0,10.0,6.9
CPT108909,2026-05-17 16:38:59.276182388,5.0,12.0,8.1
CPT106936,2026-05-17 13:35:02.367062728,3.0,17.0,10.6
CPT117815,2026-05-18 03:59:01.373378680,11.0,27.0,15.6
CPT103105,2026-05-20 01:22:57.900325061,3.0,19.0,12.3
CPT123122,2026-05-20 21:48:50.215066684,5.0,23.0,12.8
CPT124087,2026-05-18 07:05:59.575550070,13.0,33.0,29.4
CPT104185,2026-05-18 11:15:00.602784536,8.0,30.0,17.6
CPT104008,2026-05-17 22:08:19.376644728,5.0,14.0,12.9
CPT103364,2026-05-19 06:56:37.515261568,9.0,36.0,29.8
CPT123532,2026-05-20 00:26:14.333423719,3.0,21.0,15.3
CPT102104,2026-05-17 12:25:02.797112104,5.0,24.0,22.1
CPT108719,2026-05-17 20:04:57.286914907,11.0,37.0,25.8
CPT109102,2026-05-16 10:08:45.097586456,10.0,27.0,21.3
CPT103458,2026-05-23 15:09:04.678828931,4.0,8.0,4.7
CPT117532,2026-05-20 13:06:15.070184688,12.0,41.0,25.4
CPT117597,2026-05-18 18:41:09.273252891,9.0,25.0,21.6
CPT110183,2026-05-18 19:00:54.853722290,7.0,24.0,22.2
CPT103786,2026-05-20 02:35:30.705718703,13.0,21.0,19.0
CPT107791,2026-05-22 04:57:55.563706792,3.0,6.0,3.4
CPT115808,2026-05-28 07:48:36.518086031,9.0,16.0,14.9
CPT103934,2026-05-19 03:34:29.427611007,5.0,20.0,16.4
CPT109596,2026-05-19 05:50:31.852519920,12.0,57.0,33.5
CPT122556,2026-05-21 21:08:01.837672038,14.0,66.0,58.1
CPT113491,2026-05-23 13:00:59.505620065,5.0,21.0,16.3
CPT104871,2026-05-27 09:30:30.682532192,1.0,9.0,5.8
CPT103775,2026-05-21 21:12:33.408216411,2.0,6.0,3.9
CPT113316,2026-05-18 09:57:32.790592084,13.0,38.0,30.4
CPT103436,2026-05-22 07:21:21.412213113,8.0,26.0,15.3
CPT113322,2026-05-18 18:55:51.128362830,3.0,21.0,18.2
CPT101871,2026-05-19 02:46:58.907649910,3.0,20.0,16.7
CPT122857,2026-05-17 23:52:20.612595297,3.0,15.0,12.6
CPT107501,2026-05-17 19:11:45.906645291,11.0,53.0,41.5
CPT113234,2026-05-20 18:41:05.654858755,7.0,27.0,21.4
CPT112631,2026-05-20 23:00:16.428335840,19.0,62.0,53.1
CPT120014,2026-05-20 02:09:39.481216762,8.0,32.0,25.6
CPT118929,2026-05-23 05:32:34.662903417,7.0,31.0,20.1
CPT110547,2026-05-21 00:25:19.507421740,11.0,52.0,45.8
CPT112498,2026-05-16 19:30:03.461112038,16.0,81.0,54.1
CPT110604,2026-05-24 17:34:57.256152779,9.0,27.0,18.2
CPT101335,2026-05-20 02:19:38.088327821,5.0,9.0,7.7
CPT107928,2026-05-21 08:13:44.315211637,8.0,13.0,9.1
CPT114309,2026-05-17 10:38:36.641439931,11.0,26.0,19.6
CPT121090,2026-05-20 22:53:25.373501261,6.0,27.0,23.4
CPT123942,2026-05-22 09:16:05.950237757,7.0,34.0,19.1
CPT119873,2026-05-19 10:52:26.624973942,1.0,7.0,4.6
CPT121543,2026-05-19 10:00:20.474778626,10.0,29.0,26.3
CPT122383,2026-05-19 05:55:33.273539699,7.0,10.0,8.0
CPT117043,2026-05-22 10:05:33.981904912,5.0,12.0,8.6
CPT101330,2026-05-21 15:14:01.280406799,3.0,18.0,11.3
CPT105321,2026-05-20 02:48:27.922339231,4.0,19.0,17.9
CPT113543,2026-05-18 08:38:11.967083522,5.0,12.0,6.9
CPT110545,2026-05-20 21:03:06.908606608,21.0,70.0,59.1
CPT124572,2026-05-19 17:30:36.561393744,7.0,26.0,22.6
CPT108777,2026-05-19 07:30:24.993113672,15.0,59.0,34.5
CPT103886,2026-05-17 11:11:48.273489885,6.0,30.0,24.3
CPT120295,2026-05-22 08:17:59.116881461,9.0,24.0,19.2
CPT115409,2026-05-21 16:44:38.213642053,8.0,36.0,26.3
CPT112210,2026-05-19 15:18:59.025258655,8.0,32.0,21.4
CPT100624,2026-05-22 12:41:28.347790149,8.0,29.0,26.6
CPT117785,2026-05-20 17:49:51.393554627,10.0,19.0,15.1
CPT115250,2026-05-20 00:05:25.051161048,3.0,4.0,3.2
CPT109103,2026-05-20 09:19:13.824055568,5.0,22.0,17.1
CPT116519,2026-05-22 20:52:15.338400008,1.0,9.0,8.5
CPT107230,2026-05-19 15:22:20.155629584,7.0,18.0,16.4
CPT109865,2026-05-21 20:02:17.706359016,9.0,27.0,18.9
CPT107307,2026-05-22 05:29:02.324341534,7.0,18.0,10.4
CPT102188,2026-05-20 07:03:16.177454116,3.0,9.0,6.5
CPT117103,2026-05-19 18:42:18.108962012,1.0,13.0,8.7
CPT119205,2026-05-19 21:42:38.487031964,7.0,40.0,29.4
CPT123742,2026-05-23 03:02:32.377002087,9.0,20.0,15.9
CPT107911,2026-05-22 07:41:02.253288808,5.0,19.0,10.7
CPT103453,2026-05-18 08:26:15.539353298,8.0,41.0,36.9
CPT107420,2026-05-21 06:04:52.034773140,3.0,19.0,16.1
CPT115382,2026-05-23 16:46:44.104574018,4.0,38.0,21.7
CPT101993,2026-05-25 10:16:04.977248335,4.0,27.0,23.6
CPT116195,2026-05-26 17:24:10.796751851,13.0,37.0,28.9
CPT123013,2026-05-25 08:39:51.082592528,8.0,42.0,27.7
CPT124237,2026-05-23 13:54:12.198645618,9.0,34.0,22.4
CPT101701,2026-05-20 01:24:01.191232989,6.0,22.0,14.9
CPT102187,2026-05-20 02:47:49.318430533,9.0,24.0,19.7
CPT119596,2026-05-22 08:09:53.272260879,14.0,36.0,27.7
CPT101826,2026-05-23 03:45:15.432755847,6.0,20.0,18.5
CPT116856,2026-05-28 17:37:27.882711351,1.0,16.0,10.3
CPT116344,2026-05-21 00:14:34.138642271,6.0,5.0,3.4
CPT113900,2026-05-22 16:39:44.310683705,13.0,53.0,43.5
CPT104578,2026-05-20 06:35:43.911355210,17.0,68.0,58.7
CPT122865,2026-05-24 05:12:31.518366588,2.0,8.0,4.9
CPT112092,2026-05-20 16:45:26.635470580,3.0,28.0,23.9
CPT120451,2026-05-28 11:09:54.712856865,2.0,37.0,27.0
CPT111871,2026-05-19 00:45:34.840933867,5.0,20.0,17.6
CPT103405,2026-05-20 18:32:17.376430238,4.0,13.0,12.0
CPT104618,2026-05-23 21:35:05.531440658,5.0,21.0,12.9
CPT109984,2026-05-21 21:28:14.686420960,13.0,53.0,31.6
CPT109171,2026-05-19 23:30:52.837028801,6.0,25.0,21.6
CPT100275,2026-05-22 00:09:35.950672037,3.0,5.0,4.6
CPT110405,2026-05-23 09:57:39.605504192,8.0,34.0,27.6
CPT108821,2026-05-22 03:07:09.302789951,7.0,28.0,26.0
CPT108112,2026-05-24 17:10:03.488090886,8.0,36.0,30.8
CPT112024,2026-05-23 03:28:34.896114369,5.0,22.0,15.6
CPT121270,2026-05-23 02:51:37.334122226,7.0,26.0,24.1
CPT115364,2026-05-25 12:17:18.801915085,14.0,39.0,35.5
CPT112321,2026-05-22 07:23:09.253198109,8.0,36.0,28.5
CPT117387,2026-05-23 03:01:34.150075653,6.0,11.0,8.1
CPT110008,2026-05-23 16:11:02.564424004,4.0,39.0,30.1
CPT123388,2026-05-24 10:15:50.718964294,10.0,43.0,29.0
CPT114781,2026-05-21 12:43:34.030388226,7.0,17.0,14.7
CPT103044,2026-05-22 20:13:54.440456444,14.0,37.0,29.0
CPT102128,2026-05-26 00:49:15.883797227,8.0,17.0,12.5
CPT118251,2026-05-25 11:04:15.060361726,5.0,11.0,9.6
CPT112458,2026-05-26 23:58:02.257622910,3.0,20.0,19.0
CPT124499,2026-05-25 09:38:23.508379953,9.0,47.0,34.9
CPT120722,2026-05-19 14:27:42.046086094,7.0,20.0,11.4
CPT121819,2026-05-22 20:02:24.927497203,4.0,13.0,8.5
CPT115075,2026-05-26 16:17:14.654424321,11.0,33.0,18.8
CPT101258,2026-05-21 20:33:01.146407440,6.0,16.0,12.4
CPT120910,2026-05-21 08:04:57.806493982,1.0,12.0,10.6
CPT123776,2026-05-20 21:33:48.378866459,12.0,58.0,49.1
CPT121295,2026-05-22 08:54:35.673653275,3.0,16.0,14.4
CPT106424,2026-05-26 06:30:17.217334036,5.0,28.0,18.8
CPT112685,2026-05-24 08:36:08.604072782,11.0,22.0,18.3
CPT106720,2026-05-23 12:41:19.299166385,7.0,25.0,14.1
CPT108803,2026-05-26 08:36:44.751843201,6.0,18.0,11.0
CPT106070,2026-05-23 16:53:44.402876828,5.0,20.0,18.1
CPT117327,2026-05-24 20:34:31.750713774,8.0,19.0,17.5
CPT121307,2026-05-23 19:38:39.655720197,4.0,17.0,14.4
CPT118228,2026-05-25 03:41:51.241564934,12.0,30.0,26.0
CPT115499,2026-05-21 13:18:10.838599923,6.0,24.0,21.4
CPT109514,2026-05-22 11:00:00.408520876,4.0,15.0,12.0
CPT102701,2026-05-26 08:51:06.489400883,8.0,42.0,30.5
CPT104979,2026-05-24 01:22:25.759599094,3.0,18.0,15.1
CPT117247,2026-05-24 15:31:06.721991849,6.0,32.0,28.1
CPT110840,2026-05-24 01:41:28.984171271,8.0,27.0,22.3
CPT108606,2026-05-25 04:37:48.095951327,5.0,49.0,44.2
CPT114293,2026-05-25 23:31:43.160884678,8.0,27.0,20.2
CPT100979,2026-05-23 12:52:02.193178710,3.0,16.0,14.7
CPT100231,2026-05-23 01:12:37.602297071,8.0,31.0,28.1
CPT115240,2026-05-24 13:16:57.064442376,14.0,30.0,26.9
CPT113702,2026-05-24 04:44:54.036112002,2.0,12.0,7.5
CPT114349,2026-05-25 11:19:23.480163662,8.0,36.0,23.3
CPT119564,2026-05-23 09:23:45.586201369,4.0,34.0,24.8
CPT121716,2026-05-28 17:33:30.895025704,5.0,13.0,7.4
CPT100423,2026-05-28 01:22:59.524959108,17.0,66.0,42.7
CPT108885,2026-05-27 18:24:06.701950870,5.0,15.0,12.9
CPT124921,2026-05-24 23:10:10.281200266,4.0,8.0,6.5
CPT101220,2026-05-22 11:28:37.761798971,11.0,35.0,21.7
CPT106708,2026-05-25 18:09:20.092039484,3.0,11.0,8.7
CPT100277,2026-05-26 02:05:17.927857266,4.0,23.0,21.5
CPT107753,2026-05-24 20:42:38.671542826,7.0,22.0,20.8
CPT109203,2026-05-25 18:45:49.572476166,7.0,41.0,29.8
CPT117653,2026-05-22 00:44:21.516188683,6.0,22.0,19.4
CPT104754,2026-05-25 06:08:26.250567184,5.0,7.0,3.9
CPT102088,2026-05-25 15:18:47.590230249,7.0,31.0,24.0
CPT112649,2026-05-27 11:51:53.330218023,2.0,9.0,6.1
CPT122373,2026-05-25 12:51:35.917344221,8.0,24.0,19.9
CPT109089,2026-05-28 01:48:58.669288460,6.0,28.0,18.2
CPT122423,2026-05-24 14:15:03.233919391,3.0,22.0,14.7
CPT113921,2026-05-27 01:46:07.544493698,5.0,40.0,35.3
CPT118351,2026-05-25 08:58:30.638184049,14.0,48.0,27.6
CPT119514,2026-05-23 09:06:28.619086569,3.0,10.0,9.3
CPT121702,2026-05-23 09:32:29.780946190,9.0,33.0,26.4
CPT104235,2026-05-28 09:10:36.609438095,3.0,25.0,14.1
CPT112858,2026-05-24 20:25:57.879295270,13.0,47.0,28.2
CPT110937,2026-05-25 20:17:25.929505703,5.0,24.0,21.5
CPT101581,2026-05-28 09:57:31.654212748,4.0,18.0,12.6
CPT108810,2026-05-25 03:47:45.423855882,4.0,4.0,2.5
CPT111770,2026-05-27 15:54:19.024242165,15.0,57.0,36.8
CPT103330,2026-05-27 15:20:56.504457721,9.0,29.0,18.5
CPT108729,2026-06-04 19:32:59.943309222,12.0,47.0,30.5
CPT120637,2026-05-25 03:03:46.303719301,6.0,29.0,21.9
CPT118808,2026-05-24 15:50:29.993373344,13.0,42.0,33.1
CPT110602,2026-05-31 19:30:56.898037817,5.0,13.0,8.8
CPT121943,2026-05-25 13:01:13.517515567,7.0,26.0,20.6
CPT116702,2026-05-24 14:30:15.713528169,8.0,18.0,16.2
CPT100652,2026-05-28 08:58:00.003172855,5.0,26.0,17.8
CPT115249,2026-05-23 18:44:28.529985855,5.0,17.0,15.7
CPT111771,2026-05-25 17:06:51.752823719,2.0,17.0,14.7
CPT101705,2026-05-23 04:35:15.534243306,6.0,16.0,9.0
CPT117426,2026-05-26 10:16:45.330770880,11.0,33.0,24.8
CPT104791,2026-05-28 03:08:21.323778026,5.0,13.0,10.4
CPT103385,2026-05-26 19:01:58.639656620,2.0,4.0,2.7
CPT109691,,0.0,0.0,0.0
CPT119227,2026-05-25 21:30:13.273126275,7.0,26.0,23.0
CPT124522,2026-05-26 18:32:20.960407356,8.0,35.0,26.3
CPT120555,2026-05-27 14:14:52.948257134,4.0,17.0,12.2
CPT100393,2026-05-26 14:50:57.280668387,4.0,37.0,23.4
CPT113469,2026-05-28 03:40:21.110740947,2.0,18.0,15.5
CPT110139,2026-05-29 11:11:52.739976188,2.0,19.0,13.8
CPT118075,2026-05-24 23:48:47.759611685,12.0,27.0,17.4
CPT118673,2026-05-29 14:55:31.298831417,2.0,4.0,2.4
CPT114410,2026-05-29 00:22:35.781728265,7.0,28.0,18.2
CPT122659,2026-05-24 21:39:01.793900863,1.0,11.0,7.1
CPT110943,2026-05-25 12:59:29.703842127,11.0,20.0,11.5
CPT124006,2026-05-27 21:17:09.827302446,16.0,70.0,50.3
CPT118445,2026-05-29 07:13:38.976568293,7.0,12.0,6.9
CPT110584,2026-05-26 09:24:03.560456631,7.0,33.0,28.8
CPT123828,2026-05-29 20:22:27.302678070,5.0,33.0,18.9
CPT105146,2026-05-31 04:36:30.669706093,8.0,16.0,11.2
CPT121861,2026-05-29 08:56:08.387322092,9.0,16.0,11.8
CPT100666,2026-05-28 14:55:54.903882525,6.0,26.0,19.7
CPT121171,2026-05-27 13:25:06.845581823,17.0,56.0,37.2
CPT112900,2026-05-30 20:11:45.631621292,8.0,33.0,26.3
CPT124372,2026-06-01 16:15:11.532013349,7.0,40.0,32.9
CPT106595,2026-05-31 08:52:44.536461310,7.0,25.0,23.0
CPT119576,2026-06-01 19:25:21.295343988,17.0,47.0,39.5
CPT123311,2026-05-25 10:59:22.029208875,5.0,16.0,11.1
CPT113997,2026-05-26 12:19:20.697999391,7.0,12.0,8.4
CPT112873,2026-05-26 12:27:48.950378527,5.0,50.0,41.5
CPT107217,2026-05-27 14:24:38.912261037,5.0,27.0,23.5
CPT101916,2026-05-30 06:45:02.748807309,2.0,4.0,2.4
CPT108107,2026-05-29 09:47:15.398468957,3.0,41.0,32.7
CPT123104,2026-05-26 18:56:29.943570707,5.0,9.0,5.8
CPT101841,2026-05-31 19:42:54.862607409,4.0,16.0,9.8
CPT104989,2026-05-29 07:36:53.977614382,9.0,10.0,8.9
CPT102309,2026-05-28 06:36:00.435466000,17.0,49.0,36.4
CPT109498,2026-05-31 11:11:40.661893063,2.0,14.0,12.6
CPT104522,2026-05-30 09:18:17.520596714,26.0,90.0,75.3
CPT100737,2026-05-30 14:55:17.735131831,11.0,39.0,34.3
CPT110296,2026-05-26 17:00:15.944300727,8.0,22.0,19.8
CPT100140,2026-05-29 02:36:21.172870911,14.0,81.0,66.7
CPT115296,2026-05-31 12:23:00.528041572,8.0,28.0,16.5
CPT110352,2026-05-30 01:26:24.041709058,12.0,38.0,31.6
CPT115156,2026-05-29 02:31:07.150221898,7.0,19.0,16.1
CPT124956,2026-05-29 17:01:55.729179549,7.0,27.0,16.2
CPT102704,2026-05-26 22:11:42.471101587,15.0,32.0,25.0
CPT119098,2026-05-25 08:02:58.811822166,6.0,7.0,6.6
CPT108807,2026-05-28 11:37:59.356040035,1.0,13.0,8.6
CPT102113,2026-05-27 20:27:28.087260221,9.0,62.0,38.3
CPT108288,2026-05-29 11:08:55.923879624,5.0,21.0,18.7
CPT116603,2026-05-26 22:09:59.527649622,3.0,3.0,2.8
CPT121165,2026-05-28 09:44:48.657610157,12.0,35.0,27.8
CPT106202,2026-05-31 10:54:00.368480737,5.0,23.0,17.0
CPT110692,2026-05-28 18:04:52.550093568,1.0,13.0,7.9
CPT109567,2026-05-29 14:26:24.705676950,6.0,27.0,20.5
CPT112491,2026-06-03 05:54:04.949257540,10.0,17.0,14.2
CPT112955,2026-05-25 08:33:33.330171239,2.0,18.0,12.4
CPT117183,2026-05-27 11:39:02.893970290,4.0,20.0,14.5
CPT120789,2026-05-26 14:02:23.586885564,22.0,96.0,72.7
CPT118124,2026-05-30 05:44:12.084453780,9.0,42.0,24.8
CPT107066,2026-05-25 20:21:04.884566790,3.0,30.0,18.4
CPT115403,2026-05-29 11:26:34.327899757,6.0,13.0,11.3
CPT121459,2026-05-30 17:52:38.552274906,3.0,27.0,20.6
CPT109530,2026-06-05 09:29:44.660242836,13.0,36.0,30.2
CPT111645,2026-05-31 00:40:28.801281679,6.0,31.0,17.3
CPT103157,2026-05-27 21:46:44.922877870,4.0,9.0,5.1
CPT111436,2026-05-24 21:23:57.594634829,2.0,15.0,11.0
CPT122105,2026-05-31 16:31:26.927536272,4.0,17.0,15.3
CPT104619,2026-05-29 17:19:01.237099815,12.0,76.0,45.7
CPT101953,2026-05-31 05:15:41.013663748,3.0,18.0,11.2
CPT124070,2026-05-28 21:29:36.949053998,14.0,27.0,15.3
CPT103090,2026-06-01 20:50:52.471457469,9.0,21.0,15.5
CPT115117,2026-05-29 15:00:35.513437211,2.0,8.0,7.4
CPT100257,2026-05-29 03:57:50.748533824,6.0,32.0,28.0
CPT124205,2026-05-27 08:48:59.357998215,7.0,52.0,30.5
CPT100544,2026-05-28 18:21:11.683280137,12.0,43.0,30.0
CPT103173,2026-05-31 13:25:52.409540253,3.0,29.0,19.5
CPT119309,2026-05-28 18:25:34.457852569,3.0,7.0,4.9
CPT107136,2026-06-02 11:50:07.150669300,6.0,24.0,18.0
CPT119632,2026-05-27 21:50:01.468319824,5.0,17.0,11.1
CPT105525,2026-05-28 04:23:56.554462776,11.0,42.0,30.6
CPT115685,2026-05-30 19:45:46.499687702,6.0,23.0,20.6
CPT106053,2026-05-27 20:37:08.452754173,11.0,50.0,38.6
CPT115858,2026-05-28 09:02:11.321973823,6.0,19.0,14.2
CPT115083,2026-06-01 02:59:16.655217688,4.0,28.0,20.8
CPT106034,2026-05-30 06:00:47.113816006,2.0,17.0,12.9
CPT105841,2026-05-31 22:34:02.704097785,7.0,19.0,12.8
CPT119682,2026-05-30 06:50:22.143434394,6.0,11.0,7.6
CPT109169,2026-05-27 11:47:35.906771043,3.0,22.0,17.0
CPT124560,2026-05-27 12:18:38.974388210,3.0,16.0,14.1
CPT113972,2026-05-29 22:20:16.874896687,8.0,23.0,16.4
CPT111564,2026-05-29 04:36:00.682992455,1.0,12.0,8.4
CPT117705,2026-05-29 13:36:04.572390846,8.0,31.0,29.4
CPT110121,2026-05-28 12:13:28.744060415,13.0,37.0,27.7
CPT113629,2026-05-27 19:03:25.459696660,5.0,12.0,9.1
CPT102274,2026-05-31 07:41:35.036830776,2.0,16.0,14.0
CPT109677,2026-05-29 02:00:50.266480005,4.0,12.0,7.2
CPT118356,2026-05-29 13:01:04.255716740,7.0,30.0,17.5
CPT112973,2026-05-30 04:58:26.107936923,3.0,13.0,8.3
CPT101901,2026-06-01 12:36:07.151554501,2.0,10.0,7.6
CPT119184,2026-05-30 21:57:36.669065379,5.0,9.0,6.1
CPT112202,2026-05-29 19:04:48.120060869,7.0,15.0,10.3
CPT103089,2026-06-01 03:32:04.288444403,1.0,3.0,2.6
CPT123896,2026-05-30 20:50:30.112140106,11.0,29.0,16.0
CPT108677,2026-06-05 17:16:01.280584572,3.0,,
CPT118126,2026-06-06 14:58:47.545586597,6.0,9.0,5.0
CPT121655,2026-05-31 11:24:07.337125293,6.0,20.0,18.2
CPT105278,2026-05-28 17:29:58.066232361,7.0,32.0,18.8
CPT124108,2026-05-30 11:36:57.526352890,8.0,30.0,23.8
CPT100683,2026-06-01 10:51:43.085700824,4.0,23.0,13.8
CPT106745,2026-05-30 22:18:58.991422943,12.0,32.0,17.8
CPT117905,2026-05-29 10:04:04.751388818,5.0,24.0,21.7
CPT101141,2026-05-27 08:28:03.963615642,9.0,33.0,23.0
CPT105323,2026-05-30 09:04:24.907775711,17.0,77.0,70.2
CPT113860,2026-05-31 17:41:10.040646150,19.0,45.0,28.4
CPT117871,2026-05-30 07:51:05.132816236,3.0,16.0,15.1
CPT112803,2026-06-02 04:47:30.245107312,8.0,21.0,11.6
CPT112875,2026-06-02 00:48:10.766026028,3.0,6.0,4.3
CPT123021,2026-06-01 23:08:26.193435339,6.0,13.0,12.3
CPT100396,2026-05-29 23:05:52.107957376,6.0,28.0,22.6
CPT106852,2026-05-29 02:06:32.277244162,1.0,6.0,3.7
CPT121482,2026-05-30 05:59:54.190783873,10.0,27.0,21.3
CPT110205,2026-05-28 04:59:48.491440954,4.0,29.0,22.5
CPT114393,2026-05-28 02:42:54.499957501,6.0,13.0,9.0
CPT108246,2026-05-31 01:07:01.747696862,3.0,14.0,10.6
CPT104566,2026-05-31 04:45:19.500849896,6.0,12.0,10.5
CPT100261,2026-05-28 18:13:00.745222261,6.0,15.0,10.6
CPT110499,2026-05-29 06:02:20.546714813,6.0,23.0,16.1
CPT121637,2026-05-31 09:38:45.383987089,13.0,40.0,33.8
CPT113634,2026-06-02 05:33:52.437995567,3.0,8.0,4.8
CPT120562,2026-05-28 21:37:12.287586287,5.0,10.0,6.2
CPT122375,2026-06-01 16:28:07.022186839,4.0,28.0,22.2
CPT115525,2026-06-01 14:58:52.624456405,4.0,22.0,16.8
CPT114950,2026-05-29 15:13:17.750749827,10.0,31.0,18.6
CPT111110,2026-05-29 22:56:53.522527185,4.0,13.0,8.8
CPT118667,2026-06-04 13:13:13.292397874,9.0,17.0,12.0
CPT114385,2026-06-02 13:24:59.378125784,12.0,24.0,18.6
CPT120619,2026-05-29 20:36:46.909144040,6.0,16.0,10.1
CPT106065,2026-05-29 08:52:41.911153660,4.0,8.0,6.3
CPT113415,2026-05-31 03:16:51.206236880,1.0,32.0,23.1
CPT121013,2026-05-31 19:45:47.026264874,4.0,23.0,20.1
CPT107084,2026-06-01 16:20:50.517871801,6.0,21.0,18.5
CPT112478,2026-05-30 10:47:55.321785873,2.0,20.0,16.0
CPT100634,2026-06-03 16:16:57.630426104,12.0,31.0,28.3
CPT120643,2026-05-31 14:24:56.743295971,1.0,18.0,16.9
CPT119295,2026-06-02 21:01:49.503099619,8.0,29.0,24.1
CPT124585,2026-05-31 03:42:47.822252605,12.0,46.0,34.6
CPT120150,2026-05-30 16:18:12.617397468,10.0,64.0,46.8
CPT101883,2026-06-03 11:08:26.714057235,4.0,14.0,12.2
CPT111687,2026-05-31 00:38:13.105541084,4.0,10.0,6.2
CPT101059,2026-06-01 20:28:58.247144873,4.0,10.0,8.8
CPT100421,2026-05-29 15:33:53.379935950,3.0,13.0,11.0
CPT107314,2026-06-01 02:32:30.317572777,8.0,17.0,15.5
CPT106183,2026-05-31 09:40:39.207521445,14.0,77.0,55.3
CPT102840,2026-05-30 22:53:36.581179652,6.0,33.0,19.3
CPT114932,2026-06-02 03:32:01.655417528,10.0,37.0,26.9
CPT102064,2026-06-01 10:45:50.737611989,4.0,15.0,10.9
CPT102905,2026-05-30 15:56:46.404851817,5.0,28.0,22.4
CPT100336,2026-05-30 20:24:01.891726195,4.0,22.0,12.6
CPT107989,2026-06-02 12:26:25.048891604,5.0,32.0,28.5
CPT107539,2026-06-01 05:33:09.980985399,7.0,34.0,22.0
CPT108375,2026-06-02 09:56:15.344824678,9.0,,
CPT100002,2026-06-02 00:43:13.727951493,10.0,13.0,10.5
CPT102196,2026-06-02 08:12:00.092025637,10.0,25.0,16.8
CPT114276,2026-06-05 03:04:00.254959944,11.0,,
CPT105360,2026-05-31 16:48:52.325888701,4.0,3.0,1.9
CPT100533,2026-06-02 05:49:43.099497335,8.0,30.0,18.4
CPT108953,2026-06-07 03:12:19.545184233,6.0,22.0,16.6
CPT102278,2026-05-31 13:36:42.861892776,3.0,5.0,3.1
CPT107291,2026-05-31 03:29:15.486253750,2.0,19.0,13.5
CPT120048,2026-06-03 14:38:39.260286526,4.0,32.0,25.9
CPT121346,2026-06-01 08:38:17.250643359,9.0,58.0,45.1
CPT101328,2026-06-02 21:33:26.108809974,6.0,,
CPT121088,2026-06-01 23:19:14.210508122,10.0,53.0,39.9
CPT108404,2026-06-04 02:23:24.689824035,17.0,,
CPT121328,2026-06-01 23:14:01.687869043,2.0,7.0,6.1
CPT100278,2026-06-02 14:30:33.405897837,8.0,,
CPT118271,2026-05-31 15:00:05.443619286,8.0,31.0,25.9
CPT108750,2026-06-02 04:28:02.717126551,2.0,3.0,2.1
CPT115257,2026-06-02 13:42:37.446732219,5.0,,
CPT107623,2026-06-03 12:45:22.682271473,13.0,,
CPT121597,2026-06-05 21:16:19.111300217,14.0,,
CPT121979,2026-06-03 07:39:11.872428961,5.0,,
CPT119728,2026-05-31 14:16:17.069591925,1.0,12.0,10.8
CPT103484,2026-06-03 19:07:15.509676057,4.0,17.0,10.9
CPT108219,2026-06-02 15:47:51.148707955,8.0,,
CPT103331,2026-06-03 19:45:11.041044466,7.0,,
CPT104824,2026-05-31 20:28:01.094608583,10.0,13.0,11.5
CPT117416,2026-06-03 07:52:05.680733588,8.0,,
CPT122575,2026-06-02 07:13:58.080622097,8.0,37.0,20.4
CPT114921,2026-06-02 21:32:39.722521010,11.0,36.0,34.1
CPT108328,2026-05-30 19:35:58.866513498,11.0,60.0,47.6
CPT103756,2026-06-06 04:52:20.078753568,9.0,,
CPT122250,2026-06-01 15:34:17.000553924,1.0,9.0,5.7
CPT121229,2026-06-02 07:36:07.017471338,3.0,10.0,8.6
CPT123707,2026-06-02 19:46:48.791433137,12.0,,
CPT110242,2026-06-05 07:46:36.256425600,3.0,,
CPT122099,2026-06-05 08:29:52.103083283,16.0,,
CPT119035,2026-06-01 21:13:39.180894888,4.0,19.0,15.7
CPT117831,2026-06-03 00:28:24.734364447,11.0,49.0,38.0
CPT107657,2026-06-02 00:41:00.568710638,3.0,,
CPT114423,2026-06-02 17:52:52.223239933,6.0,,
CPT115619,2026-05-31 21:53:16.697356253,17.0,68.0,58.5
CPT121502,2026-06-06 13:28:05.149081077,1.0,,
CPT120525,2026-06-02 00:34:20.853653190,4.0,11.0,6.6
CPT118601,2026-06-02 21:42:16.528377559,12.0,,
CPT111154,2026-06-04 00:46:33.805488768,2.0,,
CPT105676,2026-06-06 21:47:55.898047536,8.0,,
CPT111458,2026-06-01 19:57:49.196376648,10.0,61.0,48.7
CPT123928,2026-06-05 08:41:30.158134661,6.0,,
CPT121207,2026-06-02 16:27:36.077167153,3.0,,
CPT112709,2026-06-01 23:42:21.756675179,6.0,13.0,12.2
CPT112942,2026-06-02 16:41:10.374924551,7.0,,
CPT111367,2026-06-07 22:27:43.592049500,8.0,,
CPT101103,2026-06-06 14:52:16.844545226,10.0,,
CPT106779,2026-06-02 03:55:20.211985674,5.0,,
CPT117351,2026-06-07 07:41:44.878821075,7.0,,
CPT113245,2026-06-05 06:37:06.851869259,14.0,,
CPT102472,2026-06-02 19:43:53.516722431,7.0,,
CPT107735,2026-06-01 19:49:49.063668874,4.0,,
CPT113018,2026-06-03 13:13:10.713711355,1.0,,
CPT121818,2026-06-05 02:43:49.457023517,7.0,,
CPT110627,2026-05-31 04:09:11.812811927,2.0,9.0,6.6
CPT111057,2026-06-04 04:46:30.078729375,3.0,,
CPT114893,2026-06-02 21:24:36.416205175,19.0,,
CPT116458,2026-06-05 06:33:32.835433203,7.0,,
CPT118110,2026-06-04 21:52:09.281418658,4.0,,
CPT108309,2026-06-02 09:03:54.981358790,4.0,,
CPT110541,2026-06-06 03:05:09.761351734,8.0,,
CPT107618,2026-06-03 02:47:08.180883667,6.0,,
CPT116602,2026-06-05 00:34:11.632230855,10.0,40.0,26.3
CPT112427,2026-06-03 20:57:42.254384710,9.0,,
CPT104391,2026-06-05 14:50:33.456158833,8.0,,
CPT112723,2026-06-05 18:15:52.629589667,6.0,,
CPT103564,2026-06-03 01:39:28.663654757,4.0,,
CPT105977,2026-06-01 23:52:37.195605019,4.0,30.0,18.0
CPT110817,2026-06-03 22:30:32.370038870,7.0,,
CPT118814,2026-06-04 21:39:47.951275623,5.0,,
CPT111890,2026-06-06 10:54:55.132865793,16.0,,
CPT101171,2026-06-08 23:18:47.388418033,3.0,,
CPT112316,2026-06-03 05:55:47.867733094,3.0,,
CPT103544,2026-06-02 11:51:38.081111731,6.0,,
CPT112945,2026-06-04 14:28:39.019093237,6.0,,
CPT100122,2026-06-03 06:52:10.754604853,4.0,,
CPT115352,2026-06-02 04:26:50.732590565,6.0,,
CPT116416,2026-06-06 02:52:05.924912788,8.0,,
CPT111803,2026-06-02 05:49:12.038706636,10.0,,
CPT113651,2026-06-08 17:24:51.862040018,8.0,,
CPT105097,2026-06-04 08:31:42.343060906,6.0,,
CPT120324,2026-06-07 04:13:40.090682484,4.0,,
CPT115602,2026-06-07 00:42:20.764940535,4.0,,
CPT123025,2026-06-06 05:31:21.334188309,8.0,,
CPT121567,2026-06-03 08:12:55.893859776,8.0,,
CPT110303,2026-06-07 15:15:18.756028351,4.0,,
CPT110148,2026-06-05 20:16:54.067318807,6.0,,
CPT118206,2026-06-06 23:44:12.629956598,3.0,,
CPT107731,2026-06-03 14:40:32.714530119,3.0,,
CPT115884,2026-06-09 08:24:38.354724549,3.0,,
CPT122621,2026-06-05 05:01:56.199406509,2.0,,
CPT120190,2026-06-06 08:58:10.556287870,4.0,,
CPT105178,2026-06-04 20:45:22.304654549,13.0,,
CPT113451,2026-06-04 03:29:50.278659246,11.0,,
CPT124111,2026-06-02 16:50:10.776823616,8.0,,
CPT112918,2026-06-08 05:42:38.485513189,4.0,,
CPT105442,2026-06-11 01:09:59.981806123,5.0,,
CPT100017,2026-06-04 21:52:15.361355539,9.0,,
CPT124668,2026-06-06 20:50:02.525628840,5.0,,
CPT107050,2026-06-06 05:58:27.914044508,8.0,,
CPT106656,2026-06-05 00:17:41.886359976,4.0,,
CPT108214,2026-06-08 15:36:44.173547851,8.0,,
CPT105243,2026-06-04 11:23:32.822622392,3.0,,
CPT116245,2026-06-07 11:17:26.216499654,2.0,,
CPT118852,2026-06-06 01:37:05.900161164,2.0,,
CPT110513,2026-06-07 02:42:05.940504744,2.0,,
CPT120553,2026-06-05 22:39:55.235162423,6.0,,
CPT119651,2026-06-06 02:58:40.182181054,6.0,,
CPT106764,2026-06-08 21:03:50.874736819,1.0,,
CPT101769,2026-06-09 14:14:06.020906125,3.0,,
CPT118842,2026-06-06 16:42:17.549954117,5.0,,
CPT105696,2026-06-05 16:04:11.560236036,20.0,,
CPT107819,2026-06-05 21:37:48.249535504,7.0,,
CPT121715,2026-06-06 06:15:10.989471335,4.0,,
CPT124149,2026-06-07 21:23:46.093194226,5.0,,
CPT114926,2026-06-04 19:43:50.117170186,3.0,,
CPT119183,2026-06-08 10:57:45.204671183,6.0,,
CPT122142,2026-06-08 12:50:45.068422278,14.0,,
CPT120745,,0.0,,
CPT100825,2026-06-09 15:58:47.393678736,2.0,,
CPT122728,2026-06-02 23:29:51.458627860,4.0,,
CPT104431,2026-06-07 08:06:36.072301294,10.0,,
CPT115215,2026-06-04 00:24:56.421378716,14.0,,
CPT119110,2026-06-03 15:54:03.423007252,15.0,,
CPT114833,2026-06-05 01:25:29.263635339,2.0,,
CPT101390,2026-06-04 18:36:30.977490773,16.0,,
CPT123925,2026-06-04 07:20:11.188080330,2.0,,
CPT106455,2026-06-05 04:02:32.557524457,8.0,,
CPT123641,2026-06-09 05:10:27.751825590,7.0,,
CPT100008,2026-06-08 15:46:20.561894412,4.0,,
CPT100618,2026-06-10 00:15:17.549635181,8.0,,
CPT105036,2026-06-06 19:03:52.439041849,6.0,,
CPT110523,2026-06-02 08:31:18.640898203,7.0,,
CPT114233,2026-06-07 17:14:21.831502643,8.0,,
CPT104896,2026-06-09 14:17:38.834026434,7.0,,
CPT110809,2026-06-09 03:08:15.315289335,3.0,,
CPT100407,2026-06-04 15:27:24.818233745,11.0,,
CPT118684,2026-06-08 00:27:46.875440598,14.0,,
CPT119409,2026-06-08 12:52:00.534018725,5.0,,
CPT111607,2026-06-09 04:24:02.641472404,21.0,,
CPT100984,2026-06-05 07:52:53.033449016,7.0,,
CPT113275,2026-06-09 03:59:57.109532284,4.0,,
CPT121540,2026-06-07 09:44:27.834812563,7.0,,
CPT110208,2026-06-07 00:56:00.668098090,7.0,,
CPT122630,2026-06-12 04:28:58.558822024,6.0,,
CPT118647,2026-06-08 14:39:16.281842362,4.0,,
CPT116820,2026-06-06 16:45:08.695928473,3.0,,
CPT102286,2026-06-12 20:28:43.801020898,7.0,,
CPT110518,2026-06-09 00:12:20.520815881,3.0,,
CPT106430,2026-06-06 23:59:28.393852697,6.0,,
CPT117006,2026-06-08 09:05:37.493117897,6.0,,
CPT123263,2026-06-06 22:09:51.588136884,6.0,,
CPT113516,2026-06-05 11:28:17.209193236,9.0,,
CPT116269,2026-06-06 05:25:53.798603500,4.0,,
CPT111792,2026-06-06 09:34:23.434250354,15.0,,
CPT113766,2026-06-08 08:42:37.435077282,4.0,,
CPT103300,2026-06-06 13:52:30.315244849,2.0,,
CPT103684,2026-06-08 14:43:12.519381733,13.0,,
CPT118778,2026-06-09 14:47:24.971013832,3.0,,
CPT121800,2026-06-08 20:25:21.112539018,5.0,,
CPT104171,2026-06-11 15:28:56.784243564,3.0,,
CPT107384,2026-06-08 00:22:54.115877442,2.0,,
CPT120397,2026-06-06 21:33:11.881069414,10.0,,
CPT100116,2026-06-08 17:06:55.205874777,3.0,,
CPT110756,2026-06-05 08:36:17.666410371,4.0,,
CPT107225,2026-06-08 03:56:54.455617239,6.0,,
CPT115708,2026-06-07 03:09:49.918279421,8.0,,
CPT120325,2026-06-08 03:20:57.840713283,16.0,,
CPT123316,2026-06-07 22:36:55.795212715,3.0,,
CPT109018,2026-06-09 00:44:44.168744845,5.0,,
CPT107149,2026-06-08 05:31:54.759160505,3.0,,
CPT115367,2026-06-07 00:48:25.052611893,10.0,,
CPT119335,2026-06-09 13:45:56.001827494,11.0,,
CPT122641,,0.0,,
CPT121152,2026-06-12 09:39:12.559348538,3.0,,
CPT118678,2026-06-08 23:35:32.722511833,4.0,,
CPT123470,2026-06-08 19:18:05.430603660,6.0,,
CPT118363,2026-06-08 00:58:20.245537489,8.0,,
CPT118254,2026-06-08 18:00:47.379635666,7.0,,
CPT112120,2026-06-08 05:22:56.286836393,7.0,,
CPT121335,2026-06-06 16:19:42.256812840,7.0,,
CPT115457,2026-06-12 00:28:46.108003721,7.0,,
CPT111978,2026-06-07 07:47:28.261880684,11.0,,
CPT119525,2026-06-10 00:27:17.663447776,5.0,,
CPT102562,2026-06-07 16:37:33.759779281,21.0,,
CPT107250,2026-06-08 11:55:01.714397294,6.0,,
CPT115324,2026-06-08 02:42:44.740406149,4.0,,
CPT104623,2026-06-12 02:40:40.610294371,4.0,,
CPT104741,2026-06-10 14:45:51.742325439,5.0,,
CPT122053,2026-06-10 18:31:35.135223749,2.0,,
CPT124780,,0.0,,
CPT120921,,0.0,,
CPT100802,2026-06-12 20:38:52.241496893,11.0,,
CPT107077,2026-06-10 02:56:20.857883574,5.0,,
CPT117957,2026-06-08 11:40:01.314487604,11.0,,
CPT117682,2026-06-11 17:35:32.228837194,1.0,,
CPT100710,2026-06-08 20:34:00.520002415,6.0,,
CPT109170,2026-06-09 02:53:34.544608135,8.0,,
CPT114783,2026-06-10 03:51:40.813548560,2.0,,
CPT106533,2026-06-09 03:29:45.038382081,14.0,,
CPT124555,2026-06-07 12:18:52.827262213,7.0,,
CPT118183,2026-06-10 16:24:27.473551466,5.0,,
CPT101547,2026-06-10 18:40:17.358055764,9.0,,
CPT114974,2026-06-10 12:09:00.024716493,3.0,,
CPT117017,2026-06-07 21:50:43.870557470,7.0,,
CPT102585,2026-06-08 02:20:53.376950909,8.0,,
CPT104711,2026-06-10 11:56:09.101711983,7.0,,
CPT120697,2026-06-12 23:23:38.815032927,4.0,,
CPT120549,2026-06-07 19:11:11.024622640,2.0,,
CPT119601,2026-06-12 23:01:18.263554599,6.0,,
CPT119396,2026-06-13 09:43:18.963258832,6.0,,
CPT110450,2026-06-12 03:11:06.482877024,16.0,,
CPT116215,2026-06-12 13:29:35.324340947,4.0,,
CPT115544,2026-06-11 08:32:29.043096192,2.0,,
CPT103169,2026-06-09 23:59:23.170453032,15.0,,
CPT124635,2026-06-12 18:39:30.471446147,4.0,,
CPT104384,2026-06-11 20:33:56.119573811,3.0,,
CPT107120,2026-06-09 23:46:13.371138084,10.0,,
CPT105153,2026-06-09 11:55:42.014314251,10.0,,
CPT109939,2026-06-14 16:31:54.717270208,6.0,,
CPT106402,2026-06-08 23:57:19.738791404,11.0,,
CPT101930,2026-06-09 23:18:52.323376181,6.0,,
CPT120225,2026-06-10 08:36:25.518126216,4.0,,
CPT118824,2026-06-08 07:38:07.491378868,10.0,,
CPT114462,2026-06-09 02:44:48.756491610,3.0,,
CPT113035,2026-06-12 10:50:13.056223355,8.0,,
CPT120208,2026-06-14 12:10:42.705811292,8.0,,
CPT105211,2026-06-13 13:51:50.374312770,6.0,,
CPT124871,2026-06-09 05:13:29.585396477,7.0,,
CPT111867,2026-06-12 23:28:25.157180305,4.0,,
CPT110047,2026-06-10 09:57:03.426546282,8.0,,
CPT110129,2026-06-13 01:51:16.879835536,10.0,,
CPT101370,2026-06-11 13:12:16.309611873,2.0,,
CPT108607,2026-06-10 19:15:24.320797076,5.0,,
CPT114170,2026-06-13 07:08:51.562631147,4.0,,
CPT121807,2026-06-08 02:03:47.546781666,6.0,,
CPT113951,2026-06-10 13:52:01.785834104,5.0,,
CPT114205,2026-06-09 23:12:35.121404061,11.0,,
CPT117065,2026-06-14 13:37:55.474658467,5.0,,
CPT121638,2026-06-10 12:58:21.349012012,1.0,,
CPT121990,2026-06-10 07:47:16.988063329,5.0,,
CPT101374,2026-06-08 21:56:34.184505117,6.0,,
CPT120437,2026-06-09 00:25:55.213492006,10.0,,
CPT105189,2026-06-15 09:32:12.697599647,37.0,,
CPT117968,,0.0,,
CPT102334,2026-06-11 12:01:49.846789929,8.0,,
CPT103174,2026-06-10 18:01:10.596237669,3.0,,
CPT120774,2026-06-13 03:40:24.714853377,9.0,,
CPT110578,2026-06-09 19:07:28.138461793,3.0,,
CPT100248,2026-06-11 23:52:58.272041612,6.0,,
CPT113756,2026-06-14 06:44:15.619077350,5.0,,
CPT117721,2026-06-12 01:28:49.835156760,1.0,,
CPT105690,2026-06-09 20:06:09.955579484,9.0,,
CPT107658,2026-06-07 00:22:50.251121781,7.0,,
CPT103830,2026-06-11 14:54:01.380356501,8.0,,
CPT124643,2026-06-13 20:47:53.620981377,9.0,,
CPT112480,2026-06-12 20:15:42.670869387,11.0,,
CPT100501,2026-06-10 03:27:11.080685388,3.0,,
CPT114425,2026-06-15 19:29:05.471869757,4.0,,
CPT115198,2026-06-11 01:37:49.463866980,1.0,,
CPT117442,2026-06-13 11:18:16.516841900,10.0,,
CPT101165,2026-06-12 13:46:22.965985608,10.0,,
CPT122237,2026-06-11 13:20:30.029423025,8.0,,
CPT109230,2026-06-14 07:36:58.487488017,4.0,,
CPT116056,2026-06-12 06:33:32.278569098,8.0,,
CPT116304,2026-06-15 12:01:02.873435663,10.0,,
CPT101915,2026-06-11 02:34:01.103737765,8.0,,
CPT104581,2026-06-14 04:27:39.798942974,17.0,,
CPT117569,2026-06-12 22:38:44.044590210,7.0,,
CPT107454,2026-06-13 20:47:56.610884746,4.0,,
CPT104311,2026-06-09 14:57:02.623731746,13.0,,
CPT106304,2026-06-16 21:25:50.665962690,6.0,,
CPT106684,2026-06-12 13:53:10.203341707,6.0,,
CPT103078,2026-06-13 19:23:25.172404540,8.0,,
CPT110167,2026-06-09 12:13:21.269581235,7.0,,
CPT117763,2026-06-13 02:11:06.335936517,6.0,,
CPT118990,2026-06-10 12:32:09.689721187,9.0,,
CPT124135,2026-06-13 00:37:01.852718293,6.0,,
CPT104025,2026-06-11 15:59:57.964839443,16.0,,
CPT102114,2026-06-11 16:18:28.657883374,4.0,,
CPT104551,2026-06-16 03:54:23.172835362,3.0,,
CPT115517,2026-06-14 19:32:42.303514855,12.0,,
CPT119539,2026-06-12 01:12:18.817234678,7.0,,
CPT110009,2026-06-12 10:53:15.257097550,2.0,,
CPT117939,2026-06-12 12:33:11.979040820,4.0,,
CPT105347,2026-06-12 17:38:00.382975816,18.0,,
CPT112974,2026-06-13 05:34:32.367554417,9.0,,
CPT108421,2026-06-09 03:16:14.096703043,4.0,,
CPT101706,2026-06-12 20:23:26.943248003,11.0,,
CPT117195,2026-06-10 03:18:33.305219192,4.0,,
CPT120960,2026-06-09 22:29:10.230165210,5.0,,
CPT106043,2026-06-12 21:04:38.704311371,7.0,,
CPT104933,2026-06-14 18:13:44.847739303,3.0,,
CPT118360,2026-06-12 00:04:46.915868232,3.0,,
CPT111325,2026-06-10 14:27:40.424318209,6.0,,
CPT101586,2026-06-16 23:05:28.565514648,5.0,,
CPT116766,2026-06-11 06:33:20.928069627,4.0,,
CPT115176,2026-06-11 18:23:10.340728038,2.0,,
CPT120506,2026-06-14 00:52:49.042453985,4.0,,
CPT102546,2026-06-10 09:02:16.549503596,1.0,,
CPT120621,2026-06-12 23:20:31.726393234,6.0,,
CPT108195,2026-06-14 13:10:42.656620866,10.0,,
CPT122568,2026-06-08 23:54:54.458210273,6.0,,
CPT105149,2026-06-12 03:37:57.942520488,6.0,,
CPT109287,2026-06-12 17:58:02.097181764,11.0,,
CPT119962,2026-06-12 22:33:00.313925014,13.0,,
CPT119614,2026-06-19 15:07:02.758870746,4.0,,
CPT100162,2026-06-12 10:55:33.663545774,1.0,,
CPT120372,2026-06-13 23:10:21.067910256,13.0,,
CPT122795,2026-06-14 16:53:36.324028237,9.0,,
CPT116892,2026-06-15 13:46:13.412574343,1.0,,
CPT117915,2026-06-15 05:06:40.016198573,5.0,,
CPT114334,2026-06-10 05:56:41.280379377,2.0,,
CPT101699,2026-06-12 04:34:23.768288940,5.0,,
CPT113342,,0.0,,
CPT105987,2026-06-11 07:38:14.142271387,4.0,,
CPT117864,2026-06-11 07:33:06.271560526,13.0,,
CPT123871,2026-06-13 05:50:52.247139010,6.0,,
CPT102153,2026-06-14 05:35:58.510012295,2.0,,
CPT119141,2026-06-14 05:30:40.383219291,11.0,,
CPT114529,2026-06-15 00:49:20.893532475,4.0,,
CPT109500,2026-06-11 02:06:32.606857536,6.0,,
CPT117092,2026-06-12 21:10:39.668161005,12.0,,
CPT110677,2026-06-17 12:37:36.375083969,3.0,,
CPT101689,2026-06-18 03:19:32.214753292,3.0,,
CPT105845,2026-06-13 21:09:33.916657549,20.0,,
CPT104631,2026-06-16 01:32:43.306898238,6.0,,
CPT110278,2026-06-12 14:49:25.046051536,4.0,,
CPT122745,2026-06-15 00:01:41.165092230,6.0,,
CPT104559,2026-06-11 13:44:56.342430375,3.0,,
CPT123027,2026-06-11 12:17:10.906854098,5.0,,
CPT124174,2026-06-15 03:27:52.767150532,5.0,,
CPT120472,2026-06-16 04:50:47.943803217,8.0,,
CPT104226,2026-06-12 23:53:13.661015964,7.0,,
CPT112079,2026-06-12 14:47:41.399147500,13.0,,
CPT109904,2026-06-13 21:27:26.775821114,3.0,,
CPT114843,2026-06-15 13:09:13.812309169,6.0,,
CPT120484,2026-06-14 14:18:43.234077200,15.0,,
CPT104656,2026-06-12 21:37:31.114511597,7.0,,
CPT121562,2026-06-14 06:01:16.928402946,5.0,,
CPT119622,2026-06-11 03:06:32.161102437,7.0,,
CPT116781,2026-06-12 13:00:04.358793666,6.0,,
CPT109608,2026-06-14 11:30:06.308401710,9.0,,
CPT118309,2026-06-15 19:07:54.234743124,3.0,,
CPT109603,2026-06-13 16:34:43.703922791,3.0,,
CPT109396,2026-06-14 05:43:45.549290596,7.0,,
CPT117657,2026-06-14 23:49:48.780847704,24.0,,
CPT115140,2026-06-17 08:28:28.592189916,2.0,,
CPT105074,2026-06-12 10:53:24.360167296,6.0,,
CPT105421,2026-06-15 07:12:48.733573347,7.0,,
CPT104488,2026-06-16 02:03:15.798648625,4.0,,
CPT112737,2026-06-13 02:41:13.163556654,5.0,,
CPT104568,2026-06-11 05:38:28.905753350,9.0,,
CPT107521,2026-06-14 11:15:51.662773416,1.0,,
CPT123612,2026-06-23 15:08:37.306614232,6.0,,
CPT117108,2026-06-13 09:13:40.074820222,15.0,,
CPT114491,2026-06-11 19:16:07.922884370,9.0,,
CPT123546,2026-06-14 18:13:21.841870213,4.0,,
CPT103170,2026-06-18 12:29:35.682773669,5.0,,
CPT110165,2026-06-16 23:28:26.012412107,13.0,,
CPT100726,2026-06-16 00:34:54.797400742,11.0,,
CPT111120,2026-06-18 23:56:44.122586482,7.0,,
CPT106586,2026-06-15 21:09:09.753039139,4.0,,
CPT100043,2026-06-14 20:41:32.867803385,4.0,,
CPT112860,2026-06-14 00:27:03.567840208,6.0,,
CPT113030,2026-06-12 12:31:10.755097843,11.0,,
CPT102112,2026-06-15 13:36:00.975769131,4.0,,
CPT102048,2026-06-14 10:19:27.485287265,6.0,,
CPT119792,2026-06-14 11:38:28.330932960,6.0,,
CPT104341,2026-06-12 04:28:02.686060192,14.0,,
CPT113534,2026-06-14 23:41:05.719506247,3.0,,
CPT117106,2026-06-18 08:58:55.513863885,8.0,,
CPT111725,2026-06-14 14:29:08.563044801,6.0,,
CPT123857,2026-06-17 19:39:18.616958726,2.0,,
CPT106729,2026-06-15 10:55:07.788796207,3.0,,
CPT109986,2026-06-18 10:02:19.223055706,12.0,,
CPT116717,2026-06-15 11:28:55.277124255,2.0,,
CPT108643,2026-06-14 00:40:54.051884036,3.0,,
CPT111269,2026-06-16 19:27:35.625906604,16.0,,
CPT101488,2026-06-15 18:32:09.439682865,3.0,,
CPT102553,2026-06-14 07:03:56.092563805,8.0,,
CPT110243,2026-06-20 10:32:18.598016663,3.0,,
CPT112246,2026-06-15 09:25:14.358101509,5.0,,
CPT114278,2026-06-17 23:10:09.769557216,6.0,,
CPT120262,2026-06-14 02:13:20.289499570,12.0,,
CPT124361,2026-06-15 18:39:37.027390184,15.0,,
CPT120403,2026-06-18 02:54:52.018527270,8.0,,
CPT100600,2026-06-17 06:25:05.551415667,1.0,,
CPT115704,2026-06-14 23:34:20.137473560,4.0,,
CPT124398,2026-06-15 06:41:22.714735329,1.0,,
CPT122892,2026-06-14 21:08:24.768513073,4.0,,
CPT122254,2026-06-19 10:21:51.619657318,15.0,,
CPT101448,2026-06-16 17:34:31.162186794,12.0,,
CPT111313,2026-06-14 12:50:56.536857458,13.0,,
CPT115188,2026-06-13 17:58:46.965390729,4.0,,
CPT123367,2026-06-15 18:48:27.307219267,8.0,,
CPT124707,2026-06-13 08:14:31.686063549,4.0,,
CPT112487,2026-06-16 06:36:35.455662048,9.0,,
CPT117357,2026-06-12 20:11:59.736449709,13.0,,
CPT118539,2026-06-18 09:32:34.443187818,6.0,,
CPT105678,2026-06-13 18:29:51.857867587,4.0,,
CPT116313,2026-06-18 11:44:14.636471041,7.0,,
CPT112109,2026-06-19 01:19:43.533431229,5.0,,
CPT109892,2026-06-20 21:37:43.997244203,6.0,,
CPT105927,2026-06-15 19:38:23.167791590,7.0,,
CPT114038,2026-06-16 23:26:30.177954920,10.0,,
CPT117439,2026-06-20 04:43:23.132617979,9.0,,
CPT121503,2026-06-21 06:39:49.669094921,6.0,,
CPT103200,2026-06-15 22:24:53.810038969,7.0,,
CPT119599,2026-06-16 21:06:50.072270092,10.0,,
CPT123527,2026-06-17 17:21:05.827033820,1.0,,
CPT110688,2026-06-16 07:32:41.552770844,1.0,,
CPT104225,2026-06-19 02:14:13.758628080,6.0,,
CPT103883,2026-06-17 01:16:48.072004651,9.0,,
CPT105053,2026-06-14 13:41:29.983658284,4.0,,
CPT107551,2026-06-20 13:27:49.606095063,4.0,,
CPT104843,2026-06-15 23:27:21.213746677,7.0,,
CPT103266,2026-06-19 19:00:27.308481667,12.0,,
CPT118072,2026-06-23 01:55:10.726905958,11.0,,
CPT102571,2026-06-17 00:34:56.122761947,2.0,,
CPT115196,2026-06-15 06:20:43.044159293,8.0,,
CPT100655,2026-06-14 10:29:52.161526846,13.0,,
CPT116680,2026-06-22 14:07:46.471451801,9.0,,
CPT113483,2026-06-18 01:15:59.329708697,1.0,,
CPT119555,2026-06-17 10:29:02.819400169,7.0,,
CPT123183,2026-06-18 03:49:28.697036904,7.0,,
CPT114794,2026-06-15 04:53:31.631101734,6.0,,
CPT112317,2026-06-15 19:49:23.485356518,4.0,,
CPT105452,2026-06-18 03:08:39.561453059,12.0,,
CPT111453,2026-06-18 22:58:48.424473261,4.0,,
CPT106379,2026-06-16 16:01:40.661461929,7.0,,
CPT116481,2026-06-20 02:55:17.015961017,5.0,,
CPT118280,2026-06-20 23:10:43.019202895,18.0,,
CPT110575,2026-06-15 14:26:04.248279716,5.0,,
CPT101517,2026-06-17 16:23:34.957652633,11.0,,
CPT121891,2026-06-18 01:12:29.806478722,6.0,,
CPT108518,2026-06-18 12:13:59.058926930,8.0,,
CPT117575,2026-06-14 22:17:14.067493955,8.0,,
CPT119915,2026-06-16 22:21:39.415685228,4.0,,
CPT116495,2026-06-14 16:28:20.929508327,9.0,,
CPT100216,2026-06-17 13:13:54.798300967,5.0,,
CPT121419,2026-06-16 20:13:38.673736367,4.0,,
CPT106122,2026-06-19 15:28:48.125435133,6.0,,
CPT121331,2026-06-18 11:49:27.933927859,7.0,,
CPT109540,2026-06-17 07:48:25.173160655,18.0,,
CPT100232,2026-06-21 04:17:17.215605610,10.0,,
CPT120234,2026-06-18 18:19:58.349600045,12.0,,
CPT106278,2026-06-19 22:25:21.860694372,3.0,,
CPT120533,2026-06-15 22:05:57.327322250,8.0,,
CPT118233,2026-06-19 09:17:21.823506232,17.0,,
CPT121710,2026-06-17 22:08:03.307229620,3.0,,
CPT119755,2026-06-25 02:38:39.510323863,5.0,,
CPT104315,2026-06-14 04:24:05.048287449,6.0,,
CPT101565,2026-06-16 08:02:19.093959939,7.0,,
CPT110671,2026-06-20 03:54:04.650807185,5.0,,
CPT122870,2026-06-15 16:30:35.249496651,8.0,,
CPT106014,2026-06-16 08:43:07.567431936,3.0,,
CPT102247,2026-06-15 12:22:20.833237599,2.0,,
CPT106926,2026-06-17 05:38:31.169341858,7.0,,
CPT108187,2026-06-20 23:23:23.159203344,5.0,,
CPT110337,2026-06-18 03:56:50.391301481,10.0,,
CPT103498,2026-06-18 00:04:55.357243810,4.0,,
CPT115050,2026-06-20 08:19:11.096927626,6.0,,
CPT118025,2026-06-17 02:57:09.072480705,3.0,,
CPT107180,2026-06-16 20:37:00.860880649,10.0,,
CPT117099,2026-06-17 09:16:13.171126803,13.0,,
CPT103922,2026-06-19 08:44:10.034761033,6.0,,
CPT121153,2026-06-19 11:53:10.136921048,3.0,,
CPT102719,2026-06-17 20:35:46.849001463,9.0,,
CPT118168,2026-06-16 15:27:54.672084290,9.0,,
CPT115438,2026-06-20 04:54:15.037253391,8.0,,
CPT115983,2026-06-18 01:34:59.467688449,13.0,,
CPT110569,2026-06-19 01:29:55.941326757,10.0,,
CPT104238,2026-06-18 06:00:42.827342534,13.0,,
CPT102418,2026-06-22 03:11:40.481561832,4.0,,
CPT105455,2026-06-17 09:39:26.587667063,2.0,,
CPT100104,2026-06-15 23:58:21.824302225,2.0,,
CPT120670,2026-06-17 16:26:29.524894322,1.0,,
CPT123018,2026-06-18 01:55:02.564205298,3.0,,
CPT115777,2026-06-19 17:15:10.024753284,2.0,,
CPT105324,2026-06-21 21:26:19.110357237,2.0,,
CPT108473,2026-06-20 14:52:29.804700230,4.0,,
CPT117950,2026-06-18 22:28:58.904705882,4.0,,
CPT122082,2026-06-16 06:16:44.633748526,6.0,,
CPT112144,2026-06-16 04:38:34.839663437,10.0,,
CPT109577,2026-06-21 04:23:12.371392229,1.0,,
CPT114536,2026-06-25 04:31:03.118277593,13.0,,
CPT115772,2026-06-21 20:40:08.656770412,2.0,,
CPT118381,2026-06-20 21:24:00.586848231,10.0,,
CPT106826,2026-06-18 09:16:58.155788450,8.0,,
CPT112460,2026-06-18 12:50:08.057107301,2.0,,
CPT116806,2026-06-22 01:31:27.077107134,12.0,,
CPT103166,2026-06-20 20:26:54.481204987,6.0,,
CPT109142,2026-06-16 11:38:06.451373869,3.0,,
CPT103413,2026-06-19 17:42:32.785822355,4.0,,
CPT116859,2026-06-20 23:01:34.223825625,5.0,,
CPT114295,2026-06-18 09:55:11.328434312,9.0,,
CPT105501,2026-06-18 00:54:05.735155567,4.0,,
CPT103570,2026-06-25 16:23:13.791740076,13.0,,
CPT110399,2026-06-19 11:48:25.905199053,13.0,,
CPT113513,2026-06-18 03:52:19.698741208,6.0,,
CPT121475,2026-06-19 00:23:10.406564821,6.0,,
CPT124120,2026-06-21 07:36:59.345434153,4.0,,
CPT112142,2026-06-19 17:46:28.322328164,11.0,,
CPT110136,2026-06-20 18:05:02.092397122,18.0,,
CPT119019,2026-06-16 19:28:24.460976864,4.0,,
CPT116569,2026-06-16 10:17:39.915962791,3.0,,
CPT101703,2026-06-20 13:27:00.395698783,6.0,,
CPT102457,2026-06-17 11:15:39.425798418,10.0,,
CPT117949,2026-06-19 10:31:12.004325716,18.0,,
CPT113772,2026-06-20 16:52:08.370598646,9.0,,
CPT114777,2026-06-20 23:00:06.484453181,1.0,,
CPT124840,2026-06-22 01:17:25.308552925,2.0,,
CPT117794,2026-06-21 21:49:08.532455272,4.0,,
CPT117715,2026-06-18 00:24:03.326595780,6.0,,
CPT102483,2026-06-19 00:11:03.157893306,8.0,,
CPT122133,2026-06-21 02:43:18.912656368,11.0,,
CPT107861,2026-06-16 04:55:39.564865857,24.0,,
CPT117210,2026-06-19 22:43:07.112533254,9.0,,
CPT113402,2026-06-22 02:27:29.877965915,9.0,,
CPT116948,2026-06-23 22:43:04.155877984,3.0,,
CPT122200,2026-06-15 23:10:29.074586442,2.0,,
CPT112905,2026-06-20 19:20:06.985177300,4.0,,
CPT104030,2026-06-18 07:36:29.687616498,9.0,,
CPT104456,2026-06-17 13:43:32.283216997,11.0,,
CPT123856,2026-06-18 18:01:11.984986687,2.0,,
CPT120822,2026-06-19 21:57:04.841991846,7.0,,
CPT111644,2026-06-23 11:47:16.465977243,2.0,,
CPT123944,2026-06-17 18:40:01.180445060,5.0,,
CPT123888,2026-06-21 23:49:50.856630385,4.0,,
CPT115780,2026-06-19 01:20:18.696298292,3.0,,
CPT123651,2026-06-18 04:47:58.305689950,6.0,,
CPT113846,2026-06-22 16:37:58.343550979,3.0,,
CPT121706,2026-06-21 09:23:40.963792083,11.0,,
CPT107371,2026-06-23 06:29:18.776092909,10.0,,
CPT108829,2026-06-20 18:35:41.374240910,4.0,,
CPT117044,2026-06-25 15:51:20.603916572,11.0,,
CPT117909,2026-06-18 02:49:19.132891247,9.0,,
CPT117897,2026-06-19 23:12:59.336675694,10.0,,
CPT102821,2026-06-20 21:22:38.470179709,5.0,,
CPT105199,2026-06-19 13:20:07.628369588,12.0,,
CPT122874,2026-06-23 20:12:52.412085645,8.0,,
CPT120797,2026-06-18 18:08:13.472508586,6.0,,
CPT124083,2026-06-20 14:30:45.909684183,10.0,,
CPT102676,2026-06-21 16:29:54.364332187,5.0,,
CPT114971,2026-06-22 18:03:46.209985096,4.0,,
CPT112474,2026-06-23 05:25:26.377183850,5.0,,
CPT123144,2026-06-21 15:11:22.843837274,4.0,,
CPT110526,2026-06-20 09:35:15.689294585,6.0,,
CPT109824,2026-06-21 00:04:06.573147712,4.0,,
CPT119575,2026-06-21 23:21:57.997155624,8.0,,
CPT106772,2026-06-21 12:23:30.111467348,1.0,,
CPT117938,2026-06-19 18:17:20.796377792,3.0,,
CPT118690,2026-06-23 08:16:36.489597850,8.0,,
CPT100573,2026-06-22 06:25:48.418769427,24.0,,
CPT120112,2026-06-24 13:53:45.548375321,13.0,,
CPT111990,2026-06-20 10:11:03.709707836,11.0,,
CPT120351,2026-06-26 13:29:28.494790292,6.0,,
CPT118189,2026-06-24 05:24:22.346900109,4.0,,
CPT116368,2026-06-22 10:43:48.803719609,1.0,,
CPT121180,2026-06-21 03:34:45.600559786,8.0,,
CPT109788,2026-06-22 08:37:32.996340724,22.0,,
CPT111947,2026-06-25 01:38:03.813816069,13.0,,
CPT102463,2026-06-22 02:20:03.539177173,2.0,,
CPT104802,2026-06-21 05:12:26.705943311,6.0,,
CPT115632,2026-06-27 04:28:14.043471614,3.0,,
CPT119160,2026-06-21 23:27:41.643067663,6.0,,
CPT111799,2026-06-20 17:56:12.962385811,3.0,,
CPT114050,2026-06-29 14:53:44.761152245,,,
CPT121300,2026-06-24 21:51:30.253959799,2.0,,
CPT124855,2026-06-23 01:17:11.835369442,13.0,,
CPT110994,2026-06-23 08:32:18.201993629,2.0,,
CPT117402,2026-06-23 10:37:42.474216273,4.0,,
CPT122825,2026-06-22 01:09:35.828450685,5.0,,
CPT118430,2026-06-20 23:01:07.500283422,5.0,,
CPT101105,2026-06-20 13:18:12.751385820,8.0,,
CPT118288,2026-06-23 04:45:06.738709211,3.0,,
CPT101840,2026-06-24 22:32:47.469916951,4.0,,
CPT119587,2026-06-22 08:15:58.426657901,4.0,,
CPT124988,2026-06-25 11:20:56.738900880,14.0,,
CPT122705,2026-06-25 01:04:02.353676154,7.0,,
CPT117336,2026-06-23 22:55:58.805620369,14.0,,
CPT103969,2026-06-24 09:26:40.600969560,18.0,,
CPT118658,2026-06-22 07:55:09.096026659,9.0,,
CPT121150,2026-06-21 03:36:03.006778140,23.0,,
CPT110323,2026-06-19 10:03:08.159502763,16.0,,
CPT119686,2026-06-21 22:35:28.949681250,1.0,,
CPT100289,2026-06-25 22:32:33.701047042,2.0,,
CPT118878,2026-06-24 05:56:11.830672302,3.0,,
CPT123827,2026-06-24 00:07:56.066701583,8.0,,
CPT108504,2026-06-23 07:35:47.881119392,6.0,,
CPT101752,2026-06-24 08:25:40.794539988,7.0,,
CPT105168,2026-06-20 10:14:03.289671844,9.0,,
CPT108439,2026-06-22 14:45:10.501504717,10.0,,
CPT111957,2026-06-21 03:32:44.832727677,8.0,,
CPT112793,2026-06-21 16:00:34.509205972,14.0,,
CPT110432,2026-06-26 00:27:49.974521668,19.0,,
CPT103208,2026-06-22 13:11:36.840939403,11.0,,
CPT108684,2026-06-22 07:17:19.017501775,2.0,,
CPT123216,2026-06-25 19:03:42.100470562,4.0,,
CPT122623,2026-06-21 19:44:47.173071268,2.0,,
CPT106535,2026-06-25 14:35:31.357618511,9.0,,
CPT113060,2026-06-25 14:51:00.321327968,,,
CPT115775,2026-06-23 19:29:27.262255617,4.0,,
CPT110042,2026-06-25 14:24:15.948555733,24.0,,
CPT108628,2026-06-21 11:22:23.060698922,3.0,,
CPT108503,2026-06-25 09:30:15.462026278,2.0,,
CPT107446,2026-06-21 18:25:43.872502110,6.0,,
CPT107451,2026-06-22 23:25:15.340205648,13.0,,
CPT112965,2026-06-21 06:35:56.033280172,8.0,,
CPT101288,2026-06-23 06:39:12.475359564,6.0,,
CPT104889,2026-06-23 21:57:33.198140475,5.0,,
CPT110461,2026-06-21 10:22:28.817537697,11.0,,
CPT110894,2026-06-22 01:12:49.335343477,2.0,,
CPT101203,2026-06-25 11:35:05.130273790,14.0,,
CPT105427,2026-06-22 03:57:28.629720837,10.0,,
CPT108816,2026-06-26 05:54:38.156437876,,,
CPT109862,2026-06-26 12:11:49.947091921,4.0,,
CPT124393,2026-06-25 08:53:26.821551824,4.0,,
CPT120195,2026-06-24 22:17:58.710411020,3.0,,
CPT105615,2026-06-24 08:05:52.414302891,1.0,,
CPT114389,2026-06-22 16:12:32.794498606,4.0,,
CPT123492,2026-06-23 01:34:12.062947264,8.0,,
CPT113467,2026-06-26 06:15:18.124739116,11.0,,
CPT113461,2026-06-23 18:49:47.936168636,5.0,,
CPT117144,2026-06-24 11:20:12.259325481,8.0,,
CPT100266,2026-06-25 10:21:30.492856987,5.0,,
CPT110856,2026-06-23 16:08:09.212425279,2.0,,
CPT108105,2026-06-24 05:45:40.974700115,3.0,,
CPT115721,2026-06-24 12:26:08.844665175,2.0,,
CPT102736,2026-06-26 09:04:00.378621569,,,
CPT110661,2026-06-23 17:35:46.765219475,5.0,,
CPT113263,2026-06-25 07:00:18.286326703,5.0,,
CPT119130,2026-06-23 22:37:46.894905220,6.0,,
CPT123886,2026-06-27 22:33:39.015963967,,,
CPT120956,2026-06-23 03:20:20.840622342,4.0,,
CPT123163,2026-06-24 09:11:55.905458291,1.0,,
CPT111504,2026-06-24 14:20:19.172159023,11.0,,
CPT119751,2026-06-26 11:46:00.381535086,1.0,,
CPT115481,2026-06-25 17:53:37.269531332,,,
CPT114850,2026-06-24 00:37:09.790872955,4.0,,
CPT115387,2026-06-24 13:43:48.362257613,11.0,,
CPT113070,2026-06-30 06:45:26.471215688,,,
CPT103071,,0.0,,
CPT117675,2026-06-23 05:26:51.507789339,15.0,,
CPT102085,2026-06-24 21:19:38.890118983,13.0,,
CPT105267,2026-06-24 01:19:57.024236843,10.0,,
CPT114192,2026-06-26 22:23:34.781096350,,,
CPT113207,2026-06-24 08:44:32.157631323,6.0,,
CPT121966,2026-06-25 03:10:53.498998017,10.0,,
CPT109052,2026-06-27 14:28:23.757205043,,,
CPT120201,2026-06-25 18:19:34.855478524,,,
CPT116291,2026-06-26 20:30:31.146890195,6.0,,
CPT103757,2026-06-25 14:15:47.669533326,16.0,,
CPT107789,2026-06-26 08:02:08.202134578,,,
CPT104044,2026-06-25 10:47:13.400157442,,,
CPT121280,2026-06-24 10:17:48.829389207,2.0,,
CPT117237,2026-06-24 20:17:18.148694809,,,
CPT111699,2026-06-24 04:56:16.915353692,5.0,,
CPT124322,2026-06-26 16:29:59.671990832,,,
CPT124660,2026-06-23 13:00:18.705880733,10.0,,
CPT103516,2026-06-26 05:08:09.920484427,,,
CPT112257,2026-06-24 03:41:01.457994472,7.0,,
CPT106554,2026-06-30 17:21:42.357404905,16.0,,
CPT101944,2026-06-26 06:10:39.882647910,,,
CPT120579,2026-06-24 17:47:15.302840163,4.0,,
CPT112834,2026-06-22 01:22:21.256489636,2.0,,
CPT109072,2026-06-23 20:12:51.916220956,9.0,,
CPT114168,,,,
CPT124879,2026-06-29 00:10:54.270945598,,,
CPT108536,2026-06-26 09:30:20.232437522,,,
CPT101192,2026-06-23 20:23:43.320094879,11.0,,
CPT104769,2026-06-28 14:18:29.217541930,,,
CPT102983,2026-06-28 20:54:13.996880740,,,
CPT120103,2026-06-25 07:29:21.250223405,,,
CPT114052,2026-06-25 04:10:46.019344882,4.0,,
CPT101213,2026-06-24 10:56:46.270431896,9.0,,
CPT115214,2026-06-24 07:53:19.770907031,4.0,,
CPT111510,2026-06-22 21:27:30.210932955,9.0,,
CPT101784,2026-06-24 19:56:14.746547448,3.0,,
CPT119044,2026-06-22 23:47:20.532687109,13.0,,
CPT105723,2026-06-26 03:18:02.091535770,,,
CPT123208,2026-06-25 17:45:56.836442345,,,
CPT105966,2026-06-25 16:11:30.974204731,,,
CPT105087,2026-06-26 05:05:17.993485148,,,
CPT120820,2026-06-24 20:55:03.014237811,,,
CPT115379,2026-06-25 22:48:53.272960196,,,
CPT123847,2026-06-28 16:19:18.909699779,,,
CPT121081,2026-06-24 01:38:19.224319914,4.0,,
CPT121526,2026-06-25 05:35:59.624453072,2.0,,
CPT108405,2026-06-29 01:06:54.437693167,,,
CPT102800,2026-06-25 06:29:08.904198335,,,
CPT124304,2026-06-26 01:52:00.075801682,,,
CPT111964,2026-06-26 22:08:30.721674027,,,
CPT109742,2026-06-24 19:59:29.192381416,,,
CPT101512,2026-06-30 03:07:58.864741490,,,
CPT102324,2026-06-25 07:19:57.567187895,,,
CPT118927,2026-06-28 04:58:44.667334194,,,
CPT122501,2026-06-25 01:12:39.051388078,11.0,,
CPT105020,2026-06-25 09:38:18.844668973,4.0,,
CPT124696,2026-06-27 00:34:56.726643285,,,
CPT105748,2026-06-24 07:04:06.582202106,20.0,,
CPT107206,2026-06-26 01:08:33.739799815,,,
CPT120552,2026-06-27 13:53:50.603815521,,,
CPT117877,,,,
CPT109651,2026-06-27 20:18:10.857102834,,,
CPT101325,,,,
CPT103006,2026-06-28 06:01:06.572024297,,,
CPT111916,2026-06-22 07:24:26.585447315,5.0,,
CPT118655,2026-06-29 10:21:29.285915510,,,
CPT122497,2026-06-25 22:42:54.632660319,,,
CPT119658,2026-06-25 03:05:13.861541723,12.0,,
CPT123002,2026-06-27 02:54:42.649774333,,,
CPT123534,2026-06-27 00:06:41.600369127,,,
CPT108389,2026-06-27 12:43:51.858420085,13.0,,
CPT119912,2026-06-25 14:27:29.438729785,,,
CPT104005,2026-06-27 06:55:45.548451490,,,
CPT112513,2026-06-27 01:37:39.903217114,,,
CPT119722,2026-06-26 23:54:02.118458996,,,
CPT106036,2026-06-27 16:46:29.250352044,,,
CPT118390,2026-06-27 14:21:33.320754963,,,
CPT107016,2026-06-25 06:27:25.690449908,,,
CPT122492,2026-06-28 18:54:23.178084555,,,
CPT123105,2026-06-26 21:43:52.532165364,,,
CPT106689,2026-06-29 09:42:30.515255873,,,
CPT110967,2026-06-25 07:42:01.982433213,11.0,,
CPT116132,2026-06-29 02:44:24.188015860,,,
CPT104560,,,,
CPT113430,2026-06-26 23:09:32.437728180,10.0,,
CPT123672,2026-06-27 01:07:32.484503637,,,
CPT119814,2026-06-28 12:06:23.508356735,,,
CPT110973,2026-06-30 11:14:23.611340260,,,
CPT116555,2026-06-29 19:21:27.976094244,,,
CPT124467,2026-06-26 04:53:39.177632917,,,
CPT100982,2026-06-26 13:11:19.169983374,,,
CPT122233,2026-06-25 18:05:33.332911897,,,
CPT107249,2026-06-27 00:50:23.817357930,,,
CPT113718,2026-06-29 00:06:53.825721893,,,
CPT117459,2026-06-28 20:29:01.473057997,,,
CPT104418,2026-06-30 21:36:06.089121524,,,
CPT110041,2026-06-27 08:08:22.116811804,,,
CPT114100,2026-06-28 11:13:35.857635454,,,
CPT102484,2026-06-26 17:10:48.454858931,,,
CPT111769,2026-06-27 10:13:14.001326823,,,
CPT113553,,,,
CPT102083,2026-06-29 11:48:05.189192850,,,
CPT118750,2026-06-28 10:13:54.515349466,,,
CPT123155,2026-06-27 14:03:08.722692808,,,
CPT103187,2026-06-29 23:13:35.438031026,,,
CPT116080,2026-06-30 13:04:01.066994429,,,
CPT106538,2026-06-27 08:41:15.202709471,,,
CPT119507,2026-06-25 21:07:54.326346099,,,
CPT121184,2026-06-29 15:54:44.463743218,,,
CPT120144,2026-06-25 17:23:52.340898093,,,
CPT104845,2026-06-27 12:28:59.348202387,,,
CPT124348,2026-06-29 17:24:09.921903282,,,
CPT121076,2026-06-26 18:45:51.914188887,,,
CPT108495,2026-06-29 22:46:32.460856792,,,
CPT118246,2026-06-28 06:18:30.188552137,,,
CPT101079,2026-06-29 14:32:14.794073151,,,
CPT120218,2026-06-26 23:11:32.378069470,,,
CPT102603,2026-06-26 16:47:22.413692238,,,
CPT119497,2026-06-29 01:07:26.539447637,,,
CPT116085,2026-06-30 13:03:49.368206119,,,
CPT120703,2026-06-26 03:06:11.407524978,,,
CPT110492,2026-06-28 07:09:20.673166077,,,
CPT116724,2026-06-28 08:32:58.476959266,,,
CPT124785,2026-06-29 22:42:51.635879792,,,
CPT113760,2026-06-25 19:09:55.776733251,,,
CPT108862,,,,
CPT102181,2026-06-29 13:00:22.857723090,,,
CPT106635,2026-06-29 22:41:38.223658794,,,
CPT124975,,,,
CPT122081,2026-06-27 13:47:09.504163164,,,
CPT112150,2026-06-29 06:16:03.431325268,,,
CPT117132,2026-06-28 03:12:07.707214068,,,
CPT116149,2026-06-28 04:45:49.836140367,,,
CPT109386,,,,
CPT110253,2026-06-28 04:38:21.424040254,,,
CPT122132,2026-06-28 06:45:13.964304353,,,
CPT114184,2026-06-27 19:49:00.094309556,,,
CPT112805,2026-06-27 17:40:59.121266064,,,
CPT124861,2026-06-30 14:32:51.570464320,,,
CPT113862,,,,
CPT113551,2026-06-28 02:23:23.398568738,,,
CPT101445,,,,
CPT104220,2026-06-28 19:21:30.155954106,,,
CPT120389,,,,
CPT116737,2026-06-30 12:34:44.978519179,,,
CPT106284,,,,
CPT106017,2026-06-29 21:23:01.581934878,,,
CPT109680,,,,
CPT115883,,,,
CPT109278,,,,
CPT110615,,,,
CPT103710,,,,
CPT108305,2026-06-30 01:33:34.891618597,,,
CPT119778,2026-06-29 03:42:57.382406701,,,
CPT109896,,,,
CPT122934,2026-06-29 23:38:44.660125272,,,
CPT106719,2026-06-30 15:57:17.183836349,,,
CPT103561,2026-06-29 16:30:01.457799121,,,
CPT112310,2026-06-30 20:58:14.300750995,,,
CPT106320,2026-06-30 19:44:59.943833308,,,
CPT123613,,,,
CPT100488,,,,
CPT116889,2026-06-29 15:22:50.897008599,,,
CPT124221,,,,
CPT107757,2026-06-27 00:12:37.751141524,,,
CPT117398,2026-06-28 04:40:02.388355942,,,
CPT103305,2026-06-30 21:15:14.394527244,,,
CPT104946,2026-06-27 09:30:30.535067443,,,
CPT121465,,,,
CPT117995,2026-06-27 04:29:24.375255294,,,
CPT102251,2026-06-30 19:35:39.745740296,,,
CPT110433,,,,
CPT124907,,,,
CPT102610,,,,
CPT123824,2026-06-29 21:20:14.023182652,,,
CPT112245,,,,
CPT111822,2026-06-28 08:43:14.618606165,,,
CPT110827,2026-06-30 20:32:31.808368324,,,
CPT123738,,,,
CPT105410,,,,
CPT102332,,,,
CPT111695,,,,
CPT110845,2026-06-30 09:49:39.887741844,,,
CPT104915,,,,
CPT114517,2026-06-29 22:31:53.036496222,,,
CPT111430,,,,
CPT119021,,,,
CPT122676,,,,
CPT123396,2026-06-27 07:44:46.593724249,,,
CPT118565,2026-06-29 15:00:35.864090593,,,
CPT108483,2026-06-30 05:20:59.393015768,,,
CPT101737,,,,
CPT114739,,,,
CPT121874,,,,
CPT114120,,,,
CPT105258,,,,
CPT115127,2026-06-30 10:33:58.085839412,,,
CPT105463,,,,
CPT104709,,,,
CPT116593,2026-06-28 19:01:25.411246561,,,
CPT110317,,,,
CPT109088,,,,
CPT123065,,,,
CPT120359,,,,
CPT105248,2026-06-30 02:28:24.006533925,,,
CPT117138,,,,
CPT117630,,,,
CPT100649,,,,
CPT105704,2026-06-29 13:11:18.229384319,,,
CPT101859,,,,
CPT112576,2026-06-30 10:18:21.460066786,,,
CPT114318,,,,
