zone_id,zone_type,hour_ts,requests,fulfilled_requests,unfulfilled_requests,online_captains,avg_eta_min,avg_surge_multiplier
APT-T1,airport_terminal,2026-05-01 00:00:00,83,31,52,15,9.13,2.04
APT-T1,airport_terminal,2026-05-01 01:00:00,111,27,84,10,10.13,2.17
APT-T1,airport_terminal,2026-05-01 02:00:00,86,21,65,13,10.89,2.19
APT-T1,airport_terminal,2026-05-01 03:00:00,54,25,29,15,9.27,1.8
APT-T1,airport_terminal,2026-05-01 04:00:00,36,34,2,17,4.54,1.08
APT-T1,airport_terminal,2026-05-01 05:00:00,47,40,7,24,6.83,1.24
APT-T1,airport_terminal,2026-05-01 06:00:00,65,35,30,20,5.9,1.77
APT-T1,airport_terminal,2026-05-01 07:00:00,74,47,27,28,8.53,1.58
APT-T1,airport_terminal,2026-05-01 08:00:00,54,53,1,43,2.7,1.04
APT-T1,airport_terminal,2026-05-01 09:00:00,47,46,1,46,3.76,1.09
APT-T1,airport_terminal,2026-05-01 10:00:00,30,29,1,57,2.57,1.0
APT-T1,airport_terminal,2026-05-01 11:00:00,30,29,1,64,5.28,1.08
APT-T1,airport_terminal,2026-05-01 12:00:00,32,31,1,69,4.34,1.0
APT-T1,airport_terminal,2026-05-01 13:00:00,18,17,1,59,3.28,1.0
APT-T1,airport_terminal,2026-05-01 14:00:00,24,23,1,57,3.29,1.03
APT-T1,airport_terminal,2026-05-01 15:00:00,29,28,1,39,4.85,1.0
APT-T1,airport_terminal,2026-05-01 16:00:00,23,22,1,36,3.39,1.05
APT-T1,airport_terminal,2026-05-01 17:00:00,23,22,1,33,3.74,1.0
APT-T1,airport_terminal,2026-05-01 18:00:00,28,27,1,20,3.5,1.06
APT-T1,airport_terminal,2026-05-01 19:00:00,23,14,9,9,6.0,1.5
APT-T1,airport_terminal,2026-05-01 20:00:00,45,19,26,13,9.11,1.9
APT-T1,airport_terminal,2026-05-01 21:00:00,70,29,41,16,7.98,1.97
APT-T1,airport_terminal,2026-05-01 22:00:00,102,25,77,13,10.11,2.25
APT-T1,airport_terminal,2026-05-01 23:00:00,109,30,79,17,10.31,2.12
APT-T1,airport_terminal,2026-05-02 00:00:00,76,34,42,17,7.06,1.79
APT-T1,airport_terminal,2026-05-02 01:00:00,95,23,72,13,10.0,2.2
APT-T1,airport_terminal,2026-05-02 02:00:00,94,25,69,17,10.45,2.23
APT-T1,airport_terminal,2026-05-02 03:00:00,40,19,21,12,9.59,1.83
APT-T1,airport_terminal,2026-05-02 04:00:00,35,34,1,23,3.38,1.0
APT-T1,airport_terminal,2026-05-02 05:00:00,44,41,3,22,5.23,1.1
APT-T1,airport_terminal,2026-05-02 06:00:00,73,48,25,24,7.42,1.6
APT-T1,airport_terminal,2026-05-02 07:00:00,61,50,11,31,5.22,1.32
APT-T1,airport_terminal,2026-05-02 08:00:00,58,57,1,52,2.56,1.15
APT-T1,airport_terminal,2026-05-02 09:00:00,52,51,1,51,2.0,1.05
APT-T1,airport_terminal,2026-05-02 10:00:00,33,32,1,66,5.46,1.06
APT-T1,airport_terminal,2026-05-02 11:00:00,26,25,1,52,3.9,1.01
APT-T1,airport_terminal,2026-05-02 12:00:00,21,20,1,73,3.28,1.0
APT-T1,airport_terminal,2026-05-02 13:00:00,22,21,1,64,4.13,1.04
APT-T1,airport_terminal,2026-05-02 14:00:00,27,26,1,47,3.86,1.09
APT-T1,airport_terminal,2026-05-02 15:00:00,16,15,1,49,3.85,1.01
APT-T1,airport_terminal,2026-05-02 16:00:00,22,21,1,40,4.47,1.07
APT-T1,airport_terminal,2026-05-02 17:00:00,17,16,1,35,2.57,1.02
APT-T1,airport_terminal,2026-05-02 18:00:00,28,27,1,22,4.18,1.11
APT-T1,airport_terminal,2026-05-02 19:00:00,27,26,1,24,2.88,1.01
APT-T1,airport_terminal,2026-05-02 20:00:00,37,26,11,13,6.7,1.37
APT-T1,airport_terminal,2026-05-02 21:00:00,55,22,33,13,9.57,1.95
APT-T1,airport_terminal,2026-05-02 22:00:00,86,25,61,15,11.35,2.08
APT-T1,airport_terminal,2026-05-02 23:00:00,111,27,84,12,10.97,2.16
APT-T1,airport_terminal,2026-05-03 00:00:00,78,19,59,7,11.5,2.34
APT-T1,airport_terminal,2026-05-03 01:00:00,99,32,67,16,9.19,2.12
APT-T1,airport_terminal,2026-05-03 02:00:00,80,24,56,14,9.27,2.1
APT-T1,airport_terminal,2026-05-03 03:00:00,46,19,27,12,9.07,1.96
APT-T1,airport_terminal,2026-05-03 04:00:00,36,26,10,14,7.04,1.41
APT-T1,airport_terminal,2026-05-03 05:00:00,48,38,10,23,4.24,1.34
APT-T1,airport_terminal,2026-05-03 06:00:00,60,44,16,26,5.62,1.32
APT-T1,airport_terminal,2026-05-03 07:00:00,52,51,1,34,4.64,1.07
APT-T1,airport_terminal,2026-05-03 08:00:00,48,47,1,38,4.71,1.02
APT-T1,airport_terminal,2026-05-03 09:00:00,35,34,1,41,3.47,1.06
APT-T1,airport_terminal,2026-05-03 10:00:00,24,23,1,56,4.39,1.03
APT-T1,airport_terminal,2026-05-03 11:00:00,29,28,1,62,3.29,1.02
APT-T1,airport_terminal,2026-05-03 12:00:00,26,25,1,63,4.9,1.01
APT-T1,airport_terminal,2026-05-03 13:00:00,25,24,1,55,3.22,1.0
APT-T1,airport_terminal,2026-05-03 14:00:00,21,20,1,55,4.28,1.08
APT-T1,airport_terminal,2026-05-03 15:00:00,24,23,1,38,2.71,1.19
APT-T1,airport_terminal,2026-05-03 16:00:00,22,21,1,36,3.76,1.0
APT-T1,airport_terminal,2026-05-03 17:00:00,26,25,1,28,2.0,1.09
APT-T1,airport_terminal,2026-05-03 18:00:00,20,19,1,17,3.01,1.01
APT-T1,airport_terminal,2026-05-03 19:00:00,28,27,1,18,2.63,1.0
APT-T1,airport_terminal,2026-05-03 20:00:00,27,26,1,19,4.99,1.0
APT-T1,airport_terminal,2026-05-03 21:00:00,69,42,27,20,8.31,1.57
APT-T1,airport_terminal,2026-05-03 22:00:00,79,28,51,15,9.08,2.05
APT-T1,airport_terminal,2026-05-03 23:00:00,99,24,75,16,10.58,2.14
APT-T1,airport_terminal,2026-05-04 00:00:00,68,19,49,11,9.22,2.29
APT-T1,airport_terminal,2026-05-04 01:00:00,97,29,68,16,9.45,2.13
APT-T1,airport_terminal,2026-05-04 02:00:00,78,25,53,12,10.17,2.05
APT-T1,airport_terminal,2026-05-04 03:00:00,52,30,22,20,6.51,1.7
APT-T1,airport_terminal,2026-05-04 04:00:00,46,40,6,20,3.54,1.15
APT-T1,airport_terminal,2026-05-04 05:00:00,51,27,24,14,7.27,1.81
APT-T1,airport_terminal,2026-05-04 06:00:00,54,46,8,25,5.34,1.19
APT-T1,airport_terminal,2026-05-04 07:00:00,67,52,15,26,5.46,1.49
APT-T1,airport_terminal,2026-05-04 08:00:00,42,41,1,33,4.8,1.0
APT-T1,airport_terminal,2026-05-04 09:00:00,38,37,1,64,4.17,1.07
APT-T1,airport_terminal,2026-05-04 10:00:00,43,42,1,50,3.38,1.06
APT-T1,airport_terminal,2026-05-04 11:00:00,19,18,1,51,4.46,1.04
APT-T1,airport_terminal,2026-05-04 12:00:00,29,28,1,60,5.22,1.07
APT-T1,airport_terminal,2026-05-04 13:00:00,20,19,1,53,5.45,1.0
APT-T1,airport_terminal,2026-05-04 14:00:00,13,12,1,60,5.05,1.13
APT-T1,airport_terminal,2026-05-04 15:00:00,19,18,1,52,2.29,1.03
APT-T1,airport_terminal,2026-05-04 16:00:00,22,21,1,32,3.84,1.08
APT-T1,airport_terminal,2026-05-04 17:00:00,27,26,1,26,3.84,1.0
APT-T1,airport_terminal,2026-05-04 18:00:00,22,21,1,22,3.11,1.07
APT-T1,airport_terminal,2026-05-04 19:00:00,29,28,1,22,3.38,1.07
APT-T1,airport_terminal,2026-05-04 20:00:00,43,33,10,16,5.85,1.26
APT-T1,airport_terminal,2026-05-04 21:00:00,46,27,19,16,6.94,1.74
APT-T1,airport_terminal,2026-05-04 22:00:00,79,20,59,12,9.05,2.24
APT-T1,airport_terminal,2026-05-04 23:00:00,105,28,77,13,11.05,2.19
APT-T1,airport_terminal,2026-05-05 00:00:00,70,17,53,11,10.58,2.24
APT-T1,airport_terminal,2026-05-05 01:00:00,92,23,69,10,11.57,2.11
APT-T1,airport_terminal,2026-05-05 02:00:00,54,13,41,8,11.33,2.19
APT-T1,airport_terminal,2026-05-05 03:00:00,54,37,17,19,6.29,1.46
APT-T1,airport_terminal,2026-05-05 04:00:00,46,27,19,13,8.78,1.66
APT-T1,airport_terminal,2026-05-05 05:00:00,31,30,1,23,3.27,1.0
APT-T1,airport_terminal,2026-05-05 06:00:00,48,35,13,23,4.99,1.39
APT-T1,airport_terminal,2026-05-05 07:00:00,66,49,17,31,4.53,1.38
APT-T1,airport_terminal,2026-05-05 08:00:00,59,44,15,28,6.1,1.34
APT-T1,airport_terminal,2026-05-05 09:00:00,43,42,1,43,3.2,1.01
APT-T1,airport_terminal,2026-05-05 10:00:00,27,26,1,49,5.27,1.0
APT-T1,airport_terminal,2026-05-05 11:00:00,16,15,1,55,4.02,1.0
APT-T1,airport_terminal,2026-05-05 12:00:00,31,30,1,58,2.56,1.17
APT-T1,airport_terminal,2026-05-05 13:00:00,25,24,1,54,3.36,1.0
APT-T1,airport_terminal,2026-05-05 14:00:00,20,19,1,41,3.77,1.0
APT-T1,airport_terminal,2026-05-05 15:00:00,19,18,1,49,4.89,1.0
APT-T1,airport_terminal,2026-05-05 16:00:00,19,18,1,32,3.69,1.06
APT-T1,airport_terminal,2026-05-05 17:00:00,21,20,1,29,3.68,1.0
APT-T1,airport_terminal,2026-05-05 18:00:00,20,19,1,26,3.5,1.03
APT-T1,airport_terminal,2026-05-05 19:00:00,22,21,1,14,2.0,1.02
APT-T1,airport_terminal,2026-05-05 20:00:00,41,22,19,12,6.88,1.68
APT-T1,airport_terminal,2026-05-05 21:00:00,81,20,61,8,10.61,2.17
APT-T1,airport_terminal,2026-05-05 22:00:00,84,34,50,17,9.05,1.87
APT-T1,airport_terminal,2026-05-05 23:00:00,102,25,77,9,10.9,2.12
APT-T1,airport_terminal,2026-05-06 00:00:00,62,16,46,8,8.91,2.26
APT-T1,airport_terminal,2026-05-06 01:00:00,87,23,64,15,10.47,2.1
APT-T1,airport_terminal,2026-05-06 02:00:00,69,27,42,13,8.93,1.89
APT-T1,airport_terminal,2026-05-06 03:00:00,55,15,40,8,10.54,2.15
APT-T1,airport_terminal,2026-05-06 04:00:00,34,19,15,10,7.51,1.79
APT-T1,airport_terminal,2026-05-06 05:00:00,37,26,11,14,4.37,1.47
APT-T1,airport_terminal,2026-05-06 06:00:00,51,48,3,25,6.09,1.16
APT-T1,airport_terminal,2026-05-06 07:00:00,66,56,10,33,4.33,1.22
APT-T1,airport_terminal,2026-05-06 08:00:00,59,39,20,25,6.31,1.4
APT-T1,airport_terminal,2026-05-06 09:00:00,42,41,1,42,4.68,1.0
APT-T1,airport_terminal,2026-05-06 10:00:00,27,26,1,59,4.47,1.0
APT-T1,airport_terminal,2026-05-06 11:00:00,22,21,1,57,4.95,1.02
APT-T1,airport_terminal,2026-05-06 12:00:00,24,23,1,65,3.52,1.0
APT-T1,airport_terminal,2026-05-06 13:00:00,18,17,1,49,5.12,1.02
APT-T1,airport_terminal,2026-05-06 14:00:00,15,14,1,59,3.27,1.04
APT-T1,airport_terminal,2026-05-06 15:00:00,24,23,1,53,3.87,1.0
APT-T1,airport_terminal,2026-05-06 16:00:00,22,21,1,33,4.13,1.09
APT-T1,airport_terminal,2026-05-06 17:00:00,21,20,1,28,3.91,1.12
APT-T1,airport_terminal,2026-05-06 18:00:00,20,18,2,12,4.59,1.03
APT-T1,airport_terminal,2026-05-06 19:00:00,26,25,1,18,2.02,1.0
APT-T1,airport_terminal,2026-05-06 20:00:00,29,28,1,22,2.74,1.04
APT-T1,airport_terminal,2026-05-06 21:00:00,54,17,37,10,9.91,2.09
APT-T1,airport_terminal,2026-05-06 22:00:00,102,25,77,8,8.45,2.13
APT-T1,airport_terminal,2026-05-06 23:00:00,110,27,83,3,10.78,2.16
APT-T1,airport_terminal,2026-05-07 00:00:00,75,23,52,11,10.32,2.11
APT-T1,airport_terminal,2026-05-07 01:00:00,79,23,56,14,9.74,2.12
APT-T1,airport_terminal,2026-05-07 02:00:00,84,25,59,12,8.67,2.08
APT-T1,airport_terminal,2026-05-07 03:00:00,47,23,24,13,8.63,1.83
APT-T1,airport_terminal,2026-05-07 04:00:00,31,23,8,13,4.43,1.39
APT-T1,airport_terminal,2026-05-07 05:00:00,40,39,1,19,3.4,1.0
APT-T1,airport_terminal,2026-05-07 06:00:00,49,39,10,23,4.75,1.4
APT-T1,airport_terminal,2026-05-07 07:00:00,47,46,1,33,4.44,1.03
APT-T1,airport_terminal,2026-05-07 08:00:00,58,57,1,38,3.36,1.0
APT-T1,airport_terminal,2026-05-07 09:00:00,39,38,1,46,3.7,1.06
APT-T1,airport_terminal,2026-05-07 10:00:00,27,26,1,59,5.61,1.05
APT-T1,airport_terminal,2026-05-07 11:00:00,26,25,1,44,3.1,1.0
APT-T1,airport_terminal,2026-05-07 12:00:00,24,23,1,73,3.55,1.1
APT-T1,airport_terminal,2026-05-07 13:00:00,16,15,1,50,4.25,1.0
APT-T1,airport_terminal,2026-05-07 14:00:00,26,25,1,64,3.6,1.06
APT-T1,airport_terminal,2026-05-07 15:00:00,22,21,1,50,4.43,1.13
APT-T1,airport_terminal,2026-05-07 16:00:00,13,12,1,37,4.76,1.03
APT-T1,airport_terminal,2026-05-07 17:00:00,21,20,1,22,3.19,1.02
APT-T1,airport_terminal,2026-05-07 18:00:00,14,13,1,20,4.34,1.09
APT-T1,airport_terminal,2026-05-07 19:00:00,28,27,1,15,4.16,1.0
APT-T1,airport_terminal,2026-05-07 20:00:00,24,21,3,10,4.04,1.12
APT-T1,airport_terminal,2026-05-07 21:00:00,48,29,19,19,7.61,1.69
APT-T1,airport_terminal,2026-05-07 22:00:00,88,32,56,17,8.49,2.06
APT-T1,airport_terminal,2026-05-07 23:00:00,107,26,81,11,10.68,2.07
APT-T1,airport_terminal,2026-05-08 00:00:00,84,21,63,11,9.53,2.16
APT-T1,airport_terminal,2026-05-08 01:00:00,108,29,79,16,11.46,2.17
APT-T1,airport_terminal,2026-05-08 02:00:00,104,26,78,10,10.79,2.2
APT-T1,airport_terminal,2026-05-08 03:00:00,48,31,17,15,7.37,1.58
APT-T1,airport_terminal,2026-05-08 04:00:00,51,29,22,16,8.19,1.56
APT-T1,airport_terminal,2026-05-08 05:00:00,45,33,12,17,6.27,1.46
APT-T1,airport_terminal,2026-05-08 06:00:00,59,28,31,17,7.62,1.81
APT-T1,airport_terminal,2026-05-08 07:00:00,65,46,19,25,5.74,1.33
APT-T1,airport_terminal,2026-05-08 08:00:00,51,50,1,41,2.0,1.01
APT-T1,airport_terminal,2026-05-08 09:00:00,41,40,1,45,3.03,1.05
APT-T1,airport_terminal,2026-05-08 10:00:00,41,40,1,68,3.71,1.03
APT-T1,airport_terminal,2026-05-08 11:00:00,37,36,1,74,3.22,1.0
APT-T1,airport_terminal,2026-05-08 12:00:00,38,37,1,67,3.15,1.05
APT-T1,airport_terminal,2026-05-08 13:00:00,23,22,1,69,2.67,1.09
APT-T1,airport_terminal,2026-05-08 14:00:00,19,18,1,63,2.17,1.08
APT-T1,airport_terminal,2026-05-08 15:00:00,21,20,1,42,3.07,1.08
APT-T1,airport_terminal,2026-05-08 16:00:00,23,22,1,34,3.69,1.09
APT-T1,airport_terminal,2026-05-08 17:00:00,26,25,1,30,2.95,1.0
APT-T1,airport_terminal,2026-05-08 18:00:00,25,24,1,28,2.67,1.07
APT-T1,airport_terminal,2026-05-08 19:00:00,20,19,1,18,4.08,1.03
APT-T1,airport_terminal,2026-05-08 20:00:00,46,24,22,15,7.23,1.78
APT-T1,airport_terminal,2026-05-08 21:00:00,61,28,33,16,8.36,1.78
APT-T1,airport_terminal,2026-05-08 22:00:00,92,23,69,8,10.0,2.15
APT-T1,airport_terminal,2026-05-08 23:00:00,110,40,70,19,9.47,1.95
APT-T1,airport_terminal,2026-05-09 00:00:00,89,28,61,16,8.94,2.06
APT-T1,airport_terminal,2026-05-09 01:00:00,104,26,78,15,10.47,2.07
APT-T1,airport_terminal,2026-05-09 02:00:00,86,21,65,10,11.04,2.21
APT-T1,airport_terminal,2026-05-09 03:00:00,63,26,37,12,8.87,1.81
APT-T1,airport_terminal,2026-05-09 04:00:00,47,26,21,17,7.61,1.79
APT-T1,airport_terminal,2026-05-09 05:00:00,51,43,8,25,4.75,1.18
APT-T1,airport_terminal,2026-05-09 06:00:00,65,44,21,23,5.68,1.5
APT-T1,airport_terminal,2026-05-09 07:00:00,69,54,15,27,5.62,1.23
APT-T1,airport_terminal,2026-05-09 08:00:00,63,62,1,40,2.98,1.0
APT-T1,airport_terminal,2026-05-09 09:00:00,45,44,1,50,4.18,1.1
APT-T1,airport_terminal,2026-05-09 10:00:00,32,31,1,58,3.41,1.0
APT-T1,airport_terminal,2026-05-09 11:00:00,22,21,1,73,5.52,1.05
APT-T1,airport_terminal,2026-05-09 12:00:00,28,27,1,77,2.46,1.0
APT-T1,airport_terminal,2026-05-09 13:00:00,18,17,1,58,3.83,1.05
APT-T1,airport_terminal,2026-05-09 14:00:00,23,22,1,56,3.36,1.08
APT-T1,airport_terminal,2026-05-09 15:00:00,22,21,1,52,4.1,1.0
APT-T1,airport_terminal,2026-05-09 16:00:00,26,25,1,35,4.85,1.05
APT-T1,airport_terminal,2026-05-09 17:00:00,19,18,1,25,4.69,1.0
APT-T1,airport_terminal,2026-05-09 18:00:00,24,23,1,30,3.92,1.0
APT-T1,airport_terminal,2026-05-09 19:00:00,31,30,1,21,3.14,1.06
APT-T1,airport_terminal,2026-05-09 20:00:00,44,24,20,14,7.54,1.76
APT-T1,airport_terminal,2026-05-09 21:00:00,64,19,45,13,10.6,2.07
APT-T1,airport_terminal,2026-05-09 22:00:00,92,23,69,14,9.1,2.21
APT-T1,airport_terminal,2026-05-09 23:00:00,113,28,85,15,9.99,2.29
APT-T1,airport_terminal,2026-05-10 00:00:00,73,21,52,12,10.74,2.07
APT-T1,airport_terminal,2026-05-10 01:00:00,71,17,54,8,11.11,2.35
APT-T1,airport_terminal,2026-05-10 02:00:00,69,17,52,6,10.07,2.3
APT-T1,airport_terminal,2026-05-10 03:00:00,54,18,36,10,9.45,2.02
APT-T1,airport_terminal,2026-05-10 04:00:00,33,32,1,16,3.87,1.0
APT-T1,airport_terminal,2026-05-10 05:00:00,36,35,1,22,4.26,1.0
APT-T1,airport_terminal,2026-05-10 06:00:00,52,50,2,27,3.61,1.01
APT-T1,airport_terminal,2026-05-10 07:00:00,58,57,1,37,5.78,1.08
APT-T1,airport_terminal,2026-05-10 08:00:00,49,48,1,35,3.35,1.01
APT-T1,airport_terminal,2026-05-10 09:00:00,29,28,1,45,3.86,1.11
APT-T1,airport_terminal,2026-05-10 10:00:00,30,29,1,60,3.58,1.09
APT-T1,airport_terminal,2026-05-10 11:00:00,20,19,1,72,4.56,1.0
APT-T1,airport_terminal,2026-05-10 12:00:00,30,29,1,70,3.26,1.08
APT-T1,airport_terminal,2026-05-10 13:00:00,30,29,1,49,3.07,1.02
APT-T1,airport_terminal,2026-05-10 14:00:00,28,27,1,52,4.14,1.0
APT-T1,airport_terminal,2026-05-10 15:00:00,19,18,1,38,4.41,1.04
APT-T1,airport_terminal,2026-05-10 16:00:00,24,23,1,27,3.06,1.0
APT-T1,airport_terminal,2026-05-10 17:00:00,20,19,1,25,3.1,1.01
APT-T1,airport_terminal,2026-05-10 18:00:00,22,21,1,21,3.25,1.1
APT-T1,airport_terminal,2026-05-10 19:00:00,18,17,1,15,2.96,1.0
APT-T1,airport_terminal,2026-05-10 20:00:00,40,32,8,16,3.79,1.31
APT-T1,airport_terminal,2026-05-10 21:00:00,52,35,17,18,5.97,1.52
APT-T1,airport_terminal,2026-05-10 22:00:00,87,32,55,16,9.17,2.13
APT-T1,airport_terminal,2026-05-10 23:00:00,108,27,81,9,10.68,2.17
APT-T1,airport_terminal,2026-05-11 00:00:00,73,19,54,12,12.09,2.13
APT-T1,airport_terminal,2026-05-11 01:00:00,92,23,69,11,10.79,2.21
APT-T1,airport_terminal,2026-05-11 02:00:00,67,31,36,16,7.04,1.84
APT-T1,airport_terminal,2026-05-11 03:00:00,41,28,13,16,5.2,1.45
APT-T1,airport_terminal,2026-05-11 04:00:00,44,21,23,13,6.96,1.71
APT-T1,airport_terminal,2026-05-11 05:00:00,31,28,3,13,5.02,1.16
APT-T1,airport_terminal,2026-05-11 06:00:00,56,36,20,23,5.41,1.61
APT-T1,airport_terminal,2026-05-11 07:00:00,62,47,15,30,6.14,1.42
APT-T1,airport_terminal,2026-05-11 08:00:00,39,38,1,33,2.26,1.05
APT-T1,airport_terminal,2026-05-11 09:00:00,39,38,1,33,3.79,1.0
APT-T1,airport_terminal,2026-05-11 10:00:00,24,23,1,55,4.53,1.0
APT-T1,airport_terminal,2026-05-11 11:00:00,20,19,1,73,5.98,1.0
APT-T1,airport_terminal,2026-05-11 12:00:00,26,25,1,57,3.19,1.07
APT-T1,airport_terminal,2026-05-11 13:00:00,26,25,1,62,4.07,1.14
APT-T1,airport_terminal,2026-05-11 14:00:00,21,20,1,54,3.5,1.09
APT-T1,airport_terminal,2026-05-11 15:00:00,21,20,1,44,4.89,1.06
APT-T1,airport_terminal,2026-05-11 16:00:00,19,18,1,42,4.74,1.0
APT-T1,airport_terminal,2026-05-11 17:00:00,24,23,1,29,3.48,1.05
APT-T1,airport_terminal,2026-05-11 18:00:00,22,21,1,23,3.58,1.05
APT-T1,airport_terminal,2026-05-11 19:00:00,17,16,1,23,4.41,1.0
APT-T1,airport_terminal,2026-05-11 20:00:00,39,15,24,9,8.75,1.9
APT-T1,airport_terminal,2026-05-11 21:00:00,58,25,33,17,8.9,1.86
APT-T1,airport_terminal,2026-05-11 22:00:00,77,25,52,16,8.74,2.12
APT-T1,airport_terminal,2026-05-11 23:00:00,99,24,75,12,12.27,2.19
APT-T1,airport_terminal,2026-05-12 00:00:00,60,18,42,11,8.69,2.09
APT-T1,airport_terminal,2026-05-12 01:00:00,104,26,78,11,10.93,2.18
APT-T1,airport_terminal,2026-05-12 02:00:00,90,29,61,14,10.04,2.06
APT-T1,airport_terminal,2026-05-12 03:00:00,50,12,38,7,10.46,2.29
APT-T1,airport_terminal,2026-05-12 04:00:00,37,23,14,15,5.52,1.59
APT-T1,airport_terminal,2026-05-12 05:00:00,41,26,15,17,6.75,1.66
APT-T1,airport_terminal,2026-05-12 06:00:00,62,32,30,18,8.21,1.68
APT-T1,airport_terminal,2026-05-12 07:00:00,68,52,16,25,4.09,1.32
APT-T1,airport_terminal,2026-05-12 08:00:00,44,43,1,38,4.37,1.0
APT-T1,airport_terminal,2026-05-12 09:00:00,42,41,1,51,4.22,1.0
APT-T1,airport_terminal,2026-05-12 10:00:00,24,23,1,57,3.82,1.03
APT-T1,airport_terminal,2026-05-12 11:00:00,27,26,1,63,2.84,1.06
APT-T1,airport_terminal,2026-05-12 12:00:00,18,17,1,73,4.98,1.06
APT-T1,airport_terminal,2026-05-12 13:00:00,15,14,1,50,3.61,1.0
APT-T1,airport_terminal,2026-05-12 14:00:00,23,22,1,44,3.75,1.08
APT-T1,airport_terminal,2026-05-12 15:00:00,25,24,1,39,3.35,1.0
APT-T1,airport_terminal,2026-05-12 16:00:00,15,14,1,30,4.38,1.0
APT-T1,airport_terminal,2026-05-12 17:00:00,25,24,1,31,3.94,1.0
APT-T1,airport_terminal,2026-05-12 18:00:00,22,21,1,22,2.51,1.0
APT-T1,airport_terminal,2026-05-12 19:00:00,27,26,1,14,3.54,1.0
APT-T1,airport_terminal,2026-05-12 20:00:00,35,24,11,16,5.35,1.45
APT-T1,airport_terminal,2026-05-12 21:00:00,58,36,22,18,7.29,1.61
APT-T1,airport_terminal,2026-05-12 22:00:00,66,22,44,13,8.98,1.97
APT-T1,airport_terminal,2026-05-12 23:00:00,114,28,86,10,11.17,2.17
APT-T1,airport_terminal,2026-05-13 00:00:00,67,16,51,8,8.51,2.18
APT-T1,airport_terminal,2026-05-13 01:00:00,90,39,51,22,9.21,1.8
APT-T1,airport_terminal,2026-05-13 02:00:00,75,24,51,12,11.08,2.09
APT-T1,airport_terminal,2026-05-13 03:00:00,38,37,1,20,4.55,1.06
APT-T1,airport_terminal,2026-05-13 04:00:00,33,24,9,15,5.93,1.32
APT-T1,airport_terminal,2026-05-13 05:00:00,37,34,3,18,3.11,1.13
APT-T1,airport_terminal,2026-05-13 06:00:00,52,27,25,17,7.36,1.81
APT-T1,airport_terminal,2026-05-13 07:00:00,59,58,1,33,3.34,1.1
APT-T1,airport_terminal,2026-05-13 08:00:00,46,45,1,49,4.74,1.05
APT-T1,airport_terminal,2026-05-13 09:00:00,50,49,1,51,3.44,1.0
APT-T1,airport_terminal,2026-05-13 10:00:00,25,24,1,46,2.57,1.0
APT-T1,airport_terminal,2026-05-13 11:00:00,21,20,1,66,2.95,1.0
APT-T1,airport_terminal,2026-05-13 12:00:00,22,21,1,52,3.78,1.12
APT-T1,airport_terminal,2026-05-13 13:00:00,25,24,1,61,2.28,1.02
APT-T1,airport_terminal,2026-05-13 14:00:00,23,22,1,43,4.1,1.15
APT-T1,airport_terminal,2026-05-13 15:00:00,19,18,1,58,4.89,1.08
APT-T1,airport_terminal,2026-05-13 16:00:00,16,15,1,42,4.32,1.09
APT-T1,airport_terminal,2026-05-13 17:00:00,14,13,1,25,2.87,1.0
APT-T1,airport_terminal,2026-05-13 18:00:00,21,20,1,30,4.07,1.0
APT-T1,airport_terminal,2026-05-13 19:00:00,23,22,1,21,2.63,1.0
APT-T1,airport_terminal,2026-05-13 20:00:00,24,23,1,23,2.67,1.09
APT-T1,airport_terminal,2026-05-13 21:00:00,43,13,30,9,8.73,2.01
APT-T1,airport_terminal,2026-05-13 22:00:00,95,29,66,18,9.95,2.11
APT-T1,airport_terminal,2026-05-13 23:00:00,89,29,60,15,9.25,1.95
APT-T1,airport_terminal,2026-05-14 00:00:00,89,29,60,14,9.65,2.15
APT-T1,airport_terminal,2026-05-14 01:00:00,89,22,67,11,11.12,2.21
APT-T1,airport_terminal,2026-05-14 02:00:00,72,23,49,12,9.45,2.01
APT-T1,airport_terminal,2026-05-14 03:00:00,48,25,23,17,7.65,1.78
APT-T1,airport_terminal,2026-05-14 04:00:00,26,18,8,10,6.16,1.49
APT-T1,airport_terminal,2026-05-14 05:00:00,37,29,8,15,5.19,1.39
APT-T1,airport_terminal,2026-05-14 06:00:00,39,38,1,20,3.97,1.08
APT-T1,airport_terminal,2026-05-14 07:00:00,45,44,1,32,2.99,1.07
APT-T1,airport_terminal,2026-05-14 08:00:00,53,52,1,39,3.09,1.0
APT-T1,airport_terminal,2026-05-14 09:00:00,43,42,1,25,3.76,1.0
APT-T1,airport_terminal,2026-05-14 10:00:00,24,23,1,53,2.22,1.05
APT-T1,airport_terminal,2026-05-14 11:00:00,18,17,1,60,3.66,1.0
APT-T1,airport_terminal,2026-05-14 12:00:00,21,20,1,73,4.48,1.04
APT-T1,airport_terminal,2026-05-14 13:00:00,24,23,1,58,3.39,1.0
APT-T1,airport_terminal,2026-05-14 14:00:00,26,25,1,40,3.16,1.0
APT-T1,airport_terminal,2026-05-14 15:00:00,19,18,1,58,3.4,1.02
APT-T1,airport_terminal,2026-05-14 16:00:00,15,14,1,33,5.37,1.03
APT-T1,airport_terminal,2026-05-14 17:00:00,24,23,1,30,3.82,1.07
APT-T1,airport_terminal,2026-05-14 18:00:00,14,13,1,18,4.05,1.0
APT-T1,airport_terminal,2026-05-14 19:00:00,24,23,1,13,4.76,1.12
APT-T1,airport_terminal,2026-05-14 20:00:00,31,30,1,18,3.58,1.0
APT-T1,airport_terminal,2026-05-14 21:00:00,70,25,45,13,8.39,2.07
APT-T1,airport_terminal,2026-05-14 22:00:00,88,22,66,12,11.38,2.2
APT-T1,airport_terminal,2026-05-14 23:00:00,93,23,70,10,11.03,2.22
APT-T1,airport_terminal,2026-05-15 00:00:00,80,23,57,15,9.77,2.1
APT-T1,airport_terminal,2026-05-15 01:00:00,114,28,86,13,11.05,2.14
APT-T1,airport_terminal,2026-05-15 02:00:00,106,28,78,16,10.77,2.21
APT-T1,airport_terminal,2026-05-15 03:00:00,59,21,38,11,9.48,2.04
APT-T1,airport_terminal,2026-05-15 04:00:00,44,31,13,15,4.57,1.51
APT-T1,airport_terminal,2026-05-15 05:00:00,45,26,19,17,6.03,1.76
APT-T1,airport_terminal,2026-05-15 06:00:00,71,42,29,28,7.25,1.72
APT-T1,airport_terminal,2026-05-15 07:00:00,61,45,16,23,5.46,1.42
APT-T1,airport_terminal,2026-05-15 08:00:00,66,64,2,43,4.54,1.06
APT-T1,airport_terminal,2026-05-15 09:00:00,45,44,1,58,3.13,1.03
APT-T1,airport_terminal,2026-05-15 10:00:00,30,29,1,63,3.23,1.0
APT-T1,airport_terminal,2026-05-15 11:00:00,27,26,1,62,4.11,1.02
APT-T1,airport_terminal,2026-05-15 12:00:00,18,17,1,70,2.95,1.06
APT-T1,airport_terminal,2026-05-15 13:00:00,22,21,1,63,2.96,1.05
APT-T1,airport_terminal,2026-05-15 14:00:00,30,29,1,55,5.03,1.0
APT-T1,airport_terminal,2026-05-15 15:00:00,18,17,1,51,2.91,1.04
APT-T1,airport_terminal,2026-05-15 16:00:00,22,21,1,50,3.12,1.0
APT-T1,airport_terminal,2026-05-15 17:00:00,24,23,1,37,3.04,1.12
APT-T1,airport_terminal,2026-05-15 18:00:00,25,24,1,27,3.02,1.02
APT-T1,airport_terminal,2026-05-15 19:00:00,27,25,2,14,4.98,1.0
APT-T1,airport_terminal,2026-05-15 20:00:00,34,29,5,19,3.46,1.13
APT-T1,airport_terminal,2026-05-15 21:00:00,62,30,32,17,8.13,1.77
APT-T1,airport_terminal,2026-05-15 22:00:00,91,26,65,14,8.48,2.18
APT-T1,airport_terminal,2026-05-15 23:00:00,127,31,96,15,11.14,2.17
APT-T1,airport_terminal,2026-05-16 00:00:00,70,25,45,17,9.23,1.98
APT-T1,airport_terminal,2026-05-16 01:00:00,116,29,87,12,10.8,2.2
APT-T1,airport_terminal,2026-05-16 02:00:00,111,27,84,13,10.21,2.18
APT-T1,airport_terminal,2026-05-16 03:00:00,53,25,28,16,7.41,1.68
APT-T1,airport_terminal,2026-05-16 04:00:00,41,33,8,16,5.88,1.29
APT-T1,airport_terminal,2026-05-16 05:00:00,51,28,23,13,7.78,1.68
APT-T1,airport_terminal,2026-05-16 06:00:00,58,44,14,22,5.39,1.3
APT-T1,airport_terminal,2026-05-16 07:00:00,80,59,21,27,5.64,1.49
APT-T1,airport_terminal,2026-05-16 08:00:00,68,62,6,41,3.21,1.18
APT-T1,airport_terminal,2026-05-16 09:00:00,37,36,1,74,4.47,1.0
APT-T1,airport_terminal,2026-05-16 10:00:00,38,37,1,69,3.28,1.11
APT-T1,airport_terminal,2026-05-16 11:00:00,22,21,1,59,4.08,1.0
APT-T1,airport_terminal,2026-05-16 12:00:00,16,15,1,73,4.5,1.03
APT-T1,airport_terminal,2026-05-16 13:00:00,26,25,1,60,5.53,1.09
APT-T1,airport_terminal,2026-05-16 14:00:00,23,22,1,63,3.74,1.07
APT-T1,airport_terminal,2026-05-16 15:00:00,26,25,1,49,2.7,1.0
APT-T1,airport_terminal,2026-05-16 16:00:00,31,30,1,37,4.26,1.02
APT-T1,airport_terminal,2026-05-16 17:00:00,32,31,1,35,3.33,1.0
APT-T1,airport_terminal,2026-05-16 18:00:00,27,26,1,27,3.01,1.09
APT-T1,airport_terminal,2026-05-16 19:00:00,24,23,1,20,2.19,1.14
APT-T1,airport_terminal,2026-05-16 20:00:00,40,19,21,11,8.17,1.81
APT-T1,airport_terminal,2026-05-16 21:00:00,57,21,36,11,9.11,1.94
APT-T1,airport_terminal,2026-05-16 22:00:00,98,24,74,12,9.46,2.19
APT-T1,airport_terminal,2026-05-16 23:00:00,123,30,93,8,9.63,2.22
APT-T1,airport_terminal,2026-05-17 00:00:00,62,41,21,20,6.17,1.59
APT-T1,airport_terminal,2026-05-17 01:00:00,93,25,68,12,8.13,2.03
APT-T1,airport_terminal,2026-05-17 02:00:00,69,20,49,10,10.15,2.09
APT-T1,airport_terminal,2026-05-17 03:00:00,57,17,40,8,8.78,2.01
APT-T1,airport_terminal,2026-05-17 04:00:00,45,24,21,12,6.85,1.75
APT-T1,airport_terminal,2026-05-17 05:00:00,59,48,11,25,5.19,1.19
APT-T1,airport_terminal,2026-05-17 06:00:00,47,46,1,23,3.2,1.07
APT-T1,airport_terminal,2026-05-17 07:00:00,64,41,23,27,6.72,1.54
APT-T1,airport_terminal,2026-05-17 08:00:00,61,60,1,45,2.0,1.0
APT-T1,airport_terminal,2026-05-17 09:00:00,49,48,1,40,3.28,1.05
APT-T1,airport_terminal,2026-05-17 10:00:00,27,26,1,58,3.49,1.0
APT-T1,airport_terminal,2026-05-17 11:00:00,18,17,1,53,4.84,1.04
APT-T1,airport_terminal,2026-05-17 12:00:00,21,20,1,73,3.96,1.11
APT-T1,airport_terminal,2026-05-17 13:00:00,22,21,1,60,2.1,1.0
APT-T1,airport_terminal,2026-05-17 14:00:00,18,17,1,50,4.69,1.0
APT-T1,airport_terminal,2026-05-17 15:00:00,22,21,1,33,3.63,1.0
APT-T1,airport_terminal,2026-05-17 16:00:00,19,18,1,36,2.22,1.0
APT-T1,airport_terminal,2026-05-17 17:00:00,26,25,1,30,4.18,1.01
APT-T1,airport_terminal,2026-05-17 18:00:00,26,25,1,15,3.2,1.05
APT-T1,airport_terminal,2026-05-17 19:00:00,19,18,1,16,2.0,1.12
APT-T1,airport_terminal,2026-05-17 20:00:00,40,26,14,15,7.65,1.47
APT-T1,airport_terminal,2026-05-17 21:00:00,60,28,32,14,9.28,1.86
APT-T1,airport_terminal,2026-05-17 22:00:00,82,20,62,10,9.83,2.26
APT-T1,airport_terminal,2026-05-17 23:00:00,111,27,84,6,9.23,2.16
APT-T1,airport_terminal,2026-05-18 00:00:00,71,18,53,10,10.36,2.3
APT-T1,airport_terminal,2026-05-18 01:00:00,92,23,69,13,11.92,2.09
APT-T1,airport_terminal,2026-05-18 02:00:00,55,25,30,12,8.66,1.82
APT-T1,airport_terminal,2026-05-18 03:00:00,44,29,15,19,6.79,1.4
APT-T1,airport_terminal,2026-05-18 04:00:00,32,31,1,18,3.29,1.05
APT-T1,airport_terminal,2026-05-18 05:00:00,40,39,1,19,2.6,1.0
APT-T1,airport_terminal,2026-05-18 06:00:00,42,40,2,20,3.78,1.0
APT-T1,airport_terminal,2026-05-18 07:00:00,64,63,1,39,2.53,1.01
APT-T1,airport_terminal,2026-05-18 08:00:00,52,51,1,48,4.69,1.0
APT-T1,airport_terminal,2026-05-18 09:00:00,31,30,1,47,4.22,1.04
APT-T1,airport_terminal,2026-05-18 10:00:00,27,26,1,62,4.62,1.0
APT-T1,airport_terminal,2026-05-18 11:00:00,32,31,1,61,3.5,1.05
APT-T1,airport_terminal,2026-05-18 12:00:00,17,16,1,54,3.9,1.09
APT-T1,airport_terminal,2026-05-18 13:00:00,24,23,1,59,3.29,1.01
APT-T1,airport_terminal,2026-05-18 14:00:00,30,29,1,64,4.84,1.06
APT-T1,airport_terminal,2026-05-18 15:00:00,25,24,1,51,3.78,1.09
APT-T1,airport_terminal,2026-05-18 16:00:00,24,23,1,39,3.43,1.0
APT-T1,airport_terminal,2026-05-18 17:00:00,20,19,1,31,4.45,1.0
APT-T1,airport_terminal,2026-05-18 18:00:00,23,22,1,24,4.88,1.06
APT-T1,airport_terminal,2026-05-18 19:00:00,27,26,1,17,2.78,1.0
APT-T1,airport_terminal,2026-05-18 20:00:00,30,29,1,19,2.92,1.1
APT-T1,airport_terminal,2026-05-18 21:00:00,59,23,36,15,9.24,1.89
APT-T1,airport_terminal,2026-05-18 22:00:00,86,22,64,11,9.65,2.1
APT-T1,airport_terminal,2026-05-18 23:00:00,99,24,75,12,10.29,2.2
APT-T1,airport_terminal,2026-05-19 00:00:00,91,25,66,14,11.31,2.29
APT-T1,airport_terminal,2026-05-19 01:00:00,66,24,42,11,9.11,2.05
APT-T1,airport_terminal,2026-05-19 02:00:00,76,22,54,11,9.45,2.2
APT-T1,airport_terminal,2026-05-19 03:00:00,43,22,21,14,8.62,1.75
APT-T1,airport_terminal,2026-05-19 04:00:00,35,30,5,14,4.69,1.16
APT-T1,airport_terminal,2026-05-19 05:00:00,51,38,13,18,4.28,1.38
APT-T1,airport_terminal,2026-05-19 06:00:00,50,29,21,16,7.43,1.62
APT-T1,airport_terminal,2026-05-19 07:00:00,64,41,23,21,6.96,1.55
APT-T1,airport_terminal,2026-05-19 08:00:00,52,51,1,46,3.82,1.02
APT-T1,airport_terminal,2026-05-19 09:00:00,43,42,1,56,3.76,1.06
APT-T1,airport_terminal,2026-05-19 10:00:00,24,23,1,58,4.26,1.0
APT-T1,airport_terminal,2026-05-19 11:00:00,18,17,1,61,4.43,1.06
APT-T1,airport_terminal,2026-05-19 12:00:00,28,27,1,61,4.19,1.01
APT-T1,airport_terminal,2026-05-19 13:00:00,27,26,1,46,3.48,1.0
APT-T1,airport_terminal,2026-05-19 14:00:00,23,22,1,35,4.71,1.03
APT-T1,airport_terminal,2026-05-19 15:00:00,27,26,1,28,3.38,1.03
APT-T1,airport_terminal,2026-05-19 16:00:00,12,11,1,32,4.11,1.04
APT-T1,airport_terminal,2026-05-19 17:00:00,16,15,1,35,3.24,1.0
APT-T1,airport_terminal,2026-05-19 18:00:00,30,29,1,21,4.09,1.02
APT-T1,airport_terminal,2026-05-19 19:00:00,16,15,1,17,2.0,1.03
APT-T1,airport_terminal,2026-05-19 20:00:00,25,24,1,13,4.41,1.02
APT-T1,airport_terminal,2026-05-19 21:00:00,55,27,28,15,8.62,1.79
APT-T1,airport_terminal,2026-05-19 22:00:00,97,24,73,12,8.98,2.31
APT-T1,airport_terminal,2026-05-19 23:00:00,95,24,71,15,9.03,2.19
APT-T1,airport_terminal,2026-05-20 00:00:00,79,27,52,17,9.56,2.09
APT-T1,airport_terminal,2026-05-20 01:00:00,92,23,69,14,9.43,2.21
APT-T1,airport_terminal,2026-05-20 02:00:00,70,37,33,18,8.18,1.7
APT-T1,airport_terminal,2026-05-20 03:00:00,56,31,25,17,8.51,1.65
APT-T1,airport_terminal,2026-05-20 04:00:00,43,19,24,11,8.22,1.9
APT-T1,airport_terminal,2026-05-20 05:00:00,38,37,1,24,3.33,1.06
APT-T1,airport_terminal,2026-05-20 06:00:00,50,31,19,16,6.61,1.53
APT-T1,airport_terminal,2026-05-20 07:00:00,59,58,1,27,3.16,1.07
APT-T1,airport_terminal,2026-05-20 08:00:00,53,46,7,26,3.34,1.07
APT-T1,airport_terminal,2026-05-20 09:00:00,40,39,1,50,2.84,1.08
APT-T1,airport_terminal,2026-05-20 10:00:00,27,26,1,59,3.79,1.0
APT-T1,airport_terminal,2026-05-20 11:00:00,30,29,1,59,3.87,1.04
APT-T1,airport_terminal,2026-05-20 12:00:00,27,26,1,48,3.78,1.07
APT-T1,airport_terminal,2026-05-20 13:00:00,21,20,1,55,5.3,1.01
APT-T1,airport_terminal,2026-05-20 14:00:00,19,18,1,53,3.3,1.04
APT-T1,airport_terminal,2026-05-20 15:00:00,23,22,1,51,3.71,1.01
APT-T1,airport_terminal,2026-05-20 16:00:00,32,31,1,31,4.11,1.09
APT-T1,airport_terminal,2026-05-20 17:00:00,23,22,1,26,3.37,1.0
APT-T1,airport_terminal,2026-05-20 18:00:00,14,13,1,23,4.56,1.0
APT-T1,airport_terminal,2026-05-20 19:00:00,21,20,1,15,2.5,1.03
APT-T1,airport_terminal,2026-05-20 20:00:00,43,18,25,10,8.52,1.95
APT-T1,airport_terminal,2026-05-20 21:00:00,62,37,25,17,7.95,1.73
APT-T1,airport_terminal,2026-05-20 22:00:00,100,36,64,17,8.83,1.93
APT-T1,airport_terminal,2026-05-20 23:00:00,106,26,80,8,10.3,2.2
APT-T1,airport_terminal,2026-05-21 00:00:00,71,41,30,19,6.01,1.62
APT-T1,airport_terminal,2026-05-21 01:00:00,73,27,46,14,8.48,1.9
APT-T1,airport_terminal,2026-05-21 02:00:00,55,20,35,10,8.6,2.01
APT-T1,airport_terminal,2026-05-21 03:00:00,53,21,32,11,7.07,1.9
APT-T1,airport_terminal,2026-05-21 04:00:00,41,18,23,12,8.81,2.02
APT-T1,airport_terminal,2026-05-21 05:00:00,39,20,19,12,7.9,1.78
APT-T1,airport_terminal,2026-05-21 06:00:00,63,49,14,24,5.9,1.39
APT-T1,airport_terminal,2026-05-21 07:00:00,57,48,9,28,5.07,1.24
APT-T1,airport_terminal,2026-05-21 08:00:00,52,51,1,41,2.9,1.0
APT-T1,airport_terminal,2026-05-21 09:00:00,41,40,1,35,4.44,1.0
APT-T1,airport_terminal,2026-05-21 10:00:00,41,40,1,41,4.91,1.0
APT-T1,airport_terminal,2026-05-21 11:00:00,21,20,1,56,4.17,1.0
APT-T1,airport_terminal,2026-05-21 12:00:00,24,23,1,76,4.11,1.04
APT-T1,airport_terminal,2026-05-21 13:00:00,20,19,1,65,2.84,1.07
APT-T1,airport_terminal,2026-05-21 14:00:00,14,13,1,55,3.6,1.0
APT-T1,airport_terminal,2026-05-21 15:00:00,23,22,1,53,3.42,1.02
APT-T1,airport_terminal,2026-05-21 16:00:00,19,18,1,42,3.61,1.12
APT-T1,airport_terminal,2026-05-21 17:00:00,24,23,1,23,2.0,1.02
APT-T1,airport_terminal,2026-05-21 18:00:00,20,19,1,21,2.31,1.05
APT-T1,airport_terminal,2026-05-21 19:00:00,21,20,1,14,3.52,1.15
APT-T1,airport_terminal,2026-05-21 20:00:00,32,31,1,17,3.15,1.05
APT-T1,airport_terminal,2026-05-21 21:00:00,62,15,47,10,9.08,2.28
APT-T1,airport_terminal,2026-05-21 22:00:00,72,18,54,9,10.67,2.29
APT-T1,airport_terminal,2026-05-21 23:00:00,81,20,61,12,9.52,2.15
APT-T1,airport_terminal,2026-05-22 00:00:00,81,28,53,17,8.66,1.99
APT-T1,airport_terminal,2026-05-22 01:00:00,96,24,72,14,9.11,2.18
APT-T1,airport_terminal,2026-05-22 02:00:00,72,21,51,14,9.43,2.17
APT-T1,airport_terminal,2026-05-22 03:00:00,53,38,15,20,5.71,1.42
APT-T1,airport_terminal,2026-05-22 04:00:00,33,32,1,22,3.77,1.0
APT-T1,airport_terminal,2026-05-22 05:00:00,48,30,18,20,6.14,1.53
APT-T1,airport_terminal,2026-05-22 06:00:00,58,46,12,25,6.62,1.25
APT-T1,airport_terminal,2026-05-22 07:00:00,68,66,2,35,2.65,1.03
APT-T1,airport_terminal,2026-05-22 08:00:00,64,63,1,45,4.26,1.04
APT-T1,airport_terminal,2026-05-22 09:00:00,39,38,1,44,3.45,1.03
APT-T1,airport_terminal,2026-05-22 10:00:00,36,35,1,61,3.83,1.11
APT-T1,airport_terminal,2026-05-22 11:00:00,31,30,1,59,2.57,1.02
APT-T1,airport_terminal,2026-05-22 12:00:00,27,26,1,66,3.23,1.04
APT-T1,airport_terminal,2026-05-22 13:00:00,24,23,1,76,3.93,1.03
APT-T1,airport_terminal,2026-05-22 14:00:00,24,23,1,60,2.71,1.0
APT-T1,airport_terminal,2026-05-22 15:00:00,26,25,1,60,2.35,1.0
APT-T1,airport_terminal,2026-05-22 16:00:00,25,24,1,37,3.54,1.07
APT-T1,airport_terminal,2026-05-22 17:00:00,21,20,1,37,3.85,1.04
APT-T1,airport_terminal,2026-05-22 18:00:00,13,12,1,12,2.63,1.0
APT-T1,airport_terminal,2026-05-22 19:00:00,30,29,1,18,2.23,1.08
APT-T1,airport_terminal,2026-05-22 20:00:00,39,38,1,20,3.44,1.0
APT-T1,airport_terminal,2026-05-22 21:00:00,83,37,46,20,8.82,1.97
APT-T1,airport_terminal,2026-05-22 22:00:00,99,37,62,20,9.06,2.04
APT-T1,airport_terminal,2026-05-22 23:00:00,126,31,95,9,9.62,2.09
APT-T1,airport_terminal,2026-05-23 00:00:00,89,36,53,17,8.39,1.86
APT-T1,airport_terminal,2026-05-23 01:00:00,104,26,78,11,10.14,2.16
APT-T1,airport_terminal,2026-05-23 02:00:00,86,23,63,13,9.31,2.21
APT-T1,airport_terminal,2026-05-23 03:00:00,53,25,28,15,8.04,1.83
APT-T1,airport_terminal,2026-05-23 04:00:00,32,30,2,16,3.96,1.01
APT-T1,airport_terminal,2026-05-23 05:00:00,50,25,25,16,7.91,1.71
APT-T1,airport_terminal,2026-05-23 06:00:00,66,56,10,29,4.18,1.25
APT-T1,airport_terminal,2026-05-23 07:00:00,57,56,1,33,2.8,1.0
APT-T1,airport_terminal,2026-05-23 08:00:00,72,70,2,54,4.14,1.09
APT-T1,airport_terminal,2026-05-23 09:00:00,57,56,1,61,2.16,1.15
APT-T1,airport_terminal,2026-05-23 10:00:00,35,34,1,65,3.51,1.03
APT-T1,airport_terminal,2026-05-23 11:00:00,31,30,1,53,3.32,1.09
APT-T1,airport_terminal,2026-05-23 12:00:00,25,24,1,57,3.83,1.05
APT-T1,airport_terminal,2026-05-23 13:00:00,30,29,1,86,3.15,1.05
APT-T1,airport_terminal,2026-05-23 14:00:00,21,20,1,45,3.78,1.07
APT-T1,airport_terminal,2026-05-23 15:00:00,30,29,1,57,3.95,1.0
APT-T1,airport_terminal,2026-05-23 16:00:00,33,32,1,40,3.72,1.03
APT-T1,airport_terminal,2026-05-23 17:00:00,29,28,1,21,4.04,1.08
APT-T1,airport_terminal,2026-05-23 18:00:00,22,21,1,27,4.02,1.05
APT-T1,airport_terminal,2026-05-23 19:00:00,24,23,1,14,4.23,1.04
APT-T1,airport_terminal,2026-05-23 20:00:00,41,40,1,30,4.44,1.09
APT-T1,airport_terminal,2026-05-23 21:00:00,62,19,43,12,8.77,2.12
APT-T1,airport_terminal,2026-05-23 22:00:00,103,25,78,12,11.36,2.22
APT-T1,airport_terminal,2026-05-23 23:00:00,132,34,98,20,8.92,2.21
APT-T1,airport_terminal,2026-05-24 00:00:00,58,16,42,10,11.47,2.16
APT-T1,airport_terminal,2026-05-24 01:00:00,75,35,40,18,8.1,1.89
APT-T1,airport_terminal,2026-05-24 02:00:00,83,57,26,30,5.66,1.48
APT-T1,airport_terminal,2026-05-24 03:00:00,44,22,22,12,6.85,1.86
APT-T1,airport_terminal,2026-05-24 04:00:00,41,35,6,17,5.9,1.23
APT-T1,airport_terminal,2026-05-24 05:00:00,47,30,17,15,7.33,1.62
APT-T1,airport_terminal,2026-05-24 06:00:00,47,44,3,22,4.72,1.1
APT-T1,airport_terminal,2026-05-24 07:00:00,60,50,10,27,5.43,1.19
APT-T1,airport_terminal,2026-05-24 08:00:00,59,58,1,37,2.38,1.02
APT-T1,airport_terminal,2026-05-24 09:00:00,40,39,1,43,3.61,1.0
APT-T1,airport_terminal,2026-05-24 10:00:00,33,32,1,63,3.14,1.0
APT-T1,airport_terminal,2026-05-24 11:00:00,27,26,1,62,3.81,1.07
APT-T1,airport_terminal,2026-05-24 12:00:00,19,18,1,65,4.82,1.0
APT-T1,airport_terminal,2026-05-24 13:00:00,18,17,1,48,4.07,1.0
APT-T1,airport_terminal,2026-05-24 14:00:00,23,22,1,49,3.87,1.0
APT-T1,airport_terminal,2026-05-24 15:00:00,25,24,1,35,4.83,1.04
APT-T1,airport_terminal,2026-05-24 16:00:00,16,15,1,31,2.85,1.12
APT-T1,airport_terminal,2026-05-24 17:00:00,26,25,1,20,3.44,1.0
APT-T1,airport_terminal,2026-05-24 18:00:00,25,24,1,16,4.07,1.11
APT-T1,airport_terminal,2026-05-24 19:00:00,25,24,1,20,3.68,1.0
APT-T1,airport_terminal,2026-05-24 20:00:00,29,22,7,15,5.2,1.33
APT-T1,airport_terminal,2026-05-24 21:00:00,60,17,43,11,8.38,2.11
APT-T1,airport_terminal,2026-05-24 22:00:00,86,25,61,13,9.72,2.09
APT-T1,airport_terminal,2026-05-24 23:00:00,105,26,79,8,9.93,2.23
APT-T1,airport_terminal,2026-05-25 00:00:00,70,17,53,7,10.65,2.15
APT-T1,airport_terminal,2026-05-25 01:00:00,81,31,50,18,8.66,2.06
APT-T1,airport_terminal,2026-05-25 02:00:00,77,36,41,21,7.79,1.81
APT-T1,airport_terminal,2026-05-25 03:00:00,51,26,25,15,7.55,1.74
APT-T1,airport_terminal,2026-05-25 04:00:00,31,30,1,19,4.05,1.09
APT-T1,airport_terminal,2026-05-25 05:00:00,33,31,2,16,5.58,1.2
APT-T1,airport_terminal,2026-05-25 06:00:00,57,45,12,21,6.74,1.27
APT-T1,airport_terminal,2026-05-25 07:00:00,54,37,17,23,5.15,1.46
APT-T1,airport_terminal,2026-05-25 08:00:00,44,43,1,48,3.48,1.1
APT-T1,airport_terminal,2026-05-25 09:00:00,46,45,1,40,3.62,1.0
APT-T1,airport_terminal,2026-05-25 10:00:00,23,22,1,42,2.93,1.01
APT-T1,airport_terminal,2026-05-25 11:00:00,23,22,1,53,4.68,1.0
APT-T1,airport_terminal,2026-05-25 12:00:00,25,24,1,72,2.7,1.0
APT-T1,airport_terminal,2026-05-25 13:00:00,18,17,1,59,3.12,1.01
APT-T1,airport_terminal,2026-05-25 14:00:00,19,18,1,52,4.72,1.06
APT-T1,airport_terminal,2026-05-25 15:00:00,38,37,1,37,2.91,1.05
APT-T1,airport_terminal,2026-05-25 16:00:00,20,19,1,37,2.43,1.08
APT-T1,airport_terminal,2026-05-25 17:00:00,21,20,1,33,2.91,1.05
APT-T1,airport_terminal,2026-05-25 18:00:00,17,16,1,28,2.93,1.03
APT-T1,airport_terminal,2026-05-25 19:00:00,27,26,1,14,2.93,1.0
APT-T1,airport_terminal,2026-05-25 20:00:00,38,28,10,18,5.79,1.45
APT-T1,airport_terminal,2026-05-25 21:00:00,56,23,33,14,9.37,1.99
APT-T1,airport_terminal,2026-05-25 22:00:00,100,31,69,15,10.05,2.08
APT-T1,airport_terminal,2026-05-25 23:00:00,117,29,88,14,11.31,2.25
APT-T1,airport_terminal,2026-05-26 00:00:00,65,16,49,6,9.86,2.24
APT-T1,airport_terminal,2026-05-26 01:00:00,81,20,61,12,9.82,2.31
APT-T1,airport_terminal,2026-05-26 02:00:00,70,17,53,7,10.23,2.13
APT-T1,airport_terminal,2026-05-26 03:00:00,53,41,12,19,5.4,1.29
APT-T1,airport_terminal,2026-05-26 04:00:00,42,33,9,17,5.23,1.29
APT-T1,airport_terminal,2026-05-26 05:00:00,45,28,17,15,6.76,1.62
APT-T1,airport_terminal,2026-05-26 06:00:00,50,30,20,19,7.61,1.74
APT-T1,airport_terminal,2026-05-26 07:00:00,55,54,1,31,2.33,1.06
APT-T1,airport_terminal,2026-05-26 08:00:00,58,57,1,37,3.65,1.09
APT-T1,airport_terminal,2026-05-26 09:00:00,44,43,1,38,3.55,1.08
APT-T1,airport_terminal,2026-05-26 10:00:00,33,32,1,56,3.11,1.15
APT-T1,airport_terminal,2026-05-26 11:00:00,19,18,1,50,3.35,1.0
APT-T1,airport_terminal,2026-05-26 12:00:00,19,18,1,58,3.04,1.05
APT-T1,airport_terminal,2026-05-26 13:00:00,18,17,1,56,3.46,1.04
APT-T1,airport_terminal,2026-05-26 14:00:00,27,26,1,56,2.96,1.03
APT-T1,airport_terminal,2026-05-26 15:00:00,15,14,1,49,3.47,1.07
APT-T1,airport_terminal,2026-05-26 16:00:00,23,22,1,43,5.24,1.06
APT-T1,airport_terminal,2026-05-26 17:00:00,26,25,1,29,4.48,1.15
APT-T1,airport_terminal,2026-05-26 18:00:00,30,29,1,35,3.86,1.0
APT-T1,airport_terminal,2026-05-26 19:00:00,10,9,1,16,2.64,1.01
APT-T1,airport_terminal,2026-05-26 20:00:00,41,30,11,18,6.31,1.34
APT-T1,airport_terminal,2026-05-26 21:00:00,40,31,9,15,5.13,1.4
APT-T1,airport_terminal,2026-05-26 22:00:00,87,28,59,13,9.45,2.1
APT-T1,airport_terminal,2026-05-26 23:00:00,93,23,70,10,10.55,2.31
APT-T1,airport_terminal,2026-05-27 00:00:00,78,25,53,13,8.96,2.17
APT-T1,airport_terminal,2026-05-27 01:00:00,74,18,56,10,10.93,2.2
APT-T1,airport_terminal,2026-05-27 02:00:00,78,20,58,11,11.4,2.18
APT-T1,airport_terminal,2026-05-27 03:00:00,50,24,26,15,7.32,1.82
APT-T1,airport_terminal,2026-05-27 04:00:00,51,24,27,13,9.86,1.85
APT-T1,airport_terminal,2026-05-27 05:00:00,52,23,29,13,8.56,1.84
APT-T1,airport_terminal,2026-05-27 06:00:00,43,33,10,22,4.12,1.4
APT-T1,airport_terminal,2026-05-27 07:00:00,62,39,23,26,7.48,1.49
APT-T1,airport_terminal,2026-05-27 08:00:00,64,59,5,32,3.94,1.09
APT-T1,airport_terminal,2026-05-27 09:00:00,32,31,1,49,4.96,1.02
APT-T1,airport_terminal,2026-05-27 10:00:00,34,33,1,57,3.59,1.03
APT-T1,airport_terminal,2026-05-27 11:00:00,20,19,1,61,4.03,1.02
APT-T1,airport_terminal,2026-05-27 12:00:00,20,19,1,49,2.9,1.05
APT-T1,airport_terminal,2026-05-27 13:00:00,20,19,1,59,2.65,1.0
APT-T1,airport_terminal,2026-05-27 14:00:00,28,27,1,50,3.56,1.02
APT-T1,airport_terminal,2026-05-27 15:00:00,20,19,1,32,3.74,1.04
APT-T1,airport_terminal,2026-05-27 16:00:00,17,16,1,42,3.71,1.0
APT-T1,airport_terminal,2026-05-27 17:00:00,15,14,1,25,3.45,1.0
APT-T1,airport_terminal,2026-05-27 18:00:00,18,17,1,14,2.16,1.06
APT-T1,airport_terminal,2026-05-27 19:00:00,32,31,1,17,3.34,1.02
APT-T1,airport_terminal,2026-05-27 20:00:00,30,22,8,14,5.94,1.39
APT-T1,airport_terminal,2026-05-27 21:00:00,69,26,43,14,9.84,1.98
APT-T1,airport_terminal,2026-05-27 22:00:00,90,25,65,13,9.74,2.12
APT-T1,airport_terminal,2026-05-27 23:00:00,115,28,87,14,10.96,2.16
APT-T1,airport_terminal,2026-05-28 00:00:00,60,31,29,15,6.64,1.79
APT-T1,airport_terminal,2026-05-28 01:00:00,89,35,54,19,7.13,1.92
APT-T1,airport_terminal,2026-05-28 02:00:00,69,31,38,17,7.79,1.81
APT-T1,airport_terminal,2026-05-28 03:00:00,39,17,22,8,8.61,1.79
APT-T1,airport_terminal,2026-05-28 04:00:00,51,25,26,12,8.3,1.78
APT-T1,airport_terminal,2026-05-28 05:00:00,48,25,23,14,7.71,1.78
APT-T1,airport_terminal,2026-05-28 06:00:00,66,50,16,25,6.1,1.33
APT-T1,airport_terminal,2026-05-28 07:00:00,68,35,33,23,7.05,1.73
APT-T1,airport_terminal,2026-05-28 08:00:00,49,48,1,35,5.32,1.0
APT-T1,airport_terminal,2026-05-28 09:00:00,48,47,1,51,3.38,1.09
APT-T1,airport_terminal,2026-05-28 10:00:00,30,29,1,49,4.52,1.0
APT-T1,airport_terminal,2026-05-28 11:00:00,21,20,1,66,2.01,1.06
APT-T1,airport_terminal,2026-05-28 12:00:00,17,16,1,59,2.41,1.0
APT-T1,airport_terminal,2026-05-28 13:00:00,23,22,1,64,3.35,1.06
APT-T1,airport_terminal,2026-05-28 14:00:00,22,21,1,59,3.37,1.07
APT-T1,airport_terminal,2026-05-28 15:00:00,22,21,1,39,3.35,1.14
APT-T1,airport_terminal,2026-05-28 16:00:00,16,15,1,33,3.33,1.14
APT-T1,airport_terminal,2026-05-28 17:00:00,26,25,1,23,3.93,1.0
APT-T1,airport_terminal,2026-05-28 18:00:00,18,17,1,27,3.88,1.0
APT-T1,airport_terminal,2026-05-28 19:00:00,21,20,1,20,4.48,1.0
APT-T1,airport_terminal,2026-05-28 20:00:00,36,18,18,9,6.85,1.76
APT-T1,airport_terminal,2026-05-28 21:00:00,62,25,37,13,9.34,2.1
APT-T1,airport_terminal,2026-05-28 22:00:00,100,25,75,9,9.62,2.24
APT-T1,airport_terminal,2026-05-28 23:00:00,108,27,81,8,9.76,2.2
APT-T1,airport_terminal,2026-05-29 00:00:00,98,24,74,12,8.77,2.1
APT-T1,airport_terminal,2026-05-29 01:00:00,106,26,80,9,10.44,2.1
APT-T1,airport_terminal,2026-05-29 02:00:00,89,36,53,19,7.46,1.87
APT-T1,airport_terminal,2026-05-29 03:00:00,56,27,29,18,7.62,1.78
APT-T1,airport_terminal,2026-05-29 04:00:00,36,19,17,10,8.83,1.72
APT-T1,airport_terminal,2026-05-29 05:00:00,50,44,6,28,5.8,1.15
APT-T1,airport_terminal,2026-05-29 06:00:00,74,43,31,23,5.81,1.63
APT-T1,airport_terminal,2026-05-29 07:00:00,70,57,13,28,4.62,1.29
APT-T1,airport_terminal,2026-05-29 08:00:00,61,60,1,40,4.92,1.02
APT-T1,airport_terminal,2026-05-29 09:00:00,33,32,1,58,4.15,1.0
APT-T1,airport_terminal,2026-05-29 10:00:00,40,39,1,58,2.58,1.02
APT-T1,airport_terminal,2026-05-29 11:00:00,29,28,1,75,2.99,1.12
APT-T1,airport_terminal,2026-05-29 12:00:00,20,19,1,81,4.05,1.04
APT-T1,airport_terminal,2026-05-29 13:00:00,22,21,1,72,3.48,1.0
APT-T1,airport_terminal,2026-05-29 14:00:00,32,31,1,52,3.19,1.0
APT-T1,airport_terminal,2026-05-29 15:00:00,23,22,1,49,3.48,1.06
APT-T1,airport_terminal,2026-05-29 16:00:00,17,16,1,22,2.68,1.0
APT-T1,airport_terminal,2026-05-29 17:00:00,24,23,1,25,3.37,1.1
APT-T1,airport_terminal,2026-05-29 18:00:00,20,19,1,25,3.11,1.0
APT-T1,airport_terminal,2026-05-29 19:00:00,23,22,1,17,3.86,1.03
APT-T1,airport_terminal,2026-05-29 20:00:00,40,39,1,20,2.0,1.02
APT-T1,airport_terminal,2026-05-29 21:00:00,79,25,54,15,10.2,2.14
APT-T1,airport_terminal,2026-05-29 22:00:00,107,26,81,12,11.45,2.16
APT-T1,airport_terminal,2026-05-29 23:00:00,125,31,94,13,10.22,2.16
APT-T1,airport_terminal,2026-05-30 00:00:00,74,33,41,21,7.58,1.89
APT-T1,airport_terminal,2026-05-30 01:00:00,132,33,99,18,10.59,2.19
APT-T1,airport_terminal,2026-05-30 02:00:00,110,30,80,14,10.88,2.1
APT-T1,airport_terminal,2026-05-30 03:00:00,55,38,17,19,5.94,1.4
APT-T1,airport_terminal,2026-05-30 04:00:00,40,28,12,17,6.39,1.46
APT-T1,airport_terminal,2026-05-30 05:00:00,40,28,12,13,5.66,1.5
APT-T1,airport_terminal,2026-05-30 06:00:00,65,38,27,20,6.13,1.65
APT-T1,airport_terminal,2026-05-30 07:00:00,70,63,7,31,3.24,1.14
APT-T1,airport_terminal,2026-05-30 08:00:00,58,57,1,37,2.55,1.02
APT-T1,airport_terminal,2026-05-30 09:00:00,38,37,1,46,3.62,1.0
APT-T1,airport_terminal,2026-05-30 10:00:00,34,33,1,62,3.0,1.0
APT-T1,airport_terminal,2026-05-30 11:00:00,23,22,1,71,3.15,1.0
APT-T1,airport_terminal,2026-05-30 12:00:00,38,37,1,70,2.0,1.0
APT-T1,airport_terminal,2026-05-30 13:00:00,20,19,1,63,3.33,1.07
APT-T1,airport_terminal,2026-05-30 14:00:00,21,20,1,55,3.83,1.05
APT-T1,airport_terminal,2026-05-30 15:00:00,35,34,1,46,3.2,1.14
APT-T1,airport_terminal,2026-05-30 16:00:00,25,24,1,41,4.76,1.0
APT-T1,airport_terminal,2026-05-30 17:00:00,22,21,1,44,4.0,1.05
APT-T1,airport_terminal,2026-05-30 18:00:00,14,13,1,21,4.12,1.0
APT-T1,airport_terminal,2026-05-30 19:00:00,28,27,1,26,4.02,1.04
APT-T1,airport_terminal,2026-05-30 20:00:00,38,33,5,21,4.41,1.34
APT-T1,airport_terminal,2026-05-30 21:00:00,65,19,46,12,8.77,1.97
APT-T1,airport_terminal,2026-05-30 22:00:00,93,27,66,14,9.69,2.15
APT-T1,airport_terminal,2026-05-30 23:00:00,130,32,98,12,10.95,2.16
APT-T1,airport_terminal,2026-05-31 00:00:00,77,19,58,9,10.12,2.16
APT-T1,airport_terminal,2026-05-31 01:00:00,91,22,69,6,9.96,2.24
APT-T1,airport_terminal,2026-05-31 02:00:00,78,27,51,18,7.51,2.1
APT-T1,airport_terminal,2026-05-31 03:00:00,40,22,18,13,8.2,1.68
APT-T1,airport_terminal,2026-05-31 04:00:00,26,22,4,13,5.35,1.33
APT-T1,airport_terminal,2026-05-31 05:00:00,44,43,1,25,4.34,1.0
APT-T1,airport_terminal,2026-05-31 06:00:00,48,47,1,28,3.94,1.05
APT-T1,airport_terminal,2026-05-31 07:00:00,56,55,1,33,3.2,1.05
APT-T1,airport_terminal,2026-05-31 08:00:00,51,50,1,45,3.53,1.1
APT-T1,airport_terminal,2026-05-31 09:00:00,37,36,1,51,3.0,1.14
APT-T1,airport_terminal,2026-05-31 10:00:00,41,40,1,71,4.01,1.0
APT-T1,airport_terminal,2026-05-31 11:00:00,19,18,1,55,4.31,1.0
APT-T1,airport_terminal,2026-05-31 12:00:00,22,21,1,66,4.98,1.0
APT-T1,airport_terminal,2026-05-31 13:00:00,23,22,1,66,3.99,1.11
APT-T1,airport_terminal,2026-05-31 14:00:00,22,21,1,52,3.56,1.13
APT-T1,airport_terminal,2026-05-31 15:00:00,23,22,1,41,2.26,1.01
APT-T1,airport_terminal,2026-05-31 16:00:00,24,23,1,39,3.15,1.0
APT-T1,airport_terminal,2026-05-31 17:00:00,19,18,1,32,3.5,1.05
APT-T1,airport_terminal,2026-05-31 18:00:00,23,22,1,18,3.52,1.05
APT-T1,airport_terminal,2026-05-31 19:00:00,17,16,1,21,3.15,1.06
APT-T1,airport_terminal,2026-05-31 20:00:00,34,12,22,7,9.77,1.97
APT-T1,airport_terminal,2026-05-31 21:00:00,61,25,36,12,8.77,1.94
APT-T1,airport_terminal,2026-05-31 22:00:00,67,25,42,12,10.41,1.97
APT-T1,airport_terminal,2026-05-31 23:00:00,88,22,66,10,10.02,2.15
APT-T1,airport_terminal,2026-06-01 00:00:00,66,16,50,6,9.33,2.24
APT-T1,airport_terminal,2026-06-01 01:00:00,99,24,75,8,9.47,2.34
APT-T1,airport_terminal,2026-06-01 02:00:00,59,34,25,16,7.44,1.62
APT-T1,airport_terminal,2026-06-01 03:00:00,65,23,42,13,9.66,2.04
APT-T1,airport_terminal,2026-06-01 04:00:00,35,12,23,8,9.26,1.99
APT-T1,airport_terminal,2026-06-01 05:00:00,43,33,10,20,4.66,1.38
APT-T1,airport_terminal,2026-06-01 06:00:00,50,41,9,23,6.12,1.36
APT-T1,airport_terminal,2026-06-01 07:00:00,51,46,5,26,4.78,1.19
APT-T1,airport_terminal,2026-06-01 08:00:00,54,53,1,38,3.42,1.0
APT-T1,airport_terminal,2026-06-01 09:00:00,38,37,1,48,4.45,1.05
APT-T1,airport_terminal,2026-06-01 10:00:00,28,27,1,47,2.95,1.0
APT-T1,airport_terminal,2026-06-01 11:00:00,24,23,1,58,4.24,1.0
APT-T1,airport_terminal,2026-06-01 12:00:00,29,28,1,70,2.84,1.0
APT-T1,airport_terminal,2026-06-01 13:00:00,20,19,1,58,2.34,1.03
APT-T1,airport_terminal,2026-06-01 14:00:00,23,22,1,55,4.41,1.03
APT-T1,airport_terminal,2026-06-01 15:00:00,25,24,1,46,3.89,1.04
APT-T1,airport_terminal,2026-06-01 16:00:00,18,17,1,32,4.15,1.04
APT-T1,airport_terminal,2026-06-01 17:00:00,21,20,1,37,2.36,1.02
APT-T1,airport_terminal,2026-06-01 18:00:00,20,19,1,20,3.37,1.0
APT-T1,airport_terminal,2026-06-01 19:00:00,14,13,1,20,2.59,1.06
APT-T1,airport_terminal,2026-06-01 20:00:00,33,26,7,17,5.19,1.44
APT-T1,airport_terminal,2026-06-01 21:00:00,66,16,50,7,9.75,2.18
APT-T1,airport_terminal,2026-06-01 22:00:00,83,20,63,11,10.15,2.23
APT-T1,airport_terminal,2026-06-01 23:00:00,121,30,91,13,9.86,2.26
APT-T1,airport_terminal,2026-06-02 00:00:00,70,17,53,6,8.2,2.23
APT-T1,airport_terminal,2026-06-02 01:00:00,79,22,57,14,10.17,2.17
APT-T1,airport_terminal,2026-06-02 02:00:00,68,17,51,10,10.98,2.17
APT-T1,airport_terminal,2026-06-02 03:00:00,55,22,33,15,8.08,1.97
APT-T1,airport_terminal,2026-06-02 04:00:00,43,33,10,18,5.35,1.39
APT-T1,airport_terminal,2026-06-02 05:00:00,51,29,22,18,7.23,1.63
APT-T1,airport_terminal,2026-06-02 06:00:00,54,24,30,16,7.88,1.85
APT-T1,airport_terminal,2026-06-02 07:00:00,64,49,15,23,5.44,1.33
APT-T1,airport_terminal,2026-06-02 08:00:00,56,48,8,32,4.39,1.2
APT-T1,airport_terminal,2026-06-02 09:00:00,43,42,1,36,3.41,1.0
APT-T1,airport_terminal,2026-06-02 10:00:00,30,29,1,39,2.37,1.05
APT-T1,airport_terminal,2026-06-02 11:00:00,18,17,1,48,2.64,1.09
APT-T1,airport_terminal,2026-06-02 12:00:00,19,18,1,53,3.82,1.16
APT-T1,airport_terminal,2026-06-02 13:00:00,20,19,1,46,3.31,1.0
APT-T1,airport_terminal,2026-06-02 14:00:00,17,16,1,52,3.52,1.01
APT-T1,airport_terminal,2026-06-02 15:00:00,14,13,1,32,2.6,1.0
APT-T1,airport_terminal,2026-06-02 16:00:00,20,19,1,38,3.69,1.05
APT-T1,airport_terminal,2026-06-02 17:00:00,20,19,1,32,2.89,1.08
APT-T1,airport_terminal,2026-06-02 18:00:00,15,14,1,19,2.2,1.02
APT-T1,airport_terminal,2026-06-02 19:00:00,28,27,1,22,2.66,1.02
APT-T1,airport_terminal,2026-06-02 20:00:00,39,17,22,9,8.09,1.9
APT-T1,airport_terminal,2026-06-02 21:00:00,50,12,38,8,10.08,2.15
APT-T1,airport_terminal,2026-06-02 22:00:00,80,28,52,17,9.96,2.0
APT-T1,airport_terminal,2026-06-02 23:00:00,87,21,66,10,10.88,2.15
APT-T1,airport_terminal,2026-06-03 00:00:00,76,20,56,10,9.31,2.16
APT-T1,airport_terminal,2026-06-03 01:00:00,93,23,70,11,9.34,2.22
APT-T1,airport_terminal,2026-06-03 02:00:00,63,19,44,12,10.89,2.08
APT-T1,airport_terminal,2026-06-03 03:00:00,44,32,12,16,6.66,1.39
APT-T1,airport_terminal,2026-06-03 04:00:00,42,25,17,12,7.56,1.65
APT-T1,airport_terminal,2026-06-03 05:00:00,51,30,21,17,7.44,1.64
APT-T1,airport_terminal,2026-06-03 06:00:00,48,33,15,18,5.43,1.41
APT-T1,airport_terminal,2026-06-03 07:00:00,55,54,1,35,4.12,1.09
APT-T1,airport_terminal,2026-06-03 08:00:00,50,49,1,38,4.44,1.0
APT-T1,airport_terminal,2026-06-03 09:00:00,35,34,1,37,3.62,1.05
APT-T1,airport_terminal,2026-06-03 10:00:00,19,18,1,49,3.33,1.0
APT-T1,airport_terminal,2026-06-03 11:00:00,27,26,1,58,3.74,1.0
APT-T1,airport_terminal,2026-06-03 12:00:00,18,17,1,57,3.59,1.07
APT-T1,airport_terminal,2026-06-03 13:00:00,21,20,1,53,4.44,1.0
APT-T1,airport_terminal,2026-06-03 14:00:00,19,18,1,55,4.33,1.03
APT-T1,airport_terminal,2026-06-03 15:00:00,23,22,1,51,3.19,1.04
APT-T1,airport_terminal,2026-06-03 16:00:00,22,21,1,31,3.77,1.06
APT-T1,airport_terminal,2026-06-03 17:00:00,27,26,1,36,3.76,1.0
APT-T1,airport_terminal,2026-06-03 18:00:00,17,16,1,19,3.82,1.02
APT-T1,airport_terminal,2026-06-03 19:00:00,18,17,1,24,3.76,1.02
APT-T1,airport_terminal,2026-06-03 20:00:00,29,23,6,13,6.25,1.33
APT-T1,airport_terminal,2026-06-03 21:00:00,53,23,30,11,8.58,1.88
APT-T1,airport_terminal,2026-06-03 22:00:00,75,19,56,12,10.66,2.21
APT-T1,airport_terminal,2026-06-03 23:00:00,93,23,70,7,10.22,2.2
APT-T1,airport_terminal,2026-06-04 00:00:00,73,20,53,11,9.13,2.22
APT-T1,airport_terminal,2026-06-04 01:00:00,105,26,79,11,9.23,2.15
APT-T1,airport_terminal,2026-06-04 02:00:00,86,21,65,9,9.17,2.15
APT-T1,airport_terminal,2026-06-04 03:00:00,54,17,37,8,9.56,2.09
APT-T1,airport_terminal,2026-06-04 04:00:00,44,20,24,11,8.59,1.83
APT-T1,airport_terminal,2026-06-04 05:00:00,46,32,14,15,6.82,1.43
APT-T1,airport_terminal,2026-06-04 06:00:00,55,50,5,32,4.92,1.11
APT-T1,airport_terminal,2026-06-04 07:00:00,58,57,1,41,4.45,1.11
APT-T1,airport_terminal,2026-06-04 08:00:00,52,51,1,37,3.17,1.0
APT-T1,airport_terminal,2026-06-04 09:00:00,42,41,1,47,3.22,1.0
APT-T1,airport_terminal,2026-06-04 10:00:00,18,17,1,42,3.87,1.0
APT-T1,airport_terminal,2026-06-04 11:00:00,20,19,1,67,3.79,1.08
APT-T1,airport_terminal,2026-06-04 12:00:00,20,19,1,54,4.29,1.0
APT-T1,airport_terminal,2026-06-04 13:00:00,20,19,1,54,3.57,1.08
APT-T1,airport_terminal,2026-06-04 14:00:00,20,19,1,52,3.3,1.0
APT-T1,airport_terminal,2026-06-04 15:00:00,17,16,1,43,5.06,1.0
APT-T1,airport_terminal,2026-06-04 16:00:00,28,27,1,32,4.74,1.02
APT-T1,airport_terminal,2026-06-04 17:00:00,24,23,1,23,3.05,1.06
APT-T1,airport_terminal,2026-06-04 18:00:00,22,21,1,19,3.54,1.05
APT-T1,airport_terminal,2026-06-04 19:00:00,23,22,1,14,2.79,1.0
APT-T1,airport_terminal,2026-06-04 20:00:00,30,23,7,11,5.07,1.23
APT-T1,airport_terminal,2026-06-04 21:00:00,61,37,24,22,7.18,1.71
APT-T1,airport_terminal,2026-06-04 22:00:00,86,29,57,15,9.15,2.04
APT-T1,airport_terminal,2026-06-04 23:00:00,102,25,77,10,9.79,2.15
APT-T1,airport_terminal,2026-06-05 00:00:00,82,20,62,8,9.82,2.13
APT-T1,airport_terminal,2026-06-05 01:00:00,120,30,90,9,11.35,2.09
APT-T1,airport_terminal,2026-06-05 02:00:00,77,28,49,18,8.57,1.99
APT-T1,airport_terminal,2026-06-05 03:00:00,56,17,39,10,9.49,2.12
APT-T1,airport_terminal,2026-06-05 04:00:00,51,27,24,14,7.74,1.7
APT-T1,airport_terminal,2026-06-05 05:00:00,53,27,26,18,7.8,1.8
APT-T1,airport_terminal,2026-06-05 06:00:00,64,57,7,28,4.7,1.04
APT-T1,airport_terminal,2026-06-05 07:00:00,77,75,2,42,2.89,1.0
APT-T1,airport_terminal,2026-06-05 08:00:00,48,47,1,51,3.65,1.0
APT-T1,airport_terminal,2026-06-05 09:00:00,55,54,1,66,3.59,1.0
APT-T1,airport_terminal,2026-06-05 10:00:00,34,33,1,61,2.53,1.0
APT-T1,airport_terminal,2026-06-05 11:00:00,32,31,1,68,4.49,1.06
APT-T1,airport_terminal,2026-06-05 12:00:00,23,22,1,81,3.24,1.0
APT-T1,airport_terminal,2026-06-05 13:00:00,33,32,1,66,4.27,1.14
APT-T1,airport_terminal,2026-06-05 14:00:00,29,28,1,56,4.81,1.05
APT-T1,airport_terminal,2026-06-05 15:00:00,22,21,1,51,4.79,1.09
APT-T1,airport_terminal,2026-06-05 16:00:00,26,25,1,39,3.98,1.0
APT-T1,airport_terminal,2026-06-05 17:00:00,23,22,1,29,3.51,1.0
APT-T1,airport_terminal,2026-06-05 18:00:00,22,21,1,30,3.27,1.0
APT-T1,airport_terminal,2026-06-05 19:00:00,19,18,1,13,3.23,1.04
APT-T1,airport_terminal,2026-06-05 20:00:00,39,35,4,19,2.32,1.28
APT-T1,airport_terminal,2026-06-05 21:00:00,67,35,32,19,7.39,1.7
APT-T1,airport_terminal,2026-06-05 22:00:00,90,30,60,15,10.0,2.09
APT-T1,airport_terminal,2026-06-05 23:00:00,108,27,81,10,9.88,2.23
APT-T1,airport_terminal,2026-06-06 00:00:00,88,35,53,18,10.25,1.96
APT-T1,airport_terminal,2026-06-06 01:00:00,103,25,78,14,9.75,2.15
APT-T1,airport_terminal,2026-06-06 02:00:00,99,32,67,17,10.55,2.04
APT-T1,airport_terminal,2026-06-06 03:00:00,50,26,24,13,7.67,1.7
APT-T1,airport_terminal,2026-06-06 04:00:00,40,25,15,12,6.69,1.64
APT-T1,airport_terminal,2026-06-06 05:00:00,55,31,24,15,7.53,1.6
APT-T1,airport_terminal,2026-06-06 06:00:00,73,54,19,26,5.5,1.52
APT-T1,airport_terminal,2026-06-06 07:00:00,69,64,5,37,2.62,1.0
APT-T1,airport_terminal,2026-06-06 08:00:00,72,70,2,43,3.05,1.01
APT-T1,airport_terminal,2026-06-06 09:00:00,46,45,1,63,4.35,1.09
APT-T1,airport_terminal,2026-06-06 10:00:00,41,40,1,57,3.14,1.03
APT-T1,airport_terminal,2026-06-06 11:00:00,29,28,1,71,3.62,1.1
APT-T1,airport_terminal,2026-06-06 12:00:00,30,29,1,69,2.63,1.0
APT-T1,airport_terminal,2026-06-06 13:00:00,26,25,1,89,3.9,1.0
APT-T1,airport_terminal,2026-06-06 14:00:00,29,28,1,67,4.19,1.0
APT-T1,airport_terminal,2026-06-06 15:00:00,26,25,1,49,4.28,1.1
APT-T1,airport_terminal,2026-06-06 16:00:00,24,23,1,45,5.11,1.12
APT-T1,airport_terminal,2026-06-06 17:00:00,23,22,1,29,3.9,1.0
APT-T1,airport_terminal,2026-06-06 18:00:00,30,29,1,24,3.03,1.01
APT-T1,airport_terminal,2026-06-06 19:00:00,40,39,1,25,4.66,1.01
APT-T1,airport_terminal,2026-06-06 20:00:00,40,27,13,16,6.43,1.55
APT-T1,airport_terminal,2026-06-06 21:00:00,62,38,24,19,7.33,1.61
APT-T1,airport_terminal,2026-06-06 22:00:00,112,30,82,15,9.79,2.17
APT-T1,airport_terminal,2026-06-06 23:00:00,113,28,85,12,10.81,2.18
APT-T1,airport_terminal,2026-06-07 00:00:00,72,25,47,14,9.9,2.0
APT-T1,airport_terminal,2026-06-07 01:00:00,80,21,59,10,9.56,2.19
APT-T1,airport_terminal,2026-06-07 02:00:00,75,18,57,6,10.92,2.19
APT-T1,airport_terminal,2026-06-07 03:00:00,47,24,23,15,6.61,1.7
APT-T1,airport_terminal,2026-06-07 04:00:00,47,39,8,20,3.97,1.33
APT-T1,airport_terminal,2026-06-07 05:00:00,45,19,26,9,8.1,1.88
APT-T1,airport_terminal,2026-06-07 06:00:00,46,44,2,27,3.54,1.01
APT-T1,airport_terminal,2026-06-07 07:00:00,59,33,26,19,7.99,1.67
APT-T1,airport_terminal,2026-06-07 08:00:00,62,61,1,36,2.99,1.0
APT-T1,airport_terminal,2026-06-07 09:00:00,39,38,1,31,3.54,1.13
APT-T1,airport_terminal,2026-06-07 10:00:00,29,28,1,56,2.65,1.0
APT-T1,airport_terminal,2026-06-07 11:00:00,29,28,1,74,4.81,1.03
APT-T1,airport_terminal,2026-06-07 12:00:00,27,26,1,56,3.39,1.04
APT-T1,airport_terminal,2026-06-07 13:00:00,19,18,1,54,2.41,1.05
APT-T1,airport_terminal,2026-06-07 14:00:00,26,25,1,47,2.02,1.04
APT-T1,airport_terminal,2026-06-07 15:00:00,26,25,1,35,3.06,1.01
APT-T1,airport_terminal,2026-06-07 16:00:00,16,15,1,34,2.55,1.08
APT-T1,airport_terminal,2026-06-07 17:00:00,13,12,1,30,3.97,1.0
APT-T1,airport_terminal,2026-06-07 18:00:00,15,14,1,19,4.25,1.03
APT-T1,airport_terminal,2026-06-07 19:00:00,19,18,1,22,3.25,1.05
APT-T1,airport_terminal,2026-06-07 20:00:00,46,26,20,16,6.12,1.74
APT-T1,airport_terminal,2026-06-07 21:00:00,46,18,28,11,9.75,1.88
APT-T1,airport_terminal,2026-06-07 22:00:00,91,22,69,12,10.46,2.13
APT-T1,airport_terminal,2026-06-07 23:00:00,111,33,78,17,9.91,2.24
APT-T1,airport_terminal,2026-06-08 00:00:00,74,18,56,9,10.92,2.15
APT-T1,airport_terminal,2026-06-08 01:00:00,93,34,59,19,9.67,2.05
APT-T1,airport_terminal,2026-06-08 02:00:00,83,27,56,16,9.71,1.99
APT-T1,airport_terminal,2026-06-08 03:00:00,48,35,13,17,4.13,1.4
APT-T1,airport_terminal,2026-06-08 04:00:00,47,33,14,18,6.85,1.43
APT-T1,airport_terminal,2026-06-08 05:00:00,46,30,16,16,6.38,1.64
APT-T1,airport_terminal,2026-06-08 06:00:00,46,45,1,21,3.08,1.06
APT-T1,airport_terminal,2026-06-08 07:00:00,73,35,38,20,8.79,1.88
APT-T1,airport_terminal,2026-06-08 08:00:00,43,42,1,28,5.46,1.02
APT-T1,airport_terminal,2026-06-08 09:00:00,34,33,1,31,3.33,1.05
APT-T1,airport_terminal,2026-06-08 10:00:00,26,25,1,48,3.51,1.05
APT-T1,airport_terminal,2026-06-08 11:00:00,23,22,1,63,4.34,1.0
APT-T1,airport_terminal,2026-06-08 12:00:00,12,11,1,50,3.29,1.05
APT-T1,airport_terminal,2026-06-08 13:00:00,19,18,1,52,2.99,1.07
APT-T1,airport_terminal,2026-06-08 14:00:00,20,19,1,37,2.89,1.06
APT-T1,airport_terminal,2026-06-08 15:00:00,25,24,1,43,4.83,1.0
APT-T1,airport_terminal,2026-06-08 16:00:00,22,21,1,34,3.26,1.0
APT-T1,airport_terminal,2026-06-08 17:00:00,18,17,1,29,4.3,1.0
APT-T1,airport_terminal,2026-06-08 18:00:00,23,22,1,23,2.65,1.0
APT-T1,airport_terminal,2026-06-08 19:00:00,28,27,1,26,2.35,1.0
APT-T1,airport_terminal,2026-06-08 20:00:00,34,24,10,15,6.84,1.41
APT-T1,airport_terminal,2026-06-08 21:00:00,59,14,45,8,10.1,2.14
APT-T1,airport_terminal,2026-06-08 22:00:00,88,22,66,15,10.58,2.19
APT-T1,airport_terminal,2026-06-08 23:00:00,87,21,66,10,10.77,2.14
APT-T1,airport_terminal,2026-06-09 00:00:00,74,18,56,7,9.49,2.29
APT-T1,airport_terminal,2026-06-09 01:00:00,83,20,63,11,11.2,2.18
APT-T1,airport_terminal,2026-06-09 02:00:00,76,26,50,14,8.89,2.0
APT-T1,airport_terminal,2026-06-09 03:00:00,52,24,28,12,9.18,1.87
APT-T1,airport_terminal,2026-06-09 04:00:00,35,32,3,16,4.18,1.06
APT-T1,airport_terminal,2026-06-09 05:00:00,44,21,23,13,7.06,1.75
APT-T1,airport_terminal,2026-06-09 06:00:00,60,34,26,20,6.47,1.77
APT-T1,airport_terminal,2026-06-09 07:00:00,65,41,24,24,6.22,1.7
APT-T1,airport_terminal,2026-06-09 08:00:00,58,57,1,35,3.69,1.04
APT-T1,airport_terminal,2026-06-09 09:00:00,43,42,1,46,4.04,1.01
APT-T1,airport_terminal,2026-06-09 10:00:00,21,20,1,43,4.52,1.01
APT-T1,airport_terminal,2026-06-09 11:00:00,20,19,1,51,3.1,1.01
APT-T1,airport_terminal,2026-06-09 12:00:00,19,18,1,68,3.5,1.0
APT-T1,airport_terminal,2026-06-09 13:00:00,19,18,1,60,3.18,1.04
APT-T1,airport_terminal,2026-06-09 14:00:00,24,23,1,47,3.35,1.16
APT-T1,airport_terminal,2026-06-09 15:00:00,26,25,1,35,4.84,1.0
APT-T1,airport_terminal,2026-06-09 16:00:00,26,25,1,36,4.03,1.08
APT-T1,airport_terminal,2026-06-09 17:00:00,26,25,1,25,3.02,1.06
APT-T1,airport_terminal,2026-06-09 18:00:00,18,17,1,34,2.4,1.0
APT-T1,airport_terminal,2026-06-09 19:00:00,19,18,1,16,2.53,1.04
APT-T1,airport_terminal,2026-06-09 20:00:00,32,18,14,12,6.97,1.71
APT-T1,airport_terminal,2026-06-09 21:00:00,50,21,29,13,8.45,1.93
APT-T1,airport_terminal,2026-06-09 22:00:00,87,24,63,13,8.82,2.14
APT-T1,airport_terminal,2026-06-09 23:00:00,106,26,80,8,10.81,2.24
APT-T1,airport_terminal,2026-06-10 00:00:00,67,20,47,13,9.63,2.22
APT-T1,airport_terminal,2026-06-10 01:00:00,88,28,60,16,9.77,2.13
APT-T1,airport_terminal,2026-06-10 02:00:00,80,28,52,13,9.1,2.08
APT-T1,airport_terminal,2026-06-10 03:00:00,61,22,39,13,8.71,2.03
APT-T1,airport_terminal,2026-06-10 04:00:00,39,15,24,9,8.88,2.0
APT-T1,airport_terminal,2026-06-10 05:00:00,50,37,13,23,5.71,1.41
APT-T1,airport_terminal,2026-06-10 06:00:00,56,28,28,17,8.21,1.87
APT-T1,airport_terminal,2026-06-10 07:00:00,71,69,2,33,4.33,1.11
APT-T1,airport_terminal,2026-06-10 08:00:00,64,63,1,36,4.81,1.06
APT-T1,airport_terminal,2026-06-10 09:00:00,39,38,1,41,2.67,1.0
APT-T1,airport_terminal,2026-06-10 10:00:00,25,24,1,57,2.55,1.0
APT-T1,airport_terminal,2026-06-10 11:00:00,25,24,1,61,3.45,1.0
APT-T1,airport_terminal,2026-06-10 12:00:00,24,23,1,51,3.72,1.0
APT-T1,airport_terminal,2026-06-10 13:00:00,18,17,1,57,3.91,1.08
APT-T1,airport_terminal,2026-06-10 14:00:00,16,15,1,53,4.25,1.07
APT-T1,airport_terminal,2026-06-10 15:00:00,20,19,1,35,4.23,1.0
APT-T1,airport_terminal,2026-06-10 16:00:00,21,20,1,31,2.92,1.0
APT-T1,airport_terminal,2026-06-10 17:00:00,23,22,1,28,3.18,1.0
APT-T1,airport_terminal,2026-06-10 18:00:00,17,16,1,16,3.66,1.12
APT-T1,airport_terminal,2026-06-10 19:00:00,20,19,1,27,5.35,1.14
APT-T1,airport_terminal,2026-06-10 20:00:00,49,20,29,12,8.19,1.84
APT-T1,airport_terminal,2026-06-10 21:00:00,72,23,49,11,11.03,1.95
APT-T1,airport_terminal,2026-06-10 22:00:00,92,24,68,11,9.29,2.21
APT-T1,airport_terminal,2026-06-10 23:00:00,95,36,59,17,9.12,1.98
APT-T1,airport_terminal,2026-06-11 00:00:00,76,25,51,14,9.36,2.01
APT-T1,airport_terminal,2026-06-11 01:00:00,94,26,68,16,10.12,2.06
APT-T1,airport_terminal,2026-06-11 02:00:00,67,44,23,21,7.3,1.59
APT-T1,airport_terminal,2026-06-11 03:00:00,51,18,33,10,7.26,2.01
APT-T1,airport_terminal,2026-06-11 04:00:00,37,33,4,16,3.96,1.19
APT-T1,airport_terminal,2026-06-11 05:00:00,39,34,5,20,4.25,1.08
APT-T1,airport_terminal,2026-06-11 06:00:00,39,33,6,19,4.23,1.2
APT-T1,airport_terminal,2026-06-11 07:00:00,75,58,17,29,5.47,1.38
APT-T1,airport_terminal,2026-06-11 08:00:00,55,54,1,41,4.11,1.06
APT-T1,airport_terminal,2026-06-11 09:00:00,26,25,1,30,3.76,1.04
APT-T1,airport_terminal,2026-06-11 10:00:00,38,37,1,51,3.34,1.0
APT-T1,airport_terminal,2026-06-11 11:00:00,14,13,1,58,4.44,1.0
APT-T1,airport_terminal,2026-06-11 12:00:00,25,24,1,66,4.33,1.06
APT-T1,airport_terminal,2026-06-11 13:00:00,22,21,1,66,2.42,1.02
APT-T1,airport_terminal,2026-06-11 14:00:00,30,29,1,32,3.32,1.0
APT-T1,airport_terminal,2026-06-11 15:00:00,21,20,1,51,3.35,1.06
APT-T1,airport_terminal,2026-06-11 16:00:00,20,19,1,22,3.85,1.0
APT-T1,airport_terminal,2026-06-11 17:00:00,14,13,1,27,2.91,1.05
APT-T1,airport_terminal,2026-06-11 18:00:00,22,21,1,22,2.0,1.0
APT-T1,airport_terminal,2026-06-11 19:00:00,18,17,1,15,3.12,1.02
APT-T1,airport_terminal,2026-06-11 20:00:00,36,21,15,11,8.34,1.6
APT-T1,airport_terminal,2026-06-11 21:00:00,55,35,20,17,5.81,1.61
APT-T1,airport_terminal,2026-06-11 22:00:00,92,26,66,13,10.04,2.22
APT-T1,airport_terminal,2026-06-11 23:00:00,93,23,70,12,10.77,2.27
APT-T1,airport_terminal,2026-06-12 00:00:00,84,25,59,12,10.88,2.16
APT-T1,airport_terminal,2026-06-12 01:00:00,104,26,78,11,9.86,2.18
APT-T1,airport_terminal,2026-06-12 02:00:00,79,20,59,12,9.9,2.14
APT-T1,airport_terminal,2026-06-12 03:00:00,57,28,29,17,9.69,1.77
APT-T1,airport_terminal,2026-06-12 04:00:00,53,42,11,20,4.12,1.34
APT-T1,airport_terminal,2026-06-12 05:00:00,38,33,5,16,4.66,1.13
APT-T1,airport_terminal,2026-06-12 06:00:00,64,56,8,29,4.12,1.25
APT-T1,airport_terminal,2026-06-12 07:00:00,71,55,16,27,4.16,1.45
APT-T1,airport_terminal,2026-06-12 08:00:00,61,60,1,39,3.66,1.08
APT-T1,airport_terminal,2026-06-12 09:00:00,41,40,1,42,4.02,1.08
APT-T1,airport_terminal,2026-06-12 10:00:00,34,33,1,57,5.66,1.09
APT-T1,airport_terminal,2026-06-12 11:00:00,31,30,1,76,4.65,1.0
APT-T1,airport_terminal,2026-06-12 12:00:00,28,27,1,80,4.73,1.0
APT-T1,airport_terminal,2026-06-12 13:00:00,23,22,1,66,2.82,1.03
APT-T1,airport_terminal,2026-06-12 14:00:00,25,24,1,60,4.66,1.0
APT-T1,airport_terminal,2026-06-12 15:00:00,33,32,1,44,4.58,1.06
APT-T1,airport_terminal,2026-06-12 16:00:00,14,13,1,46,4.8,1.0
APT-T1,airport_terminal,2026-06-12 17:00:00,20,19,1,41,3.68,1.15
APT-T1,airport_terminal,2026-06-12 18:00:00,22,21,1,25,2.96,1.0
APT-T1,airport_terminal,2026-06-12 19:00:00,17,16,1,13,4.45,1.0
APT-T1,airport_terminal,2026-06-12 20:00:00,46,32,14,17,6.01,1.45
APT-T1,airport_terminal,2026-06-12 21:00:00,70,26,44,17,9.4,1.98
APT-T1,airport_terminal,2026-06-12 22:00:00,88,26,62,13,9.76,2.12
APT-T1,airport_terminal,2026-06-12 23:00:00,108,27,81,14,11.23,2.22
APT-T1,airport_terminal,2026-06-13 00:00:00,77,19,58,11,10.11,2.13
APT-T1,airport_terminal,2026-06-13 01:00:00,103,29,74,14,10.14,2.12
APT-T1,airport_terminal,2026-06-13 02:00:00,85,21,64,10,10.52,2.18
APT-T1,airport_terminal,2026-06-13 03:00:00,40,22,18,12,7.12,1.65
APT-T1,airport_terminal,2026-06-13 04:00:00,41,19,22,13,6.54,1.87
APT-T1,airport_terminal,2026-06-13 05:00:00,44,21,23,12,7.87,1.86
APT-T1,airport_terminal,2026-06-13 06:00:00,58,38,20,22,6.18,1.63
APT-T1,airport_terminal,2026-06-13 07:00:00,65,57,8,36,4.64,1.24
APT-T1,airport_terminal,2026-06-13 08:00:00,63,62,1,38,4.44,1.0
APT-T1,airport_terminal,2026-06-13 09:00:00,53,52,1,51,4.34,1.0
APT-T1,airport_terminal,2026-06-13 10:00:00,24,23,1,56,4.65,1.0
APT-T1,airport_terminal,2026-06-13 11:00:00,36,35,1,67,3.62,1.05
APT-T1,airport_terminal,2026-06-13 12:00:00,26,25,1,93,2.97,1.08
APT-T1,airport_terminal,2026-06-13 13:00:00,24,23,1,67,3.12,1.05
APT-T1,airport_terminal,2026-06-13 14:00:00,19,18,1,60,4.79,1.02
APT-T1,airport_terminal,2026-06-13 15:00:00,21,20,1,45,2.22,1.03
APT-T1,airport_terminal,2026-06-13 16:00:00,28,27,1,27,3.62,1.02
APT-T1,airport_terminal,2026-06-13 17:00:00,18,17,1,29,2.74,1.02
APT-T1,airport_terminal,2026-06-13 18:00:00,23,22,1,28,3.21,1.02
APT-T1,airport_terminal,2026-06-13 19:00:00,33,32,1,21,3.82,1.02
APT-T1,airport_terminal,2026-06-13 20:00:00,49,45,4,23,4.44,1.12
APT-T1,airport_terminal,2026-06-13 21:00:00,74,24,50,15,8.98,2.0
APT-T1,airport_terminal,2026-06-13 22:00:00,104,26,78,8,9.8,2.24
APT-T1,airport_terminal,2026-06-13 23:00:00,122,30,92,8,9.46,2.3
APT-T1,airport_terminal,2026-06-14 00:00:00,77,22,55,14,10.21,2.06
APT-T1,airport_terminal,2026-06-14 01:00:00,80,23,57,15,10.54,2.09
APT-T1,airport_terminal,2026-06-14 02:00:00,73,22,51,14,9.96,2.11
APT-T1,airport_terminal,2026-06-14 03:00:00,49,28,21,17,7.02,1.72
APT-T1,airport_terminal,2026-06-14 04:00:00,40,22,18,12,6.62,1.67
APT-T1,airport_terminal,2026-06-14 05:00:00,42,34,8,21,3.7,1.28
APT-T1,airport_terminal,2026-06-14 06:00:00,53,37,16,21,5.77,1.39
APT-T1,airport_terminal,2026-06-14 07:00:00,59,58,1,37,2.51,1.1
APT-T1,airport_terminal,2026-06-14 08:00:00,58,57,1,37,3.31,1.05
APT-T1,airport_terminal,2026-06-14 09:00:00,42,41,1,48,2.82,1.0
APT-T1,airport_terminal,2026-06-14 10:00:00,24,23,1,55,4.04,1.15
APT-T1,airport_terminal,2026-06-14 11:00:00,23,22,1,49,3.09,1.07
APT-T1,airport_terminal,2026-06-14 12:00:00,27,26,1,60,2.0,1.06
APT-T1,airport_terminal,2026-06-14 13:00:00,26,25,1,65,4.81,1.03
APT-T1,airport_terminal,2026-06-14 14:00:00,22,21,1,52,3.72,1.0
APT-T1,airport_terminal,2026-06-14 15:00:00,19,18,1,48,4.04,1.04
APT-T1,airport_terminal,2026-06-14 16:00:00,21,20,1,43,2.44,1.01
APT-T1,airport_terminal,2026-06-14 17:00:00,18,17,1,20,3.93,1.09
APT-T1,airport_terminal,2026-06-14 18:00:00,18,17,1,23,4.03,1.0
APT-T1,airport_terminal,2026-06-14 19:00:00,18,17,1,22,3.31,1.06
APT-T1,airport_terminal,2026-06-14 20:00:00,30,29,1,16,4.18,1.09
APT-T1,airport_terminal,2026-06-14 21:00:00,41,25,16,15,6.16,1.58
APT-T1,airport_terminal,2026-06-14 22:00:00,83,32,51,18,9.35,2.01
APT-T1,airport_terminal,2026-06-14 23:00:00,109,27,82,16,9.71,2.19
APT-T1,airport_terminal,2026-06-15 00:00:00,58,31,27,17,7.79,1.69
APT-T1,airport_terminal,2026-06-15 01:00:00,77,24,53,13,9.49,2.08
APT-T1,airport_terminal,2026-06-15 02:00:00,69,20,49,12,9.53,2.09
APT-T1,airport_terminal,2026-06-15 03:00:00,48,26,22,16,7.29,1.7
APT-T1,airport_terminal,2026-06-15 04:00:00,42,26,16,13,5.63,1.51
APT-T1,airport_terminal,2026-06-15 05:00:00,38,21,17,12,7.3,1.74
APT-T1,airport_terminal,2026-06-15 06:00:00,62,39,23,21,6.7,1.67
APT-T1,airport_terminal,2026-06-15 07:00:00,43,35,8,19,4.95,1.34
APT-T1,airport_terminal,2026-06-15 08:00:00,55,54,1,26,3.71,1.0
APT-T1,airport_terminal,2026-06-15 09:00:00,41,40,1,53,3.19,1.02
APT-T1,airport_terminal,2026-06-15 10:00:00,25,24,1,45,3.82,1.04
APT-T1,airport_terminal,2026-06-15 11:00:00,25,24,1,74,4.46,1.11
APT-T1,airport_terminal,2026-06-15 12:00:00,22,21,1,60,3.75,1.0
APT-T1,airport_terminal,2026-06-15 13:00:00,25,24,1,57,3.44,1.06
APT-T1,airport_terminal,2026-06-15 14:00:00,22,21,1,40,4.53,1.0
APT-T1,airport_terminal,2026-06-15 15:00:00,20,19,1,48,2.94,1.0
APT-T1,airport_terminal,2026-06-15 16:00:00,19,18,1,21,2.46,1.0
APT-T1,airport_terminal,2026-06-15 17:00:00,19,18,1,29,2.0,1.02
APT-T1,airport_terminal,2026-06-15 18:00:00,20,19,1,28,3.48,1.0
APT-T1,airport_terminal,2026-06-15 19:00:00,18,17,1,18,3.63,1.02
APT-T1,airport_terminal,2026-06-15 20:00:00,31,30,1,18,3.02,1.0
APT-T1,airport_terminal,2026-06-15 21:00:00,58,20,38,10,8.59,2.05
APT-T1,airport_terminal,2026-06-15 22:00:00,81,23,58,12,10.91,2.12
APT-T1,airport_terminal,2026-06-15 23:00:00,115,28,87,12,9.45,2.23
APT-T1,airport_terminal,2026-06-16 00:00:00,83,23,60,12,11.98,2.15
APT-T1,airport_terminal,2026-06-16 01:00:00,88,23,65,12,10.84,2.21
APT-T1,airport_terminal,2026-06-16 02:00:00,77,26,51,15,10.36,2.05
APT-T1,airport_terminal,2026-06-16 03:00:00,40,29,11,18,5.17,1.45
APT-T1,airport_terminal,2026-06-16 04:00:00,36,29,7,16,6.22,1.23
APT-T1,airport_terminal,2026-06-16 05:00:00,45,39,6,21,4.21,1.26
APT-T1,airport_terminal,2026-06-16 06:00:00,46,38,8,19,3.93,1.2
APT-T1,airport_terminal,2026-06-16 07:00:00,59,58,1,36,3.75,1.13
APT-T1,airport_terminal,2026-06-16 08:00:00,57,48,9,25,5.79,1.24
APT-T1,airport_terminal,2026-06-16 09:00:00,36,35,1,52,2.95,1.0
APT-T1,airport_terminal,2026-06-16 10:00:00,25,24,1,43,3.43,1.0
APT-T1,airport_terminal,2026-06-16 11:00:00,18,17,1,57,2.6,1.12
APT-T1,airport_terminal,2026-06-16 12:00:00,22,21,1,57,4.43,1.0
APT-T1,airport_terminal,2026-06-16 13:00:00,15,14,1,47,3.74,1.06
APT-T1,airport_terminal,2026-06-16 14:00:00,18,17,1,53,3.59,1.11
APT-T1,airport_terminal,2026-06-16 15:00:00,18,17,1,41,3.95,1.08
APT-T1,airport_terminal,2026-06-16 16:00:00,21,20,1,35,4.37,1.08
APT-T1,airport_terminal,2026-06-16 17:00:00,19,18,1,30,3.32,1.0
APT-T1,airport_terminal,2026-06-16 18:00:00,18,17,1,18,3.88,1.0
APT-T1,airport_terminal,2026-06-16 19:00:00,16,15,1,17,4.13,1.04
APT-T1,airport_terminal,2026-06-16 20:00:00,26,25,1,20,5.29,1.09
APT-T1,airport_terminal,2026-06-16 21:00:00,59,19,40,12,9.7,1.98
APT-T1,airport_terminal,2026-06-16 22:00:00,91,22,69,11,10.43,2.29
APT-T1,airport_terminal,2026-06-16 23:00:00,103,25,78,14,9.38,2.22
APT-T1,airport_terminal,2026-06-17 00:00:00,70,25,45,15,8.11,2.07
APT-T1,airport_terminal,2026-06-17 01:00:00,97,24,73,12,11.37,2.1
APT-T1,airport_terminal,2026-06-17 02:00:00,71,17,54,8,9.95,2.15
APT-T1,airport_terminal,2026-06-17 03:00:00,47,31,16,16,6.4,1.48
APT-T1,airport_terminal,2026-06-17 04:00:00,36,35,1,20,3.38,1.03
APT-T1,airport_terminal,2026-06-17 05:00:00,44,36,8,19,4.38,1.29
APT-T1,airport_terminal,2026-06-17 06:00:00,34,29,5,19,3.35,1.24
APT-T1,airport_terminal,2026-06-17 07:00:00,64,48,16,27,6.23,1.44
APT-T1,airport_terminal,2026-06-17 08:00:00,57,56,1,33,3.57,1.05
APT-T1,airport_terminal,2026-06-17 09:00:00,50,49,1,45,2.0,1.02
APT-T1,airport_terminal,2026-06-17 10:00:00,34,33,1,55,3.33,1.12
APT-T1,airport_terminal,2026-06-17 11:00:00,27,26,1,49,3.27,1.0
APT-T1,airport_terminal,2026-06-17 12:00:00,18,17,1,50,4.75,1.01
APT-T1,airport_terminal,2026-06-17 13:00:00,27,26,1,68,3.03,1.0
APT-T1,airport_terminal,2026-06-17 14:00:00,23,22,1,50,2.06,1.07
APT-T1,airport_terminal,2026-06-17 15:00:00,27,26,1,34,3.15,1.0
APT-T1,airport_terminal,2026-06-17 16:00:00,23,22,1,30,4.66,1.07
APT-T1,airport_terminal,2026-06-17 17:00:00,18,17,1,38,5.16,1.03
APT-T1,airport_terminal,2026-06-17 18:00:00,25,24,1,18,4.86,1.0
APT-T1,airport_terminal,2026-06-17 19:00:00,24,23,1,20,3.66,1.0
APT-T1,airport_terminal,2026-06-17 20:00:00,30,29,1,21,3.52,1.13
APT-T1,airport_terminal,2026-06-17 21:00:00,56,28,28,14,8.77,1.73
APT-T1,airport_terminal,2026-06-17 22:00:00,99,24,75,11,10.0,2.15
APT-T1,airport_terminal,2026-06-17 23:00:00,104,26,78,8,9.6,2.24
APT-T1,airport_terminal,2026-06-18 00:00:00,62,28,34,13,7.16,1.85
APT-T1,airport_terminal,2026-06-18 01:00:00,92,23,69,12,10.37,2.3
APT-T1,airport_terminal,2026-06-18 02:00:00,84,21,63,7,10.96,2.23
APT-T1,airport_terminal,2026-06-18 03:00:00,39,18,21,12,8.32,1.9
APT-T1,airport_terminal,2026-06-18 04:00:00,46,23,23,13,9.3,1.85
APT-T1,airport_terminal,2026-06-18 05:00:00,44,27,17,17,7.89,1.6
APT-T1,airport_terminal,2026-06-18 06:00:00,62,38,24,23,8.27,1.58
APT-T1,airport_terminal,2026-06-18 07:00:00,52,51,1,32,4.47,1.04
APT-T1,airport_terminal,2026-06-18 08:00:00,50,41,9,25,5.54,1.22
APT-T1,airport_terminal,2026-06-18 09:00:00,40,39,1,43,3.18,1.05
APT-T1,airport_terminal,2026-06-18 10:00:00,31,30,1,62,3.86,1.04
APT-T1,airport_terminal,2026-06-18 11:00:00,18,17,1,52,4.27,1.0
APT-T1,airport_terminal,2026-06-18 12:00:00,25,24,1,71,2.64,1.03
APT-T1,airport_terminal,2026-06-18 13:00:00,23,22,1,51,2.72,1.03
APT-T1,airport_terminal,2026-06-18 14:00:00,18,17,1,58,4.08,1.09
APT-T1,airport_terminal,2026-06-18 15:00:00,32,31,1,42,3.02,1.01
APT-T1,airport_terminal,2026-06-18 16:00:00,21,20,1,29,4.01,1.0
APT-T1,airport_terminal,2026-06-18 17:00:00,22,21,1,21,2.68,1.0
APT-T1,airport_terminal,2026-06-18 18:00:00,19,18,1,15,3.87,1.0
APT-T1,airport_terminal,2026-06-18 19:00:00,28,27,1,24,3.52,1.0
APT-T1,airport_terminal,2026-06-18 20:00:00,37,27,10,14,6.81,1.34
APT-T1,airport_terminal,2026-06-18 21:00:00,50,28,22,13,7.61,1.69
APT-T1,airport_terminal,2026-06-18 22:00:00,90,22,68,8,10.0,2.21
APT-T1,airport_terminal,2026-06-18 23:00:00,104,26,78,10,9.98,2.32
APT-T1,airport_terminal,2026-06-19 00:00:00,79,50,29,24,6.71,1.65
APT-T1,airport_terminal,2026-06-19 01:00:00,99,24,75,13,9.92,2.17
APT-T1,airport_terminal,2026-06-19 02:00:00,80,29,51,16,10.17,2.09
APT-T1,airport_terminal,2026-06-19 03:00:00,63,17,46,11,9.37,2.13
APT-T1,airport_terminal,2026-06-19 04:00:00,39,29,10,19,4.87,1.35
APT-T1,airport_terminal,2026-06-19 05:00:00,46,25,21,12,7.22,1.7
APT-T1,airport_terminal,2026-06-19 06:00:00,59,58,1,27,4.12,1.0
APT-T1,airport_terminal,2026-06-19 07:00:00,62,55,7,28,5.22,1.22
APT-T1,airport_terminal,2026-06-19 08:00:00,65,56,9,35,5.57,1.24
APT-T1,airport_terminal,2026-06-19 09:00:00,39,38,1,50,4.92,1.0
APT-T1,airport_terminal,2026-06-19 10:00:00,39,38,1,67,3.12,1.13
APT-T1,airport_terminal,2026-06-19 11:00:00,28,27,1,54,3.13,1.03
APT-T1,airport_terminal,2026-06-19 12:00:00,23,22,1,80,3.32,1.06
APT-T1,airport_terminal,2026-06-19 13:00:00,22,21,1,70,2.71,1.0
APT-T1,airport_terminal,2026-06-19 14:00:00,16,15,1,60,4.11,1.0
APT-T1,airport_terminal,2026-06-19 15:00:00,27,26,1,52,2.22,1.0
APT-T1,airport_terminal,2026-06-19 16:00:00,26,25,1,33,4.82,1.14
APT-T1,airport_terminal,2026-06-19 17:00:00,23,22,1,27,3.66,1.03
APT-T1,airport_terminal,2026-06-19 18:00:00,25,24,1,27,2.0,1.02
APT-T1,airport_terminal,2026-06-19 19:00:00,28,20,8,13,6.98,1.44
APT-T1,airport_terminal,2026-06-19 20:00:00,38,37,1,20,3.25,1.06
APT-T1,airport_terminal,2026-06-19 21:00:00,58,32,26,15,7.24,1.7
APT-T1,airport_terminal,2026-06-19 22:00:00,96,33,63,19,9.86,2.02
APT-T1,airport_terminal,2026-06-19 23:00:00,116,29,87,17,10.45,2.07
APT-T1,airport_terminal,2026-06-20 00:00:00,78,29,49,15,8.36,2.04
APT-T1,airport_terminal,2026-06-20 01:00:00,88,22,66,9,9.36,2.15
APT-T1,airport_terminal,2026-06-20 02:00:00,87,21,66,12,10.93,2.19
APT-T1,airport_terminal,2026-06-20 03:00:00,52,38,14,19,6.55,1.49
APT-T1,airport_terminal,2026-06-20 04:00:00,43,13,30,7,9.6,2.13
APT-T1,airport_terminal,2026-06-20 05:00:00,48,40,8,21,5.83,1.17
APT-T1,airport_terminal,2026-06-20 06:00:00,56,30,26,17,7.03,1.79
APT-T1,airport_terminal,2026-06-20 07:00:00,90,61,29,34,7.29,1.45
APT-T1,airport_terminal,2026-06-20 08:00:00,59,58,1,44,2.67,1.0
APT-T1,airport_terminal,2026-06-20 09:00:00,47,46,1,44,3.87,1.06
APT-T1,airport_terminal,2026-06-20 10:00:00,34,33,1,61,3.54,1.04
APT-T1,airport_terminal,2026-06-20 11:00:00,33,32,1,72,4.46,1.0
APT-T1,airport_terminal,2026-06-20 12:00:00,24,23,1,78,4.48,1.0
APT-T1,airport_terminal,2026-06-20 13:00:00,32,31,1,51,4.39,1.01
APT-T1,airport_terminal,2026-06-20 14:00:00,32,31,1,48,4.47,1.05
APT-T1,airport_terminal,2026-06-20 15:00:00,24,23,1,34,2.34,1.01
APT-T1,airport_terminal,2026-06-20 16:00:00,31,30,1,29,4.45,1.0
APT-T1,airport_terminal,2026-06-20 17:00:00,28,27,1,31,5.44,1.01
APT-T1,airport_terminal,2026-06-20 18:00:00,18,17,1,25,3.8,1.05
APT-T1,airport_terminal,2026-06-20 19:00:00,35,34,1,18,3.84,1.1
APT-T1,airport_terminal,2026-06-20 20:00:00,38,37,1,22,3.65,1.0
APT-T1,airport_terminal,2026-06-20 21:00:00,67,16,51,8,8.19,2.23
APT-T1,airport_terminal,2026-06-20 22:00:00,98,24,74,11,12.21,2.25
APT-T1,airport_terminal,2026-06-20 23:00:00,107,26,81,10,9.91,2.1
APT-T1,airport_terminal,2026-06-21 00:00:00,68,22,46,11,8.61,2.09
APT-T1,airport_terminal,2026-06-21 01:00:00,81,20,61,10,9.55,2.28
APT-T1,airport_terminal,2026-06-21 02:00:00,68,27,41,15,8.61,2.02
APT-T1,airport_terminal,2026-06-21 03:00:00,47,21,26,11,8.46,1.82
APT-T1,airport_terminal,2026-06-21 04:00:00,32,23,9,11,5.65,1.4
APT-T1,airport_terminal,2026-06-21 05:00:00,39,38,1,18,4.26,1.1
APT-T1,airport_terminal,2026-06-21 06:00:00,64,37,27,17,7.13,1.72
APT-T1,airport_terminal,2026-06-21 07:00:00,51,50,1,29,4.29,1.01
APT-T1,airport_terminal,2026-06-21 08:00:00,47,46,1,33,3.43,1.01
APT-T1,airport_terminal,2026-06-21 09:00:00,34,33,1,35,4.41,1.0
APT-T1,airport_terminal,2026-06-21 10:00:00,33,32,1,47,3.63,1.0
APT-T1,airport_terminal,2026-06-21 11:00:00,21,20,1,51,5.07,1.09
APT-T1,airport_terminal,2026-06-21 12:00:00,19,18,1,62,2.78,1.07
APT-T1,airport_terminal,2026-06-21 13:00:00,25,24,1,62,5.03,1.0
APT-T1,airport_terminal,2026-06-21 14:00:00,25,24,1,56,2.96,1.02
APT-T1,airport_terminal,2026-06-21 15:00:00,17,16,1,41,4.01,1.0
APT-T1,airport_terminal,2026-06-21 16:00:00,19,18,1,36,4.92,1.01
APT-T1,airport_terminal,2026-06-21 17:00:00,16,15,1,27,5.44,1.01
APT-T1,airport_terminal,2026-06-21 18:00:00,33,27,6,13,5.29,1.24
APT-T1,airport_terminal,2026-06-21 19:00:00,24,23,1,26,3.86,1.0
APT-T1,airport_terminal,2026-06-21 20:00:00,31,19,12,13,6.5,1.59
APT-T1,airport_terminal,2026-06-21 21:00:00,60,15,45,7,10.27,2.21
APT-T1,airport_terminal,2026-06-21 22:00:00,94,23,71,7,10.43,2.36
APT-T1,airport_terminal,2026-06-21 23:00:00,88,25,63,12,9.11,2.09
APT-T1,airport_terminal,2026-06-22 00:00:00,71,21,50,12,9.65,2.0
APT-T1,airport_terminal,2026-06-22 01:00:00,82,20,62,12,10.49,2.22
APT-T1,airport_terminal,2026-06-22 02:00:00,71,24,47,13,9.45,2.06
APT-T1,airport_terminal,2026-06-22 03:00:00,46,15,31,7,9.26,2.03
APT-T1,airport_terminal,2026-06-22 04:00:00,38,17,21,11,9.05,1.85
APT-T1,airport_terminal,2026-06-22 05:00:00,34,23,11,13,5.91,1.45
APT-T1,airport_terminal,2026-06-22 06:00:00,53,32,21,20,6.34,1.68
APT-T1,airport_terminal,2026-06-22 07:00:00,55,41,14,25,6.31,1.42
APT-T1,airport_terminal,2026-06-22 08:00:00,52,51,1,42,3.74,1.0
APT-T1,airport_terminal,2026-06-22 09:00:00,38,37,1,48,3.19,1.15
APT-T1,airport_terminal,2026-06-22 10:00:00,33,32,1,54,2.95,1.01
APT-T1,airport_terminal,2026-06-22 11:00:00,25,24,1,81,4.17,1.0
APT-T1,airport_terminal,2026-06-22 12:00:00,16,15,1,59,4.15,1.0
APT-T1,airport_terminal,2026-06-22 13:00:00,17,16,1,60,4.52,1.0
APT-T1,airport_terminal,2026-06-22 14:00:00,25,24,1,53,2.0,1.0
APT-T1,airport_terminal,2026-06-22 15:00:00,17,16,1,48,3.52,1.06
APT-T1,airport_terminal,2026-06-22 16:00:00,19,18,1,38,3.04,1.0
APT-T1,airport_terminal,2026-06-22 17:00:00,20,19,1,26,2.99,1.07
APT-T1,airport_terminal,2026-06-22 18:00:00,29,28,1,20,5.2,1.01
APT-T1,airport_terminal,2026-06-22 19:00:00,26,25,1,16,3.06,1.01
APT-T1,airport_terminal,2026-06-22 20:00:00,37,19,18,12,7.72,1.72
APT-T1,airport_terminal,2026-06-22 21:00:00,62,23,39,12,8.19,2.08
APT-T1,airport_terminal,2026-06-22 22:00:00,82,20,62,10,10.04,2.28
APT-T1,airport_terminal,2026-06-22 23:00:00,106,34,72,16,10.78,2.02
APT-T1,airport_terminal,2026-06-23 00:00:00,57,34,23,17,7.59,1.57
APT-T1,airport_terminal,2026-06-23 01:00:00,93,30,63,14,9.91,1.97
APT-T1,airport_terminal,2026-06-23 02:00:00,65,24,41,15,8.87,1.92
APT-T1,airport_terminal,2026-06-23 03:00:00,46,43,3,21,3.61,1.15
APT-T1,airport_terminal,2026-06-23 04:00:00,33,32,1,17,3.46,1.03
APT-T1,airport_terminal,2026-06-23 05:00:00,48,30,18,17,6.6,1.56
APT-T1,airport_terminal,2026-06-23 06:00:00,49,35,14,18,6.32,1.43
APT-T1,airport_terminal,2026-06-23 07:00:00,74,47,27,26,6.85,1.56
APT-T1,airport_terminal,2026-06-23 08:00:00,46,45,1,33,3.49,1.1
APT-T1,airport_terminal,2026-06-23 09:00:00,37,36,1,42,4.18,1.2
APT-T1,airport_terminal,2026-06-23 10:00:00,26,25,1,51,3.14,1.04
APT-T1,airport_terminal,2026-06-23 11:00:00,31,30,1,62,2.64,1.01
APT-T1,airport_terminal,2026-06-23 12:00:00,31,30,1,77,4.79,1.01
APT-T1,airport_terminal,2026-06-23 13:00:00,20,19,1,58,4.27,1.04
APT-T1,airport_terminal,2026-06-23 14:00:00,30,29,1,56,3.31,1.09
APT-T1,airport_terminal,2026-06-23 15:00:00,19,18,1,44,3.97,1.0
APT-T1,airport_terminal,2026-06-23 16:00:00,19,18,1,41,2.97,1.0
APT-T1,airport_terminal,2026-06-23 17:00:00,15,14,1,34,5.39,1.0
APT-T1,airport_terminal,2026-06-23 18:00:00,19,18,1,16,3.79,1.0
APT-T1,airport_terminal,2026-06-23 19:00:00,26,25,1,16,3.29,1.0
APT-T1,airport_terminal,2026-06-23 20:00:00,33,32,1,18,3.01,1.05
APT-T1,airport_terminal,2026-06-23 21:00:00,49,24,25,14,7.21,1.82
APT-T1,airport_terminal,2026-06-23 22:00:00,100,25,75,13,9.05,2.02
APT-T1,airport_terminal,2026-06-23 23:00:00,99,28,71,13,9.88,2.11
APT-T1,airport_terminal,2026-06-24 00:00:00,72,37,35,18,7.2,1.8
APT-T1,airport_terminal,2026-06-24 01:00:00,99,24,75,11,10.41,2.25
APT-T1,airport_terminal,2026-06-24 02:00:00,74,25,49,14,8.9,2.04
APT-T1,airport_terminal,2026-06-24 03:00:00,52,29,23,16,7.19,1.65
APT-T1,airport_terminal,2026-06-24 04:00:00,33,32,1,19,3.67,1.05
APT-T1,airport_terminal,2026-06-24 05:00:00,48,39,9,21,6.06,1.29
APT-T1,airport_terminal,2026-06-24 06:00:00,45,38,7,21,5.07,1.2
APT-T1,airport_terminal,2026-06-24 07:00:00,61,60,1,34,4.87,1.0
APT-T1,airport_terminal,2026-06-24 08:00:00,51,50,1,27,3.25,1.0
APT-T1,airport_terminal,2026-06-24 09:00:00,47,46,1,43,3.78,1.0
APT-T1,airport_terminal,2026-06-24 10:00:00,27,26,1,47,3.69,1.0
APT-T1,airport_terminal,2026-06-24 11:00:00,29,28,1,54,4.53,1.06
APT-T1,airport_terminal,2026-06-24 12:00:00,34,33,1,64,4.43,1.08
APT-T1,airport_terminal,2026-06-24 13:00:00,19,18,1,63,3.7,1.0
APT-T1,airport_terminal,2026-06-24 14:00:00,17,16,1,39,3.01,1.07
APT-T1,airport_terminal,2026-06-24 15:00:00,17,16,1,35,3.34,1.0
APT-T1,airport_terminal,2026-06-24 16:00:00,25,24,1,35,3.87,1.0
APT-T1,airport_terminal,2026-06-24 17:00:00,23,22,1,26,3.37,1.04
APT-T1,airport_terminal,2026-06-24 18:00:00,19,18,1,22,3.57,1.03
APT-T1,airport_terminal,2026-06-24 19:00:00,27,21,6,12,5.76,1.42
APT-T1,airport_terminal,2026-06-24 20:00:00,32,31,1,24,3.57,1.08
APT-T1,airport_terminal,2026-06-24 21:00:00,67,24,43,13,9.21,2.01
APT-T1,airport_terminal,2026-06-24 22:00:00,74,24,50,11,8.98,2.11
APT-T1,airport_terminal,2026-06-24 23:00:00,103,29,74,17,8.09,2.14
APT-T1,airport_terminal,2026-06-25 00:00:00,55,23,32,13,8.1,1.99
APT-T1,airport_terminal,2026-06-25 01:00:00,82,20,62,8,9.57,2.26
APT-T1,airport_terminal,2026-06-25 02:00:00,69,29,40,15,7.99,1.96
APT-T1,airport_terminal,2026-06-25 03:00:00,54,35,19,16,5.7,1.48
APT-T1,airport_terminal,2026-06-25 04:00:00,35,18,17,11,7.82,1.65
APT-T1,airport_terminal,2026-06-25 05:00:00,37,21,16,12,7.43,1.66
APT-T1,airport_terminal,2026-06-25 06:00:00,48,27,21,17,6.63,1.68
APT-T1,airport_terminal,2026-06-25 07:00:00,51,50,1,34,2.0,1.0
APT-T1,airport_terminal,2026-06-25 08:00:00,47,46,1,32,5.51,1.01
APT-T1,airport_terminal,2026-06-25 09:00:00,34,33,1,44,4.47,1.06
APT-T1,airport_terminal,2026-06-25 10:00:00,26,25,1,58,2.93,1.03
APT-T1,airport_terminal,2026-06-25 11:00:00,29,28,1,49,3.31,1.12
APT-T1,airport_terminal,2026-06-25 12:00:00,28,27,1,57,3.63,1.0
APT-T1,airport_terminal,2026-06-25 13:00:00,28,27,1,54,2.64,1.06
APT-T1,airport_terminal,2026-06-25 14:00:00,19,18,1,51,3.26,1.03
APT-T1,airport_terminal,2026-06-25 15:00:00,25,24,1,47,5.16,1.0
APT-T1,airport_terminal,2026-06-25 16:00:00,24,23,1,39,2.25,1.06
APT-T1,airport_terminal,2026-06-25 17:00:00,18,17,1,16,2.88,1.06
APT-T1,airport_terminal,2026-06-25 18:00:00,21,20,1,24,4.89,1.07
APT-T1,airport_terminal,2026-06-25 19:00:00,26,25,1,29,3.91,1.01
APT-T1,airport_terminal,2026-06-25 20:00:00,30,29,1,17,3.01,1.02
APT-T1,airport_terminal,2026-06-25 21:00:00,46,27,19,16,8.33,1.64
APT-T1,airport_terminal,2026-06-25 22:00:00,90,22,68,9,11.91,2.22
APT-T1,airport_terminal,2026-06-25 23:00:00,109,34,75,17,10.13,2.09
APT-T1,airport_terminal,2026-06-26 00:00:00,83,21,62,14,10.67,2.16
APT-T1,airport_terminal,2026-06-26 01:00:00,121,30,91,14,9.76,2.16
APT-T1,airport_terminal,2026-06-26 02:00:00,91,22,69,9,10.33,2.21
APT-T1,airport_terminal,2026-06-26 03:00:00,56,22,34,13,9.92,1.97
APT-T1,airport_terminal,2026-06-26 04:00:00,40,28,12,19,7.01,1.34
APT-T1,airport_terminal,2026-06-26 05:00:00,49,45,4,22,4.38,1.26
APT-T1,airport_terminal,2026-06-26 06:00:00,59,44,15,26,5.98,1.39
APT-T1,airport_terminal,2026-06-26 07:00:00,63,54,9,32,5.02,1.18
APT-T1,airport_terminal,2026-06-26 08:00:00,69,67,2,39,3.84,1.07
APT-T1,airport_terminal,2026-06-26 09:00:00,41,40,1,43,3.27,1.0
APT-T1,airport_terminal,2026-06-26 10:00:00,40,39,1,58,4.34,1.04
APT-T1,airport_terminal,2026-06-26 11:00:00,18,17,1,74,4.22,1.18
APT-T1,airport_terminal,2026-06-26 12:00:00,27,26,1,58,3.8,1.0
APT-T1,airport_terminal,2026-06-26 13:00:00,27,26,1,78,3.98,1.0
APT-T1,airport_terminal,2026-06-26 14:00:00,27,26,1,55,4.35,1.02
APT-T1,airport_terminal,2026-06-26 15:00:00,16,15,1,52,4.15,1.0
APT-T1,airport_terminal,2026-06-26 16:00:00,22,21,1,39,2.82,1.02
APT-T1,airport_terminal,2026-06-26 17:00:00,36,35,1,41,4.28,1.02
APT-T1,airport_terminal,2026-06-26 18:00:00,18,17,1,26,4.35,1.0
APT-T1,airport_terminal,2026-06-26 19:00:00,18,17,1,25,2.0,1.03
APT-T1,airport_terminal,2026-06-26 20:00:00,45,25,20,15,8.22,1.62
APT-T1,airport_terminal,2026-06-26 21:00:00,73,19,54,11,10.46,2.15
APT-T1,airport_terminal,2026-06-26 22:00:00,101,25,76,8,9.4,2.19
APT-T1,airport_terminal,2026-06-26 23:00:00,129,32,97,14,9.55,2.15
APT-T1,airport_terminal,2026-06-27 00:00:00,79,19,60,10,10.38,2.15
APT-T1,airport_terminal,2026-06-27 01:00:00,115,28,87,13,10.72,2.12
APT-T1,airport_terminal,2026-06-27 02:00:00,94,24,70,16,8.8,2.13
APT-T1,airport_terminal,2026-06-27 03:00:00,60,24,36,15,8.8,1.97
APT-T1,airport_terminal,2026-06-27 04:00:00,35,34,1,21,4.32,1.03
APT-T1,airport_terminal,2026-06-27 05:00:00,44,27,17,17,7.67,1.47
APT-T1,airport_terminal,2026-06-27 06:00:00,64,34,30,18,7.64,1.73
APT-T1,airport_terminal,2026-06-27 07:00:00,61,44,17,28,6.01,1.32
APT-T1,airport_terminal,2026-06-27 08:00:00,43,42,1,33,4.39,1.0
APT-T1,airport_terminal,2026-06-27 09:00:00,44,43,1,38,3.6,1.0
APT-T1,airport_terminal,2026-06-27 10:00:00,26,25,1,45,4.0,1.05
APT-T1,airport_terminal,2026-06-27 11:00:00,26,25,1,61,4.24,1.02
APT-T1,airport_terminal,2026-06-27 12:00:00,25,24,1,61,3.17,1.09
APT-T1,airport_terminal,2026-06-27 13:00:00,18,17,1,72,3.84,1.09
APT-T1,airport_terminal,2026-06-27 14:00:00,21,20,1,64,2.81,1.0
APT-T1,airport_terminal,2026-06-27 15:00:00,36,35,1,39,4.45,1.07
APT-T1,airport_terminal,2026-06-27 16:00:00,22,21,1,53,3.3,1.05
APT-T1,airport_terminal,2026-06-27 17:00:00,23,22,1,37,3.48,1.14
APT-T1,airport_terminal,2026-06-27 18:00:00,25,24,1,24,3.57,1.0
APT-T1,airport_terminal,2026-06-27 19:00:00,29,28,1,24,4.22,1.0
APT-T1,airport_terminal,2026-06-27 20:00:00,27,26,1,17,4.13,1.01
APT-T1,airport_terminal,2026-06-27 21:00:00,63,23,40,11,8.35,2.12
APT-T1,airport_terminal,2026-06-27 22:00:00,91,28,63,16,10.44,2.04
APT-T1,airport_terminal,2026-06-27 23:00:00,112,28,84,11,9.97,2.2
APT-T1,airport_terminal,2026-06-28 00:00:00,72,21,51,12,9.05,2.2
APT-T1,airport_terminal,2026-06-28 01:00:00,92,23,69,8,9.81,2.23
APT-T1,airport_terminal,2026-06-28 02:00:00,64,30,34,15,9.64,1.94
APT-T1,airport_terminal,2026-06-28 03:00:00,66,25,41,13,9.76,1.97
APT-T1,airport_terminal,2026-06-28 04:00:00,41,29,12,17,7.44,1.39
APT-T1,airport_terminal,2026-06-28 05:00:00,44,35,9,18,4.71,1.36
APT-T1,airport_terminal,2026-06-28 06:00:00,48,27,21,14,5.92,1.66
APT-T1,airport_terminal,2026-06-28 07:00:00,49,48,1,26,3.48,1.0
APT-T1,airport_terminal,2026-06-28 08:00:00,50,49,1,31,2.91,1.0
APT-T1,airport_terminal,2026-06-28 09:00:00,38,37,1,33,3.54,1.06
APT-T1,airport_terminal,2026-06-28 10:00:00,34,33,1,47,3.98,1.0
APT-T1,airport_terminal,2026-06-28 11:00:00,21,20,1,54,3.66,1.03
APT-T1,airport_terminal,2026-06-28 12:00:00,27,26,1,65,3.62,1.0
APT-T1,airport_terminal,2026-06-28 13:00:00,21,20,1,53,2.63,1.12
APT-T1,airport_terminal,2026-06-28 14:00:00,17,16,1,63,3.75,1.01
APT-T1,airport_terminal,2026-06-28 15:00:00,17,16,1,39,4.73,1.0
APT-T1,airport_terminal,2026-06-28 16:00:00,22,21,1,33,5.07,1.05
APT-T1,airport_terminal,2026-06-28 17:00:00,24,23,1,18,4.38,1.0
APT-T1,airport_terminal,2026-06-28 18:00:00,25,24,1,18,4.26,1.06
APT-T1,airport_terminal,2026-06-28 19:00:00,22,21,1,19,4.06,1.07
APT-T1,airport_terminal,2026-06-28 20:00:00,35,32,3,15,2.5,1.23
APT-T1,airport_terminal,2026-06-28 21:00:00,60,20,40,10,9.39,2.01
APT-T1,airport_terminal,2026-06-28 22:00:00,91,23,68,12,10.86,2.28
APT-T1,airport_terminal,2026-06-28 23:00:00,102,25,77,15,11.38,2.28
APT-T1,airport_terminal,2026-06-29 00:00:00,73,18,55,7,10.44,2.14
APT-T1,airport_terminal,2026-06-29 01:00:00,104,26,78,13,10.33,2.31
APT-T1,airport_terminal,2026-06-29 02:00:00,78,35,43,16,9.37,1.89
APT-T1,airport_terminal,2026-06-29 03:00:00,34,10,24,6,10.73,2.04
APT-T1,airport_terminal,2026-06-29 04:00:00,40,33,7,21,5.19,1.33
APT-T1,airport_terminal,2026-06-29 05:00:00,34,24,10,13,6.83,1.41
APT-T1,airport_terminal,2026-06-29 06:00:00,49,27,22,17,7.68,1.58
APT-T1,airport_terminal,2026-06-29 07:00:00,52,50,2,26,3.61,1.0
APT-T1,airport_terminal,2026-06-29 08:00:00,59,58,1,34,3.5,1.07
APT-T1,airport_terminal,2026-06-29 09:00:00,50,49,1,55,3.3,1.11
APT-T1,airport_terminal,2026-06-29 10:00:00,25,24,1,54,3.46,1.0
APT-T1,airport_terminal,2026-06-29 11:00:00,21,20,1,40,3.97,1.0
APT-T1,airport_terminal,2026-06-29 12:00:00,17,16,1,60,4.04,1.0
APT-T1,airport_terminal,2026-06-29 13:00:00,17,16,1,68,3.49,1.06
APT-T1,airport_terminal,2026-06-29 14:00:00,18,17,1,52,2.59,1.07
APT-T1,airport_terminal,2026-06-29 15:00:00,27,26,1,42,2.94,1.06
APT-T1,airport_terminal,2026-06-29 16:00:00,27,26,1,40,3.85,1.04
APT-T1,airport_terminal,2026-06-29 17:00:00,13,12,1,25,3.49,1.0
APT-T1,airport_terminal,2026-06-29 18:00:00,15,14,1,27,2.85,1.04
APT-T1,airport_terminal,2026-06-29 19:00:00,20,19,1,15,4.67,1.0
APT-T1,airport_terminal,2026-06-29 20:00:00,33,31,2,15,5.06,1.1
APT-T1,airport_terminal,2026-06-29 21:00:00,56,23,33,12,9.57,2.05
APT-T1,airport_terminal,2026-06-29 22:00:00,93,29,64,15,8.84,2.12
APT-T1,airport_terminal,2026-06-29 23:00:00,104,26,78,9,9.44,2.21
APT-T1,airport_terminal,2026-06-30 00:00:00,70,21,49,12,8.11,2.11
APT-T1,airport_terminal,2026-06-30 01:00:00,87,21,66,9,9.77,2.27
APT-T1,airport_terminal,2026-06-30 02:00:00,71,26,45,12,10.37,2.05
APT-T1,airport_terminal,2026-06-30 03:00:00,43,12,31,8,10.04,2.11
APT-T1,airport_terminal,2026-06-30 04:00:00,39,17,22,11,9.78,1.86
APT-T1,airport_terminal,2026-06-30 05:00:00,33,25,8,15,6.75,1.46
APT-T1,airport_terminal,2026-06-30 06:00:00,52,38,14,19,7.13,1.38
APT-T1,airport_terminal,2026-06-30 07:00:00,51,49,2,30,3.57,1.09
APT-T1,airport_terminal,2026-06-30 08:00:00,56,55,1,34,2.75,1.02
APT-T1,airport_terminal,2026-06-30 09:00:00,37,36,1,46,2.47,1.08
APT-T1,airport_terminal,2026-06-30 10:00:00,19,18,1,48,4.91,1.18
APT-T1,airport_terminal,2026-06-30 11:00:00,28,27,1,62,4.42,1.04
APT-T1,airport_terminal,2026-06-30 12:00:00,20,19,1,63,2.57,1.07
APT-T1,airport_terminal,2026-06-30 13:00:00,17,16,1,53,3.39,1.13
APT-T1,airport_terminal,2026-06-30 14:00:00,19,18,1,60,3.89,1.0
APT-T1,airport_terminal,2026-06-30 15:00:00,25,24,1,46,4.63,1.02
APT-T1,airport_terminal,2026-06-30 16:00:00,17,16,1,35,3.57,1.07
APT-T1,airport_terminal,2026-06-30 17:00:00,17,16,1,26,3.66,1.04
APT-T1,airport_terminal,2026-06-30 18:00:00,25,24,1,21,2.42,1.0
APT-T1,airport_terminal,2026-06-30 19:00:00,18,17,1,16,3.77,1.07
APT-T1,airport_terminal,2026-06-30 20:00:00,48,26,22,13,7.47,1.75
APT-T1,airport_terminal,2026-06-30 21:00:00,58,23,35,13,9.74,2.02
APT-T1,airport_terminal,2026-06-30 22:00:00,83,20,63,8,12.27,2.19
APT-T1,airport_terminal,2026-06-30 23:00:00,110,27,83,10,9.94,2.28
APT-T2,airport_terminal,2026-05-01 00:00:00,78,36,42,22,7.78,1.75
APT-T2,airport_terminal,2026-05-01 01:00:00,96,26,70,15,9.46,2.07
APT-T2,airport_terminal,2026-05-01 02:00:00,93,23,70,9,10.64,2.16
APT-T2,airport_terminal,2026-05-01 03:00:00,71,21,50,14,9.54,2.06
APT-T2,airport_terminal,2026-05-01 04:00:00,43,16,27,9,10.13,2.0
APT-T2,airport_terminal,2026-05-01 05:00:00,40,30,10,18,6.13,1.31
APT-T2,airport_terminal,2026-05-01 06:00:00,49,48,1,28,3.35,1.11
APT-T2,airport_terminal,2026-05-01 07:00:00,57,56,1,36,4.45,1.13
APT-T2,airport_terminal,2026-05-01 08:00:00,47,46,1,39,2.31,1.05
APT-T2,airport_terminal,2026-05-01 09:00:00,61,60,1,53,3.51,1.01
APT-T2,airport_terminal,2026-05-01 10:00:00,33,32,1,49,4.06,1.0
APT-T2,airport_terminal,2026-05-01 11:00:00,29,28,1,58,4.95,1.0
APT-T2,airport_terminal,2026-05-01 12:00:00,25,24,1,73,3.65,1.0
APT-T2,airport_terminal,2026-05-01 13:00:00,23,22,1,55,2.9,1.1
APT-T2,airport_terminal,2026-05-01 14:00:00,17,16,1,58,3.23,1.0
APT-T2,airport_terminal,2026-05-01 15:00:00,25,24,1,42,4.42,1.0
APT-T2,airport_terminal,2026-05-01 16:00:00,32,31,1,51,3.1,1.04
APT-T2,airport_terminal,2026-05-01 17:00:00,27,26,1,36,3.4,1.0
APT-T2,airport_terminal,2026-05-01 18:00:00,29,28,1,20,4.65,1.12
APT-T2,airport_terminal,2026-05-01 19:00:00,23,22,1,23,4.98,1.01
APT-T2,airport_terminal,2026-05-01 20:00:00,55,29,26,17,6.49,1.78
APT-T2,airport_terminal,2026-05-01 21:00:00,57,53,4,25,4.16,1.1
APT-T2,airport_terminal,2026-05-01 22:00:00,97,24,73,10,9.21,2.23
APT-T2,airport_terminal,2026-05-01 23:00:00,121,30,91,8,9.47,2.12
APT-T2,airport_terminal,2026-05-02 00:00:00,78,20,58,13,10.75,2.17
APT-T2,airport_terminal,2026-05-02 01:00:00,86,22,64,14,9.12,2.16
APT-T2,airport_terminal,2026-05-02 02:00:00,89,22,67,12,10.27,2.27
APT-T2,airport_terminal,2026-05-02 03:00:00,51,27,24,15,7.57,1.73
APT-T2,airport_terminal,2026-05-02 04:00:00,30,29,1,15,4.0,1.04
APT-T2,airport_terminal,2026-05-02 05:00:00,48,35,13,19,5.39,1.51
APT-T2,airport_terminal,2026-05-02 06:00:00,65,32,33,18,9.08,1.75
APT-T2,airport_terminal,2026-05-02 07:00:00,74,69,5,32,5.61,1.05
APT-T2,airport_terminal,2026-05-02 08:00:00,76,74,2,47,3.09,1.03
APT-T2,airport_terminal,2026-05-02 09:00:00,51,50,1,54,3.56,1.0
APT-T2,airport_terminal,2026-05-02 10:00:00,22,21,1,57,4.47,1.0
APT-T2,airport_terminal,2026-05-02 11:00:00,21,20,1,66,4.32,1.0
APT-T2,airport_terminal,2026-05-02 12:00:00,15,14,1,49,3.59,1.0
APT-T2,airport_terminal,2026-05-02 13:00:00,27,26,1,66,3.86,1.0
APT-T2,airport_terminal,2026-05-02 14:00:00,22,21,1,65,3.34,1.01
APT-T2,airport_terminal,2026-05-02 15:00:00,17,16,1,57,3.96,1.0
APT-T2,airport_terminal,2026-05-02 16:00:00,25,24,1,35,4.13,1.01
APT-T2,airport_terminal,2026-05-02 17:00:00,34,33,1,36,2.47,1.01
APT-T2,airport_terminal,2026-05-02 18:00:00,21,20,1,26,2.83,1.09
APT-T2,airport_terminal,2026-05-02 19:00:00,28,27,1,25,3.92,1.05
APT-T2,airport_terminal,2026-05-02 20:00:00,37,26,11,13,4.29,1.48
APT-T2,airport_terminal,2026-05-02 21:00:00,64,22,42,14,9.01,1.91
APT-T2,airport_terminal,2026-05-02 22:00:00,102,27,75,18,9.68,2.19
APT-T2,airport_terminal,2026-05-02 23:00:00,110,27,83,10,10.54,2.19
APT-T2,airport_terminal,2026-05-03 00:00:00,78,19,59,8,9.34,2.27
APT-T2,airport_terminal,2026-05-03 01:00:00,109,29,80,15,9.08,2.27
APT-T2,airport_terminal,2026-05-03 02:00:00,71,22,49,12,10.89,2.11
APT-T2,airport_terminal,2026-05-03 03:00:00,56,21,35,10,7.24,2.0
APT-T2,airport_terminal,2026-05-03 04:00:00,34,14,20,9,8.89,1.9
APT-T2,airport_terminal,2026-05-03 05:00:00,34,27,7,14,6.14,1.32
APT-T2,airport_terminal,2026-05-03 06:00:00,53,32,21,19,5.73,1.55
APT-T2,airport_terminal,2026-05-03 07:00:00,58,50,8,30,3.6,1.16
APT-T2,airport_terminal,2026-05-03 08:00:00,49,48,1,28,3.0,1.03
APT-T2,airport_terminal,2026-05-03 09:00:00,41,40,1,38,4.33,1.15
APT-T2,airport_terminal,2026-05-03 10:00:00,29,28,1,52,3.72,1.13
APT-T2,airport_terminal,2026-05-03 11:00:00,28,27,1,68,3.04,1.0
APT-T2,airport_terminal,2026-05-03 12:00:00,17,16,1,63,3.4,1.1
APT-T2,airport_terminal,2026-05-03 13:00:00,17,16,1,52,3.55,1.0
APT-T2,airport_terminal,2026-05-03 14:00:00,30,29,1,65,5.16,1.0
APT-T2,airport_terminal,2026-05-03 15:00:00,21,20,1,48,3.58,1.1
APT-T2,airport_terminal,2026-05-03 16:00:00,17,16,1,42,3.7,1.02
APT-T2,airport_terminal,2026-05-03 17:00:00,27,26,1,32,3.56,1.0
APT-T2,airport_terminal,2026-05-03 18:00:00,19,18,1,17,3.13,1.19
APT-T2,airport_terminal,2026-05-03 19:00:00,23,18,5,12,4.8,1.27
APT-T2,airport_terminal,2026-05-03 20:00:00,31,27,4,13,4.05,1.08
APT-T2,airport_terminal,2026-05-03 21:00:00,54,20,34,13,8.95,1.94
APT-T2,airport_terminal,2026-05-03 22:00:00,109,27,82,9,9.64,2.06
APT-T2,airport_terminal,2026-05-03 23:00:00,103,25,78,6,9.91,2.16
APT-T2,airport_terminal,2026-05-04 00:00:00,82,20,62,9,11.0,2.22
APT-T2,airport_terminal,2026-05-04 01:00:00,80,28,52,19,9.37,2.03
APT-T2,airport_terminal,2026-05-04 02:00:00,75,31,44,20,8.5,2.0
APT-T2,airport_terminal,2026-05-04 03:00:00,59,36,23,17,7.28,1.57
APT-T2,airport_terminal,2026-05-04 04:00:00,30,21,9,12,5.64,1.43
APT-T2,airport_terminal,2026-05-04 05:00:00,42,30,12,16,6.19,1.48
APT-T2,airport_terminal,2026-05-04 06:00:00,46,45,1,26,3.61,1.02
APT-T2,airport_terminal,2026-05-04 07:00:00,71,63,8,35,4.5,1.07
APT-T2,airport_terminal,2026-05-04 08:00:00,51,50,1,38,3.4,1.04
APT-T2,airport_terminal,2026-05-04 09:00:00,47,46,1,47,4.36,1.01
APT-T2,airport_terminal,2026-05-04 10:00:00,29,28,1,54,3.24,1.0
APT-T2,airport_terminal,2026-05-04 11:00:00,28,27,1,50,2.74,1.0
APT-T2,airport_terminal,2026-05-04 12:00:00,25,24,1,55,3.35,1.04
APT-T2,airport_terminal,2026-05-04 13:00:00,28,27,1,49,2.99,1.0
APT-T2,airport_terminal,2026-05-04 14:00:00,20,19,1,58,3.93,1.14
APT-T2,airport_terminal,2026-05-04 15:00:00,38,37,1,49,4.02,1.07
APT-T2,airport_terminal,2026-05-04 16:00:00,23,22,1,43,4.21,1.0
APT-T2,airport_terminal,2026-05-04 17:00:00,20,19,1,27,3.52,1.11
APT-T2,airport_terminal,2026-05-04 18:00:00,27,26,1,21,4.46,1.0
APT-T2,airport_terminal,2026-05-04 19:00:00,19,18,1,10,3.61,1.01
APT-T2,airport_terminal,2026-05-04 20:00:00,41,31,10,15,5.58,1.37
APT-T2,airport_terminal,2026-05-04 21:00:00,63,26,37,13,9.11,1.78
APT-T2,airport_terminal,2026-05-04 22:00:00,96,24,72,8,10.34,2.2
APT-T2,airport_terminal,2026-05-04 23:00:00,104,27,77,15,9.47,2.12
APT-T2,airport_terminal,2026-05-05 00:00:00,77,23,54,14,8.88,2.15
APT-T2,airport_terminal,2026-05-05 01:00:00,89,22,67,11,11.73,2.16
APT-T2,airport_terminal,2026-05-05 02:00:00,80,20,60,10,9.26,2.24
APT-T2,airport_terminal,2026-05-05 03:00:00,52,19,33,9,9.3,1.93
APT-T2,airport_terminal,2026-05-05 04:00:00,36,35,1,19,4.26,1.0
APT-T2,airport_terminal,2026-05-05 05:00:00,39,26,13,13,7.16,1.56
APT-T2,airport_terminal,2026-05-05 06:00:00,51,41,10,20,5.47,1.3
APT-T2,airport_terminal,2026-05-05 07:00:00,63,16,47,10,10.33,2.24
APT-T2,airport_terminal,2026-05-05 08:00:00,43,42,1,36,4.01,1.0
APT-T2,airport_terminal,2026-05-05 09:00:00,45,44,1,40,3.68,1.0
APT-T2,airport_terminal,2026-05-05 10:00:00,22,21,1,46,3.41,1.0
APT-T2,airport_terminal,2026-05-05 11:00:00,27,26,1,51,2.9,1.05
APT-T2,airport_terminal,2026-05-05 12:00:00,18,17,1,66,3.81,1.0
APT-T2,airport_terminal,2026-05-05 13:00:00,16,15,1,76,4.49,1.0
APT-T2,airport_terminal,2026-05-05 14:00:00,19,18,1,48,3.6,1.11
APT-T2,airport_terminal,2026-05-05 15:00:00,14,13,1,42,3.36,1.0
APT-T2,airport_terminal,2026-05-05 16:00:00,21,20,1,34,2.89,1.07
APT-T2,airport_terminal,2026-05-05 17:00:00,19,18,1,26,3.9,1.04
APT-T2,airport_terminal,2026-05-05 18:00:00,20,19,1,16,3.43,1.0
APT-T2,airport_terminal,2026-05-05 19:00:00,29,25,4,15,3.31,1.05
APT-T2,airport_terminal,2026-05-05 20:00:00,33,22,11,13,6.31,1.58
APT-T2,airport_terminal,2026-05-05 21:00:00,66,18,48,11,9.3,2.15
APT-T2,airport_terminal,2026-05-05 22:00:00,95,23,72,6,10.17,2.25
APT-T2,airport_terminal,2026-05-05 23:00:00,109,27,82,13,10.78,2.24
APT-T2,airport_terminal,2026-05-06 00:00:00,81,28,53,14,10.5,2.02
APT-T2,airport_terminal,2026-05-06 01:00:00,97,30,67,19,9.05,2.09
APT-T2,airport_terminal,2026-05-06 02:00:00,87,23,64,15,8.54,2.18
APT-T2,airport_terminal,2026-05-06 03:00:00,53,21,32,10,9.73,1.96
APT-T2,airport_terminal,2026-05-06 04:00:00,35,26,9,13,5.42,1.46
APT-T2,airport_terminal,2026-05-06 05:00:00,31,30,1,18,3.15,1.01
APT-T2,airport_terminal,2026-05-06 06:00:00,45,40,5,22,3.77,1.2
APT-T2,airport_terminal,2026-05-06 07:00:00,57,56,1,29,3.94,1.0
APT-T2,airport_terminal,2026-05-06 08:00:00,60,45,15,25,5.76,1.33
APT-T2,airport_terminal,2026-05-06 09:00:00,45,44,1,42,5.1,1.01
APT-T2,airport_terminal,2026-05-06 10:00:00,31,30,1,46,2.3,1.04
APT-T2,airport_terminal,2026-05-06 11:00:00,23,22,1,55,2.36,1.05
APT-T2,airport_terminal,2026-05-06 12:00:00,21,20,1,52,3.78,1.0
APT-T2,airport_terminal,2026-05-06 13:00:00,29,28,1,60,4.56,1.0
APT-T2,airport_terminal,2026-05-06 14:00:00,21,20,1,54,3.49,1.04
APT-T2,airport_terminal,2026-05-06 15:00:00,19,18,1,33,4.48,1.0
APT-T2,airport_terminal,2026-05-06 16:00:00,21,20,1,29,3.82,1.06
APT-T2,airport_terminal,2026-05-06 17:00:00,22,21,1,23,2.22,1.07
APT-T2,airport_terminal,2026-05-06 18:00:00,15,14,1,18,4.57,1.04
APT-T2,airport_terminal,2026-05-06 19:00:00,25,24,1,19,3.43,1.01
APT-T2,airport_terminal,2026-05-06 20:00:00,38,25,13,16,6.1,1.53
APT-T2,airport_terminal,2026-05-06 21:00:00,57,16,41,9,9.87,2.13
APT-T2,airport_terminal,2026-05-06 22:00:00,83,21,62,13,9.98,2.29
APT-T2,airport_terminal,2026-05-06 23:00:00,79,20,59,13,10.13,2.16
APT-T2,airport_terminal,2026-05-07 00:00:00,64,25,39,16,8.69,2.01
APT-T2,airport_terminal,2026-05-07 01:00:00,98,24,74,8,10.92,2.26
APT-T2,airport_terminal,2026-05-07 02:00:00,74,19,55,11,10.75,2.05
APT-T2,airport_terminal,2026-05-07 03:00:00,43,42,1,25,3.78,1.03
APT-T2,airport_terminal,2026-05-07 04:00:00,46,37,9,18,5.87,1.24
APT-T2,airport_terminal,2026-05-07 05:00:00,43,37,6,20,3.88,1.21
APT-T2,airport_terminal,2026-05-07 06:00:00,62,38,24,23,8.19,1.65
APT-T2,airport_terminal,2026-05-07 07:00:00,74,52,22,30,7.21,1.35
APT-T2,airport_terminal,2026-05-07 08:00:00,60,59,1,40,2.78,1.0
APT-T2,airport_terminal,2026-05-07 09:00:00,47,46,1,34,4.45,1.08
APT-T2,airport_terminal,2026-05-07 10:00:00,32,31,1,60,2.32,1.03
APT-T2,airport_terminal,2026-05-07 11:00:00,23,22,1,54,5.27,1.01
APT-T2,airport_terminal,2026-05-07 12:00:00,21,20,1,67,2.96,1.02
APT-T2,airport_terminal,2026-05-07 13:00:00,12,11,1,52,3.99,1.18
APT-T2,airport_terminal,2026-05-07 14:00:00,20,19,1,52,2.0,1.05
APT-T2,airport_terminal,2026-05-07 15:00:00,21,20,1,40,4.82,1.0
APT-T2,airport_terminal,2026-05-07 16:00:00,19,18,1,32,3.43,1.05
APT-T2,airport_terminal,2026-05-07 17:00:00,28,27,1,29,3.45,1.04
APT-T2,airport_terminal,2026-05-07 18:00:00,18,17,1,24,3.0,1.04
APT-T2,airport_terminal,2026-05-07 19:00:00,22,21,1,16,2.84,1.08
APT-T2,airport_terminal,2026-05-07 20:00:00,28,27,1,27,4.29,1.03
APT-T2,airport_terminal,2026-05-07 21:00:00,53,21,32,10,8.0,1.9
APT-T2,airport_terminal,2026-05-07 22:00:00,101,36,65,17,8.8,1.99
APT-T2,airport_terminal,2026-05-07 23:00:00,106,26,80,10,9.79,2.2
APT-T2,airport_terminal,2026-05-08 00:00:00,103,32,71,15,10.12,2.07
APT-T2,airport_terminal,2026-05-08 01:00:00,94,23,71,10,9.07,2.26
APT-T2,airport_terminal,2026-05-08 02:00:00,91,43,48,21,8.63,1.8
APT-T2,airport_terminal,2026-05-08 03:00:00,57,34,23,16,6.42,1.62
APT-T2,airport_terminal,2026-05-08 04:00:00,49,23,26,12,8.06,1.78
APT-T2,airport_terminal,2026-05-08 05:00:00,46,45,1,26,3.76,1.0
APT-T2,airport_terminal,2026-05-08 06:00:00,58,37,21,23,8.32,1.5
APT-T2,airport_terminal,2026-05-08 07:00:00,51,38,13,25,5.72,1.39
APT-T2,airport_terminal,2026-05-08 08:00:00,71,69,2,43,2.0,1.08
APT-T2,airport_terminal,2026-05-08 09:00:00,49,48,1,58,3.45,1.09
APT-T2,airport_terminal,2026-05-08 10:00:00,48,47,1,63,3.76,1.03
APT-T2,airport_terminal,2026-05-08 11:00:00,21,20,1,52,2.55,1.07
APT-T2,airport_terminal,2026-05-08 12:00:00,20,19,1,69,3.95,1.03
APT-T2,airport_terminal,2026-05-08 13:00:00,26,25,1,60,5.46,1.04
APT-T2,airport_terminal,2026-05-08 14:00:00,23,22,1,68,4.35,1.02
APT-T2,airport_terminal,2026-05-08 15:00:00,24,23,1,49,2.85,1.0
APT-T2,airport_terminal,2026-05-08 16:00:00,25,24,1,36,4.34,1.12
APT-T2,airport_terminal,2026-05-08 17:00:00,19,18,1,31,3.86,1.02
APT-T2,airport_terminal,2026-05-08 18:00:00,28,27,1,20,3.46,1.0
APT-T2,airport_terminal,2026-05-08 19:00:00,20,19,1,15,2.81,1.0
APT-T2,airport_terminal,2026-05-08 20:00:00,43,37,6,18,4.21,1.28
APT-T2,airport_terminal,2026-05-08 21:00:00,56,27,29,16,8.78,1.78
APT-T2,airport_terminal,2026-05-08 22:00:00,118,46,72,24,8.58,2.0
APT-T2,airport_terminal,2026-05-08 23:00:00,122,30,92,9,9.99,2.19
APT-T2,airport_terminal,2026-05-09 00:00:00,72,21,51,14,9.28,2.12
APT-T2,airport_terminal,2026-05-09 01:00:00,103,25,78,10,9.55,2.17
APT-T2,airport_terminal,2026-05-09 02:00:00,83,22,61,14,10.95,2.14
APT-T2,airport_terminal,2026-05-09 03:00:00,59,17,42,8,9.78,2.12
APT-T2,airport_terminal,2026-05-09 04:00:00,47,28,19,13,7.1,1.75
APT-T2,airport_terminal,2026-05-09 05:00:00,48,39,9,19,3.72,1.25
APT-T2,airport_terminal,2026-05-09 06:00:00,55,36,19,19,8.59,1.5
APT-T2,airport_terminal,2026-05-09 07:00:00,51,50,1,30,3.3,1.0
APT-T2,airport_terminal,2026-05-09 08:00:00,69,54,15,32,5.98,1.27
APT-T2,airport_terminal,2026-05-09 09:00:00,36,35,1,63,2.77,1.05
APT-T2,airport_terminal,2026-05-09 10:00:00,36,35,1,68,3.53,1.0
APT-T2,airport_terminal,2026-05-09 11:00:00,17,16,1,73,4.15,1.0
APT-T2,airport_terminal,2026-05-09 12:00:00,24,23,1,55,3.51,1.03
APT-T2,airport_terminal,2026-05-09 13:00:00,34,33,1,72,4.19,1.05
APT-T2,airport_terminal,2026-05-09 14:00:00,22,21,1,51,4.07,1.03
APT-T2,airport_terminal,2026-05-09 15:00:00,20,19,1,64,4.55,1.08
APT-T2,airport_terminal,2026-05-09 16:00:00,28,27,1,41,3.18,1.0
APT-T2,airport_terminal,2026-05-09 17:00:00,44,43,1,37,4.48,1.01
APT-T2,airport_terminal,2026-05-09 18:00:00,16,15,1,30,4.51,1.03
APT-T2,airport_terminal,2026-05-09 19:00:00,29,28,1,19,3.99,1.09
APT-T2,airport_terminal,2026-05-09 20:00:00,42,25,17,12,6.16,1.61
APT-T2,airport_terminal,2026-05-09 21:00:00,48,16,32,11,9.74,1.99
APT-T2,airport_terminal,2026-05-09 22:00:00,98,26,72,15,10.47,2.09
APT-T2,airport_terminal,2026-05-09 23:00:00,123,30,93,12,10.46,2.08
APT-T2,airport_terminal,2026-05-10 00:00:00,71,17,54,10,11.3,2.2
APT-T2,airport_terminal,2026-05-10 01:00:00,105,26,79,12,10.18,2.23
APT-T2,airport_terminal,2026-05-10 02:00:00,79,32,47,15,8.35,1.95
APT-T2,airport_terminal,2026-05-10 03:00:00,46,17,29,9,9.94,2.09
APT-T2,airport_terminal,2026-05-10 04:00:00,35,34,1,22,5.51,1.0
APT-T2,airport_terminal,2026-05-10 05:00:00,50,31,19,17,7.36,1.56
APT-T2,airport_terminal,2026-05-10 06:00:00,57,52,5,25,4.18,1.09
APT-T2,airport_terminal,2026-05-10 07:00:00,60,38,22,18,6.35,1.58
APT-T2,airport_terminal,2026-05-10 08:00:00,51,50,1,31,3.05,1.0
APT-T2,airport_terminal,2026-05-10 09:00:00,40,39,1,53,3.68,1.0
APT-T2,airport_terminal,2026-05-10 10:00:00,27,26,1,47,2.5,1.12
APT-T2,airport_terminal,2026-05-10 11:00:00,27,26,1,53,3.02,1.0
APT-T2,airport_terminal,2026-05-10 12:00:00,22,21,1,56,3.42,1.0
APT-T2,airport_terminal,2026-05-10 13:00:00,22,21,1,54,3.35,1.01
APT-T2,airport_terminal,2026-05-10 14:00:00,23,22,1,59,4.44,1.02
APT-T2,airport_terminal,2026-05-10 15:00:00,23,22,1,38,3.86,1.06
APT-T2,airport_terminal,2026-05-10 16:00:00,22,21,1,27,2.5,1.1
APT-T2,airport_terminal,2026-05-10 17:00:00,21,20,1,26,2.73,1.01
APT-T2,airport_terminal,2026-05-10 18:00:00,35,34,1,26,2.0,1.14
APT-T2,airport_terminal,2026-05-10 19:00:00,25,24,1,25,3.99,1.0
APT-T2,airport_terminal,2026-05-10 20:00:00,32,31,1,16,2.7,1.0
APT-T2,airport_terminal,2026-05-10 21:00:00,49,15,34,7,9.66,2.07
APT-T2,airport_terminal,2026-05-10 22:00:00,103,31,72,15,10.25,2.12
APT-T2,airport_terminal,2026-05-10 23:00:00,101,34,67,18,8.27,1.93
APT-T2,airport_terminal,2026-05-11 00:00:00,73,18,55,5,11.37,2.22
APT-T2,airport_terminal,2026-05-11 01:00:00,74,43,31,20,6.98,1.72
APT-T2,airport_terminal,2026-05-11 02:00:00,77,19,58,10,10.16,2.13
APT-T2,airport_terminal,2026-05-11 03:00:00,47,16,31,10,9.06,2.02
APT-T2,airport_terminal,2026-05-11 04:00:00,41,27,14,15,5.99,1.55
APT-T2,airport_terminal,2026-05-11 05:00:00,38,34,4,20,3.92,1.18
APT-T2,airport_terminal,2026-05-11 06:00:00,66,35,31,23,6.68,1.76
APT-T2,airport_terminal,2026-05-11 07:00:00,48,47,1,32,3.27,1.02
APT-T2,airport_terminal,2026-05-11 08:00:00,44,43,1,34,2.95,1.04
APT-T2,airport_terminal,2026-05-11 09:00:00,43,42,1,43,3.85,1.02
APT-T2,airport_terminal,2026-05-11 10:00:00,30,29,1,57,3.95,1.0
APT-T2,airport_terminal,2026-05-11 11:00:00,16,15,1,32,3.27,1.04
APT-T2,airport_terminal,2026-05-11 12:00:00,35,34,1,55,3.91,1.07
APT-T2,airport_terminal,2026-05-11 13:00:00,26,25,1,45,4.21,1.04
APT-T2,airport_terminal,2026-05-11 14:00:00,27,26,1,55,4.2,1.0
APT-T2,airport_terminal,2026-05-11 15:00:00,13,12,1,34,3.05,1.0
APT-T2,airport_terminal,2026-05-11 16:00:00,25,24,1,34,3.3,1.18
APT-T2,airport_terminal,2026-05-11 17:00:00,25,24,1,30,4.1,1.04
APT-T2,airport_terminal,2026-05-11 18:00:00,23,22,1,15,3.35,1.19
APT-T2,airport_terminal,2026-05-11 19:00:00,25,24,1,16,3.62,1.04
APT-T2,airport_terminal,2026-05-11 20:00:00,26,13,13,7,7.55,1.76
APT-T2,airport_terminal,2026-05-11 21:00:00,57,19,38,10,9.01,2.01
APT-T2,airport_terminal,2026-05-11 22:00:00,76,23,53,13,10.43,2.03
APT-T2,airport_terminal,2026-05-11 23:00:00,107,31,76,16,9.98,2.05
APT-T2,airport_terminal,2026-05-12 00:00:00,91,22,69,2,8.75,2.11
APT-T2,airport_terminal,2026-05-12 01:00:00,90,45,45,21,7.84,1.87
APT-T2,airport_terminal,2026-05-12 02:00:00,93,23,70,12,10.18,2.27
APT-T2,airport_terminal,2026-05-12 03:00:00,46,21,25,11,7.09,1.8
APT-T2,airport_terminal,2026-05-12 04:00:00,38,25,13,12,6.54,1.55
APT-T2,airport_terminal,2026-05-12 05:00:00,43,30,13,20,7.58,1.36
APT-T2,airport_terminal,2026-05-12 06:00:00,53,48,5,23,3.61,1.16
APT-T2,airport_terminal,2026-05-12 07:00:00,56,54,2,27,4.09,1.0
APT-T2,airport_terminal,2026-05-12 08:00:00,49,48,1,37,5.46,1.0
APT-T2,airport_terminal,2026-05-12 09:00:00,65,64,1,36,3.65,1.0
APT-T2,airport_terminal,2026-05-12 10:00:00,29,28,1,39,4.54,1.02
APT-T2,airport_terminal,2026-05-12 11:00:00,29,28,1,52,4.29,1.0
APT-T2,airport_terminal,2026-05-12 12:00:00,26,25,1,46,4.34,1.0
APT-T2,airport_terminal,2026-05-12 13:00:00,28,27,1,70,3.89,1.0
APT-T2,airport_terminal,2026-05-12 14:00:00,27,26,1,54,2.67,1.0
APT-T2,airport_terminal,2026-05-12 15:00:00,18,17,1,41,3.41,1.03
APT-T2,airport_terminal,2026-05-12 16:00:00,17,16,1,38,4.42,1.13
APT-T2,airport_terminal,2026-05-12 17:00:00,21,20,1,30,4.84,1.0
APT-T2,airport_terminal,2026-05-12 18:00:00,26,25,1,27,3.82,1.06
APT-T2,airport_terminal,2026-05-12 19:00:00,29,27,2,18,4.13,1.05
APT-T2,airport_terminal,2026-05-12 20:00:00,37,19,18,10,6.42,1.76
APT-T2,airport_terminal,2026-05-12 21:00:00,58,15,43,9,10.33,2.17
APT-T2,airport_terminal,2026-05-12 22:00:00,90,22,68,10,8.81,2.23
APT-T2,airport_terminal,2026-05-12 23:00:00,101,25,76,10,10.42,2.13
APT-T2,airport_terminal,2026-05-13 00:00:00,57,15,42,8,9.36,2.13
APT-T2,airport_terminal,2026-05-13 01:00:00,79,22,57,12,9.8,2.12
APT-T2,airport_terminal,2026-05-13 02:00:00,75,30,45,18,8.52,1.9
APT-T2,airport_terminal,2026-05-13 03:00:00,33,32,1,18,3.14,1.14
APT-T2,airport_terminal,2026-05-13 04:00:00,32,26,6,15,3.6,1.25
APT-T2,airport_terminal,2026-05-13 05:00:00,36,23,13,11,7.77,1.54
APT-T2,airport_terminal,2026-05-13 06:00:00,58,30,28,16,8.74,1.77
APT-T2,airport_terminal,2026-05-13 07:00:00,52,40,12,25,6.09,1.27
APT-T2,airport_terminal,2026-05-13 08:00:00,50,49,1,37,4.64,1.0
APT-T2,airport_terminal,2026-05-13 09:00:00,48,47,1,40,3.64,1.08
APT-T2,airport_terminal,2026-05-13 10:00:00,49,48,1,51,4.03,1.06
APT-T2,airport_terminal,2026-05-13 11:00:00,22,21,1,63,2.33,1.07
APT-T2,airport_terminal,2026-05-13 12:00:00,17,16,1,56,3.32,1.0
APT-T2,airport_terminal,2026-05-13 13:00:00,13,12,1,57,3.7,1.0
APT-T2,airport_terminal,2026-05-13 14:00:00,25,24,1,54,5.42,1.03
APT-T2,airport_terminal,2026-05-13 15:00:00,23,22,1,38,2.84,1.08
APT-T2,airport_terminal,2026-05-13 16:00:00,22,21,1,34,2.68,1.03
APT-T2,airport_terminal,2026-05-13 17:00:00,20,19,1,26,3.58,1.05
APT-T2,airport_terminal,2026-05-13 18:00:00,22,21,1,32,4.59,1.0
APT-T2,airport_terminal,2026-05-13 19:00:00,21,20,1,15,3.22,1.0
APT-T2,airport_terminal,2026-05-13 20:00:00,47,27,20,13,7.01,1.7
APT-T2,airport_terminal,2026-05-13 21:00:00,51,18,33,9,10.21,2.0
APT-T2,airport_terminal,2026-05-13 22:00:00,77,22,55,14,10.68,2.1
APT-T2,airport_terminal,2026-05-13 23:00:00,98,24,74,11,9.69,2.25
APT-T2,airport_terminal,2026-05-14 00:00:00,71,17,54,10,10.42,2.24
APT-T2,airport_terminal,2026-05-14 01:00:00,91,22,69,10,8.52,2.33
APT-T2,airport_terminal,2026-05-14 02:00:00,85,21,64,10,10.01,2.21
APT-T2,airport_terminal,2026-05-14 03:00:00,48,22,26,11,7.84,1.91
APT-T2,airport_terminal,2026-05-14 04:00:00,35,26,9,16,6.03,1.51
APT-T2,airport_terminal,2026-05-14 05:00:00,41,24,17,15,8.46,1.6
APT-T2,airport_terminal,2026-05-14 06:00:00,61,34,27,20,6.99,1.75
APT-T2,airport_terminal,2026-05-14 07:00:00,59,46,13,30,3.67,1.32
APT-T2,airport_terminal,2026-05-14 08:00:00,57,56,1,51,3.98,1.1
APT-T2,airport_terminal,2026-05-14 09:00:00,52,51,1,44,3.19,1.07
APT-T2,airport_terminal,2026-05-14 10:00:00,46,45,1,28,2.03,1.0
APT-T2,airport_terminal,2026-05-14 11:00:00,21,20,1,50,2.69,1.1
APT-T2,airport_terminal,2026-05-14 12:00:00,17,16,1,52,3.64,1.0
APT-T2,airport_terminal,2026-05-14 13:00:00,22,21,1,58,4.46,1.18
APT-T2,airport_terminal,2026-05-14 14:00:00,23,22,1,53,3.17,1.05
APT-T2,airport_terminal,2026-05-14 15:00:00,15,14,1,43,3.01,1.01
APT-T2,airport_terminal,2026-05-14 16:00:00,18,17,1,22,4.27,1.06
APT-T2,airport_terminal,2026-05-14 17:00:00,23,22,1,31,3.06,1.03
APT-T2,airport_terminal,2026-05-14 18:00:00,15,14,1,21,3.1,1.03
APT-T2,airport_terminal,2026-05-14 19:00:00,27,26,1,22,4.52,1.09
APT-T2,airport_terminal,2026-05-14 20:00:00,29,20,9,11,5.8,1.46
APT-T2,airport_terminal,2026-05-14 21:00:00,54,25,29,15,7.8,1.86
APT-T2,airport_terminal,2026-05-14 22:00:00,88,36,52,17,9.4,1.88
APT-T2,airport_terminal,2026-05-14 23:00:00,118,29,89,11,11.71,2.19
APT-T2,airport_terminal,2026-05-15 00:00:00,79,38,41,18,10.41,1.71
APT-T2,airport_terminal,2026-05-15 01:00:00,124,31,93,12,10.87,2.22
APT-T2,airport_terminal,2026-05-15 02:00:00,88,25,63,13,9.85,2.16
APT-T2,airport_terminal,2026-05-15 03:00:00,59,20,39,12,9.65,1.91
APT-T2,airport_terminal,2026-05-15 04:00:00,42,37,5,21,3.11,1.11
APT-T2,airport_terminal,2026-05-15 05:00:00,47,33,14,19,5.89,1.39
APT-T2,airport_terminal,2026-05-15 06:00:00,69,40,29,19,8.01,1.67
APT-T2,airport_terminal,2026-05-15 07:00:00,69,56,13,32,5.78,1.24
APT-T2,airport_terminal,2026-05-15 08:00:00,57,47,10,31,4.02,1.2
APT-T2,airport_terminal,2026-05-15 09:00:00,44,43,1,62,4.81,1.03
APT-T2,airport_terminal,2026-05-15 10:00:00,36,35,1,61,2.48,1.11
APT-T2,airport_terminal,2026-05-15 11:00:00,35,34,1,74,2.0,1.03
APT-T2,airport_terminal,2026-05-15 12:00:00,27,26,1,71,3.49,1.09
APT-T2,airport_terminal,2026-05-15 13:00:00,23,22,1,59,4.78,1.0
APT-T2,airport_terminal,2026-05-15 14:00:00,30,29,1,58,2.39,1.0
APT-T2,airport_terminal,2026-05-15 15:00:00,16,15,1,43,4.69,1.06
APT-T2,airport_terminal,2026-05-15 16:00:00,24,23,1,43,3.77,1.0
APT-T2,airport_terminal,2026-05-15 17:00:00,16,15,1,35,2.35,1.03
APT-T2,airport_terminal,2026-05-15 18:00:00,25,24,1,21,2.97,1.05
APT-T2,airport_terminal,2026-05-15 19:00:00,33,24,9,15,5.63,1.37
APT-T2,airport_terminal,2026-05-15 20:00:00,32,31,1,22,3.59,1.0
APT-T2,airport_terminal,2026-05-15 21:00:00,62,22,40,12,9.39,1.95
APT-T2,airport_terminal,2026-05-15 22:00:00,83,25,58,14,10.12,2.05
APT-T2,airport_terminal,2026-05-15 23:00:00,112,38,74,21,9.18,2.09
APT-T2,airport_terminal,2026-05-16 00:00:00,74,24,50,13,8.89,2.06
APT-T2,airport_terminal,2026-05-16 01:00:00,117,29,88,14,10.54,2.2
APT-T2,airport_terminal,2026-05-16 02:00:00,82,29,53,15,10.79,1.98
APT-T2,airport_terminal,2026-05-16 03:00:00,67,16,51,7,9.65,2.23
APT-T2,airport_terminal,2026-05-16 04:00:00,48,20,28,11,10.21,1.92
APT-T2,airport_terminal,2026-05-16 05:00:00,44,37,7,18,6.16,1.23
APT-T2,airport_terminal,2026-05-16 06:00:00,81,59,22,31,6.11,1.53
APT-T2,airport_terminal,2026-05-16 07:00:00,64,51,13,29,4.16,1.35
APT-T2,airport_terminal,2026-05-16 08:00:00,64,63,1,46,2.87,1.05
APT-T2,airport_terminal,2026-05-16 09:00:00,37,36,1,45,3.19,1.05
APT-T2,airport_terminal,2026-05-16 10:00:00,38,37,1,71,2.38,1.16
APT-T2,airport_terminal,2026-05-16 11:00:00,27,26,1,74,2.68,1.0
APT-T2,airport_terminal,2026-05-16 12:00:00,26,25,1,66,2.79,1.11
APT-T2,airport_terminal,2026-05-16 13:00:00,21,20,1,71,4.45,1.05
APT-T2,airport_terminal,2026-05-16 14:00:00,23,22,1,56,4.31,1.11
APT-T2,airport_terminal,2026-05-16 15:00:00,29,28,1,52,4.82,1.0
APT-T2,airport_terminal,2026-05-16 16:00:00,27,26,1,42,3.85,1.0
APT-T2,airport_terminal,2026-05-16 17:00:00,13,12,1,42,3.46,1.0
APT-T2,airport_terminal,2026-05-16 18:00:00,29,28,1,17,3.28,1.0
APT-T2,airport_terminal,2026-05-16 19:00:00,20,19,1,25,2.76,1.01
APT-T2,airport_terminal,2026-05-16 20:00:00,35,34,1,23,3.48,1.04
APT-T2,airport_terminal,2026-05-16 21:00:00,61,29,32,17,8.64,1.89
APT-T2,airport_terminal,2026-05-16 22:00:00,116,29,87,17,9.1,2.26
APT-T2,airport_terminal,2026-05-16 23:00:00,90,40,50,19,9.27,1.93
APT-T2,airport_terminal,2026-05-17 00:00:00,70,17,53,8,10.62,2.08
APT-T2,airport_terminal,2026-05-17 01:00:00,80,20,60,9,10.35,2.16
APT-T2,airport_terminal,2026-05-17 02:00:00,72,23,49,14,9.81,2.06
APT-T2,airport_terminal,2026-05-17 03:00:00,48,30,18,15,5.42,1.48
APT-T2,airport_terminal,2026-05-17 04:00:00,33,26,7,16,5.16,1.34
APT-T2,airport_terminal,2026-05-17 05:00:00,33,27,6,15,4.87,1.24
APT-T2,airport_terminal,2026-05-17 06:00:00,74,45,29,22,7.54,1.57
APT-T2,airport_terminal,2026-05-17 07:00:00,56,43,13,25,4.85,1.32
APT-T2,airport_terminal,2026-05-17 08:00:00,55,54,1,35,3.74,1.0
APT-T2,airport_terminal,2026-05-17 09:00:00,42,41,1,49,4.35,1.0
APT-T2,airport_terminal,2026-05-17 10:00:00,28,27,1,50,4.26,1.0
APT-T2,airport_terminal,2026-05-17 11:00:00,26,25,1,56,4.36,1.0
APT-T2,airport_terminal,2026-05-17 12:00:00,20,19,1,70,3.91,1.0
APT-T2,airport_terminal,2026-05-17 13:00:00,23,22,1,69,3.28,1.1
APT-T2,airport_terminal,2026-05-17 14:00:00,24,23,1,53,2.97,1.05
APT-T2,airport_terminal,2026-05-17 15:00:00,18,17,1,38,2.5,1.01
APT-T2,airport_terminal,2026-05-17 16:00:00,19,18,1,34,3.24,1.0
APT-T2,airport_terminal,2026-05-17 17:00:00,28,27,1,27,4.2,1.07
APT-T2,airport_terminal,2026-05-17 18:00:00,21,20,1,24,4.1,1.0
APT-T2,airport_terminal,2026-05-17 19:00:00,23,22,1,20,3.29,1.0
APT-T2,airport_terminal,2026-05-17 20:00:00,34,20,14,10,8.1,1.64
APT-T2,airport_terminal,2026-05-17 21:00:00,65,24,41,14,10.63,2.08
APT-T2,airport_terminal,2026-05-17 22:00:00,93,23,70,10,9.3,2.29
APT-T2,airport_terminal,2026-05-17 23:00:00,94,23,71,10,11.95,2.17
APT-T2,airport_terminal,2026-05-18 00:00:00,72,18,54,11,11.32,2.18
APT-T2,airport_terminal,2026-05-18 01:00:00,72,20,52,11,9.51,2.18
APT-T2,airport_terminal,2026-05-18 02:00:00,79,28,51,13,8.4,1.97
APT-T2,airport_terminal,2026-05-18 03:00:00,47,25,22,14,7.81,1.6
APT-T2,airport_terminal,2026-05-18 04:00:00,34,33,1,17,3.99,1.02
APT-T2,airport_terminal,2026-05-18 05:00:00,41,40,1,21,3.15,1.05
APT-T2,airport_terminal,2026-05-18 06:00:00,47,38,9,21,5.73,1.37
APT-T2,airport_terminal,2026-05-18 07:00:00,59,50,9,27,5.37,1.19
APT-T2,airport_terminal,2026-05-18 08:00:00,49,48,1,45,2.46,1.15
APT-T2,airport_terminal,2026-05-18 09:00:00,44,43,1,42,3.13,1.0
APT-T2,airport_terminal,2026-05-18 10:00:00,37,36,1,59,3.57,1.0
APT-T2,airport_terminal,2026-05-18 11:00:00,25,24,1,54,4.08,1.04
APT-T2,airport_terminal,2026-05-18 12:00:00,23,22,1,59,4.09,1.06
APT-T2,airport_terminal,2026-05-18 13:00:00,17,16,1,64,3.82,1.0
APT-T2,airport_terminal,2026-05-18 14:00:00,27,26,1,48,2.71,1.0
APT-T2,airport_terminal,2026-05-18 15:00:00,27,26,1,45,3.7,1.0
APT-T2,airport_terminal,2026-05-18 16:00:00,17,16,1,29,2.67,1.0
APT-T2,airport_terminal,2026-05-18 17:00:00,11,10,1,29,4.29,1.0
APT-T2,airport_terminal,2026-05-18 18:00:00,32,31,1,23,2.52,1.0
APT-T2,airport_terminal,2026-05-18 19:00:00,29,25,4,15,4.22,1.13
APT-T2,airport_terminal,2026-05-18 20:00:00,23,22,1,14,2.34,1.0
APT-T2,airport_terminal,2026-05-18 21:00:00,60,19,41,10,8.35,2.14
APT-T2,airport_terminal,2026-05-18 22:00:00,91,23,68,14,10.08,2.19
APT-T2,airport_terminal,2026-05-18 23:00:00,110,27,83,12,10.45,2.24
APT-T2,airport_terminal,2026-05-19 00:00:00,69,42,27,20,7.12,1.55
APT-T2,airport_terminal,2026-05-19 01:00:00,93,23,70,6,9.21,2.17
APT-T2,airport_terminal,2026-05-19 02:00:00,87,23,64,15,10.2,2.16
APT-T2,airport_terminal,2026-05-19 03:00:00,37,28,9,15,5.02,1.38
APT-T2,airport_terminal,2026-05-19 04:00:00,33,18,15,11,7.93,1.8
APT-T2,airport_terminal,2026-05-19 05:00:00,44,34,10,17,5.74,1.41
APT-T2,airport_terminal,2026-05-19 06:00:00,62,40,22,27,5.9,1.58
APT-T2,airport_terminal,2026-05-19 07:00:00,47,46,1,35,3.0,1.0
APT-T2,airport_terminal,2026-05-19 08:00:00,59,58,1,34,3.44,1.0
APT-T2,airport_terminal,2026-05-19 09:00:00,52,51,1,35,4.38,1.02
APT-T2,airport_terminal,2026-05-19 10:00:00,27,26,1,57,4.78,1.0
APT-T2,airport_terminal,2026-05-19 11:00:00,24,23,1,53,3.52,1.11
APT-T2,airport_terminal,2026-05-19 12:00:00,21,20,1,62,3.16,1.19
APT-T2,airport_terminal,2026-05-19 13:00:00,26,25,1,49,4.71,1.16
APT-T2,airport_terminal,2026-05-19 14:00:00,21,20,1,43,2.38,1.07
APT-T2,airport_terminal,2026-05-19 15:00:00,15,14,1,52,4.32,1.0
APT-T2,airport_terminal,2026-05-19 16:00:00,18,17,1,37,3.28,1.0
APT-T2,airport_terminal,2026-05-19 17:00:00,19,18,1,23,4.2,1.02
APT-T2,airport_terminal,2026-05-19 18:00:00,24,23,1,16,3.9,1.01
APT-T2,airport_terminal,2026-05-19 19:00:00,29,28,1,19,5.52,1.0
APT-T2,airport_terminal,2026-05-19 20:00:00,36,35,1,19,3.41,1.04
APT-T2,airport_terminal,2026-05-19 21:00:00,59,24,35,14,9.36,1.94
APT-T2,airport_terminal,2026-05-19 22:00:00,105,26,79,12,9.59,2.35
APT-T2,airport_terminal,2026-05-19 23:00:00,115,30,85,18,9.26,2.26
APT-T2,airport_terminal,2026-05-20 00:00:00,66,20,46,11,10.52,2.19
APT-T2,airport_terminal,2026-05-20 01:00:00,93,29,64,16,9.84,1.99
APT-T2,airport_terminal,2026-05-20 02:00:00,71,40,31,19,7.65,1.71
APT-T2,airport_terminal,2026-05-20 03:00:00,51,23,28,15,8.25,1.81
APT-T2,airport_terminal,2026-05-20 04:00:00,37,19,18,10,8.09,1.83
APT-T2,airport_terminal,2026-05-20 05:00:00,31,30,1,26,2.48,1.11
APT-T2,airport_terminal,2026-05-20 06:00:00,42,35,7,18,4.25,1.31
APT-T2,airport_terminal,2026-05-20 07:00:00,46,45,1,27,4.35,1.0
APT-T2,airport_terminal,2026-05-20 08:00:00,46,45,1,35,4.17,1.0
APT-T2,airport_terminal,2026-05-20 09:00:00,38,37,1,44,3.66,1.01
APT-T2,airport_terminal,2026-05-20 10:00:00,31,30,1,65,5.21,1.02
APT-T2,airport_terminal,2026-05-20 11:00:00,27,26,1,54,3.02,1.0
APT-T2,airport_terminal,2026-05-20 12:00:00,21,20,1,60,3.74,1.04
APT-T2,airport_terminal,2026-05-20 13:00:00,16,15,1,49,4.6,1.0
APT-T2,airport_terminal,2026-05-20 14:00:00,11,10,1,57,4.45,1.0
APT-T2,airport_terminal,2026-05-20 15:00:00,20,19,1,39,2.95,1.0
APT-T2,airport_terminal,2026-05-20 16:00:00,15,14,1,40,3.33,1.0
APT-T2,airport_terminal,2026-05-20 17:00:00,22,21,1,27,3.25,1.0
APT-T2,airport_terminal,2026-05-20 18:00:00,19,18,1,14,3.83,1.0
APT-T2,airport_terminal,2026-05-20 19:00:00,26,25,1,20,4.46,1.08
APT-T2,airport_terminal,2026-05-20 20:00:00,46,18,28,10,8.49,1.87
APT-T2,airport_terminal,2026-05-20 21:00:00,67,17,50,11,10.52,2.23
APT-T2,airport_terminal,2026-05-20 22:00:00,94,23,71,11,9.98,2.08
APT-T2,airport_terminal,2026-05-20 23:00:00,102,25,77,12,9.98,2.2
APT-T2,airport_terminal,2026-05-21 00:00:00,69,44,25,21,5.96,1.57
APT-T2,airport_terminal,2026-05-21 01:00:00,80,26,54,13,9.15,2.11
APT-T2,airport_terminal,2026-05-21 02:00:00,86,25,61,13,9.78,2.15
APT-T2,airport_terminal,2026-05-21 03:00:00,42,14,28,7,9.33,2.02
APT-T2,airport_terminal,2026-05-21 04:00:00,33,22,11,15,6.59,1.45
APT-T2,airport_terminal,2026-05-21 05:00:00,40,39,1,22,6.08,1.01
APT-T2,airport_terminal,2026-05-21 06:00:00,60,42,18,23,5.92,1.49
APT-T2,airport_terminal,2026-05-21 07:00:00,44,43,1,26,4.54,1.0
APT-T2,airport_terminal,2026-05-21 08:00:00,59,58,1,44,3.95,1.04
APT-T2,airport_terminal,2026-05-21 09:00:00,41,40,1,50,4.22,1.13
APT-T2,airport_terminal,2026-05-21 10:00:00,35,34,1,44,4.62,1.0
APT-T2,airport_terminal,2026-05-21 11:00:00,23,22,1,57,4.2,1.0
APT-T2,airport_terminal,2026-05-21 12:00:00,25,24,1,59,3.92,1.0
APT-T2,airport_terminal,2026-05-21 13:00:00,29,28,1,60,3.04,1.06
APT-T2,airport_terminal,2026-05-21 14:00:00,21,20,1,61,2.39,1.04
APT-T2,airport_terminal,2026-05-21 15:00:00,21,20,1,35,3.67,1.0
APT-T2,airport_terminal,2026-05-21 16:00:00,21,20,1,39,3.42,1.05
APT-T2,airport_terminal,2026-05-21 17:00:00,18,17,1,25,4.01,1.0
APT-T2,airport_terminal,2026-05-21 18:00:00,23,22,1,27,2.85,1.0
APT-T2,airport_terminal,2026-05-21 19:00:00,30,22,8,14,6.35,1.53
APT-T2,airport_terminal,2026-05-21 20:00:00,38,37,1,26,3.29,1.0
APT-T2,airport_terminal,2026-05-21 21:00:00,63,20,43,12,9.47,2.17
APT-T2,airport_terminal,2026-05-21 22:00:00,81,20,61,10,10.54,2.27
APT-T2,airport_terminal,2026-05-21 23:00:00,119,29,90,15,9.34,2.21
APT-T2,airport_terminal,2026-05-22 00:00:00,73,30,43,19,8.07,1.92
APT-T2,airport_terminal,2026-05-22 01:00:00,101,25,76,14,9.61,2.29
APT-T2,airport_terminal,2026-05-22 02:00:00,74,24,50,13,9.32,2.1
APT-T2,airport_terminal,2026-05-22 03:00:00,52,26,26,14,6.66,1.81
APT-T2,airport_terminal,2026-05-22 04:00:00,53,36,17,19,5.78,1.46
APT-T2,airport_terminal,2026-05-22 05:00:00,43,42,1,22,4.42,1.03
APT-T2,airport_terminal,2026-05-22 06:00:00,66,59,7,28,4.12,1.13
APT-T2,airport_terminal,2026-05-22 07:00:00,56,55,1,37,4.43,1.0
APT-T2,airport_terminal,2026-05-22 08:00:00,61,60,1,52,2.0,1.07
APT-T2,airport_terminal,2026-05-22 09:00:00,41,40,1,59,3.99,1.0
APT-T2,airport_terminal,2026-05-22 10:00:00,32,31,1,67,5.01,1.0
APT-T2,airport_terminal,2026-05-22 11:00:00,31,30,1,63,3.11,1.0
APT-T2,airport_terminal,2026-05-22 12:00:00,24,23,1,69,3.92,1.0
APT-T2,airport_terminal,2026-05-22 13:00:00,24,23,1,77,4.19,1.02
APT-T2,airport_terminal,2026-05-22 14:00:00,31,30,1,74,3.33,1.03
APT-T2,airport_terminal,2026-05-22 15:00:00,19,18,1,55,3.33,1.09
APT-T2,airport_terminal,2026-05-22 16:00:00,20,19,1,45,3.92,1.0
APT-T2,airport_terminal,2026-05-22 17:00:00,20,19,1,42,3.35,1.1
APT-T2,airport_terminal,2026-05-22 18:00:00,21,20,1,27,3.06,1.02
APT-T2,airport_terminal,2026-05-22 19:00:00,32,31,1,21,4.54,1.0
APT-T2,airport_terminal,2026-05-22 20:00:00,31,30,1,16,3.27,1.04
APT-T2,airport_terminal,2026-05-22 21:00:00,75,21,54,13,10.45,2.16
APT-T2,airport_terminal,2026-05-22 22:00:00,110,30,80,20,10.08,2.17
APT-T2,airport_terminal,2026-05-22 23:00:00,105,26,79,9,9.95,2.18
APT-T2,airport_terminal,2026-05-23 00:00:00,80,35,45,18,8.87,1.93
APT-T2,airport_terminal,2026-05-23 01:00:00,102,26,76,16,10.47,2.13
APT-T2,airport_terminal,2026-05-23 02:00:00,83,30,53,14,8.56,2.0
APT-T2,airport_terminal,2026-05-23 03:00:00,67,34,33,16,9.03,1.7
APT-T2,airport_terminal,2026-05-23 04:00:00,40,26,14,14,7.53,1.54
APT-T2,airport_terminal,2026-05-23 05:00:00,59,46,13,23,5.93,1.35
APT-T2,airport_terminal,2026-05-23 06:00:00,60,33,27,22,7.09,1.55
APT-T2,airport_terminal,2026-05-23 07:00:00,65,43,22,28,7.71,1.52
APT-T2,airport_terminal,2026-05-23 08:00:00,54,53,1,39,3.73,1.15
APT-T2,airport_terminal,2026-05-23 09:00:00,49,48,1,59,3.74,1.0
APT-T2,airport_terminal,2026-05-23 10:00:00,25,24,1,72,3.63,1.17
APT-T2,airport_terminal,2026-05-23 11:00:00,32,31,1,63,3.6,1.01
APT-T2,airport_terminal,2026-05-23 12:00:00,25,24,1,72,4.42,1.1
APT-T2,airport_terminal,2026-05-23 13:00:00,21,20,1,69,3.54,1.05
APT-T2,airport_terminal,2026-05-23 14:00:00,24,23,1,52,3.66,1.1
APT-T2,airport_terminal,2026-05-23 15:00:00,20,19,1,66,3.17,1.01
APT-T2,airport_terminal,2026-05-23 16:00:00,20,19,1,41,4.26,1.0
APT-T2,airport_terminal,2026-05-23 17:00:00,21,20,1,30,4.2,1.0
APT-T2,airport_terminal,2026-05-23 18:00:00,14,13,1,23,3.89,1.0
APT-T2,airport_terminal,2026-05-23 19:00:00,34,33,1,19,3.12,1.05
APT-T2,airport_terminal,2026-05-23 20:00:00,45,22,23,11,8.48,1.73
APT-T2,airport_terminal,2026-05-23 21:00:00,70,37,33,18,9.34,1.8
APT-T2,airport_terminal,2026-05-23 22:00:00,100,25,75,13,10.02,2.18
APT-T2,airport_terminal,2026-05-23 23:00:00,113,41,72,20,9.35,2.04
APT-T2,airport_terminal,2026-05-24 00:00:00,56,14,42,7,11.01,2.18
APT-T2,airport_terminal,2026-05-24 01:00:00,68,17,51,9,9.94,2.2
APT-T2,airport_terminal,2026-05-24 02:00:00,68,17,51,8,10.92,2.12
APT-T2,airport_terminal,2026-05-24 03:00:00,44,21,23,14,6.66,1.86
APT-T2,airport_terminal,2026-05-24 04:00:00,45,33,12,17,6.09,1.4
APT-T2,airport_terminal,2026-05-24 05:00:00,32,26,6,15,4.54,1.24
APT-T2,airport_terminal,2026-05-24 06:00:00,55,51,4,27,4.17,1.16
APT-T2,airport_terminal,2026-05-24 07:00:00,61,60,1,37,2.45,1.09
APT-T2,airport_terminal,2026-05-24 08:00:00,40,39,1,25,3.2,1.03
APT-T2,airport_terminal,2026-05-24 09:00:00,38,37,1,41,4.29,1.06
APT-T2,airport_terminal,2026-05-24 10:00:00,35,34,1,54,3.77,1.0
APT-T2,airport_terminal,2026-05-24 11:00:00,19,18,1,62,3.71,1.1
APT-T2,airport_terminal,2026-05-24 12:00:00,20,19,1,54,3.21,1.11
APT-T2,airport_terminal,2026-05-24 13:00:00,17,16,1,50,3.42,1.0
APT-T2,airport_terminal,2026-05-24 14:00:00,21,20,1,56,5.01,1.06
APT-T2,airport_terminal,2026-05-24 15:00:00,24,23,1,49,3.77,1.04
APT-T2,airport_terminal,2026-05-24 16:00:00,22,21,1,30,4.45,1.0
APT-T2,airport_terminal,2026-05-24 17:00:00,13,12,1,18,4.41,1.03
APT-T2,airport_terminal,2026-05-24 18:00:00,19,18,1,31,4.34,1.09
APT-T2,airport_terminal,2026-05-24 19:00:00,14,13,1,15,3.45,1.0
APT-T2,airport_terminal,2026-05-24 20:00:00,29,28,1,19,3.14,1.0
APT-T2,airport_terminal,2026-05-24 21:00:00,54,26,28,14,7.91,1.79
APT-T2,airport_terminal,2026-05-24 22:00:00,118,30,88,15,10.27,2.21
APT-T2,airport_terminal,2026-05-24 23:00:00,92,23,69,8,10.55,2.27
APT-T2,airport_terminal,2026-05-25 00:00:00,78,23,55,13,9.26,2.26
APT-T2,airport_terminal,2026-05-25 01:00:00,101,25,76,12,9.41,2.25
APT-T2,airport_terminal,2026-05-25 02:00:00,73,18,55,8,9.56,2.17
APT-T2,airport_terminal,2026-05-25 03:00:00,60,18,42,11,9.45,2.08
APT-T2,airport_terminal,2026-05-25 04:00:00,36,20,16,13,7.48,1.77
APT-T2,airport_terminal,2026-05-25 05:00:00,48,18,30,12,9.79,1.96
APT-T2,airport_terminal,2026-05-25 06:00:00,55,54,1,29,2.03,1.02
APT-T2,airport_terminal,2026-05-25 07:00:00,66,51,15,26,3.32,1.36
APT-T2,airport_terminal,2026-05-25 08:00:00,58,57,1,33,3.62,1.0
APT-T2,airport_terminal,2026-05-25 09:00:00,38,37,1,42,3.29,1.1
APT-T2,airport_terminal,2026-05-25 10:00:00,37,36,1,43,5.1,1.14
APT-T2,airport_terminal,2026-05-25 11:00:00,13,12,1,60,5.86,1.0
APT-T2,airport_terminal,2026-05-25 12:00:00,29,28,1,56,4.65,1.07
APT-T2,airport_terminal,2026-05-25 13:00:00,18,17,1,63,3.11,1.0
APT-T2,airport_terminal,2026-05-25 14:00:00,27,26,1,56,2.51,1.02
APT-T2,airport_terminal,2026-05-25 15:00:00,17,16,1,40,2.53,1.13
APT-T2,airport_terminal,2026-05-25 16:00:00,19,18,1,43,2.34,1.07
APT-T2,airport_terminal,2026-05-25 17:00:00,15,14,1,31,3.23,1.0
APT-T2,airport_terminal,2026-05-25 18:00:00,35,34,1,26,2.13,1.02
APT-T2,airport_terminal,2026-05-25 19:00:00,24,23,1,15,2.77,1.0
APT-T2,airport_terminal,2026-05-25 20:00:00,30,29,1,26,3.43,1.0
APT-T2,airport_terminal,2026-05-25 21:00:00,77,19,58,10,10.56,2.18
APT-T2,airport_terminal,2026-05-25 22:00:00,76,23,53,11,9.44,2.04
APT-T2,airport_terminal,2026-05-25 23:00:00,104,26,78,13,9.75,2.24
APT-T2,airport_terminal,2026-05-26 00:00:00,64,20,44,12,9.39,2.12
APT-T2,airport_terminal,2026-05-26 01:00:00,89,22,67,11,10.52,2.13
APT-T2,airport_terminal,2026-05-26 02:00:00,77,22,55,12,10.92,2.03
APT-T2,airport_terminal,2026-05-26 03:00:00,41,23,18,14,6.17,1.61
APT-T2,airport_terminal,2026-05-26 04:00:00,39,21,18,10,8.15,1.62
APT-T2,airport_terminal,2026-05-26 05:00:00,38,25,13,14,6.33,1.52
APT-T2,airport_terminal,2026-05-26 06:00:00,60,28,32,18,9.25,1.91
APT-T2,airport_terminal,2026-05-26 07:00:00,50,45,5,30,5.64,1.2
APT-T2,airport_terminal,2026-05-26 08:00:00,44,43,1,29,4.24,1.13
APT-T2,airport_terminal,2026-05-26 09:00:00,42,41,1,53,4.92,1.02
APT-T2,airport_terminal,2026-05-26 10:00:00,24,23,1,60,3.74,1.01
APT-T2,airport_terminal,2026-05-26 11:00:00,19,18,1,51,4.43,1.02
APT-T2,airport_terminal,2026-05-26 12:00:00,24,23,1,55,2.92,1.04
APT-T2,airport_terminal,2026-05-26 13:00:00,16,15,1,42,3.42,1.0
APT-T2,airport_terminal,2026-05-26 14:00:00,14,13,1,52,2.52,1.15
APT-T2,airport_terminal,2026-05-26 15:00:00,17,16,1,43,3.76,1.07
APT-T2,airport_terminal,2026-05-26 16:00:00,23,22,1,43,4.34,1.07
APT-T2,airport_terminal,2026-05-26 17:00:00,19,18,1,25,4.97,1.0
APT-T2,airport_terminal,2026-05-26 18:00:00,18,17,1,11,3.6,1.09
APT-T2,airport_terminal,2026-05-26 19:00:00,22,21,1,15,3.64,1.0
APT-T2,airport_terminal,2026-05-26 20:00:00,25,24,1,15,2.81,1.07
APT-T2,airport_terminal,2026-05-26 21:00:00,47,23,24,12,8.36,1.81
APT-T2,airport_terminal,2026-05-26 22:00:00,91,36,55,18,9.74,1.91
APT-T2,airport_terminal,2026-05-26 23:00:00,106,26,80,7,9.79,1.99
APT-T2,airport_terminal,2026-05-27 00:00:00,86,21,65,10,10.65,2.21
APT-T2,airport_terminal,2026-05-27 01:00:00,78,26,52,12,8.55,2.12
APT-T2,airport_terminal,2026-05-27 02:00:00,72,29,43,14,9.07,1.93
APT-T2,airport_terminal,2026-05-27 03:00:00,42,32,10,17,5.45,1.36
APT-T2,airport_terminal,2026-05-27 04:00:00,29,28,1,17,4.27,1.04
APT-T2,airport_terminal,2026-05-27 05:00:00,48,31,17,19,6.66,1.47
APT-T2,airport_terminal,2026-05-27 06:00:00,56,45,11,25,4.71,1.38
APT-T2,airport_terminal,2026-05-27 07:00:00,74,60,14,28,4.3,1.13
APT-T2,airport_terminal,2026-05-27 08:00:00,57,56,1,41,2.0,1.0
APT-T2,airport_terminal,2026-05-27 09:00:00,34,33,1,42,3.77,1.0
APT-T2,airport_terminal,2026-05-27 10:00:00,31,30,1,52,5.37,1.03
APT-T2,airport_terminal,2026-05-27 11:00:00,24,23,1,69,4.32,1.06
APT-T2,airport_terminal,2026-05-27 12:00:00,18,17,1,60,3.26,1.0
APT-T2,airport_terminal,2026-05-27 13:00:00,22,21,1,58,2.94,1.0
APT-T2,airport_terminal,2026-05-27 14:00:00,24,23,1,57,2.48,1.05
APT-T2,airport_terminal,2026-05-27 15:00:00,18,17,1,46,2.9,1.01
APT-T2,airport_terminal,2026-05-27 16:00:00,13,12,1,25,3.01,1.16
APT-T2,airport_terminal,2026-05-27 17:00:00,15,14,1,21,2.78,1.0
APT-T2,airport_terminal,2026-05-27 18:00:00,21,20,1,22,4.67,1.02
APT-T2,airport_terminal,2026-05-27 19:00:00,29,18,11,12,6.92,1.64
APT-T2,airport_terminal,2026-05-27 20:00:00,32,28,4,19,5.89,1.19
APT-T2,airport_terminal,2026-05-27 21:00:00,52,28,24,13,7.11,1.8
APT-T2,airport_terminal,2026-05-27 22:00:00,91,22,69,13,9.72,2.2
APT-T2,airport_terminal,2026-05-27 23:00:00,117,29,88,12,10.04,2.16
APT-T2,airport_terminal,2026-05-28 00:00:00,59,16,43,11,11.19,2.12
APT-T2,airport_terminal,2026-05-28 01:00:00,96,24,72,13,10.68,2.2
APT-T2,airport_terminal,2026-05-28 02:00:00,73,18,55,12,10.31,2.22
APT-T2,airport_terminal,2026-05-28 03:00:00,46,24,22,13,8.3,1.71
APT-T2,airport_terminal,2026-05-28 04:00:00,43,34,9,17,5.66,1.38
APT-T2,airport_terminal,2026-05-28 05:00:00,44,36,8,17,5.85,1.22
APT-T2,airport_terminal,2026-05-28 06:00:00,57,51,6,24,3.13,1.18
APT-T2,airport_terminal,2026-05-28 07:00:00,68,54,14,27,4.0,1.33
APT-T2,airport_terminal,2026-05-28 08:00:00,47,46,1,42,4.22,1.0
APT-T2,airport_terminal,2026-05-28 09:00:00,41,40,1,34,4.66,1.0
APT-T2,airport_terminal,2026-05-28 10:00:00,28,27,1,56,2.37,1.03
APT-T2,airport_terminal,2026-05-28 11:00:00,34,33,1,46,2.65,1.01
APT-T2,airport_terminal,2026-05-28 12:00:00,19,18,1,66,3.83,1.02
APT-T2,airport_terminal,2026-05-28 13:00:00,16,15,1,70,4.63,1.0
APT-T2,airport_terminal,2026-05-28 14:00:00,19,18,1,46,4.65,1.0
APT-T2,airport_terminal,2026-05-28 15:00:00,21,20,1,47,2.71,1.0
APT-T2,airport_terminal,2026-05-28 16:00:00,26,25,1,31,3.81,1.02
APT-T2,airport_terminal,2026-05-28 17:00:00,27,26,1,24,3.72,1.01
APT-T2,airport_terminal,2026-05-28 18:00:00,22,21,1,16,4.63,1.0
APT-T2,airport_terminal,2026-05-28 19:00:00,28,27,1,15,3.94,1.03
APT-T2,airport_terminal,2026-05-28 20:00:00,25,20,5,12,5.38,1.26
APT-T2,airport_terminal,2026-05-28 21:00:00,53,25,28,12,8.04,1.85
APT-T2,airport_terminal,2026-05-28 22:00:00,94,23,71,11,10.82,2.22
APT-T2,airport_terminal,2026-05-28 23:00:00,102,38,64,18,8.27,2.01
APT-T2,airport_terminal,2026-05-29 00:00:00,92,39,53,19,9.71,1.86
APT-T2,airport_terminal,2026-05-29 01:00:00,101,25,76,10,9.75,2.22
APT-T2,airport_terminal,2026-05-29 02:00:00,90,24,66,13,8.63,2.18
APT-T2,airport_terminal,2026-05-29 03:00:00,57,18,39,10,9.25,2.03
APT-T2,airport_terminal,2026-05-29 04:00:00,34,33,1,20,3.57,1.03
APT-T2,airport_terminal,2026-05-29 05:00:00,59,22,37,13,9.57,1.97
APT-T2,airport_terminal,2026-05-29 06:00:00,48,41,7,21,3.79,1.13
APT-T2,airport_terminal,2026-05-29 07:00:00,73,71,2,48,3.94,1.13
APT-T2,airport_terminal,2026-05-29 08:00:00,77,57,20,36,6.98,1.44
APT-T2,airport_terminal,2026-05-29 09:00:00,40,39,1,41,3.3,1.11
APT-T2,airport_terminal,2026-05-29 10:00:00,29,28,1,66,4.23,1.11
APT-T2,airport_terminal,2026-05-29 11:00:00,19,18,1,61,3.94,1.04
APT-T2,airport_terminal,2026-05-29 12:00:00,28,27,1,70,2.96,1.0
APT-T2,airport_terminal,2026-05-29 13:00:00,29,28,1,67,3.92,1.14
APT-T2,airport_terminal,2026-05-29 14:00:00,24,23,1,63,3.73,1.0
APT-T2,airport_terminal,2026-05-29 15:00:00,23,22,1,63,4.57,1.0
APT-T2,airport_terminal,2026-05-29 16:00:00,39,38,1,42,2.18,1.04
APT-T2,airport_terminal,2026-05-29 17:00:00,15,14,1,31,2.57,1.07
APT-T2,airport_terminal,2026-05-29 18:00:00,26,25,1,26,3.97,1.0
APT-T2,airport_terminal,2026-05-29 19:00:00,21,19,2,12,3.46,1.31
APT-T2,airport_terminal,2026-05-29 20:00:00,31,30,1,16,4.08,1.0
APT-T2,airport_terminal,2026-05-29 21:00:00,60,27,33,13,8.65,1.87
APT-T2,airport_terminal,2026-05-29 22:00:00,89,22,67,12,9.85,2.19
APT-T2,airport_terminal,2026-05-29 23:00:00,114,28,86,13,10.03,2.13
APT-T2,airport_terminal,2026-05-30 00:00:00,64,35,29,20,6.89,1.68
APT-T2,airport_terminal,2026-05-30 01:00:00,102,30,72,14,9.58,2.06
APT-T2,airport_terminal,2026-05-30 02:00:00,76,38,38,21,8.71,1.71
APT-T2,airport_terminal,2026-05-30 03:00:00,67,29,38,15,8.48,1.88
APT-T2,airport_terminal,2026-05-30 04:00:00,43,29,14,17,6.92,1.6
APT-T2,airport_terminal,2026-05-30 05:00:00,58,40,18,19,6.74,1.55
APT-T2,airport_terminal,2026-05-30 06:00:00,55,54,1,28,3.44,1.0
APT-T2,airport_terminal,2026-05-30 07:00:00,63,57,6,27,3.09,1.07
APT-T2,airport_terminal,2026-05-30 08:00:00,74,68,6,45,4.54,1.2
APT-T2,airport_terminal,2026-05-30 09:00:00,56,55,1,51,3.72,1.0
APT-T2,airport_terminal,2026-05-30 10:00:00,17,16,1,49,3.7,1.0
APT-T2,airport_terminal,2026-05-30 11:00:00,22,21,1,66,3.32,1.06
APT-T2,airport_terminal,2026-05-30 12:00:00,26,25,1,69,4.75,1.0
APT-T2,airport_terminal,2026-05-30 13:00:00,33,32,1,73,2.89,1.08
APT-T2,airport_terminal,2026-05-30 14:00:00,22,21,1,51,4.96,1.0
APT-T2,airport_terminal,2026-05-30 15:00:00,29,28,1,53,3.63,1.0
APT-T2,airport_terminal,2026-05-30 16:00:00,25,24,1,47,4.12,1.0
APT-T2,airport_terminal,2026-05-30 17:00:00,16,15,1,41,4.33,1.0
APT-T2,airport_terminal,2026-05-30 18:00:00,29,28,1,29,2.82,1.08
APT-T2,airport_terminal,2026-05-30 19:00:00,24,23,1,17,3.31,1.02
APT-T2,airport_terminal,2026-05-30 20:00:00,43,20,23,12,9.38,1.8
APT-T2,airport_terminal,2026-05-30 21:00:00,67,27,40,16,8.75,1.89
APT-T2,airport_terminal,2026-05-30 22:00:00,112,28,84,12,9.76,2.19
APT-T2,airport_terminal,2026-05-30 23:00:00,114,40,74,21,8.68,1.98
APT-T2,airport_terminal,2026-05-31 00:00:00,85,24,61,12,10.51,2.2
APT-T2,airport_terminal,2026-05-31 01:00:00,91,22,69,11,9.79,2.18
APT-T2,airport_terminal,2026-05-31 02:00:00,63,15,48,8,10.43,2.26
APT-T2,airport_terminal,2026-05-31 03:00:00,55,21,34,12,8.97,1.9
APT-T2,airport_terminal,2026-05-31 04:00:00,32,19,13,10,8.59,1.67
APT-T2,airport_terminal,2026-05-31 05:00:00,36,14,22,9,8.59,1.95
APT-T2,airport_terminal,2026-05-31 06:00:00,54,39,15,24,7.15,1.38
APT-T2,airport_terminal,2026-05-31 07:00:00,43,42,1,29,4.44,1.01
APT-T2,airport_terminal,2026-05-31 08:00:00,49,48,1,32,2.61,1.03
APT-T2,airport_terminal,2026-05-31 09:00:00,29,28,1,37,4.94,1.0
APT-T2,airport_terminal,2026-05-31 10:00:00,25,24,1,66,3.72,1.0
APT-T2,airport_terminal,2026-05-31 11:00:00,18,17,1,54,4.63,1.0
APT-T2,airport_terminal,2026-05-31 12:00:00,20,19,1,60,3.63,1.0
APT-T2,airport_terminal,2026-05-31 13:00:00,23,22,1,49,3.4,1.03
APT-T2,airport_terminal,2026-05-31 14:00:00,19,18,1,60,3.91,1.02
APT-T2,airport_terminal,2026-05-31 15:00:00,28,27,1,36,4.03,1.02
APT-T2,airport_terminal,2026-05-31 16:00:00,21,20,1,34,4.02,1.0
APT-T2,airport_terminal,2026-05-31 17:00:00,20,19,1,29,4.3,1.08
APT-T2,airport_terminal,2026-05-31 18:00:00,28,27,1,18,3.95,1.07
APT-T2,airport_terminal,2026-05-31 19:00:00,30,29,1,19,3.26,1.01
APT-T2,airport_terminal,2026-05-31 20:00:00,38,18,20,12,7.48,1.83
APT-T2,airport_terminal,2026-05-31 21:00:00,59,16,43,9,10.19,2.11
APT-T2,airport_terminal,2026-05-31 22:00:00,90,41,49,22,7.73,1.82
APT-T2,airport_terminal,2026-05-31 23:00:00,94,31,63,16,9.64,2.07
APT-T2,airport_terminal,2026-06-01 00:00:00,74,18,56,8,11.39,2.25
APT-T2,airport_terminal,2026-06-01 01:00:00,77,21,56,13,11.55,2.17
APT-T2,airport_terminal,2026-06-01 02:00:00,64,24,40,13,9.47,2.08
APT-T2,airport_terminal,2026-06-01 03:00:00,48,28,20,13,6.34,1.68
APT-T2,airport_terminal,2026-06-01 04:00:00,44,28,16,18,6.33,1.5
APT-T2,airport_terminal,2026-06-01 05:00:00,38,24,14,16,6.58,1.49
APT-T2,airport_terminal,2026-06-01 06:00:00,61,36,25,24,6.65,1.49
APT-T2,airport_terminal,2026-06-01 07:00:00,72,60,12,30,6.37,1.28
APT-T2,airport_terminal,2026-06-01 08:00:00,50,49,1,40,4.78,1.12
APT-T2,airport_terminal,2026-06-01 09:00:00,43,42,1,41,3.43,1.0
APT-T2,airport_terminal,2026-06-01 10:00:00,37,36,1,59,3.28,1.0
APT-T2,airport_terminal,2026-06-01 11:00:00,17,16,1,57,3.59,1.08
APT-T2,airport_terminal,2026-06-01 12:00:00,27,26,1,57,4.86,1.0
APT-T2,airport_terminal,2026-06-01 13:00:00,22,21,1,47,4.33,1.11
APT-T2,airport_terminal,2026-06-01 14:00:00,18,17,1,45,3.21,1.0
APT-T2,airport_terminal,2026-06-01 15:00:00,22,21,1,50,2.0,1.06
APT-T2,airport_terminal,2026-06-01 16:00:00,26,25,1,23,2.87,1.05
APT-T2,airport_terminal,2026-06-01 17:00:00,17,16,1,26,3.6,1.0
APT-T2,airport_terminal,2026-06-01 18:00:00,18,17,1,26,4.02,1.13
APT-T2,airport_terminal,2026-06-01 19:00:00,24,23,1,18,4.73,1.0
APT-T2,airport_terminal,2026-06-01 20:00:00,33,31,2,18,3.16,1.1
APT-T2,airport_terminal,2026-06-01 21:00:00,50,29,21,18,6.66,1.47
APT-T2,airport_terminal,2026-06-01 22:00:00,81,20,61,10,10.28,2.2
APT-T2,airport_terminal,2026-06-01 23:00:00,100,25,75,11,9.5,2.16
APT-T2,airport_terminal,2026-06-02 00:00:00,73,43,30,22,6.91,1.7
APT-T2,airport_terminal,2026-06-02 01:00:00,77,26,51,14,8.54,2.11
APT-T2,airport_terminal,2026-06-02 02:00:00,76,31,45,17,9.18,1.99
APT-T2,airport_terminal,2026-06-02 03:00:00,40,24,16,14,6.54,1.6
APT-T2,airport_terminal,2026-06-02 04:00:00,32,13,19,8,7.87,1.88
APT-T2,airport_terminal,2026-06-02 05:00:00,43,34,9,20,5.19,1.43
APT-T2,airport_terminal,2026-06-02 06:00:00,50,43,7,23,3.6,1.16
APT-T2,airport_terminal,2026-06-02 07:00:00,65,59,6,29,5.06,1.07
APT-T2,airport_terminal,2026-06-02 08:00:00,46,45,1,32,3.56,1.0
APT-T2,airport_terminal,2026-06-02 09:00:00,42,41,1,37,3.38,1.0
APT-T2,airport_terminal,2026-06-02 10:00:00,35,34,1,56,2.99,1.08
APT-T2,airport_terminal,2026-06-02 11:00:00,21,20,1,66,2.66,1.03
APT-T2,airport_terminal,2026-06-02 12:00:00,15,14,1,55,4.85,1.13
APT-T2,airport_terminal,2026-06-02 13:00:00,20,19,1,62,3.85,1.0
APT-T2,airport_terminal,2026-06-02 14:00:00,18,17,1,58,2.57,1.01
APT-T2,airport_terminal,2026-06-02 15:00:00,25,24,1,34,4.44,1.15
APT-T2,airport_terminal,2026-06-02 16:00:00,34,33,1,28,4.95,1.0
APT-T2,airport_terminal,2026-06-02 17:00:00,20,19,1,24,4.44,1.01
APT-T2,airport_terminal,2026-06-02 18:00:00,24,23,1,22,5.28,1.03
APT-T2,airport_terminal,2026-06-02 19:00:00,19,18,1,19,3.77,1.0
APT-T2,airport_terminal,2026-06-02 20:00:00,30,21,9,14,6.28,1.46
APT-T2,airport_terminal,2026-06-02 21:00:00,50,29,21,14,6.91,1.67
APT-T2,airport_terminal,2026-06-02 22:00:00,83,20,63,9,9.93,2.18
APT-T2,airport_terminal,2026-06-02 23:00:00,94,23,71,3,10.86,2.19
APT-T2,airport_terminal,2026-06-03 00:00:00,77,25,52,12,9.22,2.06
APT-T2,airport_terminal,2026-06-03 01:00:00,86,25,61,14,8.6,2.16
APT-T2,airport_terminal,2026-06-03 02:00:00,58,25,33,15,9.0,1.89
APT-T2,airport_terminal,2026-06-03 03:00:00,50,12,38,7,10.9,2.26
APT-T2,airport_terminal,2026-06-03 04:00:00,39,22,17,14,7.17,1.71
APT-T2,airport_terminal,2026-06-03 05:00:00,49,39,10,18,4.67,1.25
APT-T2,airport_terminal,2026-06-03 06:00:00,53,35,18,20,6.54,1.45
APT-T2,airport_terminal,2026-06-03 07:00:00,52,51,1,28,3.15,1.03
APT-T2,airport_terminal,2026-06-03 08:00:00,55,54,1,38,2.85,1.0
APT-T2,airport_terminal,2026-06-03 09:00:00,45,44,1,46,3.55,1.07
APT-T2,airport_terminal,2026-06-03 10:00:00,32,31,1,42,3.51,1.1
APT-T2,airport_terminal,2026-06-03 11:00:00,25,24,1,60,3.3,1.01
APT-T2,airport_terminal,2026-06-03 12:00:00,25,24,1,60,4.04,1.07
APT-T2,airport_terminal,2026-06-03 13:00:00,17,16,1,60,3.78,1.03
APT-T2,airport_terminal,2026-06-03 14:00:00,25,24,1,60,3.86,1.0
APT-T2,airport_terminal,2026-06-03 15:00:00,25,24,1,34,3.59,1.09
APT-T2,airport_terminal,2026-06-03 16:00:00,26,25,1,38,3.76,1.02
APT-T2,airport_terminal,2026-06-03 17:00:00,26,25,1,28,2.37,1.0
APT-T2,airport_terminal,2026-06-03 18:00:00,23,22,1,27,5.45,1.07
APT-T2,airport_terminal,2026-06-03 19:00:00,19,18,1,14,4.51,1.05
APT-T2,airport_terminal,2026-06-03 20:00:00,29,28,1,25,2.91,1.06
APT-T2,airport_terminal,2026-06-03 21:00:00,73,21,52,13,9.29,2.13
APT-T2,airport_terminal,2026-06-03 22:00:00,80,22,58,14,10.3,2.07
APT-T2,airport_terminal,2026-06-03 23:00:00,88,26,62,12,9.93,2.16
APT-T2,airport_terminal,2026-06-04 00:00:00,69,28,41,19,9.65,1.96
APT-T2,airport_terminal,2026-06-04 01:00:00,80,30,50,14,8.07,1.99
APT-T2,airport_terminal,2026-06-04 02:00:00,89,22,67,9,11.77,2.28
APT-T2,airport_terminal,2026-06-04 03:00:00,44,25,19,15,6.24,1.65
APT-T2,airport_terminal,2026-06-04 04:00:00,41,21,20,10,7.32,1.73
APT-T2,airport_terminal,2026-06-04 05:00:00,51,21,30,14,7.65,1.97
APT-T2,airport_terminal,2026-06-04 06:00:00,44,25,19,14,7.64,1.78
APT-T2,airport_terminal,2026-06-04 07:00:00,58,54,4,29,3.15,1.02
APT-T2,airport_terminal,2026-06-04 08:00:00,49,48,1,35,3.65,1.1
APT-T2,airport_terminal,2026-06-04 09:00:00,44,43,1,38,2.64,1.0
APT-T2,airport_terminal,2026-06-04 10:00:00,43,42,1,58,3.42,1.04
APT-T2,airport_terminal,2026-06-04 11:00:00,27,26,1,56,4.12,1.0
APT-T2,airport_terminal,2026-06-04 12:00:00,25,24,1,63,3.15,1.0
APT-T2,airport_terminal,2026-06-04 13:00:00,21,20,1,62,3.4,1.0
APT-T2,airport_terminal,2026-06-04 14:00:00,25,24,1,63,4.55,1.04
APT-T2,airport_terminal,2026-06-04 15:00:00,29,28,1,30,2.58,1.07
APT-T2,airport_terminal,2026-06-04 16:00:00,19,18,1,42,3.5,1.08
APT-T2,airport_terminal,2026-06-04 17:00:00,16,15,1,24,3.31,1.01
APT-T2,airport_terminal,2026-06-04 18:00:00,23,22,1,16,4.0,1.02
APT-T2,airport_terminal,2026-06-04 19:00:00,22,21,1,16,2.55,1.0
APT-T2,airport_terminal,2026-06-04 20:00:00,31,28,3,17,3.58,1.11
APT-T2,airport_terminal,2026-06-04 21:00:00,43,27,16,13,7.05,1.53
APT-T2,airport_terminal,2026-06-04 22:00:00,97,24,73,7,9.92,2.18
APT-T2,airport_terminal,2026-06-04 23:00:00,104,39,65,19,8.81,2.07
APT-T2,airport_terminal,2026-06-05 00:00:00,85,36,49,21,7.73,1.93
APT-T2,airport_terminal,2026-06-05 01:00:00,102,38,64,18,8.97,1.97
APT-T2,airport_terminal,2026-06-05 02:00:00,84,21,63,10,9.91,2.15
APT-T2,airport_terminal,2026-06-05 03:00:00,56,39,17,18,6.31,1.42
APT-T2,airport_terminal,2026-06-05 04:00:00,45,34,11,19,5.25,1.47
APT-T2,airport_terminal,2026-06-05 05:00:00,49,40,9,19,5.19,1.24
APT-T2,airport_terminal,2026-06-05 06:00:00,65,51,14,26,5.37,1.34
APT-T2,airport_terminal,2026-06-05 07:00:00,54,53,1,38,2.37,1.02
APT-T2,airport_terminal,2026-06-05 08:00:00,67,65,2,38,4.14,1.01
APT-T2,airport_terminal,2026-06-05 09:00:00,32,31,1,53,3.02,1.02
APT-T2,airport_terminal,2026-06-05 10:00:00,34,33,1,60,4.53,1.03
APT-T2,airport_terminal,2026-06-05 11:00:00,21,20,1,63,3.52,1.12
APT-T2,airport_terminal,2026-06-05 12:00:00,20,19,1,58,2.0,1.0
APT-T2,airport_terminal,2026-06-05 13:00:00,26,25,1,69,2.6,1.02
APT-T2,airport_terminal,2026-06-05 14:00:00,22,21,1,64,3.67,1.03
APT-T2,airport_terminal,2026-06-05 15:00:00,22,21,1,60,4.61,1.08
APT-T2,airport_terminal,2026-06-05 16:00:00,32,31,1,35,3.79,1.07
APT-T2,airport_terminal,2026-06-05 17:00:00,19,18,1,23,3.3,1.03
APT-T2,airport_terminal,2026-06-05 18:00:00,26,25,1,19,3.33,1.09
APT-T2,airport_terminal,2026-06-05 19:00:00,29,28,1,19,4.3,1.0
APT-T2,airport_terminal,2026-06-05 20:00:00,54,19,35,10,10.41,2.06
APT-T2,airport_terminal,2026-06-05 21:00:00,78,30,48,14,8.5,1.92
APT-T2,airport_terminal,2026-06-05 22:00:00,101,25,76,14,10.72,2.21
APT-T2,airport_terminal,2026-06-05 23:00:00,104,26,78,13,10.88,2.22
APT-T2,airport_terminal,2026-06-06 00:00:00,77,19,58,10,9.98,2.14
APT-T2,airport_terminal,2026-06-06 01:00:00,87,21,66,9,9.77,2.14
APT-T2,airport_terminal,2026-06-06 02:00:00,92,32,60,19,9.34,2.05
APT-T2,airport_terminal,2026-06-06 03:00:00,53,28,25,16,7.91,1.63
APT-T2,airport_terminal,2026-06-06 04:00:00,40,39,1,23,3.49,1.0
APT-T2,airport_terminal,2026-06-06 05:00:00,54,44,10,25,3.71,1.27
APT-T2,airport_terminal,2026-06-06 06:00:00,54,36,18,21,5.19,1.54
APT-T2,airport_terminal,2026-06-06 07:00:00,76,74,2,40,2.34,1.07
APT-T2,airport_terminal,2026-06-06 08:00:00,51,50,1,30,2.0,1.0
APT-T2,airport_terminal,2026-06-06 09:00:00,34,33,1,60,4.76,1.03
APT-T2,airport_terminal,2026-06-06 10:00:00,48,47,1,42,3.44,1.09
APT-T2,airport_terminal,2026-06-06 11:00:00,30,29,1,55,3.67,1.0
APT-T2,airport_terminal,2026-06-06 12:00:00,25,24,1,85,3.15,1.0
APT-T2,airport_terminal,2026-06-06 13:00:00,28,27,1,54,2.95,1.0
APT-T2,airport_terminal,2026-06-06 14:00:00,29,28,1,72,4.56,1.04
APT-T2,airport_terminal,2026-06-06 15:00:00,26,25,1,51,3.46,1.0
APT-T2,airport_terminal,2026-06-06 16:00:00,24,23,1,40,3.43,1.0
APT-T2,airport_terminal,2026-06-06 17:00:00,27,26,1,31,3.39,1.0
APT-T2,airport_terminal,2026-06-06 18:00:00,21,20,1,31,3.5,1.04
APT-T2,airport_terminal,2026-06-06 19:00:00,22,21,1,20,4.27,1.07
APT-T2,airport_terminal,2026-06-06 20:00:00,42,27,15,18,6.88,1.54
APT-T2,airport_terminal,2026-06-06 21:00:00,49,34,15,22,7.02,1.53
APT-T2,airport_terminal,2026-06-06 22:00:00,121,38,83,20,10.44,1.97
APT-T2,airport_terminal,2026-06-06 23:00:00,124,35,89,18,10.08,2.16
APT-T2,airport_terminal,2026-06-07 00:00:00,79,19,60,7,11.25,2.17
APT-T2,airport_terminal,2026-06-07 01:00:00,87,34,53,19,9.26,1.94
APT-T2,airport_terminal,2026-06-07 02:00:00,71,25,46,15,9.2,2.05
APT-T2,airport_terminal,2026-06-07 03:00:00,54,35,19,16,6.59,1.52
APT-T2,airport_terminal,2026-06-07 04:00:00,31,14,17,9,9.42,1.81
APT-T2,airport_terminal,2026-06-07 05:00:00,38,30,8,15,5.96,1.37
APT-T2,airport_terminal,2026-06-07 06:00:00,52,30,22,17,7.99,1.62
APT-T2,airport_terminal,2026-06-07 07:00:00,56,40,16,24,4.92,1.47
APT-T2,airport_terminal,2026-06-07 08:00:00,52,51,1,33,5.08,1.02
APT-T2,airport_terminal,2026-06-07 09:00:00,48,47,1,34,4.58,1.0
APT-T2,airport_terminal,2026-06-07 10:00:00,31,30,1,44,3.27,1.0
APT-T2,airport_terminal,2026-06-07 11:00:00,25,24,1,59,2.98,1.0
APT-T2,airport_terminal,2026-06-07 12:00:00,19,18,1,59,2.56,1.11
APT-T2,airport_terminal,2026-06-07 13:00:00,29,28,1,65,3.75,1.1
APT-T2,airport_terminal,2026-06-07 14:00:00,20,19,1,62,2.89,1.09
APT-T2,airport_terminal,2026-06-07 15:00:00,20,19,1,35,4.25,1.07
APT-T2,airport_terminal,2026-06-07 16:00:00,27,26,1,28,3.88,1.11
APT-T2,airport_terminal,2026-06-07 17:00:00,28,27,1,25,4.11,1.02
APT-T2,airport_terminal,2026-06-07 18:00:00,13,12,1,18,4.29,1.03
APT-T2,airport_terminal,2026-06-07 19:00:00,21,20,1,21,3.26,1.0
APT-T2,airport_terminal,2026-06-07 20:00:00,36,34,2,23,5.1,1.2
APT-T2,airport_terminal,2026-06-07 21:00:00,53,18,35,9,9.33,2.05
APT-T2,airport_terminal,2026-06-07 22:00:00,103,25,78,13,9.92,2.2
APT-T2,airport_terminal,2026-06-07 23:00:00,87,21,66,12,9.26,2.2
APT-T2,airport_terminal,2026-06-08 00:00:00,62,18,44,9,11.6,2.14
APT-T2,airport_terminal,2026-06-08 01:00:00,92,23,69,9,9.7,2.27
APT-T2,airport_terminal,2026-06-08 02:00:00,66,27,39,15,8.1,1.84
APT-T2,airport_terminal,2026-06-08 03:00:00,52,15,37,9,10.19,2.2
APT-T2,airport_terminal,2026-06-08 04:00:00,39,22,17,14,5.52,1.67
APT-T2,airport_terminal,2026-06-08 05:00:00,44,32,12,18,4.83,1.41
APT-T2,airport_terminal,2026-06-08 06:00:00,64,49,15,28,5.85,1.38
APT-T2,airport_terminal,2026-06-08 07:00:00,62,61,1,32,2.0,1.0
APT-T2,airport_terminal,2026-06-08 08:00:00,52,51,1,25,3.73,1.0
APT-T2,airport_terminal,2026-06-08 09:00:00,29,28,1,38,4.7,1.03
APT-T2,airport_terminal,2026-06-08 10:00:00,20,19,1,54,3.62,1.04
APT-T2,airport_terminal,2026-06-08 11:00:00,26,25,1,56,3.11,1.04
APT-T2,airport_terminal,2026-06-08 12:00:00,21,20,1,54,4.5,1.04
APT-T2,airport_terminal,2026-06-08 13:00:00,22,21,1,58,4.78,1.03
APT-T2,airport_terminal,2026-06-08 14:00:00,24,23,1,50,3.21,1.13
APT-T2,airport_terminal,2026-06-08 15:00:00,27,26,1,42,4.07,1.06
APT-T2,airport_terminal,2026-06-08 16:00:00,25,24,1,37,5.72,1.0
APT-T2,airport_terminal,2026-06-08 17:00:00,21,20,1,37,4.89,1.03
APT-T2,airport_terminal,2026-06-08 18:00:00,18,17,1,24,2.45,1.0
APT-T2,airport_terminal,2026-06-08 19:00:00,31,29,2,16,2.74,1.18
APT-T2,airport_terminal,2026-06-08 20:00:00,27,18,9,10,7.1,1.5
APT-T2,airport_terminal,2026-06-08 21:00:00,61,17,44,11,10.03,2.08
APT-T2,airport_terminal,2026-06-08 22:00:00,78,21,57,10,11.02,2.19
APT-T2,airport_terminal,2026-06-08 23:00:00,113,28,85,14,10.72,2.28
APT-T2,airport_terminal,2026-06-09 00:00:00,76,20,56,11,9.62,2.15
APT-T2,airport_terminal,2026-06-09 01:00:00,91,29,62,14,9.16,2.11
APT-T2,airport_terminal,2026-06-09 02:00:00,75,18,57,8,10.36,2.26
APT-T2,airport_terminal,2026-06-09 03:00:00,51,33,18,17,8.46,1.53
APT-T2,airport_terminal,2026-06-09 04:00:00,25,12,13,6,7.43,1.89
APT-T2,airport_terminal,2026-06-09 05:00:00,35,19,16,11,5.97,1.68
APT-T2,airport_terminal,2026-06-09 06:00:00,67,29,38,18,8.34,1.93
APT-T2,airport_terminal,2026-06-09 07:00:00,54,53,1,35,4.65,1.08
APT-T2,airport_terminal,2026-06-09 08:00:00,51,50,1,48,4.41,1.0
APT-T2,airport_terminal,2026-06-09 09:00:00,34,33,1,42,4.58,1.05
APT-T2,airport_terminal,2026-06-09 10:00:00,22,21,1,63,3.28,1.0
APT-T2,airport_terminal,2026-06-09 11:00:00,27,26,1,70,4.04,1.08
APT-T2,airport_terminal,2026-06-09 12:00:00,30,29,1,50,2.81,1.07
APT-T2,airport_terminal,2026-06-09 13:00:00,20,19,1,72,3.58,1.0
APT-T2,airport_terminal,2026-06-09 14:00:00,23,22,1,58,3.83,1.0
APT-T2,airport_terminal,2026-06-09 15:00:00,15,14,1,43,5.02,1.0
APT-T2,airport_terminal,2026-06-09 16:00:00,20,19,1,37,4.1,1.03
APT-T2,airport_terminal,2026-06-09 17:00:00,28,27,1,24,2.13,1.05
APT-T2,airport_terminal,2026-06-09 18:00:00,27,26,1,22,4.22,1.0
APT-T2,airport_terminal,2026-06-09 19:00:00,20,19,1,18,5.45,1.0
APT-T2,airport_terminal,2026-06-09 20:00:00,32,20,12,12,7.49,1.6
APT-T2,airport_terminal,2026-06-09 21:00:00,58,16,42,11,9.69,2.24
APT-T2,airport_terminal,2026-06-09 22:00:00,94,24,70,12,9.79,2.16
APT-T2,airport_terminal,2026-06-09 23:00:00,104,26,78,11,10.26,2.27
APT-T2,airport_terminal,2026-06-10 00:00:00,75,28,47,15,9.01,2.0
APT-T2,airport_terminal,2026-06-10 01:00:00,95,28,67,17,10.91,2.04
APT-T2,airport_terminal,2026-06-10 02:00:00,80,20,60,7,10.34,2.33
APT-T2,airport_terminal,2026-06-10 03:00:00,41,16,25,9,9.2,2.0
APT-T2,airport_terminal,2026-06-10 04:00:00,35,20,15,12,6.26,1.72
APT-T2,airport_terminal,2026-06-10 05:00:00,44,39,5,20,3.73,1.33
APT-T2,airport_terminal,2026-06-10 06:00:00,52,38,14,18,5.3,1.4
APT-T2,airport_terminal,2026-06-10 07:00:00,66,53,13,25,4.87,1.23
APT-T2,airport_terminal,2026-06-10 08:00:00,59,58,1,33,4.01,1.0
APT-T2,airport_terminal,2026-06-10 09:00:00,39,38,1,44,5.13,1.01
APT-T2,airport_terminal,2026-06-10 10:00:00,33,32,1,52,2.37,1.07
APT-T2,airport_terminal,2026-06-10 11:00:00,24,23,1,51,3.05,1.0
APT-T2,airport_terminal,2026-06-10 12:00:00,24,23,1,58,3.89,1.05
APT-T2,airport_terminal,2026-06-10 13:00:00,21,20,1,56,2.75,1.0
APT-T2,airport_terminal,2026-06-10 14:00:00,23,22,1,47,2.4,1.03
APT-T2,airport_terminal,2026-06-10 15:00:00,12,11,1,46,3.66,1.0
APT-T2,airport_terminal,2026-06-10 16:00:00,24,23,1,36,2.0,1.0
APT-T2,airport_terminal,2026-06-10 17:00:00,10,9,1,21,5.28,1.11
APT-T2,airport_terminal,2026-06-10 18:00:00,23,22,1,23,3.24,1.0
APT-T2,airport_terminal,2026-06-10 19:00:00,22,21,1,16,3.83,1.0
APT-T2,airport_terminal,2026-06-10 20:00:00,23,8,15,5,8.75,1.99
APT-T2,airport_terminal,2026-06-10 21:00:00,57,24,33,13,7.44,1.88
APT-T2,airport_terminal,2026-06-10 22:00:00,79,34,45,16,8.88,1.87
APT-T2,airport_terminal,2026-06-10 23:00:00,112,28,84,13,10.21,2.28
APT-T2,airport_terminal,2026-06-11 00:00:00,81,28,53,15,9.54,2.06
APT-T2,airport_terminal,2026-06-11 01:00:00,84,29,55,16,8.63,2.1
APT-T2,airport_terminal,2026-06-11 02:00:00,68,28,40,15,8.24,1.92
APT-T2,airport_terminal,2026-06-11 03:00:00,48,15,33,9,9.77,1.98
APT-T2,airport_terminal,2026-06-11 04:00:00,38,26,12,17,5.47,1.51
APT-T2,airport_terminal,2026-06-11 05:00:00,34,27,7,18,4.58,1.31
APT-T2,airport_terminal,2026-06-11 06:00:00,52,32,20,21,7.17,1.71
APT-T2,airport_terminal,2026-06-11 07:00:00,41,38,3,22,4.24,1.13
APT-T2,airport_terminal,2026-06-11 08:00:00,55,54,1,41,2.92,1.0
APT-T2,airport_terminal,2026-06-11 09:00:00,34,33,1,47,3.34,1.0
APT-T2,airport_terminal,2026-06-11 10:00:00,30,29,1,42,3.32,1.01
APT-T2,airport_terminal,2026-06-11 11:00:00,20,19,1,55,3.36,1.03
APT-T2,airport_terminal,2026-06-11 12:00:00,22,21,1,49,3.74,1.0
APT-T2,airport_terminal,2026-06-11 13:00:00,15,14,1,47,3.36,1.14
APT-T2,airport_terminal,2026-06-11 14:00:00,18,17,1,64,3.88,1.02
APT-T2,airport_terminal,2026-06-11 15:00:00,14,13,1,46,4.66,1.02
APT-T2,airport_terminal,2026-06-11 16:00:00,17,16,1,33,2.92,1.0
APT-T2,airport_terminal,2026-06-11 17:00:00,20,19,1,21,4.36,1.0
APT-T2,airport_terminal,2026-06-11 18:00:00,12,11,1,22,3.78,1.0
APT-T2,airport_terminal,2026-06-11 19:00:00,26,25,1,19,3.26,1.0
APT-T2,airport_terminal,2026-06-11 20:00:00,49,35,14,23,7.0,1.46
APT-T2,airport_terminal,2026-06-11 21:00:00,71,25,46,15,9.36,1.95
APT-T2,airport_terminal,2026-06-11 22:00:00,96,26,70,13,9.35,2.17
APT-T2,airport_terminal,2026-06-11 23:00:00,85,25,60,15,9.08,2.02
APT-T2,airport_terminal,2026-06-12 00:00:00,89,22,67,12,9.78,2.23
APT-T2,airport_terminal,2026-06-12 01:00:00,104,36,68,17,9.11,2.03
APT-T2,airport_terminal,2026-06-12 02:00:00,82,26,56,15,10.62,2.05
APT-T2,airport_terminal,2026-06-12 03:00:00,51,31,20,16,9.08,1.61
APT-T2,airport_terminal,2026-06-12 04:00:00,57,26,31,13,8.7,1.74
APT-T2,airport_terminal,2026-06-12 05:00:00,40,39,1,26,5.23,1.02
APT-T2,airport_terminal,2026-06-12 06:00:00,62,34,28,17,7.42,1.74
APT-T2,airport_terminal,2026-06-12 07:00:00,60,56,4,33,4.18,1.11
APT-T2,airport_terminal,2026-06-12 08:00:00,67,50,17,23,6.9,1.46
APT-T2,airport_terminal,2026-06-12 09:00:00,56,55,1,38,4.89,1.0
APT-T2,airport_terminal,2026-06-12 10:00:00,36,35,1,71,4.18,1.04
APT-T2,airport_terminal,2026-06-12 11:00:00,33,32,1,59,4.43,1.12
APT-T2,airport_terminal,2026-06-12 12:00:00,36,35,1,61,4.56,1.08
APT-T2,airport_terminal,2026-06-12 13:00:00,22,21,1,60,3.72,1.0
APT-T2,airport_terminal,2026-06-12 14:00:00,29,28,1,54,2.08,1.05
APT-T2,airport_terminal,2026-06-12 15:00:00,17,16,1,48,2.64,1.05
APT-T2,airport_terminal,2026-06-12 16:00:00,25,24,1,38,3.63,1.0
APT-T2,airport_terminal,2026-06-12 17:00:00,25,24,1,21,4.19,1.02
APT-T2,airport_terminal,2026-06-12 18:00:00,25,24,1,27,4.1,1.0
APT-T2,airport_terminal,2026-06-12 19:00:00,32,31,1,23,2.24,1.0
APT-T2,airport_terminal,2026-06-12 20:00:00,30,13,17,9,7.0,1.83
APT-T2,airport_terminal,2026-06-12 21:00:00,85,25,60,14,9.37,2.22
APT-T2,airport_terminal,2026-06-12 22:00:00,102,31,71,19,9.83,2.16
APT-T2,airport_terminal,2026-06-12 23:00:00,106,26,80,17,9.45,2.23
APT-T2,airport_terminal,2026-06-13 00:00:00,88,22,66,12,11.61,2.25
APT-T2,airport_terminal,2026-06-13 01:00:00,100,30,70,16,9.62,2.18
APT-T2,airport_terminal,2026-06-13 02:00:00,73,23,50,13,10.83,2.05
APT-T2,airport_terminal,2026-06-13 03:00:00,57,20,37,13,9.5,2.1
APT-T2,airport_terminal,2026-06-13 04:00:00,33,32,1,21,4.05,1.0
APT-T2,airport_terminal,2026-06-13 05:00:00,47,29,18,18,6.89,1.58
APT-T2,airport_terminal,2026-06-13 06:00:00,68,36,32,21,7.23,1.74
APT-T2,airport_terminal,2026-06-13 07:00:00,67,65,2,47,4.1,1.06
APT-T2,airport_terminal,2026-06-13 08:00:00,73,71,2,41,4.05,1.0
APT-T2,airport_terminal,2026-06-13 09:00:00,49,48,1,56,4.54,1.06
APT-T2,airport_terminal,2026-06-13 10:00:00,37,36,1,55,4.33,1.17
APT-T2,airport_terminal,2026-06-13 11:00:00,31,30,1,70,4.89,1.01
APT-T2,airport_terminal,2026-06-13 12:00:00,25,24,1,80,3.96,1.09
APT-T2,airport_terminal,2026-06-13 13:00:00,27,26,1,63,2.77,1.0
APT-T2,airport_terminal,2026-06-13 14:00:00,27,26,1,59,4.0,1.0
APT-T2,airport_terminal,2026-06-13 15:00:00,21,20,1,54,3.35,1.1
APT-T2,airport_terminal,2026-06-13 16:00:00,27,26,1,37,3.35,1.0
APT-T2,airport_terminal,2026-06-13 17:00:00,20,19,1,33,2.31,1.0
APT-T2,airport_terminal,2026-06-13 18:00:00,22,21,1,22,3.21,1.0
APT-T2,airport_terminal,2026-06-13 19:00:00,32,31,1,23,4.48,1.0
APT-T2,airport_terminal,2026-06-13 20:00:00,43,25,18,14,7.61,1.65
APT-T2,airport_terminal,2026-06-13 21:00:00,71,25,46,12,9.08,1.98
APT-T2,airport_terminal,2026-06-13 22:00:00,106,26,80,14,9.9,2.1
APT-T2,airport_terminal,2026-06-13 23:00:00,113,32,81,19,10.94,2.07
APT-T2,airport_terminal,2026-06-14 00:00:00,79,19,60,7,11.13,2.15
APT-T2,airport_terminal,2026-06-14 01:00:00,84,25,59,14,8.92,2.02
APT-T2,airport_terminal,2026-06-14 02:00:00,70,20,50,12,9.98,2.13
APT-T2,airport_terminal,2026-06-14 03:00:00,45,24,21,14,6.55,1.77
APT-T2,airport_terminal,2026-06-14 04:00:00,37,36,1,21,3.51,1.0
APT-T2,airport_terminal,2026-06-14 05:00:00,41,20,21,11,9.08,1.92
APT-T2,airport_terminal,2026-06-14 06:00:00,55,30,25,16,7.14,1.72
APT-T2,airport_terminal,2026-06-14 07:00:00,60,45,15,27,5.48,1.5
APT-T2,airport_terminal,2026-06-14 08:00:00,49,45,4,28,3.76,1.14
APT-T2,airport_terminal,2026-06-14 09:00:00,38,37,1,44,3.21,1.0
APT-T2,airport_terminal,2026-06-14 10:00:00,35,34,1,51,3.69,1.08
APT-T2,airport_terminal,2026-06-14 11:00:00,30,29,1,69,2.69,1.02
APT-T2,airport_terminal,2026-06-14 12:00:00,14,13,1,82,3.68,1.03
APT-T2,airport_terminal,2026-06-14 13:00:00,20,19,1,47,4.4,1.01
APT-T2,airport_terminal,2026-06-14 14:00:00,16,15,1,45,3.5,1.08
APT-T2,airport_terminal,2026-06-14 15:00:00,30,29,1,40,3.44,1.0
APT-T2,airport_terminal,2026-06-14 16:00:00,20,19,1,43,4.73,1.03
APT-T2,airport_terminal,2026-06-14 17:00:00,15,14,1,21,4.09,1.0
APT-T2,airport_terminal,2026-06-14 18:00:00,26,25,1,23,3.17,1.0
APT-T2,airport_terminal,2026-06-14 19:00:00,30,23,7,15,4.82,1.37
APT-T2,airport_terminal,2026-06-14 20:00:00,38,34,4,16,3.95,1.17
APT-T2,airport_terminal,2026-06-14 21:00:00,52,33,19,16,7.19,1.62
APT-T2,airport_terminal,2026-06-14 22:00:00,81,20,61,9,10.9,2.14
APT-T2,airport_terminal,2026-06-14 23:00:00,118,29,89,10,9.14,2.22
APT-T2,airport_terminal,2026-06-15 00:00:00,65,16,49,7,10.12,2.26
APT-T2,airport_terminal,2026-06-15 01:00:00,89,22,67,9,10.45,2.24
APT-T2,airport_terminal,2026-06-15 02:00:00,70,31,39,17,9.34,1.98
APT-T2,airport_terminal,2026-06-15 03:00:00,41,22,19,15,7.24,1.7
APT-T2,airport_terminal,2026-06-15 04:00:00,45,29,16,16,7.26,1.61
APT-T2,airport_terminal,2026-06-15 05:00:00,41,37,4,19,5.01,1.18
APT-T2,airport_terminal,2026-06-15 06:00:00,42,25,17,17,7.52,1.69
APT-T2,airport_terminal,2026-06-15 07:00:00,42,41,1,26,4.16,1.09
APT-T2,airport_terminal,2026-06-15 08:00:00,52,51,1,33,5.15,1.0
APT-T2,airport_terminal,2026-06-15 09:00:00,48,47,1,38,3.89,1.04
APT-T2,airport_terminal,2026-06-15 10:00:00,30,29,1,57,4.14,1.09
APT-T2,airport_terminal,2026-06-15 11:00:00,30,29,1,53,2.27,1.0
APT-T2,airport_terminal,2026-06-15 12:00:00,21,20,1,61,3.41,1.08
APT-T2,airport_terminal,2026-06-15 13:00:00,16,15,1,54,4.82,1.0
APT-T2,airport_terminal,2026-06-15 14:00:00,15,14,1,39,4.01,1.0
APT-T2,airport_terminal,2026-06-15 15:00:00,21,20,1,54,2.76,1.0
APT-T2,airport_terminal,2026-06-15 16:00:00,31,30,1,26,3.78,1.0
APT-T2,airport_terminal,2026-06-15 17:00:00,22,21,1,24,5.6,1.0
APT-T2,airport_terminal,2026-06-15 18:00:00,21,20,1,17,3.54,1.13
APT-T2,airport_terminal,2026-06-15 19:00:00,20,19,1,15,4.03,1.0
APT-T2,airport_terminal,2026-06-15 20:00:00,34,29,5,17,2.94,1.26
APT-T2,airport_terminal,2026-06-15 21:00:00,53,23,30,13,8.89,1.9
APT-T2,airport_terminal,2026-06-15 22:00:00,94,25,69,16,10.03,2.06
APT-T2,airport_terminal,2026-06-15 23:00:00,94,29,65,14,10.31,2.02
APT-T2,airport_terminal,2026-06-16 00:00:00,73,20,53,10,9.58,2.09
APT-T2,airport_terminal,2026-06-16 01:00:00,72,21,51,14,8.4,2.13
APT-T2,airport_terminal,2026-06-16 02:00:00,53,23,30,15,8.09,1.86
APT-T2,airport_terminal,2026-06-16 03:00:00,48,18,30,9,9.07,2.0
APT-T2,airport_terminal,2026-06-16 04:00:00,40,16,24,9,8.69,1.99
APT-T2,airport_terminal,2026-06-16 05:00:00,44,28,16,17,7.64,1.6
APT-T2,airport_terminal,2026-06-16 06:00:00,52,35,17,19,6.13,1.52
APT-T2,airport_terminal,2026-06-16 07:00:00,46,45,1,39,4.59,1.02
APT-T2,airport_terminal,2026-06-16 08:00:00,51,50,1,40,2.0,1.0
APT-T2,airport_terminal,2026-06-16 09:00:00,53,52,1,48,3.69,1.06
APT-T2,airport_terminal,2026-06-16 10:00:00,34,33,1,61,4.2,1.05
APT-T2,airport_terminal,2026-06-16 11:00:00,29,28,1,58,2.4,1.1
APT-T2,airport_terminal,2026-06-16 12:00:00,20,19,1,64,4.81,1.03
APT-T2,airport_terminal,2026-06-16 13:00:00,14,13,1,57,3.05,1.09
APT-T2,airport_terminal,2026-06-16 14:00:00,20,19,1,44,3.65,1.04
APT-T2,airport_terminal,2026-06-16 15:00:00,17,16,1,39,2.32,1.0
APT-T2,airport_terminal,2026-06-16 16:00:00,14,13,1,31,3.57,1.0
APT-T2,airport_terminal,2026-06-16 17:00:00,21,20,1,32,2.56,1.07
APT-T2,airport_terminal,2026-06-16 18:00:00,25,24,1,24,4.03,1.01
APT-T2,airport_terminal,2026-06-16 19:00:00,33,29,4,16,4.88,1.14
APT-T2,airport_terminal,2026-06-16 20:00:00,28,16,12,9,5.51,1.79
APT-T2,airport_terminal,2026-06-16 21:00:00,63,15,48,8,11.48,2.26
APT-T2,airport_terminal,2026-06-16 22:00:00,94,27,67,15,9.87,2.25
APT-T2,airport_terminal,2026-06-16 23:00:00,105,26,79,9,10.34,2.26
APT-T2,airport_terminal,2026-06-17 00:00:00,71,17,54,9,11.62,2.24
APT-T2,airport_terminal,2026-06-17 01:00:00,90,30,60,14,9.75,2.06
APT-T2,airport_terminal,2026-06-17 02:00:00,85,26,59,17,10.91,2.06
APT-T2,airport_terminal,2026-06-17 03:00:00,50,12,38,8,10.12,2.19
APT-T2,airport_terminal,2026-06-17 04:00:00,44,21,23,13,9.13,1.8
APT-T2,airport_terminal,2026-06-17 05:00:00,24,23,1,15,4.66,1.02
APT-T2,airport_terminal,2026-06-17 06:00:00,60,57,3,27,3.2,1.08
APT-T2,airport_terminal,2026-06-17 07:00:00,57,48,9,23,5.6,1.23
APT-T2,airport_terminal,2026-06-17 08:00:00,50,49,1,37,2.57,1.0
APT-T2,airport_terminal,2026-06-17 09:00:00,36,35,1,45,4.83,1.0
APT-T2,airport_terminal,2026-06-17 10:00:00,44,43,1,55,2.23,1.01
APT-T2,airport_terminal,2026-06-17 11:00:00,32,31,1,55,4.25,1.05
APT-T2,airport_terminal,2026-06-17 12:00:00,17,16,1,62,2.31,1.0
APT-T2,airport_terminal,2026-06-17 13:00:00,22,21,1,71,4.0,1.05
APT-T2,airport_terminal,2026-06-17 14:00:00,14,13,1,48,4.21,1.05
APT-T2,airport_terminal,2026-06-17 15:00:00,21,20,1,46,3.77,1.0
APT-T2,airport_terminal,2026-06-17 16:00:00,17,16,1,33,3.15,1.09
APT-T2,airport_terminal,2026-06-17 17:00:00,22,21,1,29,3.52,1.0
APT-T2,airport_terminal,2026-06-17 18:00:00,27,26,1,17,2.22,1.04
APT-T2,airport_terminal,2026-06-17 19:00:00,34,25,9,16,5.59,1.4
APT-T2,airport_terminal,2026-06-17 20:00:00,37,26,11,15,5.76,1.4
APT-T2,airport_terminal,2026-06-17 21:00:00,61,27,34,15,7.98,1.81
APT-T2,airport_terminal,2026-06-17 22:00:00,95,23,72,10,10.79,2.1
APT-T2,airport_terminal,2026-06-17 23:00:00,97,24,73,10,10.9,2.13
APT-T2,airport_terminal,2026-06-18 00:00:00,74,18,56,11,10.24,2.21
APT-T2,airport_terminal,2026-06-18 01:00:00,96,24,72,12,10.62,2.25
APT-T2,airport_terminal,2026-06-18 02:00:00,71,21,50,13,7.92,2.12
APT-T2,airport_terminal,2026-06-18 03:00:00,50,15,35,7,10.0,2.18
APT-T2,airport_terminal,2026-06-18 04:00:00,25,24,1,23,2.24,1.1
APT-T2,airport_terminal,2026-06-18 05:00:00,34,33,1,21,2.71,1.0
APT-T2,airport_terminal,2026-06-18 06:00:00,52,37,15,21,5.8,1.44
APT-T2,airport_terminal,2026-06-18 07:00:00,59,36,23,23,5.83,1.65
APT-T2,airport_terminal,2026-06-18 08:00:00,60,59,1,37,3.76,1.09
APT-T2,airport_terminal,2026-06-18 09:00:00,42,41,1,50,3.29,1.03
APT-T2,airport_terminal,2026-06-18 10:00:00,28,27,1,52,4.31,1.07
APT-T2,airport_terminal,2026-06-18 11:00:00,26,25,1,65,3.43,1.04
APT-T2,airport_terminal,2026-06-18 12:00:00,22,21,1,64,4.16,1.04
APT-T2,airport_terminal,2026-06-18 13:00:00,21,20,1,45,3.27,1.04
APT-T2,airport_terminal,2026-06-18 14:00:00,16,15,1,41,2.56,1.0
APT-T2,airport_terminal,2026-06-18 15:00:00,16,15,1,42,4.26,1.03
APT-T2,airport_terminal,2026-06-18 16:00:00,21,20,1,43,3.78,1.07
APT-T2,airport_terminal,2026-06-18 17:00:00,13,12,1,35,4.14,1.0
APT-T2,airport_terminal,2026-06-18 18:00:00,20,19,1,17,3.82,1.0
APT-T2,airport_terminal,2026-06-18 19:00:00,23,22,1,23,2.87,1.05
APT-T2,airport_terminal,2026-06-18 20:00:00,24,23,1,14,3.08,1.03
APT-T2,airport_terminal,2026-06-18 21:00:00,47,16,31,10,9.43,2.06
APT-T2,airport_terminal,2026-06-18 22:00:00,81,20,61,10,10.17,2.29
APT-T2,airport_terminal,2026-06-18 23:00:00,120,30,90,13,10.85,2.13
APT-T2,airport_terminal,2026-06-19 00:00:00,93,35,58,16,9.52,1.95
APT-T2,airport_terminal,2026-06-19 01:00:00,100,25,75,13,10.52,2.27
APT-T2,airport_terminal,2026-06-19 02:00:00,79,19,60,11,10.61,2.18
APT-T2,airport_terminal,2026-06-19 03:00:00,67,27,40,14,8.23,1.96
APT-T2,airport_terminal,2026-06-19 04:00:00,33,32,1,17,3.53,1.0
APT-T2,airport_terminal,2026-06-19 05:00:00,44,39,5,20,4.73,1.17
APT-T2,airport_terminal,2026-06-19 06:00:00,60,45,15,23,5.71,1.34
APT-T2,airport_terminal,2026-06-19 07:00:00,73,71,2,35,4.58,1.04
APT-T2,airport_terminal,2026-06-19 08:00:00,70,51,19,32,6.2,1.45
APT-T2,airport_terminal,2026-06-19 09:00:00,33,32,1,52,4.22,1.05
APT-T2,airport_terminal,2026-06-19 10:00:00,36,35,1,62,3.25,1.0
APT-T2,airport_terminal,2026-06-19 11:00:00,27,26,1,57,4.22,1.11
APT-T2,airport_terminal,2026-06-19 12:00:00,15,14,1,71,4.25,1.02
APT-T2,airport_terminal,2026-06-19 13:00:00,25,24,1,59,2.67,1.02
APT-T2,airport_terminal,2026-06-19 14:00:00,31,30,1,57,2.75,1.03
APT-T2,airport_terminal,2026-06-19 15:00:00,30,29,1,42,4.17,1.0
APT-T2,airport_terminal,2026-06-19 16:00:00,28,27,1,38,3.64,1.0
APT-T2,airport_terminal,2026-06-19 17:00:00,23,22,1,41,4.69,1.0
APT-T2,airport_terminal,2026-06-19 18:00:00,28,27,1,33,5.04,1.08
APT-T2,airport_terminal,2026-06-19 19:00:00,22,21,1,17,2.67,1.0
APT-T2,airport_terminal,2026-06-19 20:00:00,51,25,26,15,7.48,1.79
APT-T2,airport_terminal,2026-06-19 21:00:00,64,20,44,12,11.15,1.98
APT-T2,airport_terminal,2026-06-19 22:00:00,109,29,80,18,10.05,2.25
APT-T2,airport_terminal,2026-06-19 23:00:00,117,29,88,14,10.3,2.23
APT-T2,airport_terminal,2026-06-20 00:00:00,81,20,61,8,11.89,2.17
APT-T2,airport_terminal,2026-06-20 01:00:00,106,29,77,14,9.99,2.2
APT-T2,airport_terminal,2026-06-20 02:00:00,79,19,60,8,9.24,2.15
APT-T2,airport_terminal,2026-06-20 03:00:00,56,28,28,14,8.5,1.79
APT-T2,airport_terminal,2026-06-20 04:00:00,40,39,1,24,3.07,1.03
APT-T2,airport_terminal,2026-06-20 05:00:00,40,30,10,17,4.71,1.42
APT-T2,airport_terminal,2026-06-20 06:00:00,67,40,27,22,8.22,1.73
APT-T2,airport_terminal,2026-06-20 07:00:00,66,39,27,26,5.3,1.55
APT-T2,airport_terminal,2026-06-20 08:00:00,70,53,17,31,6.53,1.27
APT-T2,airport_terminal,2026-06-20 09:00:00,49,48,1,51,3.83,1.01
APT-T2,airport_terminal,2026-06-20 10:00:00,30,29,1,54,3.57,1.02
APT-T2,airport_terminal,2026-06-20 11:00:00,32,31,1,75,2.0,1.1
APT-T2,airport_terminal,2026-06-20 12:00:00,24,23,1,60,4.32,1.0
APT-T2,airport_terminal,2026-06-20 13:00:00,28,27,1,74,3.28,1.01
APT-T2,airport_terminal,2026-06-20 14:00:00,26,25,1,65,4.04,1.04
APT-T2,airport_terminal,2026-06-20 15:00:00,31,30,1,47,3.03,1.1
APT-T2,airport_terminal,2026-06-20 16:00:00,25,24,1,36,3.4,1.0
APT-T2,airport_terminal,2026-06-20 17:00:00,25,24,1,32,2.61,1.0
APT-T2,airport_terminal,2026-06-20 18:00:00,21,20,1,31,3.4,1.03
APT-T2,airport_terminal,2026-06-20 19:00:00,23,22,1,21,2.83,1.06
APT-T2,airport_terminal,2026-06-20 20:00:00,44,31,13,19,5.35,1.49
APT-T2,airport_terminal,2026-06-20 21:00:00,61,26,35,16,9.75,1.89
APT-T2,airport_terminal,2026-06-20 22:00:00,104,26,78,14,10.19,2.14
APT-T2,airport_terminal,2026-06-20 23:00:00,120,30,90,12,9.76,2.17
APT-T2,airport_terminal,2026-06-21 00:00:00,69,28,41,14,10.26,2.0
APT-T2,airport_terminal,2026-06-21 01:00:00,83,28,55,13,9.55,2.17
APT-T2,airport_terminal,2026-06-21 02:00:00,83,28,55,17,8.53,2.04
APT-T2,airport_terminal,2026-06-21 03:00:00,58,21,37,14,9.58,2.09
APT-T2,airport_terminal,2026-06-21 04:00:00,37,36,1,19,3.28,1.0
APT-T2,airport_terminal,2026-06-21 05:00:00,43,27,16,14,6.49,1.53
APT-T2,airport_terminal,2026-06-21 06:00:00,39,29,10,17,6.52,1.49
APT-T2,airport_terminal,2026-06-21 07:00:00,69,67,2,33,4.21,1.0
APT-T2,airport_terminal,2026-06-21 08:00:00,63,59,4,33,4.27,1.05
APT-T2,airport_terminal,2026-06-21 09:00:00,39,38,1,44,3.91,1.0
APT-T2,airport_terminal,2026-06-21 10:00:00,26,25,1,49,2.59,1.06
APT-T2,airport_terminal,2026-06-21 11:00:00,22,21,1,52,3.89,1.05
APT-T2,airport_terminal,2026-06-21 12:00:00,25,24,1,59,2.24,1.0
APT-T2,airport_terminal,2026-06-21 13:00:00,17,16,1,54,2.44,1.0
APT-T2,airport_terminal,2026-06-21 14:00:00,14,13,1,51,3.99,1.0
APT-T2,airport_terminal,2026-06-21 15:00:00,17,16,1,31,2.8,1.07
APT-T2,airport_terminal,2026-06-21 16:00:00,13,12,1,33,3.16,1.05
APT-T2,airport_terminal,2026-06-21 17:00:00,18,17,1,20,2.6,1.0
APT-T2,airport_terminal,2026-06-21 18:00:00,21,20,1,36,4.08,1.0
APT-T2,airport_terminal,2026-06-21 19:00:00,22,20,2,11,3.54,1.12
APT-T2,airport_terminal,2026-06-21 20:00:00,51,20,31,12,8.79,2.05
APT-T2,airport_terminal,2026-06-21 21:00:00,52,24,28,12,9.41,1.84
APT-T2,airport_terminal,2026-06-21 22:00:00,85,24,61,12,9.01,2.16
APT-T2,airport_terminal,2026-06-21 23:00:00,114,28,86,7,9.84,2.27
APT-T2,airport_terminal,2026-06-22 00:00:00,75,18,57,9,10.89,2.22
APT-T2,airport_terminal,2026-06-22 01:00:00,89,28,61,17,9.75,2.04
APT-T2,airport_terminal,2026-06-22 02:00:00,75,30,45,15,9.65,1.96
APT-T2,airport_terminal,2026-06-22 03:00:00,45,14,31,7,9.35,2.13
APT-T2,airport_terminal,2026-06-22 04:00:00,38,22,16,12,6.56,1.64
APT-T2,airport_terminal,2026-06-22 05:00:00,48,35,13,18,6.48,1.35
APT-T2,airport_terminal,2026-06-22 06:00:00,53,42,11,20,5.94,1.22
APT-T2,airport_terminal,2026-06-22 07:00:00,69,50,19,31,4.74,1.57
APT-T2,airport_terminal,2026-06-22 08:00:00,50,49,1,52,3.67,1.0
APT-T2,airport_terminal,2026-06-22 09:00:00,47,46,1,43,5.59,1.0
APT-T2,airport_terminal,2026-06-22 10:00:00,29,28,1,58,2.96,1.0
APT-T2,airport_terminal,2026-06-22 11:00:00,22,21,1,56,3.78,1.08
APT-T2,airport_terminal,2026-06-22 12:00:00,21,20,1,58,2.65,1.0
APT-T2,airport_terminal,2026-06-22 13:00:00,21,20,1,45,4.66,1.12
APT-T2,airport_terminal,2026-06-22 14:00:00,23,22,1,41,2.45,1.08
APT-T2,airport_terminal,2026-06-22 15:00:00,27,26,1,48,2.65,1.08
APT-T2,airport_terminal,2026-06-22 16:00:00,24,23,1,28,2.67,1.25
APT-T2,airport_terminal,2026-06-22 17:00:00,24,23,1,36,2.9,1.0
APT-T2,airport_terminal,2026-06-22 18:00:00,26,25,1,21,3.68,1.04
APT-T2,airport_terminal,2026-06-22 19:00:00,24,23,1,18,3.73,1.0
APT-T2,airport_terminal,2026-06-22 20:00:00,31,30,1,19,3.58,1.08
APT-T2,airport_terminal,2026-06-22 21:00:00,60,22,38,15,8.03,2.06
APT-T2,airport_terminal,2026-06-22 22:00:00,80,26,54,12,9.58,2.08
APT-T2,airport_terminal,2026-06-22 23:00:00,109,27,82,10,10.88,2.14
APT-T2,airport_terminal,2026-06-23 00:00:00,73,18,55,11,11.39,2.11
APT-T2,airport_terminal,2026-06-23 01:00:00,84,24,60,14,9.08,2.14
APT-T2,airport_terminal,2026-06-23 02:00:00,85,38,47,18,7.79,1.86
APT-T2,airport_terminal,2026-06-23 03:00:00,47,19,28,11,7.75,1.85
APT-T2,airport_terminal,2026-06-23 04:00:00,41,17,24,10,8.95,1.93
APT-T2,airport_terminal,2026-06-23 05:00:00,58,33,25,20,7.88,1.72
APT-T2,airport_terminal,2026-06-23 06:00:00,47,31,16,20,6.13,1.46
APT-T2,airport_terminal,2026-06-23 07:00:00,56,46,10,24,4.77,1.25
APT-T2,airport_terminal,2026-06-23 08:00:00,49,45,4,23,4.02,1.06
APT-T2,airport_terminal,2026-06-23 09:00:00,53,52,1,42,3.48,1.03
APT-T2,airport_terminal,2026-06-23 10:00:00,24,23,1,52,3.33,1.0
APT-T2,airport_terminal,2026-06-23 11:00:00,25,24,1,67,3.67,1.0
APT-T2,airport_terminal,2026-06-23 12:00:00,19,18,1,62,2.54,1.0
APT-T2,airport_terminal,2026-06-23 13:00:00,24,23,1,69,3.13,1.03
APT-T2,airport_terminal,2026-06-23 14:00:00,15,14,1,45,3.9,1.04
APT-T2,airport_terminal,2026-06-23 15:00:00,21,20,1,48,3.34,1.0
APT-T2,airport_terminal,2026-06-23 16:00:00,20,19,1,43,3.43,1.0
APT-T2,airport_terminal,2026-06-23 17:00:00,23,22,1,34,4.15,1.12
APT-T2,airport_terminal,2026-06-23 18:00:00,26,25,1,28,4.47,1.01
APT-T2,airport_terminal,2026-06-23 19:00:00,20,19,1,13,4.03,1.13
APT-T2,airport_terminal,2026-06-23 20:00:00,31,28,3,13,3.89,1.17
APT-T2,airport_terminal,2026-06-23 21:00:00,57,24,33,14,7.63,1.82
APT-T2,airport_terminal,2026-06-23 22:00:00,75,18,57,9,12.6,2.25
APT-T2,airport_terminal,2026-06-23 23:00:00,106,26,80,13,10.21,2.18
APT-T2,airport_terminal,2026-06-24 00:00:00,83,27,56,13,9.29,2.02
APT-T2,airport_terminal,2026-06-24 01:00:00,82,20,62,7,10.87,2.25
APT-T2,airport_terminal,2026-06-24 02:00:00,86,21,65,4,10.33,2.18
APT-T2,airport_terminal,2026-06-24 03:00:00,53,22,31,12,8.69,1.89
APT-T2,airport_terminal,2026-06-24 04:00:00,40,35,5,21,4.38,1.19
APT-T2,airport_terminal,2026-06-24 05:00:00,52,34,18,16,6.95,1.62
APT-T2,airport_terminal,2026-06-24 06:00:00,56,42,14,27,5.61,1.34
APT-T2,airport_terminal,2026-06-24 07:00:00,54,53,1,30,3.99,1.09
APT-T2,airport_terminal,2026-06-24 08:00:00,58,46,12,26,6.16,1.43
APT-T2,airport_terminal,2026-06-24 09:00:00,41,40,1,47,4.66,1.0
APT-T2,airport_terminal,2026-06-24 10:00:00,29,28,1,55,4.18,1.0
APT-T2,airport_terminal,2026-06-24 11:00:00,16,15,1,56,3.74,1.01
APT-T2,airport_terminal,2026-06-24 12:00:00,19,18,1,52,3.22,1.0
APT-T2,airport_terminal,2026-06-24 13:00:00,29,28,1,46,3.61,1.01
APT-T2,airport_terminal,2026-06-24 14:00:00,21,20,1,60,3.99,1.0
APT-T2,airport_terminal,2026-06-24 15:00:00,22,21,1,47,5.33,1.01
APT-T2,airport_terminal,2026-06-24 16:00:00,27,26,1,32,3.17,1.0
APT-T2,airport_terminal,2026-06-24 17:00:00,20,19,1,19,3.68,1.08
APT-T2,airport_terminal,2026-06-24 18:00:00,30,29,1,24,3.86,1.04
APT-T2,airport_terminal,2026-06-24 19:00:00,33,32,1,20,2.36,1.04
APT-T2,airport_terminal,2026-06-24 20:00:00,24,20,4,12,4.82,1.15
APT-T2,airport_terminal,2026-06-24 21:00:00,60,21,39,12,9.98,2.01
APT-T2,airport_terminal,2026-06-24 22:00:00,71,18,53,12,10.33,2.26
APT-T2,airport_terminal,2026-06-24 23:00:00,97,24,73,14,10.38,2.24
APT-T2,airport_terminal,2026-06-25 00:00:00,93,25,68,13,8.82,2.19
APT-T2,airport_terminal,2026-06-25 01:00:00,84,21,63,11,8.31,2.26
APT-T2,airport_terminal,2026-06-25 02:00:00,74,21,53,11,10.55,2.2
APT-T2,airport_terminal,2026-06-25 03:00:00,37,11,26,6,9.86,1.97
APT-T2,airport_terminal,2026-06-25 04:00:00,23,22,1,15,2.34,1.06
APT-T2,airport_terminal,2026-06-25 05:00:00,40,23,17,14,7.53,1.6
APT-T2,airport_terminal,2026-06-25 06:00:00,60,40,20,23,6.95,1.46
APT-T2,airport_terminal,2026-06-25 07:00:00,59,48,11,30,4.84,1.38
APT-T2,airport_terminal,2026-06-25 08:00:00,45,34,11,21,4.71,1.31
APT-T2,airport_terminal,2026-06-25 09:00:00,52,51,1,48,3.71,1.04
APT-T2,airport_terminal,2026-06-25 10:00:00,35,34,1,48,4.72,1.0
APT-T2,airport_terminal,2026-06-25 11:00:00,22,21,1,49,4.24,1.01
APT-T2,airport_terminal,2026-06-25 12:00:00,12,11,1,53,2.79,1.0
APT-T2,airport_terminal,2026-06-25 13:00:00,27,26,1,52,4.27,1.12
APT-T2,airport_terminal,2026-06-25 14:00:00,12,11,1,45,4.29,1.0
APT-T2,airport_terminal,2026-06-25 15:00:00,22,21,1,41,3.7,1.0
APT-T2,airport_terminal,2026-06-25 16:00:00,16,15,1,33,3.5,1.0
APT-T2,airport_terminal,2026-06-25 17:00:00,29,28,1,26,4.52,1.14
APT-T2,airport_terminal,2026-06-25 18:00:00,19,18,1,17,3.94,1.0
APT-T2,airport_terminal,2026-06-25 19:00:00,19,18,1,18,4.26,1.02
APT-T2,airport_terminal,2026-06-25 20:00:00,35,28,7,14,6.28,1.39
APT-T2,airport_terminal,2026-06-25 21:00:00,45,23,22,15,8.91,1.74
APT-T2,airport_terminal,2026-06-25 22:00:00,98,24,74,6,10.18,2.22
APT-T2,airport_terminal,2026-06-25 23:00:00,119,29,90,19,9.85,2.32
APT-T2,airport_terminal,2026-06-26 00:00:00,87,21,66,9,9.42,2.19
APT-T2,airport_terminal,2026-06-26 01:00:00,107,29,78,15,9.32,2.13
APT-T2,airport_terminal,2026-06-26 02:00:00,81,20,61,8,10.28,2.2
APT-T2,airport_terminal,2026-06-26 03:00:00,78,19,59,11,9.34,2.09
APT-T2,airport_terminal,2026-06-26 04:00:00,25,23,2,15,3.08,1.05
APT-T2,airport_terminal,2026-06-26 05:00:00,39,24,15,13,5.99,1.54
APT-T2,airport_terminal,2026-06-26 06:00:00,42,41,1,19,3.01,1.06
APT-T2,airport_terminal,2026-06-26 07:00:00,80,78,2,43,4.98,1.07
APT-T2,airport_terminal,2026-06-26 08:00:00,64,63,1,43,4.57,1.03
APT-T2,airport_terminal,2026-06-26 09:00:00,41,40,1,68,2.22,1.0
APT-T2,airport_terminal,2026-06-26 10:00:00,34,33,1,53,3.27,1.13
APT-T2,airport_terminal,2026-06-26 11:00:00,22,21,1,62,2.0,1.02
APT-T2,airport_terminal,2026-06-26 12:00:00,32,31,1,72,3.93,1.0
APT-T2,airport_terminal,2026-06-26 13:00:00,18,17,1,73,2.9,1.0
APT-T2,airport_terminal,2026-06-26 14:00:00,15,14,1,49,3.38,1.0
APT-T2,airport_terminal,2026-06-26 15:00:00,13,12,1,51,3.84,1.13
APT-T2,airport_terminal,2026-06-26 16:00:00,25,24,1,43,3.86,1.0
APT-T2,airport_terminal,2026-06-26 17:00:00,27,26,1,31,2.75,1.02
APT-T2,airport_terminal,2026-06-26 18:00:00,21,20,1,27,4.78,1.05
APT-T2,airport_terminal,2026-06-26 19:00:00,29,28,1,23,3.34,1.09
APT-T2,airport_terminal,2026-06-26 20:00:00,33,32,1,17,3.17,1.07
APT-T2,airport_terminal,2026-06-26 21:00:00,63,34,29,19,5.9,1.8
APT-T2,airport_terminal,2026-06-26 22:00:00,86,27,59,13,9.79,2.03
APT-T2,airport_terminal,2026-06-26 23:00:00,110,27,83,9,8.28,2.15
APT-T2,airport_terminal,2026-06-27 00:00:00,79,19,60,13,9.87,2.12
APT-T2,airport_terminal,2026-06-27 01:00:00,93,23,70,9,10.45,2.17
APT-T2,airport_terminal,2026-06-27 02:00:00,101,25,76,7,11.15,2.21
APT-T2,airport_terminal,2026-06-27 03:00:00,56,24,32,15,9.32,1.93
APT-T2,airport_terminal,2026-06-27 04:00:00,40,27,13,16,5.96,1.53
APT-T2,airport_terminal,2026-06-27 05:00:00,61,36,25,22,5.4,1.71
APT-T2,airport_terminal,2026-06-27 06:00:00,57,50,7,27,3.95,1.23
APT-T2,airport_terminal,2026-06-27 07:00:00,74,51,23,27,6.83,1.47
APT-T2,airport_terminal,2026-06-27 08:00:00,77,67,10,37,5.71,1.27
APT-T2,airport_terminal,2026-06-27 09:00:00,42,41,1,63,3.9,1.06
APT-T2,airport_terminal,2026-06-27 10:00:00,34,33,1,66,3.13,1.16
APT-T2,airport_terminal,2026-06-27 11:00:00,35,34,1,59,2.51,1.05
APT-T2,airport_terminal,2026-06-27 12:00:00,21,20,1,56,3.88,1.03
APT-T2,airport_terminal,2026-06-27 13:00:00,25,24,1,57,3.73,1.11
APT-T2,airport_terminal,2026-06-27 14:00:00,19,18,1,48,2.96,1.0
APT-T2,airport_terminal,2026-06-27 15:00:00,21,20,1,40,3.97,1.0
APT-T2,airport_terminal,2026-06-27 16:00:00,19,18,1,56,2.32,1.0
APT-T2,airport_terminal,2026-06-27 17:00:00,28,27,1,33,3.21,1.0
APT-T2,airport_terminal,2026-06-27 18:00:00,17,16,1,32,4.86,1.02
APT-T2,airport_terminal,2026-06-27 19:00:00,23,22,1,22,3.21,1.0
APT-T2,airport_terminal,2026-06-27 20:00:00,34,33,1,21,4.33,1.03
APT-T2,airport_terminal,2026-06-27 21:00:00,77,39,38,22,7.52,1.78
APT-T2,airport_terminal,2026-06-27 22:00:00,109,35,74,20,9.9,2.2
APT-T2,airport_terminal,2026-06-27 23:00:00,106,27,79,16,8.98,2.2
APT-T2,airport_terminal,2026-06-28 00:00:00,72,22,50,13,9.81,2.07
APT-T2,airport_terminal,2026-06-28 01:00:00,85,21,64,7,12.08,2.24
APT-T2,airport_terminal,2026-06-28 02:00:00,68,19,49,11,10.42,2.13
APT-T2,airport_terminal,2026-06-28 03:00:00,39,16,23,10,7.54,1.85
APT-T2,airport_terminal,2026-06-28 04:00:00,33,30,3,19,3.82,1.19
APT-T2,airport_terminal,2026-06-28 05:00:00,41,31,10,15,4.97,1.33
APT-T2,airport_terminal,2026-06-28 06:00:00,56,35,21,23,6.04,1.57
APT-T2,airport_terminal,2026-06-28 07:00:00,61,43,18,26,5.94,1.43
APT-T2,airport_terminal,2026-06-28 08:00:00,61,54,7,36,3.77,1.14
APT-T2,airport_terminal,2026-06-28 09:00:00,33,32,1,40,4.08,1.1
APT-T2,airport_terminal,2026-06-28 10:00:00,40,39,1,51,4.71,1.06
APT-T2,airport_terminal,2026-06-28 11:00:00,32,31,1,56,3.03,1.11
APT-T2,airport_terminal,2026-06-28 12:00:00,26,25,1,66,4.38,1.0
APT-T2,airport_terminal,2026-06-28 13:00:00,16,15,1,48,2.69,1.03
APT-T2,airport_terminal,2026-06-28 14:00:00,20,19,1,50,3.95,1.07
APT-T2,airport_terminal,2026-06-28 15:00:00,23,22,1,47,4.14,1.08
APT-T2,airport_terminal,2026-06-28 16:00:00,20,19,1,41,3.47,1.12
APT-T2,airport_terminal,2026-06-28 17:00:00,19,18,1,25,3.66,1.0
APT-T2,airport_terminal,2026-06-28 18:00:00,26,25,1,23,3.96,1.04
APT-T2,airport_terminal,2026-06-28 19:00:00,33,27,6,18,5.52,1.25
APT-T2,airport_terminal,2026-06-28 20:00:00,36,33,3,18,4.88,1.16
APT-T2,airport_terminal,2026-06-28 21:00:00,57,16,41,8,10.31,2.25
APT-T2,airport_terminal,2026-06-28 22:00:00,74,21,53,11,10.34,2.12
APT-T2,airport_terminal,2026-06-28 23:00:00,122,30,92,14,9.41,2.27
APT-T2,airport_terminal,2026-06-29 00:00:00,55,13,42,8,10.8,2.18
APT-T2,airport_terminal,2026-06-29 01:00:00,103,25,78,12,9.27,2.29
APT-T2,airport_terminal,2026-06-29 02:00:00,81,30,51,14,9.13,1.91
APT-T2,airport_terminal,2026-06-29 03:00:00,46,18,28,10,7.24,1.94
APT-T2,airport_terminal,2026-06-29 04:00:00,44,27,17,17,7.41,1.66
APT-T2,airport_terminal,2026-06-29 05:00:00,34,32,2,20,3.76,1.0
APT-T2,airport_terminal,2026-06-29 06:00:00,45,29,16,14,6.82,1.45
APT-T2,airport_terminal,2026-06-29 07:00:00,67,61,6,31,3.93,1.07
APT-T2,airport_terminal,2026-06-29 08:00:00,36,35,1,37,5.77,1.06
APT-T2,airport_terminal,2026-06-29 09:00:00,42,41,1,51,4.4,1.05
APT-T2,airport_terminal,2026-06-29 10:00:00,24,23,1,55,3.5,1.16
APT-T2,airport_terminal,2026-06-29 11:00:00,21,20,1,55,3.98,1.0
APT-T2,airport_terminal,2026-06-29 12:00:00,20,19,1,72,2.59,1.03
APT-T2,airport_terminal,2026-06-29 13:00:00,16,15,1,63,2.22,1.01
APT-T2,airport_terminal,2026-06-29 14:00:00,21,20,1,48,3.48,1.0
APT-T2,airport_terminal,2026-06-29 15:00:00,19,18,1,49,4.11,1.0
APT-T2,airport_terminal,2026-06-29 16:00:00,25,24,1,42,2.48,1.0
APT-T2,airport_terminal,2026-06-29 17:00:00,29,28,1,19,4.57,1.0
APT-T2,airport_terminal,2026-06-29 18:00:00,24,23,1,19,3.33,1.0
APT-T2,airport_terminal,2026-06-29 19:00:00,18,17,1,14,3.68,1.07
APT-T2,airport_terminal,2026-06-29 20:00:00,26,23,3,15,4.04,1.15
APT-T2,airport_terminal,2026-06-29 21:00:00,62,19,43,12,8.32,2.1
APT-T2,airport_terminal,2026-06-29 22:00:00,81,31,50,15,8.7,1.98
APT-T2,airport_terminal,2026-06-29 23:00:00,92,23,69,13,8.98,2.17
APT-T2,airport_terminal,2026-06-30 00:00:00,78,19,59,12,9.22,2.19
APT-T2,airport_terminal,2026-06-30 01:00:00,86,21,65,9,9.86,2.19
APT-T2,airport_terminal,2026-06-30 02:00:00,70,17,53,8,8.79,2.22
APT-T2,airport_terminal,2026-06-30 03:00:00,55,13,42,8,11.29,2.25
APT-T2,airport_terminal,2026-06-30 04:00:00,48,18,30,11,9.64,2.06
APT-T2,airport_terminal,2026-06-30 05:00:00,39,38,1,18,4.43,1.15
APT-T2,airport_terminal,2026-06-30 06:00:00,53,40,13,24,6.97,1.34
APT-T2,airport_terminal,2026-06-30 07:00:00,71,56,15,31,5.26,1.3
APT-T2,airport_terminal,2026-06-30 08:00:00,46,45,1,32,4.79,1.02
APT-T2,airport_terminal,2026-06-30 09:00:00,39,38,1,37,3.2,1.01
APT-T2,airport_terminal,2026-06-30 10:00:00,39,38,1,57,3.31,1.06
APT-T2,airport_terminal,2026-06-30 11:00:00,27,26,1,58,4.94,1.02
APT-T2,airport_terminal,2026-06-30 12:00:00,16,15,1,62,2.76,1.0
APT-T2,airport_terminal,2026-06-30 13:00:00,22,21,1,64,2.0,1.0
APT-T2,airport_terminal,2026-06-30 14:00:00,17,16,1,51,4.75,1.0
APT-T2,airport_terminal,2026-06-30 15:00:00,17,16,1,49,3.22,1.0
APT-T2,airport_terminal,2026-06-30 16:00:00,22,21,1,37,3.07,1.07
APT-T2,airport_terminal,2026-06-30 17:00:00,14,13,1,25,5.41,1.0
APT-T2,airport_terminal,2026-06-30 18:00:00,23,22,1,27,3.62,1.13
APT-T2,airport_terminal,2026-06-30 19:00:00,22,21,1,25,2.49,1.01
APT-T2,airport_terminal,2026-06-30 20:00:00,40,18,22,9,8.26,1.77
APT-T2,airport_terminal,2026-06-30 21:00:00,71,23,48,11,9.83,2.11
APT-T2,airport_terminal,2026-06-30 22:00:00,103,25,78,11,9.74,2.12
APT-T2,airport_terminal,2026-06-30 23:00:00,106,34,72,19,9.8,1.96
CBD-01,city_core,2026-05-01 00:00:00,45,44,1,36,3.46,1.06
CBD-01,city_core,2026-05-01 01:00:00,49,48,1,44,4.17,1.06
CBD-01,city_core,2026-05-01 02:00:00,44,43,1,50,2.6,1.0
CBD-01,city_core,2026-05-01 03:00:00,59,58,1,46,3.36,1.09
CBD-01,city_core,2026-05-01 04:00:00,39,38,1,44,4.19,1.0
CBD-01,city_core,2026-05-01 05:00:00,46,45,1,39,3.4,1.0
CBD-01,city_core,2026-05-01 06:00:00,47,46,1,41,3.85,1.08
CBD-01,city_core,2026-05-01 07:00:00,46,45,1,30,4.22,1.04
CBD-01,city_core,2026-05-01 08:00:00,49,48,1,35,3.07,1.0
CBD-01,city_core,2026-05-01 09:00:00,48,47,1,47,3.5,1.05
CBD-01,city_core,2026-05-01 10:00:00,45,44,1,52,5.47,1.0
CBD-01,city_core,2026-05-01 11:00:00,46,45,1,52,2.96,1.0
CBD-01,city_core,2026-05-01 12:00:00,43,42,1,54,2.09,1.0
CBD-01,city_core,2026-05-01 13:00:00,31,30,1,35,3.99,1.0
CBD-01,city_core,2026-05-01 14:00:00,50,49,1,43,3.04,1.0
CBD-01,city_core,2026-05-01 15:00:00,48,47,1,58,3.34,1.04
CBD-01,city_core,2026-05-01 16:00:00,58,57,1,49,3.78,1.05
CBD-01,city_core,2026-05-01 17:00:00,67,65,2,56,4.36,1.0
CBD-01,city_core,2026-05-01 18:00:00,92,90,2,65,2.93,1.06
CBD-01,city_core,2026-05-01 19:00:00,99,97,2,71,2.79,1.0
CBD-01,city_core,2026-05-01 20:00:00,88,86,2,70,3.77,1.0
CBD-01,city_core,2026-05-01 21:00:00,83,81,2,76,4.55,1.18
CBD-01,city_core,2026-05-01 22:00:00,75,73,2,61,4.56,1.0
CBD-01,city_core,2026-05-01 23:00:00,64,63,1,75,3.7,1.0
CBD-01,city_core,2026-05-02 00:00:00,44,43,1,34,3.34,1.05
CBD-01,city_core,2026-05-02 01:00:00,44,43,1,45,4.62,1.01
CBD-01,city_core,2026-05-02 02:00:00,52,51,1,46,5.12,1.0
CBD-01,city_core,2026-05-02 03:00:00,54,53,1,31,4.33,1.14
CBD-01,city_core,2026-05-02 04:00:00,49,48,1,45,2.89,1.0
CBD-01,city_core,2026-05-02 05:00:00,35,34,1,43,4.43,1.0
CBD-01,city_core,2026-05-02 06:00:00,53,52,1,43,2.92,1.01
CBD-01,city_core,2026-05-02 07:00:00,45,44,1,35,3.82,1.07
CBD-01,city_core,2026-05-02 08:00:00,49,48,1,38,3.45,1.0
CBD-01,city_core,2026-05-02 09:00:00,62,61,1,40,2.7,1.0
CBD-01,city_core,2026-05-02 10:00:00,41,40,1,36,5.03,1.1
CBD-01,city_core,2026-05-02 11:00:00,52,51,1,52,4.84,1.05
CBD-01,city_core,2026-05-02 12:00:00,55,54,1,39,2.28,1.08
CBD-01,city_core,2026-05-02 13:00:00,43,42,1,56,3.2,1.05
CBD-01,city_core,2026-05-02 14:00:00,45,44,1,39,2.0,1.07
CBD-01,city_core,2026-05-02 15:00:00,47,46,1,51,4.23,1.02
CBD-01,city_core,2026-05-02 16:00:00,58,57,1,54,3.55,1.01
CBD-01,city_core,2026-05-02 17:00:00,69,67,2,66,2.0,1.0
CBD-01,city_core,2026-05-02 18:00:00,83,81,2,74,4.26,1.05
CBD-01,city_core,2026-05-02 19:00:00,88,86,2,73,3.39,1.02
CBD-01,city_core,2026-05-02 20:00:00,94,92,2,69,4.27,1.02
CBD-01,city_core,2026-05-02 21:00:00,96,94,2,70,3.76,1.06
CBD-01,city_core,2026-05-02 22:00:00,82,80,2,64,3.08,1.06
CBD-01,city_core,2026-05-02 23:00:00,64,63,1,57,2.0,1.0
CBD-01,city_core,2026-05-03 00:00:00,38,37,1,37,2.77,1.02
CBD-01,city_core,2026-05-03 01:00:00,46,45,1,39,3.86,1.0
CBD-01,city_core,2026-05-03 02:00:00,39,38,1,37,4.55,1.0
CBD-01,city_core,2026-05-03 03:00:00,46,45,1,34,3.07,1.0
CBD-01,city_core,2026-05-03 04:00:00,46,45,1,31,3.21,1.01
CBD-01,city_core,2026-05-03 05:00:00,39,38,1,32,3.68,1.08
CBD-01,city_core,2026-05-03 06:00:00,41,40,1,44,3.36,1.05
CBD-01,city_core,2026-05-03 07:00:00,37,36,1,32,3.29,1.0
CBD-01,city_core,2026-05-03 08:00:00,46,45,1,35,3.29,1.01
CBD-01,city_core,2026-05-03 09:00:00,32,31,1,34,4.25,1.07
CBD-01,city_core,2026-05-03 10:00:00,49,47,2,24,4.29,1.04
CBD-01,city_core,2026-05-03 11:00:00,32,31,1,36,3.06,1.06
CBD-01,city_core,2026-05-03 12:00:00,42,41,1,39,3.64,1.0
CBD-01,city_core,2026-05-03 13:00:00,39,38,1,28,4.01,1.05
CBD-01,city_core,2026-05-03 14:00:00,46,45,1,37,3.26,1.12
CBD-01,city_core,2026-05-03 15:00:00,62,61,1,36,3.2,1.0
CBD-01,city_core,2026-05-03 16:00:00,49,48,1,43,3.51,1.08
CBD-01,city_core,2026-05-03 17:00:00,66,65,1,61,4.46,1.04
CBD-01,city_core,2026-05-03 18:00:00,62,61,1,53,2.73,1.0
CBD-01,city_core,2026-05-03 19:00:00,83,81,2,70,4.22,1.08
CBD-01,city_core,2026-05-03 20:00:00,76,74,2,70,4.75,1.12
CBD-01,city_core,2026-05-03 21:00:00,74,72,2,66,3.95,1.01
CBD-01,city_core,2026-05-03 22:00:00,73,71,2,59,2.67,1.07
CBD-01,city_core,2026-05-03 23:00:00,66,65,1,53,3.16,1.0
CBD-01,city_core,2026-05-04 00:00:00,47,46,1,36,4.01,1.07
CBD-01,city_core,2026-05-04 01:00:00,50,47,3,23,4.88,1.15
CBD-01,city_core,2026-05-04 02:00:00,40,39,1,40,4.68,1.0
CBD-01,city_core,2026-05-04 03:00:00,42,41,1,34,3.22,1.0
CBD-01,city_core,2026-05-04 04:00:00,41,40,1,28,3.4,1.07
CBD-01,city_core,2026-05-04 05:00:00,34,33,1,27,2.69,1.0
CBD-01,city_core,2026-05-04 06:00:00,38,37,1,29,3.01,1.0
CBD-01,city_core,2026-05-04 07:00:00,44,43,1,31,2.38,1.12
CBD-01,city_core,2026-05-04 08:00:00,41,40,1,29,4.77,1.0
CBD-01,city_core,2026-05-04 09:00:00,50,49,1,39,4.15,1.0
CBD-01,city_core,2026-05-04 10:00:00,42,41,1,32,4.02,1.0
CBD-01,city_core,2026-05-04 11:00:00,51,50,1,40,3.87,1.02
CBD-01,city_core,2026-05-04 12:00:00,44,43,1,30,4.56,1.1
CBD-01,city_core,2026-05-04 13:00:00,36,35,1,33,3.29,1.0
CBD-01,city_core,2026-05-04 14:00:00,42,41,1,35,4.37,1.0
CBD-01,city_core,2026-05-04 15:00:00,41,40,1,35,3.07,1.05
CBD-01,city_core,2026-05-04 16:00:00,61,60,1,52,5.13,1.0
CBD-01,city_core,2026-05-04 17:00:00,46,45,1,56,3.04,1.0
CBD-01,city_core,2026-05-04 18:00:00,74,72,2,63,4.07,1.0
CBD-01,city_core,2026-05-04 19:00:00,68,66,2,69,3.73,1.06
CBD-01,city_core,2026-05-04 20:00:00,87,85,2,64,3.25,1.07
CBD-01,city_core,2026-05-04 21:00:00,94,92,2,65,3.95,1.09
CBD-01,city_core,2026-05-04 22:00:00,81,79,2,54,3.39,1.02
CBD-01,city_core,2026-05-04 23:00:00,61,60,1,58,3.61,1.0
CBD-01,city_core,2026-05-05 00:00:00,48,47,1,35,4.3,1.06
CBD-01,city_core,2026-05-05 01:00:00,45,44,1,33,3.89,1.14
CBD-01,city_core,2026-05-05 02:00:00,34,33,1,31,5.18,1.06
CBD-01,city_core,2026-05-05 03:00:00,48,41,7,26,4.57,1.23
CBD-01,city_core,2026-05-05 04:00:00,49,48,1,35,4.32,1.09
CBD-01,city_core,2026-05-05 05:00:00,41,40,1,36,4.58,1.0
CBD-01,city_core,2026-05-05 06:00:00,45,44,1,35,2.46,1.02
CBD-01,city_core,2026-05-05 07:00:00,39,38,1,40,4.23,1.01
CBD-01,city_core,2026-05-05 08:00:00,30,29,1,33,4.49,1.06
CBD-01,city_core,2026-05-05 09:00:00,46,45,1,35,4.19,1.04
CBD-01,city_core,2026-05-05 10:00:00,38,37,1,38,5.14,1.0
CBD-01,city_core,2026-05-05 11:00:00,30,29,1,23,3.23,1.0
CBD-01,city_core,2026-05-05 12:00:00,38,37,1,35,2.86,1.04
CBD-01,city_core,2026-05-05 13:00:00,45,44,1,36,4.1,1.15
CBD-01,city_core,2026-05-05 14:00:00,41,40,1,41,2.59,1.0
CBD-01,city_core,2026-05-05 15:00:00,47,46,1,35,3.12,1.08
CBD-01,city_core,2026-05-05 16:00:00,38,37,1,35,3.28,1.0
CBD-01,city_core,2026-05-05 17:00:00,74,72,2,49,3.51,1.07
CBD-01,city_core,2026-05-05 18:00:00,67,65,2,53,3.42,1.08
CBD-01,city_core,2026-05-05 19:00:00,82,80,2,69,4.73,1.14
CBD-01,city_core,2026-05-05 20:00:00,82,80,2,64,3.73,1.03
CBD-01,city_core,2026-05-05 21:00:00,65,64,1,73,2.69,1.09
CBD-01,city_core,2026-05-05 22:00:00,67,65,2,52,3.24,1.06
CBD-01,city_core,2026-05-05 23:00:00,60,59,1,55,3.2,1.02
CBD-01,city_core,2026-05-06 00:00:00,42,41,1,48,2.97,1.0
CBD-01,city_core,2026-05-06 01:00:00,39,38,1,38,2.0,1.07
CBD-01,city_core,2026-05-06 02:00:00,38,37,1,35,4.49,1.02
CBD-01,city_core,2026-05-06 03:00:00,39,38,1,35,3.86,1.0
CBD-01,city_core,2026-05-06 04:00:00,40,39,1,32,4.73,1.02
CBD-01,city_core,2026-05-06 05:00:00,45,44,1,30,3.06,1.06
CBD-01,city_core,2026-05-06 06:00:00,51,50,1,28,4.52,1.08
CBD-01,city_core,2026-05-06 07:00:00,48,47,1,49,4.9,1.0
CBD-01,city_core,2026-05-06 08:00:00,40,39,1,32,3.57,1.0
CBD-01,city_core,2026-05-06 09:00:00,44,43,1,41,4.37,1.1
CBD-01,city_core,2026-05-06 10:00:00,31,30,1,37,3.93,1.03
CBD-01,city_core,2026-05-06 11:00:00,53,52,1,25,3.57,1.03
CBD-01,city_core,2026-05-06 12:00:00,52,51,1,45,3.24,1.0
CBD-01,city_core,2026-05-06 13:00:00,49,48,1,30,4.44,1.02
CBD-01,city_core,2026-05-06 14:00:00,39,38,1,36,2.59,1.0
CBD-01,city_core,2026-05-06 15:00:00,51,50,1,39,3.65,1.0
CBD-01,city_core,2026-05-06 16:00:00,45,44,1,37,3.41,1.02
CBD-01,city_core,2026-05-06 17:00:00,59,58,1,52,4.33,1.06
CBD-01,city_core,2026-05-06 18:00:00,66,65,1,66,2.65,1.0
CBD-01,city_core,2026-05-06 19:00:00,62,61,1,74,4.67,1.14
CBD-01,city_core,2026-05-06 20:00:00,81,79,2,70,2.51,1.0
CBD-01,city_core,2026-05-06 21:00:00,79,77,2,72,3.43,1.0
CBD-01,city_core,2026-05-06 22:00:00,70,68,2,54,4.75,1.0
CBD-01,city_core,2026-05-06 23:00:00,57,56,1,38,3.6,1.06
CBD-01,city_core,2026-05-07 00:00:00,43,42,1,34,2.07,1.0
CBD-01,city_core,2026-05-07 01:00:00,46,45,1,41,5.14,1.0
CBD-01,city_core,2026-05-07 02:00:00,38,37,1,34,2.89,1.0
CBD-01,city_core,2026-05-07 03:00:00,53,52,1,46,3.35,1.0
CBD-01,city_core,2026-05-07 04:00:00,42,41,1,41,3.51,1.06
CBD-01,city_core,2026-05-07 05:00:00,48,47,1,42,4.31,1.03
CBD-01,city_core,2026-05-07 06:00:00,47,46,1,37,4.85,1.05
CBD-01,city_core,2026-05-07 07:00:00,43,42,1,40,3.8,1.0
CBD-01,city_core,2026-05-07 08:00:00,39,38,1,36,3.03,1.07
CBD-01,city_core,2026-05-07 09:00:00,41,40,1,30,3.11,1.13
CBD-01,city_core,2026-05-07 10:00:00,44,43,1,40,2.97,1.07
CBD-01,city_core,2026-05-07 11:00:00,41,40,1,28,3.23,1.0
CBD-01,city_core,2026-05-07 12:00:00,34,33,1,26,3.6,1.03
CBD-01,city_core,2026-05-07 13:00:00,46,45,1,34,4.7,1.1
CBD-01,city_core,2026-05-07 14:00:00,38,37,1,35,3.38,1.06
CBD-01,city_core,2026-05-07 15:00:00,44,43,1,41,4.45,1.07
CBD-01,city_core,2026-05-07 16:00:00,51,50,1,51,2.44,1.0
CBD-01,city_core,2026-05-07 17:00:00,61,60,1,48,3.71,1.09
CBD-01,city_core,2026-05-07 18:00:00,74,72,2,52,3.56,1.0
CBD-01,city_core,2026-05-07 19:00:00,86,84,2,66,3.39,1.0
CBD-01,city_core,2026-05-07 20:00:00,77,75,2,73,3.19,1.0
CBD-01,city_core,2026-05-07 21:00:00,83,81,2,57,3.99,1.0
CBD-01,city_core,2026-05-07 22:00:00,70,68,2,57,2.54,1.0
CBD-01,city_core,2026-05-07 23:00:00,77,75,2,51,3.29,1.06
CBD-01,city_core,2026-05-08 00:00:00,50,49,1,46,2.7,1.09
CBD-01,city_core,2026-05-08 01:00:00,40,39,1,51,3.66,1.09
CBD-01,city_core,2026-05-08 02:00:00,57,56,1,43,2.85,1.1
CBD-01,city_core,2026-05-08 03:00:00,55,54,1,51,3.88,1.01
CBD-01,city_core,2026-05-08 04:00:00,38,37,1,45,3.03,1.04
CBD-01,city_core,2026-05-08 05:00:00,41,40,1,40,5.62,1.0
CBD-01,city_core,2026-05-08 06:00:00,53,52,1,43,4.53,1.05
CBD-01,city_core,2026-05-08 07:00:00,60,59,1,43,3.72,1.03
CBD-01,city_core,2026-05-08 08:00:00,41,40,1,35,3.85,1.0
CBD-01,city_core,2026-05-08 09:00:00,41,40,1,43,2.4,1.11
CBD-01,city_core,2026-05-08 10:00:00,44,43,1,33,3.25,1.0
CBD-01,city_core,2026-05-08 11:00:00,56,55,1,37,3.19,1.04
CBD-01,city_core,2026-05-08 12:00:00,45,44,1,47,3.01,1.08
CBD-01,city_core,2026-05-08 13:00:00,44,43,1,32,2.7,1.02
CBD-01,city_core,2026-05-08 14:00:00,46,45,1,36,3.89,1.04
CBD-01,city_core,2026-05-08 15:00:00,43,42,1,52,3.15,1.0
CBD-01,city_core,2026-05-08 16:00:00,57,56,1,53,4.3,1.0
CBD-01,city_core,2026-05-08 17:00:00,78,76,2,55,4.62,1.02
CBD-01,city_core,2026-05-08 18:00:00,80,78,2,73,3.97,1.13
CBD-01,city_core,2026-05-08 19:00:00,100,98,2,84,3.24,1.0
CBD-01,city_core,2026-05-08 20:00:00,81,79,2,77,2.71,1.0
CBD-01,city_core,2026-05-08 21:00:00,79,77,2,71,3.68,1.07
CBD-01,city_core,2026-05-08 22:00:00,74,72,2,68,4.21,1.0
CBD-01,city_core,2026-05-08 23:00:00,73,71,2,63,4.32,1.0
CBD-01,city_core,2026-05-09 00:00:00,69,67,2,44,3.94,1.0
CBD-01,city_core,2026-05-09 01:00:00,60,59,1,36,3.4,1.07
CBD-01,city_core,2026-05-09 02:00:00,39,38,1,51,3.12,1.01
CBD-01,city_core,2026-05-09 03:00:00,50,49,1,39,3.37,1.02
CBD-01,city_core,2026-05-09 04:00:00,46,45,1,51,4.07,1.01
CBD-01,city_core,2026-05-09 05:00:00,38,37,1,32,2.21,1.06
CBD-01,city_core,2026-05-09 06:00:00,47,46,1,39,2.2,1.08
CBD-01,city_core,2026-05-09 07:00:00,62,61,1,46,3.12,1.05
CBD-01,city_core,2026-05-09 08:00:00,48,47,1,55,3.11,1.06
CBD-01,city_core,2026-05-09 09:00:00,55,54,1,37,4.71,1.0
CBD-01,city_core,2026-05-09 10:00:00,40,39,1,52,4.65,1.04
CBD-01,city_core,2026-05-09 11:00:00,52,51,1,38,3.45,1.08
CBD-01,city_core,2026-05-09 12:00:00,47,46,1,44,4.33,1.06
CBD-01,city_core,2026-05-09 13:00:00,44,37,7,22,4.66,1.3
CBD-01,city_core,2026-05-09 14:00:00,39,38,1,37,3.22,1.02
CBD-01,city_core,2026-05-09 15:00:00,46,45,1,49,4.19,1.02
CBD-01,city_core,2026-05-09 16:00:00,54,53,1,55,2.51,1.0
CBD-01,city_core,2026-05-09 17:00:00,62,61,1,60,3.79,1.07
CBD-01,city_core,2026-05-09 18:00:00,74,72,2,69,3.93,1.02
CBD-01,city_core,2026-05-09 19:00:00,104,102,2,76,3.56,1.0
CBD-01,city_core,2026-05-09 20:00:00,90,88,2,70,2.95,1.0
CBD-01,city_core,2026-05-09 21:00:00,103,101,2,78,3.75,1.0
CBD-01,city_core,2026-05-09 22:00:00,102,100,2,73,4.61,1.06
CBD-01,city_core,2026-05-09 23:00:00,57,56,1,57,3.79,1.08
CBD-01,city_core,2026-05-10 00:00:00,35,34,1,33,3.84,1.0
CBD-01,city_core,2026-05-10 01:00:00,36,35,1,38,3.43,1.0
CBD-01,city_core,2026-05-10 02:00:00,49,48,1,30,3.55,1.06
CBD-01,city_core,2026-05-10 03:00:00,40,39,1,40,4.96,1.0
CBD-01,city_core,2026-05-10 04:00:00,39,38,1,38,5.2,1.0
CBD-01,city_core,2026-05-10 05:00:00,45,44,1,38,3.54,1.06
CBD-01,city_core,2026-05-10 06:00:00,35,34,1,41,3.15,1.06
CBD-01,city_core,2026-05-10 07:00:00,49,48,1,37,3.1,1.04
CBD-01,city_core,2026-05-10 08:00:00,44,43,1,40,5.03,1.13
CBD-01,city_core,2026-05-10 09:00:00,41,40,1,31,3.87,1.0
CBD-01,city_core,2026-05-10 10:00:00,34,33,1,39,4.08,1.0
CBD-01,city_core,2026-05-10 11:00:00,46,45,1,31,2.33,1.0
CBD-01,city_core,2026-05-10 12:00:00,46,45,1,41,3.4,1.0
CBD-01,city_core,2026-05-10 13:00:00,40,39,1,33,3.29,1.0
CBD-01,city_core,2026-05-10 14:00:00,38,37,1,31,3.72,1.02
CBD-01,city_core,2026-05-10 15:00:00,49,48,1,42,4.52,1.0
CBD-01,city_core,2026-05-10 16:00:00,54,53,1,52,3.82,1.03
CBD-01,city_core,2026-05-10 17:00:00,65,64,1,52,2.06,1.0
CBD-01,city_core,2026-05-10 18:00:00,74,72,2,62,3.9,1.08
CBD-01,city_core,2026-05-10 19:00:00,69,67,2,57,3.37,1.04
CBD-01,city_core,2026-05-10 20:00:00,78,76,2,66,2.76,1.0
CBD-01,city_core,2026-05-10 21:00:00,90,88,2,67,3.72,1.0
CBD-01,city_core,2026-05-10 22:00:00,67,65,2,67,2.73,1.02
CBD-01,city_core,2026-05-10 23:00:00,53,52,1,46,4.01,1.05
CBD-01,city_core,2026-05-11 00:00:00,47,46,1,45,3.73,1.07
CBD-01,city_core,2026-05-11 01:00:00,50,49,1,40,3.11,1.03
CBD-01,city_core,2026-05-11 02:00:00,44,36,8,24,5.35,1.34
CBD-01,city_core,2026-05-11 03:00:00,41,40,1,40,4.63,1.02
CBD-01,city_core,2026-05-11 04:00:00,42,41,1,36,2.44,1.02
CBD-01,city_core,2026-05-11 05:00:00,46,45,1,35,3.58,1.04
CBD-01,city_core,2026-05-11 06:00:00,43,42,1,41,2.39,1.0
CBD-01,city_core,2026-05-11 07:00:00,55,54,1,35,3.48,1.0
CBD-01,city_core,2026-05-11 08:00:00,47,46,1,39,4.08,1.04
CBD-01,city_core,2026-05-11 09:00:00,26,25,1,38,3.44,1.04
CBD-01,city_core,2026-05-11 10:00:00,52,51,1,37,3.0,1.04
CBD-01,city_core,2026-05-11 11:00:00,40,39,1,32,2.35,1.09
CBD-01,city_core,2026-05-11 12:00:00,44,43,1,47,4.64,1.01
CBD-01,city_core,2026-05-11 13:00:00,54,53,1,42,2.8,1.0
CBD-01,city_core,2026-05-11 14:00:00,38,37,1,35,5.5,1.04
CBD-01,city_core,2026-05-11 15:00:00,46,45,1,36,2.25,1.0
CBD-01,city_core,2026-05-11 16:00:00,54,53,1,47,4.51,1.06
CBD-01,city_core,2026-05-11 17:00:00,61,60,1,42,2.96,1.02
CBD-01,city_core,2026-05-11 18:00:00,65,64,1,61,2.74,1.08
CBD-01,city_core,2026-05-11 19:00:00,92,90,2,64,4.23,1.07
CBD-01,city_core,2026-05-11 20:00:00,75,73,2,70,4.28,1.05
CBD-01,city_core,2026-05-11 21:00:00,85,83,2,70,4.25,1.07
CBD-01,city_core,2026-05-11 22:00:00,57,56,1,45,3.0,1.0
CBD-01,city_core,2026-05-11 23:00:00,77,75,2,44,3.31,1.0
CBD-01,city_core,2026-05-12 00:00:00,38,37,1,42,3.69,1.15
CBD-01,city_core,2026-05-12 01:00:00,30,29,1,27,3.74,1.08
CBD-01,city_core,2026-05-12 02:00:00,40,39,1,42,3.62,1.03
CBD-01,city_core,2026-05-12 03:00:00,45,44,1,35,3.49,1.0
CBD-01,city_core,2026-05-12 04:00:00,44,43,1,44,4.1,1.0
CBD-01,city_core,2026-05-12 05:00:00,38,37,1,43,3.69,1.0
CBD-01,city_core,2026-05-12 06:00:00,50,49,1,27,4.9,1.0
CBD-01,city_core,2026-05-12 07:00:00,37,36,1,37,4.94,1.17
CBD-01,city_core,2026-05-12 08:00:00,40,39,1,39,4.2,1.12
CBD-01,city_core,2026-05-12 09:00:00,37,36,1,46,3.17,1.0
CBD-01,city_core,2026-05-12 10:00:00,42,41,1,40,4.39,1.02
CBD-01,city_core,2026-05-12 11:00:00,41,40,1,34,3.87,1.09
CBD-01,city_core,2026-05-12 12:00:00,34,33,1,39,4.55,1.02
CBD-01,city_core,2026-05-12 13:00:00,35,34,1,44,4.45,1.01
CBD-01,city_core,2026-05-12 14:00:00,44,43,1,39,4.57,1.02
CBD-01,city_core,2026-05-12 15:00:00,57,56,1,43,4.29,1.0
CBD-01,city_core,2026-05-12 16:00:00,56,55,1,55,2.98,1.07
CBD-01,city_core,2026-05-12 17:00:00,64,63,1,48,3.9,1.06
CBD-01,city_core,2026-05-12 18:00:00,74,72,2,62,3.47,1.0
CBD-01,city_core,2026-05-12 19:00:00,81,79,2,67,3.31,1.0
CBD-01,city_core,2026-05-12 20:00:00,92,90,2,64,4.26,1.03
CBD-01,city_core,2026-05-12 21:00:00,84,82,2,73,2.16,1.15
CBD-01,city_core,2026-05-12 22:00:00,62,61,1,51,2.86,1.05
CBD-01,city_core,2026-05-12 23:00:00,62,61,1,45,4.24,1.0
CBD-01,city_core,2026-05-13 00:00:00,31,30,1,37,4.55,1.0
CBD-01,city_core,2026-05-13 01:00:00,39,38,1,34,3.81,1.06
CBD-01,city_core,2026-05-13 02:00:00,38,37,1,38,4.09,1.05
CBD-01,city_core,2026-05-13 03:00:00,46,45,1,47,4.85,1.02
CBD-01,city_core,2026-05-13 04:00:00,29,28,1,38,4.15,1.02
CBD-01,city_core,2026-05-13 05:00:00,27,26,1,32,3.55,1.0
CBD-01,city_core,2026-05-13 06:00:00,34,33,1,44,4.12,1.0
CBD-01,city_core,2026-05-13 07:00:00,48,41,7,27,4.24,1.27
CBD-01,city_core,2026-05-13 08:00:00,43,42,1,34,2.36,1.01
CBD-01,city_core,2026-05-13 09:00:00,35,34,1,32,3.83,1.13
CBD-01,city_core,2026-05-13 10:00:00,37,36,1,43,3.77,1.08
CBD-01,city_core,2026-05-13 11:00:00,42,41,1,32,3.93,1.03
CBD-01,city_core,2026-05-13 12:00:00,49,48,1,37,4.27,1.0
CBD-01,city_core,2026-05-13 13:00:00,44,43,1,45,3.46,1.08
CBD-01,city_core,2026-05-13 14:00:00,35,34,1,42,2.93,1.0
CBD-01,city_core,2026-05-13 15:00:00,44,43,1,40,4.19,1.02
CBD-01,city_core,2026-05-13 16:00:00,52,51,1,43,3.82,1.03
CBD-01,city_core,2026-05-13 17:00:00,77,75,2,48,4.55,1.0
CBD-01,city_core,2026-05-13 18:00:00,70,68,2,64,3.9,1.0
CBD-01,city_core,2026-05-13 19:00:00,92,90,2,80,4.31,1.0
CBD-01,city_core,2026-05-13 20:00:00,84,82,2,63,3.33,1.05
CBD-01,city_core,2026-05-13 21:00:00,77,75,2,58,3.53,1.0
CBD-01,city_core,2026-05-13 22:00:00,81,79,2,60,3.64,1.0
CBD-01,city_core,2026-05-13 23:00:00,57,56,1,48,4.25,1.0
CBD-01,city_core,2026-05-14 00:00:00,35,34,1,24,4.17,1.02
CBD-01,city_core,2026-05-14 01:00:00,50,49,1,46,4.0,1.05
CBD-01,city_core,2026-05-14 02:00:00,45,44,1,34,4.99,1.03
CBD-01,city_core,2026-05-14 03:00:00,49,48,1,31,3.61,1.02
CBD-01,city_core,2026-05-14 04:00:00,51,50,1,31,2.71,1.07
CBD-01,city_core,2026-05-14 05:00:00,43,42,1,31,3.46,1.02
CBD-01,city_core,2026-05-14 06:00:00,36,35,1,35,4.74,1.03
CBD-01,city_core,2026-05-14 07:00:00,41,40,1,29,3.21,1.0
CBD-01,city_core,2026-05-14 08:00:00,43,42,1,43,2.76,1.01
CBD-01,city_core,2026-05-14 09:00:00,46,45,1,32,3.78,1.0
CBD-01,city_core,2026-05-14 10:00:00,53,52,1,33,2.27,1.06
CBD-01,city_core,2026-05-14 11:00:00,40,39,1,34,3.76,1.15
CBD-01,city_core,2026-05-14 12:00:00,36,35,1,44,2.99,1.0
CBD-01,city_core,2026-05-14 13:00:00,51,42,9,25,5.3,1.28
CBD-01,city_core,2026-05-14 14:00:00,30,29,1,35,3.14,1.04
CBD-01,city_core,2026-05-14 15:00:00,51,50,1,55,3.48,1.02
CBD-01,city_core,2026-05-14 16:00:00,61,60,1,53,3.48,1.08
CBD-01,city_core,2026-05-14 17:00:00,71,69,2,63,4.35,1.12
CBD-01,city_core,2026-05-14 18:00:00,84,82,2,54,3.8,1.12
CBD-01,city_core,2026-05-14 19:00:00,87,85,2,70,3.49,1.0
CBD-01,city_core,2026-05-14 20:00:00,77,75,2,78,5.12,1.08
CBD-01,city_core,2026-05-14 21:00:00,86,84,2,74,3.49,1.07
CBD-01,city_core,2026-05-14 22:00:00,86,84,2,67,2.82,1.05
CBD-01,city_core,2026-05-14 23:00:00,64,63,1,42,4.04,1.0
CBD-01,city_core,2026-05-15 00:00:00,51,50,1,44,4.77,1.0
CBD-01,city_core,2026-05-15 01:00:00,50,49,1,50,2.6,1.0
CBD-01,city_core,2026-05-15 02:00:00,44,43,1,44,3.61,1.09
CBD-01,city_core,2026-05-15 03:00:00,66,65,1,46,4.34,1.0
CBD-01,city_core,2026-05-15 04:00:00,60,59,1,38,2.97,1.0
CBD-01,city_core,2026-05-15 05:00:00,46,45,1,38,3.07,1.0
CBD-01,city_core,2026-05-15 06:00:00,48,47,1,40,3.76,1.0
CBD-01,city_core,2026-05-15 07:00:00,47,46,1,41,3.96,1.0
CBD-01,city_core,2026-05-15 08:00:00,57,56,1,47,4.07,1.08
CBD-01,city_core,2026-05-15 09:00:00,51,50,1,41,4.58,1.08
CBD-01,city_core,2026-05-15 10:00:00,62,40,22,26,5.62,1.43
CBD-01,city_core,2026-05-15 11:00:00,40,39,1,37,3.15,1.06
CBD-01,city_core,2026-05-15 12:00:00,50,49,1,46,3.71,1.04
CBD-01,city_core,2026-05-15 13:00:00,43,42,1,33,4.24,1.0
CBD-01,city_core,2026-05-15 14:00:00,57,56,1,38,3.21,1.04
CBD-01,city_core,2026-05-15 15:00:00,44,43,1,49,4.17,1.06
CBD-01,city_core,2026-05-15 16:00:00,60,59,1,52,3.34,1.13
CBD-01,city_core,2026-05-15 17:00:00,84,82,2,63,4.58,1.0
CBD-01,city_core,2026-05-15 18:00:00,84,82,2,69,3.36,1.0
CBD-01,city_core,2026-05-15 19:00:00,107,105,2,62,4.58,1.03
CBD-01,city_core,2026-05-15 20:00:00,91,89,2,87,2.11,1.06
CBD-01,city_core,2026-05-15 21:00:00,84,82,2,79,4.27,1.04
CBD-01,city_core,2026-05-15 22:00:00,79,77,2,54,2.45,1.0
CBD-01,city_core,2026-05-15 23:00:00,64,63,1,50,3.63,1.02
CBD-01,city_core,2026-05-16 00:00:00,48,47,1,39,4.37,1.08
CBD-01,city_core,2026-05-16 01:00:00,49,48,1,40,2.0,1.11
CBD-01,city_core,2026-05-16 02:00:00,56,55,1,34,4.01,1.04
CBD-01,city_core,2026-05-16 03:00:00,45,44,1,33,3.16,1.01
CBD-01,city_core,2026-05-16 04:00:00,46,45,1,48,4.7,1.01
CBD-01,city_core,2026-05-16 05:00:00,50,49,1,52,3.58,1.0
CBD-01,city_core,2026-05-16 06:00:00,51,50,1,40,4.35,1.0
CBD-01,city_core,2026-05-16 07:00:00,50,49,1,34,2.7,1.0
CBD-01,city_core,2026-05-16 08:00:00,52,51,1,54,3.68,1.02
CBD-01,city_core,2026-05-16 09:00:00,54,53,1,46,4.59,1.01
CBD-01,city_core,2026-05-16 10:00:00,46,45,1,45,3.51,1.02
CBD-01,city_core,2026-05-16 11:00:00,41,40,1,40,5.14,1.0
CBD-01,city_core,2026-05-16 12:00:00,41,40,1,50,3.97,1.0
CBD-01,city_core,2026-05-16 13:00:00,49,48,1,59,2.15,1.04
CBD-01,city_core,2026-05-16 14:00:00,57,56,1,49,3.27,1.01
CBD-01,city_core,2026-05-16 15:00:00,49,48,1,46,3.53,1.0
CBD-01,city_core,2026-05-16 16:00:00,67,65,2,49,2.55,1.05
CBD-01,city_core,2026-05-16 17:00:00,70,68,2,60,2.35,1.05
CBD-01,city_core,2026-05-16 18:00:00,65,64,1,65,5.23,1.05
CBD-01,city_core,2026-05-16 19:00:00,76,74,2,80,4.47,1.07
CBD-01,city_core,2026-05-16 20:00:00,79,77,2,79,4.45,1.09
CBD-01,city_core,2026-05-16 21:00:00,70,68,2,70,3.88,1.07
CBD-01,city_core,2026-05-16 22:00:00,67,65,2,75,4.93,1.08
CBD-01,city_core,2026-05-16 23:00:00,67,65,2,66,4.63,1.0
CBD-01,city_core,2026-05-17 00:00:00,42,41,1,34,3.83,1.1
CBD-01,city_core,2026-05-17 01:00:00,48,47,1,36,4.01,1.04
CBD-01,city_core,2026-05-17 02:00:00,60,59,1,31,2.12,1.08
CBD-01,city_core,2026-05-17 03:00:00,46,45,1,38,3.32,1.05
CBD-01,city_core,2026-05-17 04:00:00,32,31,1,34,2.97,1.05
CBD-01,city_core,2026-05-17 05:00:00,51,50,1,35,3.84,1.18
CBD-01,city_core,2026-05-17 06:00:00,35,34,1,35,2.43,1.02
CBD-01,city_core,2026-05-17 07:00:00,42,41,1,34,3.99,1.05
CBD-01,city_core,2026-05-17 08:00:00,52,51,1,43,3.31,1.03
CBD-01,city_core,2026-05-17 09:00:00,37,36,1,42,3.82,1.07
CBD-01,city_core,2026-05-17 10:00:00,43,42,1,28,4.17,1.19
CBD-01,city_core,2026-05-17 11:00:00,39,38,1,42,3.45,1.0
CBD-01,city_core,2026-05-17 12:00:00,40,39,1,32,4.02,1.0
CBD-01,city_core,2026-05-17 13:00:00,40,39,1,26,3.63,1.0
CBD-01,city_core,2026-05-17 14:00:00,35,34,1,37,3.62,1.0
CBD-01,city_core,2026-05-17 15:00:00,46,45,1,40,3.47,1.01
CBD-01,city_core,2026-05-17 16:00:00,49,48,1,56,3.34,1.0
CBD-01,city_core,2026-05-17 17:00:00,62,61,1,51,2.88,1.03
CBD-01,city_core,2026-05-17 18:00:00,52,51,1,75,4.89,1.06
CBD-01,city_core,2026-05-17 19:00:00,81,79,2,74,2.49,1.08
CBD-01,city_core,2026-05-17 20:00:00,70,68,2,84,2.99,1.02
CBD-01,city_core,2026-05-17 21:00:00,73,71,2,50,2.91,1.07
CBD-01,city_core,2026-05-17 22:00:00,67,65,2,49,3.85,1.1
CBD-01,city_core,2026-05-17 23:00:00,62,61,1,45,3.75,1.0
CBD-01,city_core,2026-05-18 00:00:00,45,44,1,46,3.43,1.1
CBD-01,city_core,2026-05-18 01:00:00,43,42,1,33,3.19,1.0
CBD-01,city_core,2026-05-18 02:00:00,36,35,1,41,4.15,1.09
CBD-01,city_core,2026-05-18 03:00:00,42,41,1,41,4.24,1.0
CBD-01,city_core,2026-05-18 04:00:00,40,39,1,25,2.85,1.07
CBD-01,city_core,2026-05-18 05:00:00,42,41,1,45,4.57,1.09
CBD-01,city_core,2026-05-18 06:00:00,39,38,1,43,4.22,1.0
CBD-01,city_core,2026-05-18 07:00:00,54,53,1,43,3.57,1.14
CBD-01,city_core,2026-05-18 08:00:00,44,43,1,46,4.8,1.0
CBD-01,city_core,2026-05-18 09:00:00,51,50,1,32,3.78,1.0
CBD-01,city_core,2026-05-18 10:00:00,45,44,1,31,5.26,1.12
CBD-01,city_core,2026-05-18 11:00:00,44,43,1,37,4.23,1.0
CBD-01,city_core,2026-05-18 12:00:00,39,38,1,45,3.35,1.03
CBD-01,city_core,2026-05-18 13:00:00,46,45,1,44,3.36,1.02
CBD-01,city_core,2026-05-18 14:00:00,40,39,1,37,2.41,1.07
CBD-01,city_core,2026-05-18 15:00:00,53,52,1,37,3.53,1.01
CBD-01,city_core,2026-05-18 16:00:00,49,48,1,33,4.29,1.01
CBD-01,city_core,2026-05-18 17:00:00,56,55,1,54,3.71,1.0
CBD-01,city_core,2026-05-18 18:00:00,68,66,2,60,3.67,1.11
CBD-01,city_core,2026-05-18 19:00:00,74,72,2,61,4.59,1.0
CBD-01,city_core,2026-05-18 20:00:00,68,66,2,77,2.0,1.0
CBD-01,city_core,2026-05-18 21:00:00,84,82,2,58,3.71,1.05
CBD-01,city_core,2026-05-18 22:00:00,83,81,2,61,4.64,1.09
CBD-01,city_core,2026-05-18 23:00:00,60,59,1,52,3.09,1.0
CBD-01,city_core,2026-05-19 00:00:00,33,32,1,25,4.32,1.16
CBD-01,city_core,2026-05-19 01:00:00,39,38,1,30,5.03,1.0
CBD-01,city_core,2026-05-19 02:00:00,47,46,1,41,3.81,1.09
CBD-01,city_core,2026-05-19 03:00:00,33,32,1,31,3.43,1.0
CBD-01,city_core,2026-05-19 04:00:00,48,47,1,46,2.48,1.08
CBD-01,city_core,2026-05-19 05:00:00,41,40,1,33,4.75,1.0
CBD-01,city_core,2026-05-19 06:00:00,30,29,1,51,4.21,1.06
CBD-01,city_core,2026-05-19 07:00:00,48,47,1,39,4.8,1.02
CBD-01,city_core,2026-05-19 08:00:00,39,38,1,38,3.03,1.0
CBD-01,city_core,2026-05-19 09:00:00,45,44,1,34,2.87,1.16
CBD-01,city_core,2026-05-19 10:00:00,41,40,1,39,3.03,1.06
CBD-01,city_core,2026-05-19 11:00:00,43,42,1,36,2.66,1.0
CBD-01,city_core,2026-05-19 12:00:00,39,38,1,43,4.59,1.0
CBD-01,city_core,2026-05-19 13:00:00,38,37,1,48,3.94,1.0
CBD-01,city_core,2026-05-19 14:00:00,47,46,1,31,2.57,1.07
CBD-01,city_core,2026-05-19 15:00:00,50,49,1,51,4.21,1.08
CBD-01,city_core,2026-05-19 16:00:00,57,56,1,47,2.66,1.06
CBD-01,city_core,2026-05-19 17:00:00,73,71,2,46,3.43,1.05
CBD-01,city_core,2026-05-19 18:00:00,79,77,2,61,3.37,1.05
CBD-01,city_core,2026-05-19 19:00:00,78,76,2,66,4.21,1.18
CBD-01,city_core,2026-05-19 20:00:00,88,86,2,62,3.99,1.05
CBD-01,city_core,2026-05-19 21:00:00,59,58,1,48,4.28,1.0
CBD-01,city_core,2026-05-19 22:00:00,67,65,2,59,2.19,1.03
CBD-01,city_core,2026-05-19 23:00:00,54,53,1,57,4.23,1.0
CBD-01,city_core,2026-05-20 00:00:00,43,42,1,30,3.4,1.05
CBD-01,city_core,2026-05-20 01:00:00,41,40,1,51,2.96,1.13
CBD-01,city_core,2026-05-20 02:00:00,36,35,1,39,3.48,1.0
CBD-01,city_core,2026-05-20 03:00:00,39,38,1,28,3.91,1.08
CBD-01,city_core,2026-05-20 04:00:00,35,34,1,40,3.94,1.05
CBD-01,city_core,2026-05-20 05:00:00,47,46,1,39,4.47,1.16
CBD-01,city_core,2026-05-20 06:00:00,33,32,1,26,3.5,1.0
CBD-01,city_core,2026-05-20 07:00:00,29,28,1,35,5.51,1.03
CBD-01,city_core,2026-05-20 08:00:00,33,32,1,30,4.01,1.0
CBD-01,city_core,2026-05-20 09:00:00,38,37,1,45,3.69,1.03
CBD-01,city_core,2026-05-20 10:00:00,42,41,1,35,3.23,1.13
CBD-01,city_core,2026-05-20 11:00:00,42,41,1,29,4.16,1.06
CBD-01,city_core,2026-05-20 12:00:00,52,51,1,38,2.41,1.0
CBD-01,city_core,2026-05-20 13:00:00,39,38,1,37,3.91,1.0
CBD-01,city_core,2026-05-20 14:00:00,54,53,1,37,3.43,1.05
CBD-01,city_core,2026-05-20 15:00:00,57,56,1,46,4.62,1.03
CBD-01,city_core,2026-05-20 16:00:00,63,52,11,33,4.36,1.32
CBD-01,city_core,2026-05-20 17:00:00,61,60,1,39,4.23,1.05
CBD-01,city_core,2026-05-20 18:00:00,59,58,1,59,3.25,1.07
CBD-01,city_core,2026-05-20 19:00:00,79,77,2,82,3.09,1.08
CBD-01,city_core,2026-05-20 20:00:00,70,68,2,55,2.65,1.07
CBD-01,city_core,2026-05-20 21:00:00,72,70,2,70,4.83,1.08
CBD-01,city_core,2026-05-20 22:00:00,60,59,1,64,4.88,1.07
CBD-01,city_core,2026-05-20 23:00:00,57,56,1,49,3.66,1.04
CBD-01,city_core,2026-05-21 00:00:00,52,51,1,42,3.42,1.0
CBD-01,city_core,2026-05-21 01:00:00,50,49,1,35,4.21,1.15
CBD-01,city_core,2026-05-21 02:00:00,39,38,1,31,3.69,1.07
CBD-01,city_core,2026-05-21 03:00:00,30,29,1,29,4.35,1.03
CBD-01,city_core,2026-05-21 04:00:00,37,36,1,39,3.17,1.05
CBD-01,city_core,2026-05-21 05:00:00,43,42,1,33,2.97,1.0
CBD-01,city_core,2026-05-21 06:00:00,45,44,1,22,3.21,1.03
CBD-01,city_core,2026-05-21 07:00:00,33,32,1,29,2.65,1.08
CBD-01,city_core,2026-05-21 08:00:00,44,43,1,49,3.08,1.0
CBD-01,city_core,2026-05-21 09:00:00,39,38,1,30,3.87,1.02
CBD-01,city_core,2026-05-21 10:00:00,40,39,1,24,3.1,1.05
CBD-01,city_core,2026-05-21 11:00:00,48,47,1,29,4.47,1.0
CBD-01,city_core,2026-05-21 12:00:00,33,32,1,39,4.6,1.12
CBD-01,city_core,2026-05-21 13:00:00,45,44,1,39,3.48,1.0
CBD-01,city_core,2026-05-21 14:00:00,49,48,1,28,4.72,1.03
CBD-01,city_core,2026-05-21 15:00:00,51,50,1,46,3.14,1.0
CBD-01,city_core,2026-05-21 16:00:00,54,53,1,38,3.84,1.0
CBD-01,city_core,2026-05-21 17:00:00,68,66,2,49,2.58,1.01
CBD-01,city_core,2026-05-21 18:00:00,68,66,2,66,2.0,1.0
CBD-01,city_core,2026-05-21 19:00:00,60,59,1,58,4.27,1.0
CBD-01,city_core,2026-05-21 20:00:00,89,87,2,73,4.07,1.01
CBD-01,city_core,2026-05-21 21:00:00,83,81,2,69,4.34,1.0
CBD-01,city_core,2026-05-21 22:00:00,90,87,3,41,3.28,1.05
CBD-01,city_core,2026-05-21 23:00:00,60,59,1,61,2.91,1.08
CBD-01,city_core,2026-05-22 00:00:00,51,50,1,34,2.65,1.16
CBD-01,city_core,2026-05-22 01:00:00,46,45,1,36,4.94,1.0
CBD-01,city_core,2026-05-22 02:00:00,52,51,1,45,3.32,1.0
CBD-01,city_core,2026-05-22 03:00:00,51,50,1,37,4.75,1.02
CBD-01,city_core,2026-05-22 04:00:00,47,46,1,41,3.03,1.06
CBD-01,city_core,2026-05-22 05:00:00,42,41,1,41,4.78,1.11
CBD-01,city_core,2026-05-22 06:00:00,55,54,1,37,2.92,1.0
CBD-01,city_core,2026-05-22 07:00:00,62,61,1,43,2.63,1.07
CBD-01,city_core,2026-05-22 08:00:00,54,53,1,51,3.72,1.14
CBD-01,city_core,2026-05-22 09:00:00,50,49,1,43,5.83,1.14
CBD-01,city_core,2026-05-22 10:00:00,42,41,1,41,2.66,1.04
CBD-01,city_core,2026-05-22 11:00:00,46,45,1,42,3.58,1.0
CBD-01,city_core,2026-05-22 12:00:00,58,57,1,40,4.12,1.04
CBD-01,city_core,2026-05-22 13:00:00,58,57,1,39,3.62,1.0
CBD-01,city_core,2026-05-22 14:00:00,52,51,1,41,3.04,1.0
CBD-01,city_core,2026-05-22 15:00:00,46,45,1,43,3.04,1.03
CBD-01,city_core,2026-05-22 16:00:00,48,47,1,48,4.02,1.03
CBD-01,city_core,2026-05-22 17:00:00,60,59,1,46,5.18,1.1
CBD-01,city_core,2026-05-22 18:00:00,76,74,2,65,3.83,1.02
CBD-01,city_core,2026-05-22 19:00:00,89,87,2,79,2.85,1.03
CBD-01,city_core,2026-05-22 20:00:00,83,81,2,73,3.87,1.01
CBD-01,city_core,2026-05-22 21:00:00,91,89,2,73,4.08,1.1
CBD-01,city_core,2026-05-22 22:00:00,63,62,1,80,4.49,1.08
CBD-01,city_core,2026-05-22 23:00:00,65,64,1,51,3.08,1.0
CBD-01,city_core,2026-05-23 00:00:00,44,43,1,35,3.84,1.02
CBD-01,city_core,2026-05-23 01:00:00,62,61,1,32,2.43,1.0
CBD-01,city_core,2026-05-23 02:00:00,41,40,1,40,2.83,1.0
CBD-01,city_core,2026-05-23 03:00:00,40,39,1,42,4.43,1.0
CBD-01,city_core,2026-05-23 04:00:00,52,51,1,40,4.93,1.0
CBD-01,city_core,2026-05-23 05:00:00,48,47,1,38,3.4,1.02
CBD-01,city_core,2026-05-23 06:00:00,45,44,1,33,2.2,1.08
CBD-01,city_core,2026-05-23 07:00:00,58,57,1,42,2.96,1.02
CBD-01,city_core,2026-05-23 08:00:00,46,45,1,34,3.6,1.0
CBD-01,city_core,2026-05-23 09:00:00,52,51,1,32,2.43,1.0
CBD-01,city_core,2026-05-23 10:00:00,55,54,1,45,4.75,1.02
CBD-01,city_core,2026-05-23 11:00:00,47,46,1,40,3.73,1.05
CBD-01,city_core,2026-05-23 12:00:00,50,49,1,36,2.15,1.12
CBD-01,city_core,2026-05-23 13:00:00,52,51,1,54,2.38,1.14
CBD-01,city_core,2026-05-23 14:00:00,39,38,1,33,4.13,1.12
CBD-01,city_core,2026-05-23 15:00:00,59,58,1,34,3.58,1.0
CBD-01,city_core,2026-05-23 16:00:00,68,66,2,52,4.31,1.0
CBD-01,city_core,2026-05-23 17:00:00,71,69,2,54,3.84,1.0
CBD-01,city_core,2026-05-23 18:00:00,78,76,2,60,4.25,1.0
CBD-01,city_core,2026-05-23 19:00:00,92,90,2,78,3.84,1.01
CBD-01,city_core,2026-05-23 20:00:00,121,119,2,67,4.46,1.05
CBD-01,city_core,2026-05-23 21:00:00,81,79,2,87,3.09,1.01
CBD-01,city_core,2026-05-23 22:00:00,72,70,2,81,3.45,1.03
CBD-01,city_core,2026-05-23 23:00:00,66,65,1,64,4.23,1.0
CBD-01,city_core,2026-05-24 00:00:00,36,35,1,32,4.26,1.06
CBD-01,city_core,2026-05-24 01:00:00,43,42,1,39,4.42,1.0
CBD-01,city_core,2026-05-24 02:00:00,46,45,1,40,2.21,1.0
CBD-01,city_core,2026-05-24 03:00:00,41,40,1,38,2.95,1.02
CBD-01,city_core,2026-05-24 04:00:00,35,34,1,43,2.7,1.16
CBD-01,city_core,2026-05-24 05:00:00,35,34,1,47,2.69,1.11
CBD-01,city_core,2026-05-24 06:00:00,45,44,1,39,2.12,1.0
CBD-01,city_core,2026-05-24 07:00:00,47,46,1,30,4.0,1.0
CBD-01,city_core,2026-05-24 08:00:00,39,38,1,33,2.54,1.21
CBD-01,city_core,2026-05-24 09:00:00,33,32,1,35,2.12,1.06
CBD-01,city_core,2026-05-24 10:00:00,47,46,1,30,3.11,1.09
CBD-01,city_core,2026-05-24 11:00:00,41,40,1,25,3.09,1.0
CBD-01,city_core,2026-05-24 12:00:00,38,37,1,28,3.99,1.02
CBD-01,city_core,2026-05-24 13:00:00,35,34,1,38,4.55,1.0
CBD-01,city_core,2026-05-24 14:00:00,39,38,1,30,2.92,1.0
CBD-01,city_core,2026-05-24 15:00:00,58,57,1,50,4.2,1.12
CBD-01,city_core,2026-05-24 16:00:00,42,41,1,47,5.2,1.0
CBD-01,city_core,2026-05-24 17:00:00,65,64,1,49,2.94,1.02
CBD-01,city_core,2026-05-24 18:00:00,67,65,2,57,3.13,1.0
CBD-01,city_core,2026-05-24 19:00:00,78,76,2,67,3.33,1.06
CBD-01,city_core,2026-05-24 20:00:00,77,75,2,61,3.24,1.08
CBD-01,city_core,2026-05-24 21:00:00,82,80,2,82,5.02,1.0
CBD-01,city_core,2026-05-24 22:00:00,66,65,1,64,4.38,1.03
CBD-01,city_core,2026-05-24 23:00:00,57,56,1,54,4.27,1.02
CBD-01,city_core,2026-05-25 00:00:00,34,33,1,35,3.47,1.0
CBD-01,city_core,2026-05-25 01:00:00,41,40,1,33,3.76,1.11
CBD-01,city_core,2026-05-25 02:00:00,37,36,1,40,3.48,1.03
CBD-01,city_core,2026-05-25 03:00:00,29,28,1,47,4.81,1.0
CBD-01,city_core,2026-05-25 04:00:00,50,49,1,39,4.01,1.0
CBD-01,city_core,2026-05-25 05:00:00,39,38,1,29,4.05,1.0
CBD-01,city_core,2026-05-25 06:00:00,49,48,1,39,4.04,1.0
CBD-01,city_core,2026-05-25 07:00:00,58,57,1,37,4.28,1.05
CBD-01,city_core,2026-05-25 08:00:00,42,41,1,33,2.93,1.05
CBD-01,city_core,2026-05-25 09:00:00,37,36,1,37,2.5,1.0
CBD-01,city_core,2026-05-25 10:00:00,42,41,1,39,3.06,1.01
CBD-01,city_core,2026-05-25 11:00:00,50,49,1,35,2.68,1.08
CBD-01,city_core,2026-05-25 12:00:00,41,40,1,40,4.76,1.0
CBD-01,city_core,2026-05-25 13:00:00,39,38,1,26,2.14,1.1
CBD-01,city_core,2026-05-25 14:00:00,52,51,1,43,3.07,1.09
CBD-01,city_core,2026-05-25 15:00:00,59,58,1,34,3.57,1.03
CBD-01,city_core,2026-05-25 16:00:00,53,52,1,55,2.9,1.01
CBD-01,city_core,2026-05-25 17:00:00,60,59,1,40,3.84,1.07
CBD-01,city_core,2026-05-25 18:00:00,78,76,2,51,3.68,1.0
CBD-01,city_core,2026-05-25 19:00:00,78,76,2,63,3.11,1.09
CBD-01,city_core,2026-05-25 20:00:00,82,80,2,74,3.1,1.0
CBD-01,city_core,2026-05-25 21:00:00,79,77,2,83,3.16,1.0
CBD-01,city_core,2026-05-25 22:00:00,77,75,2,51,2.93,1.0
CBD-01,city_core,2026-05-25 23:00:00,62,61,1,41,2.28,1.04
CBD-01,city_core,2026-05-26 00:00:00,42,41,1,35,3.08,1.13
CBD-01,city_core,2026-05-26 01:00:00,39,38,1,37,3.4,1.0
CBD-01,city_core,2026-05-26 02:00:00,33,32,1,35,2.0,1.0
CBD-01,city_core,2026-05-26 03:00:00,43,42,1,38,3.51,1.0
CBD-01,city_core,2026-05-26 04:00:00,31,30,1,27,3.16,1.02
CBD-01,city_core,2026-05-26 05:00:00,45,44,1,43,2.0,1.08
CBD-01,city_core,2026-05-26 06:00:00,38,37,1,32,5.17,1.07
CBD-01,city_core,2026-05-26 07:00:00,42,41,1,33,3.69,1.0
CBD-01,city_core,2026-05-26 08:00:00,40,39,1,37,2.35,1.04
CBD-01,city_core,2026-05-26 09:00:00,44,43,1,34,3.93,1.04
CBD-01,city_core,2026-05-26 10:00:00,47,46,1,44,4.72,1.17
CBD-01,city_core,2026-05-26 11:00:00,44,43,1,46,3.06,1.0
CBD-01,city_core,2026-05-26 12:00:00,47,46,1,34,3.67,1.13
CBD-01,city_core,2026-05-26 13:00:00,35,34,1,35,3.15,1.07
CBD-01,city_core,2026-05-26 14:00:00,52,51,1,48,3.22,1.04
CBD-01,city_core,2026-05-26 15:00:00,49,48,1,43,2.97,1.13
CBD-01,city_core,2026-05-26 16:00:00,47,46,1,43,4.5,1.02
CBD-01,city_core,2026-05-26 17:00:00,57,56,1,45,3.49,1.09
CBD-01,city_core,2026-05-26 18:00:00,81,79,2,76,2.76,1.0
CBD-01,city_core,2026-05-26 19:00:00,85,83,2,65,3.76,1.09
CBD-01,city_core,2026-05-26 20:00:00,81,79,2,45,3.51,1.05
CBD-01,city_core,2026-05-26 21:00:00,68,66,2,65,3.44,1.0
CBD-01,city_core,2026-05-26 22:00:00,72,70,2,52,3.1,1.0
CBD-01,city_core,2026-05-26 23:00:00,64,63,1,52,2.37,1.01
CBD-01,city_core,2026-05-27 00:00:00,46,45,1,37,4.62,1.0
CBD-01,city_core,2026-05-27 01:00:00,47,46,1,28,5.03,1.0
CBD-01,city_core,2026-05-27 02:00:00,31,30,1,27,3.46,1.05
CBD-01,city_core,2026-05-27 03:00:00,45,44,1,34,2.19,1.13
CBD-01,city_core,2026-05-27 04:00:00,41,40,1,35,4.27,1.04
CBD-01,city_core,2026-05-27 05:00:00,43,42,1,47,3.31,1.04
CBD-01,city_core,2026-05-27 06:00:00,33,32,1,39,3.36,1.05
CBD-01,city_core,2026-05-27 07:00:00,41,40,1,32,2.0,1.08
CBD-01,city_core,2026-05-27 08:00:00,46,45,1,30,3.92,1.02
CBD-01,city_core,2026-05-27 09:00:00,35,34,1,32,2.66,1.13
CBD-01,city_core,2026-05-27 10:00:00,49,42,7,28,4.7,1.24
CBD-01,city_core,2026-05-27 11:00:00,47,46,1,31,3.77,1.08
CBD-01,city_core,2026-05-27 12:00:00,38,37,1,36,4.17,1.1
CBD-01,city_core,2026-05-27 13:00:00,45,44,1,31,4.72,1.01
CBD-01,city_core,2026-05-27 14:00:00,47,46,1,37,3.64,1.0
CBD-01,city_core,2026-05-27 15:00:00,43,42,1,37,2.8,1.02
CBD-01,city_core,2026-05-27 16:00:00,53,52,1,42,4.75,1.04
CBD-01,city_core,2026-05-27 17:00:00,69,67,2,45,3.76,1.02
CBD-01,city_core,2026-05-27 18:00:00,62,61,1,63,3.0,1.0
CBD-01,city_core,2026-05-27 19:00:00,70,68,2,63,3.7,1.03
CBD-01,city_core,2026-05-27 20:00:00,83,81,2,61,3.54,1.0
CBD-01,city_core,2026-05-27 21:00:00,81,79,2,72,3.85,1.0
CBD-01,city_core,2026-05-27 22:00:00,84,67,17,43,4.19,1.3
CBD-01,city_core,2026-05-27 23:00:00,61,60,1,52,3.61,1.06
CBD-01,city_core,2026-05-28 00:00:00,38,37,1,28,3.61,1.03
CBD-01,city_core,2026-05-28 01:00:00,40,39,1,29,4.38,1.02
CBD-01,city_core,2026-05-28 02:00:00,47,46,1,39,4.35,1.13
CBD-01,city_core,2026-05-28 03:00:00,56,55,1,42,4.1,1.0
CBD-01,city_core,2026-05-28 04:00:00,53,52,1,31,2.77,1.01
CBD-01,city_core,2026-05-28 05:00:00,56,45,11,25,5.93,1.34
CBD-01,city_core,2026-05-28 06:00:00,34,33,1,39,4.02,1.04
CBD-01,city_core,2026-05-28 07:00:00,29,28,1,29,4.18,1.04
CBD-01,city_core,2026-05-28 08:00:00,45,44,1,40,3.99,1.0
CBD-01,city_core,2026-05-28 09:00:00,41,40,1,22,4.42,1.11
CBD-01,city_core,2026-05-28 10:00:00,48,47,1,50,3.92,1.04
CBD-01,city_core,2026-05-28 11:00:00,39,38,1,36,2.39,1.01
CBD-01,city_core,2026-05-28 12:00:00,52,51,1,37,4.65,1.0
CBD-01,city_core,2026-05-28 13:00:00,46,45,1,36,3.63,1.02
CBD-01,city_core,2026-05-28 14:00:00,43,42,1,40,3.49,1.0
CBD-01,city_core,2026-05-28 15:00:00,48,47,1,46,3.63,1.08
CBD-01,city_core,2026-05-28 16:00:00,51,50,1,39,4.76,1.08
CBD-01,city_core,2026-05-28 17:00:00,60,59,1,45,3.38,1.0
CBD-01,city_core,2026-05-28 18:00:00,63,62,1,59,2.0,1.02
CBD-01,city_core,2026-05-28 19:00:00,73,71,2,85,3.87,1.0
CBD-01,city_core,2026-05-28 20:00:00,90,88,2,79,4.52,1.0
CBD-01,city_core,2026-05-28 21:00:00,102,100,2,53,3.41,1.07
CBD-01,city_core,2026-05-28 22:00:00,66,65,1,65,3.93,1.01
CBD-01,city_core,2026-05-28 23:00:00,64,63,1,56,3.87,1.07
CBD-01,city_core,2026-05-29 00:00:00,33,32,1,44,2.41,1.1
CBD-01,city_core,2026-05-29 01:00:00,51,50,1,47,4.0,1.0
CBD-01,city_core,2026-05-29 02:00:00,54,53,1,37,3.31,1.04
CBD-01,city_core,2026-05-29 03:00:00,51,50,1,56,4.28,1.07
CBD-01,city_core,2026-05-29 04:00:00,56,55,1,43,2.0,1.0
CBD-01,city_core,2026-05-29 05:00:00,52,51,1,36,2.17,1.0
CBD-01,city_core,2026-05-29 06:00:00,41,40,1,47,4.72,1.0
CBD-01,city_core,2026-05-29 07:00:00,50,49,1,50,3.83,1.0
CBD-01,city_core,2026-05-29 08:00:00,46,45,1,43,4.56,1.01
CBD-01,city_core,2026-05-29 09:00:00,59,51,8,33,5.21,1.14
CBD-01,city_core,2026-05-29 10:00:00,42,41,1,43,4.15,1.0
CBD-01,city_core,2026-05-29 11:00:00,37,36,1,39,3.24,1.1
CBD-01,city_core,2026-05-29 12:00:00,35,34,1,39,2.78,1.0
CBD-01,city_core,2026-05-29 13:00:00,46,45,1,45,3.47,1.09
CBD-01,city_core,2026-05-29 14:00:00,62,61,1,48,3.49,1.0
CBD-01,city_core,2026-05-29 15:00:00,70,68,2,50,4.71,1.02
CBD-01,city_core,2026-05-29 16:00:00,65,64,1,59,3.76,1.11
CBD-01,city_core,2026-05-29 17:00:00,70,68,2,71,5.4,1.0
CBD-01,city_core,2026-05-29 18:00:00,83,81,2,61,3.11,1.0
CBD-01,city_core,2026-05-29 19:00:00,103,95,8,60,5.05,1.11
CBD-01,city_core,2026-05-29 20:00:00,85,83,2,79,2.67,1.05
CBD-01,city_core,2026-05-29 21:00:00,82,80,2,70,3.75,1.07
CBD-01,city_core,2026-05-29 22:00:00,76,74,2,74,3.77,1.0
CBD-01,city_core,2026-05-29 23:00:00,68,66,2,60,4.83,1.04
CBD-01,city_core,2026-05-30 00:00:00,49,48,1,44,3.43,1.09
CBD-01,city_core,2026-05-30 01:00:00,55,54,1,38,4.67,1.02
CBD-01,city_core,2026-05-30 02:00:00,42,41,1,43,2.56,1.01
CBD-01,city_core,2026-05-30 03:00:00,73,70,3,47,2.46,1.09
CBD-01,city_core,2026-05-30 04:00:00,47,46,1,45,4.29,1.07
CBD-01,city_core,2026-05-30 05:00:00,63,62,1,41,2.0,1.03
CBD-01,city_core,2026-05-30 06:00:00,54,53,1,31,5.11,1.0
CBD-01,city_core,2026-05-30 07:00:00,48,47,1,42,3.99,1.03
CBD-01,city_core,2026-05-30 08:00:00,42,41,1,41,4.25,1.07
CBD-01,city_core,2026-05-30 09:00:00,41,40,1,34,2.03,1.06
CBD-01,city_core,2026-05-30 10:00:00,44,43,1,46,2.85,1.01
CBD-01,city_core,2026-05-30 11:00:00,48,47,1,35,3.95,1.07
CBD-01,city_core,2026-05-30 12:00:00,52,51,1,40,3.62,1.05
CBD-01,city_core,2026-05-30 13:00:00,47,46,1,50,3.95,1.0
CBD-01,city_core,2026-05-30 14:00:00,50,49,1,39,3.34,1.0
CBD-01,city_core,2026-05-30 15:00:00,48,47,1,45,3.69,1.0
CBD-01,city_core,2026-05-30 16:00:00,69,65,4,38,3.84,1.13
CBD-01,city_core,2026-05-30 17:00:00,74,72,2,72,3.01,1.0
CBD-01,city_core,2026-05-30 18:00:00,70,68,2,78,4.96,1.01
CBD-01,city_core,2026-05-30 19:00:00,83,81,2,73,4.35,1.01
CBD-01,city_core,2026-05-30 20:00:00,90,88,2,69,3.49,1.0
CBD-01,city_core,2026-05-30 21:00:00,89,87,2,78,4.05,1.1
CBD-01,city_core,2026-05-30 22:00:00,71,69,2,78,3.23,1.0
CBD-01,city_core,2026-05-30 23:00:00,72,70,2,57,3.44,1.0
CBD-01,city_core,2026-05-31 00:00:00,40,39,1,43,3.76,1.11
CBD-01,city_core,2026-05-31 01:00:00,41,40,1,39,3.05,1.05
CBD-01,city_core,2026-05-31 02:00:00,42,41,1,35,4.41,1.02
CBD-01,city_core,2026-05-31 03:00:00,50,49,1,37,3.26,1.0
CBD-01,city_core,2026-05-31 04:00:00,47,46,1,36,4.05,1.0
CBD-01,city_core,2026-05-31 05:00:00,37,36,1,33,4.7,1.0
CBD-01,city_core,2026-05-31 06:00:00,37,36,1,41,2.5,1.0
CBD-01,city_core,2026-05-31 07:00:00,35,34,1,33,2.99,1.03
CBD-01,city_core,2026-05-31 08:00:00,36,35,1,32,4.78,1.12
CBD-01,city_core,2026-05-31 09:00:00,37,36,1,31,2.86,1.11
CBD-01,city_core,2026-05-31 10:00:00,46,45,1,34,4.73,1.0
CBD-01,city_core,2026-05-31 11:00:00,42,41,1,35,3.76,1.0
CBD-01,city_core,2026-05-31 12:00:00,39,38,1,33,4.31,1.04
CBD-01,city_core,2026-05-31 13:00:00,55,54,1,30,3.13,1.11
CBD-01,city_core,2026-05-31 14:00:00,44,43,1,42,3.67,1.05
CBD-01,city_core,2026-05-31 15:00:00,49,48,1,47,3.21,1.07
CBD-01,city_core,2026-05-31 16:00:00,49,48,1,38,4.51,1.05
CBD-01,city_core,2026-05-31 17:00:00,54,53,1,41,4.13,1.0
CBD-01,city_core,2026-05-31 18:00:00,88,86,2,62,3.31,1.04
CBD-01,city_core,2026-05-31 19:00:00,73,71,2,58,3.96,1.0
CBD-01,city_core,2026-05-31 20:00:00,79,77,2,67,4.15,1.02
CBD-01,city_core,2026-05-31 21:00:00,67,65,2,65,4.19,1.08
CBD-01,city_core,2026-05-31 22:00:00,87,85,2,69,4.76,1.0
CBD-01,city_core,2026-05-31 23:00:00,59,58,1,60,5.52,1.0
CBD-01,city_core,2026-06-01 00:00:00,50,49,1,44,3.06,1.0
CBD-01,city_core,2026-06-01 01:00:00,54,53,1,33,2.89,1.06
CBD-01,city_core,2026-06-01 02:00:00,44,43,1,42,4.6,1.0
CBD-01,city_core,2026-06-01 03:00:00,48,47,1,36,3.44,1.03
CBD-01,city_core,2026-06-01 04:00:00,46,45,1,33,3.94,1.0
CBD-01,city_core,2026-06-01 05:00:00,39,38,1,30,4.53,1.0
CBD-01,city_core,2026-06-01 06:00:00,38,37,1,36,2.63,1.0
CBD-01,city_core,2026-06-01 07:00:00,45,44,1,32,4.69,1.0
CBD-01,city_core,2026-06-01 08:00:00,34,33,1,40,4.0,1.05
CBD-01,city_core,2026-06-01 09:00:00,52,51,1,45,3.73,1.03
CBD-01,city_core,2026-06-01 10:00:00,43,42,1,33,3.81,1.11
CBD-01,city_core,2026-06-01 11:00:00,56,55,1,39,3.58,1.0
CBD-01,city_core,2026-06-01 12:00:00,46,45,1,44,2.64,1.0
CBD-01,city_core,2026-06-01 13:00:00,41,40,1,31,3.52,1.0
CBD-01,city_core,2026-06-01 14:00:00,38,37,1,26,2.54,1.07
CBD-01,city_core,2026-06-01 15:00:00,44,43,1,39,2.59,1.02
CBD-01,city_core,2026-06-01 16:00:00,53,52,1,35,3.79,1.02
CBD-01,city_core,2026-06-01 17:00:00,69,67,2,66,4.7,1.0
CBD-01,city_core,2026-06-01 18:00:00,79,77,2,45,3.14,1.0
CBD-01,city_core,2026-06-01 19:00:00,83,81,2,81,3.88,1.02
CBD-01,city_core,2026-06-01 20:00:00,82,80,2,63,2.62,1.05
CBD-01,city_core,2026-06-01 21:00:00,67,65,2,58,2.77,1.0
CBD-01,city_core,2026-06-01 22:00:00,70,68,2,60,3.04,1.01
CBD-01,city_core,2026-06-01 23:00:00,56,55,1,45,2.87,1.11
CBD-01,city_core,2026-06-02 00:00:00,52,51,1,38,3.87,1.07
CBD-01,city_core,2026-06-02 01:00:00,38,37,1,30,4.65,1.03
CBD-01,city_core,2026-06-02 02:00:00,33,32,1,41,4.09,1.04
CBD-01,city_core,2026-06-02 03:00:00,31,30,1,32,3.45,1.07
CBD-01,city_core,2026-06-02 04:00:00,42,41,1,33,3.34,1.0
CBD-01,city_core,2026-06-02 05:00:00,29,28,1,24,3.22,1.01
CBD-01,city_core,2026-06-02 06:00:00,43,42,1,45,3.7,1.0
CBD-01,city_core,2026-06-02 07:00:00,38,37,1,36,4.64,1.03
CBD-01,city_core,2026-06-02 08:00:00,44,43,1,31,3.52,1.08
CBD-01,city_core,2026-06-02 09:00:00,39,38,1,39,4.12,1.03
CBD-01,city_core,2026-06-02 10:00:00,39,38,1,31,3.01,1.0
CBD-01,city_core,2026-06-02 11:00:00,42,41,1,33,4.81,1.0
CBD-01,city_core,2026-06-02 12:00:00,42,41,1,33,3.86,1.08
CBD-01,city_core,2026-06-02 13:00:00,27,26,1,37,3.33,1.07
CBD-01,city_core,2026-06-02 14:00:00,44,43,1,30,4.54,1.05
CBD-01,city_core,2026-06-02 15:00:00,46,45,1,39,4.48,1.03
CBD-01,city_core,2026-06-02 16:00:00,43,42,1,40,4.08,1.0
CBD-01,city_core,2026-06-02 17:00:00,59,58,1,54,3.94,1.0
CBD-01,city_core,2026-06-02 18:00:00,74,72,2,56,3.12,1.04
CBD-01,city_core,2026-06-02 19:00:00,75,73,2,91,2.38,1.06
CBD-01,city_core,2026-06-02 20:00:00,67,65,2,63,2.6,1.0
CBD-01,city_core,2026-06-02 21:00:00,78,76,2,61,3.2,1.07
CBD-01,city_core,2026-06-02 22:00:00,66,65,1,53,2.54,1.14
CBD-01,city_core,2026-06-02 23:00:00,63,62,1,49,3.66,1.02
CBD-01,city_core,2026-06-03 00:00:00,44,43,1,33,4.13,1.06
CBD-01,city_core,2026-06-03 01:00:00,42,41,1,31,3.26,1.1
CBD-01,city_core,2026-06-03 02:00:00,45,44,1,36,3.44,1.06
CBD-01,city_core,2026-06-03 03:00:00,47,46,1,33,3.16,1.06
CBD-01,city_core,2026-06-03 04:00:00,53,51,2,25,5.06,1.07
CBD-01,city_core,2026-06-03 05:00:00,48,47,1,36,4.82,1.0
CBD-01,city_core,2026-06-03 06:00:00,56,55,1,51,2.66,1.0
CBD-01,city_core,2026-06-03 07:00:00,53,52,1,37,4.21,1.0
CBD-01,city_core,2026-06-03 08:00:00,38,37,1,28,4.82,1.15
CBD-01,city_core,2026-06-03 09:00:00,45,44,1,32,4.26,1.05
CBD-01,city_core,2026-06-03 10:00:00,42,38,4,25,3.97,1.18
CBD-01,city_core,2026-06-03 11:00:00,52,51,1,36,3.65,1.0
CBD-01,city_core,2026-06-03 12:00:00,42,41,1,23,3.73,1.0
CBD-01,city_core,2026-06-03 13:00:00,49,48,1,32,3.16,1.08
CBD-01,city_core,2026-06-03 14:00:00,38,37,1,40,2.87,1.08
CBD-01,city_core,2026-06-03 15:00:00,45,44,1,33,5.01,1.0
CBD-01,city_core,2026-06-03 16:00:00,54,53,1,41,3.8,1.0
CBD-01,city_core,2026-06-03 17:00:00,53,52,1,58,2.52,1.04
CBD-01,city_core,2026-06-03 18:00:00,63,62,1,44,3.92,1.0
CBD-01,city_core,2026-06-03 19:00:00,80,78,2,70,2.77,1.07
CBD-01,city_core,2026-06-03 20:00:00,73,71,2,62,3.08,1.04
CBD-01,city_core,2026-06-03 21:00:00,77,75,2,56,4.58,1.09
CBD-01,city_core,2026-06-03 22:00:00,66,65,1,58,3.45,1.0
CBD-01,city_core,2026-06-03 23:00:00,59,58,1,53,2.99,1.0
CBD-01,city_core,2026-06-04 00:00:00,47,46,1,28,4.62,1.02
CBD-01,city_core,2026-06-04 01:00:00,46,45,1,29,2.55,1.0
CBD-01,city_core,2026-06-04 02:00:00,39,38,1,39,3.61,1.0
CBD-01,city_core,2026-06-04 03:00:00,37,36,1,25,4.05,1.09
CBD-01,city_core,2026-06-04 04:00:00,38,37,1,34,3.38,1.08
CBD-01,city_core,2026-06-04 05:00:00,47,46,1,36,3.44,1.0
CBD-01,city_core,2026-06-04 06:00:00,44,43,1,35,3.46,1.12
CBD-01,city_core,2026-06-04 07:00:00,55,44,11,27,4.19,1.33
CBD-01,city_core,2026-06-04 08:00:00,49,48,1,33,3.54,1.03
CBD-01,city_core,2026-06-04 09:00:00,35,34,1,27,2.97,1.0
CBD-01,city_core,2026-06-04 10:00:00,45,44,1,34,3.7,1.0
CBD-01,city_core,2026-06-04 11:00:00,53,52,1,40,3.23,1.03
CBD-01,city_core,2026-06-04 12:00:00,35,34,1,33,2.59,1.02
CBD-01,city_core,2026-06-04 13:00:00,51,48,3,32,4.6,1.1
CBD-01,city_core,2026-06-04 14:00:00,36,35,1,32,3.3,1.0
CBD-01,city_core,2026-06-04 15:00:00,38,37,1,49,4.87,1.04
CBD-01,city_core,2026-06-04 16:00:00,45,44,1,47,2.19,1.05
CBD-01,city_core,2026-06-04 17:00:00,49,48,1,41,3.38,1.0
CBD-01,city_core,2026-06-04 18:00:00,67,65,2,73,3.05,1.16
CBD-01,city_core,2026-06-04 19:00:00,92,90,2,72,2.69,1.1
CBD-01,city_core,2026-06-04 20:00:00,70,68,2,65,3.98,1.09
CBD-01,city_core,2026-06-04 21:00:00,82,80,2,57,2.38,1.0
CBD-01,city_core,2026-06-04 22:00:00,66,65,1,65,4.45,1.0
CBD-01,city_core,2026-06-04 23:00:00,58,57,1,62,4.76,1.0
CBD-01,city_core,2026-06-05 00:00:00,40,39,1,43,3.93,1.0
CBD-01,city_core,2026-06-05 01:00:00,56,55,1,43,2.82,1.0
CBD-01,city_core,2026-06-05 02:00:00,56,55,1,40,3.99,1.03
CBD-01,city_core,2026-06-05 03:00:00,49,48,1,50,4.9,1.0
CBD-01,city_core,2026-06-05 04:00:00,35,34,1,35,4.0,1.08
CBD-01,city_core,2026-06-05 05:00:00,60,59,1,39,3.67,1.12
CBD-01,city_core,2026-06-05 06:00:00,54,53,1,30,2.51,1.06
CBD-01,city_core,2026-06-05 07:00:00,38,37,1,41,2.5,1.01
CBD-01,city_core,2026-06-05 08:00:00,45,44,1,38,3.1,1.04
CBD-01,city_core,2026-06-05 09:00:00,60,59,1,35,2.09,1.11
CBD-01,city_core,2026-06-05 10:00:00,52,51,1,38,3.49,1.01
CBD-01,city_core,2026-06-05 11:00:00,47,46,1,36,2.62,1.05
CBD-01,city_core,2026-06-05 12:00:00,44,43,1,51,3.06,1.0
CBD-01,city_core,2026-06-05 13:00:00,51,50,1,39,3.12,1.07
CBD-01,city_core,2026-06-05 14:00:00,56,55,1,38,5.14,1.05
CBD-01,city_core,2026-06-05 15:00:00,57,56,1,51,4.09,1.0
CBD-01,city_core,2026-06-05 16:00:00,59,58,1,54,3.67,1.01
CBD-01,city_core,2026-06-05 17:00:00,85,83,2,54,2.88,1.11
CBD-01,city_core,2026-06-05 18:00:00,71,69,2,70,3.59,1.0
CBD-01,city_core,2026-06-05 19:00:00,94,92,2,78,4.02,1.0
CBD-01,city_core,2026-06-05 20:00:00,89,87,2,90,3.74,1.02
CBD-01,city_core,2026-06-05 21:00:00,81,79,2,62,3.28,1.0
CBD-01,city_core,2026-06-05 22:00:00,85,83,2,60,2.49,1.0
CBD-01,city_core,2026-06-05 23:00:00,66,65,1,53,4.6,1.0
CBD-01,city_core,2026-06-06 00:00:00,61,60,1,40,3.46,1.04
CBD-01,city_core,2026-06-06 01:00:00,64,63,1,39,3.47,1.0
CBD-01,city_core,2026-06-06 02:00:00,46,45,1,46,5.05,1.0
CBD-01,city_core,2026-06-06 03:00:00,33,32,1,56,3.17,1.08
CBD-01,city_core,2026-06-06 04:00:00,45,44,1,39,3.23,1.06
CBD-01,city_core,2026-06-06 05:00:00,52,51,1,39,4.23,1.06
CBD-01,city_core,2026-06-06 06:00:00,47,46,1,33,3.83,1.0
CBD-01,city_core,2026-06-06 07:00:00,34,33,1,37,3.99,1.1
CBD-01,city_core,2026-06-06 08:00:00,48,47,1,43,4.79,1.0
CBD-01,city_core,2026-06-06 09:00:00,46,45,1,42,4.3,1.03
CBD-01,city_core,2026-06-06 10:00:00,53,52,1,37,3.24,1.08
CBD-01,city_core,2026-06-06 11:00:00,42,41,1,48,4.56,1.02
CBD-01,city_core,2026-06-06 12:00:00,60,59,1,36,3.46,1.01
CBD-01,city_core,2026-06-06 13:00:00,45,44,1,48,4.1,1.0
CBD-01,city_core,2026-06-06 14:00:00,48,47,1,48,5.91,1.0
CBD-01,city_core,2026-06-06 15:00:00,60,59,1,47,4.38,1.0
CBD-01,city_core,2026-06-06 16:00:00,57,56,1,42,2.88,1.09
CBD-01,city_core,2026-06-06 17:00:00,59,58,1,59,2.44,1.0
CBD-01,city_core,2026-06-06 18:00:00,96,94,2,76,2.27,1.08
CBD-01,city_core,2026-06-06 19:00:00,90,88,2,93,5.45,1.0
CBD-01,city_core,2026-06-06 20:00:00,99,97,2,73,2.83,1.07
CBD-01,city_core,2026-06-06 21:00:00,98,96,2,84,2.81,1.07
CBD-01,city_core,2026-06-06 22:00:00,68,66,2,82,4.1,1.0
CBD-01,city_core,2026-06-06 23:00:00,52,51,1,50,4.63,1.01
CBD-01,city_core,2026-06-07 00:00:00,32,31,1,30,3.64,1.07
CBD-01,city_core,2026-06-07 01:00:00,35,34,1,35,3.71,1.0
CBD-01,city_core,2026-06-07 02:00:00,54,53,1,38,4.09,1.0
CBD-01,city_core,2026-06-07 03:00:00,39,38,1,31,3.68,1.12
CBD-01,city_core,2026-06-07 04:00:00,36,35,1,43,3.11,1.01
CBD-01,city_core,2026-06-07 05:00:00,43,42,1,33,2.61,1.01
CBD-01,city_core,2026-06-07 06:00:00,50,49,1,33,4.31,1.0
CBD-01,city_core,2026-06-07 07:00:00,36,35,1,36,3.0,1.08
CBD-01,city_core,2026-06-07 08:00:00,36,35,1,31,3.73,1.04
CBD-01,city_core,2026-06-07 09:00:00,37,36,1,39,4.3,1.04
CBD-01,city_core,2026-06-07 10:00:00,37,36,1,43,3.25,1.07
CBD-01,city_core,2026-06-07 11:00:00,40,39,1,32,3.41,1.08
CBD-01,city_core,2026-06-07 12:00:00,47,46,1,29,3.8,1.05
CBD-01,city_core,2026-06-07 13:00:00,46,45,1,33,4.01,1.03
CBD-01,city_core,2026-06-07 14:00:00,45,44,1,42,4.06,1.03
CBD-01,city_core,2026-06-07 15:00:00,45,44,1,38,2.68,1.06
CBD-01,city_core,2026-06-07 16:00:00,60,59,1,42,2.92,1.05
CBD-01,city_core,2026-06-07 17:00:00,53,52,1,44,2.69,1.07
CBD-01,city_core,2026-06-07 18:00:00,72,70,2,71,4.37,1.16
CBD-01,city_core,2026-06-07 19:00:00,67,65,2,62,3.08,1.0
CBD-01,city_core,2026-06-07 20:00:00,80,78,2,70,3.12,1.03
CBD-01,city_core,2026-06-07 21:00:00,58,57,1,69,4.13,1.13
CBD-01,city_core,2026-06-07 22:00:00,65,64,1,47,3.39,1.0
CBD-01,city_core,2026-06-07 23:00:00,66,65,1,48,3.79,1.0
CBD-01,city_core,2026-06-08 00:00:00,33,32,1,28,2.88,1.0
CBD-01,city_core,2026-06-08 01:00:00,36,35,1,29,3.58,1.0
CBD-01,city_core,2026-06-08 02:00:00,41,40,1,35,4.65,1.18
CBD-01,city_core,2026-06-08 03:00:00,43,42,1,31,3.08,1.0
CBD-01,city_core,2026-06-08 04:00:00,36,35,1,36,3.12,1.01
CBD-01,city_core,2026-06-08 05:00:00,42,41,1,30,4.31,1.08
CBD-01,city_core,2026-06-08 06:00:00,43,42,1,29,3.01,1.08
CBD-01,city_core,2026-06-08 07:00:00,35,34,1,28,3.48,1.0
CBD-01,city_core,2026-06-08 08:00:00,40,39,1,41,3.71,1.0
CBD-01,city_core,2026-06-08 09:00:00,36,35,1,26,2.79,1.0
CBD-01,city_core,2026-06-08 10:00:00,36,35,1,33,3.59,1.02
CBD-01,city_core,2026-06-08 11:00:00,36,35,1,34,3.51,1.07
CBD-01,city_core,2026-06-08 12:00:00,43,42,1,44,3.25,1.0
CBD-01,city_core,2026-06-08 13:00:00,42,41,1,35,4.06,1.02
CBD-01,city_core,2026-06-08 14:00:00,36,35,1,42,3.88,1.03
CBD-01,city_core,2026-06-08 15:00:00,44,43,1,28,3.05,1.08
CBD-01,city_core,2026-06-08 16:00:00,43,42,1,50,5.42,1.05
CBD-01,city_core,2026-06-08 17:00:00,58,57,1,42,3.53,1.01
CBD-01,city_core,2026-06-08 18:00:00,66,65,1,61,4.17,1.0
CBD-01,city_core,2026-06-08 19:00:00,79,77,2,68,3.01,1.02
CBD-01,city_core,2026-06-08 20:00:00,91,89,2,80,3.45,1.08
CBD-01,city_core,2026-06-08 21:00:00,69,67,2,68,2.0,1.0
CBD-01,city_core,2026-06-08 22:00:00,69,67,2,59,4.4,1.02
CBD-01,city_core,2026-06-08 23:00:00,57,56,1,55,3.37,1.0
CBD-01,city_core,2026-06-09 00:00:00,44,43,1,36,3.53,1.0
CBD-01,city_core,2026-06-09 01:00:00,44,43,1,32,3.26,1.12
CBD-01,city_core,2026-06-09 02:00:00,43,42,1,40,5.06,1.06
CBD-01,city_core,2026-06-09 03:00:00,41,40,1,42,4.43,1.04
CBD-01,city_core,2026-06-09 04:00:00,42,41,1,34,4.02,1.03
CBD-01,city_core,2026-06-09 05:00:00,40,39,1,33,3.92,1.07
CBD-01,city_core,2026-06-09 06:00:00,36,35,1,34,3.92,1.09
CBD-01,city_core,2026-06-09 07:00:00,35,34,1,38,3.61,1.04
CBD-01,city_core,2026-06-09 08:00:00,50,49,1,34,3.46,1.1
CBD-01,city_core,2026-06-09 09:00:00,40,39,1,33,4.96,1.03
CBD-01,city_core,2026-06-09 10:00:00,49,48,1,37,3.66,1.03
CBD-01,city_core,2026-06-09 11:00:00,45,44,1,34,3.96,1.0
CBD-01,city_core,2026-06-09 12:00:00,48,47,1,27,4.14,1.02
CBD-01,city_core,2026-06-09 13:00:00,53,52,1,46,2.0,1.0
CBD-01,city_core,2026-06-09 14:00:00,44,43,1,29,2.9,1.09
CBD-01,city_core,2026-06-09 15:00:00,49,48,1,39,4.02,1.0
CBD-01,city_core,2026-06-09 16:00:00,41,40,1,36,4.85,1.0
CBD-01,city_core,2026-06-09 17:00:00,49,48,1,52,3.78,1.02
CBD-01,city_core,2026-06-09 18:00:00,81,79,2,61,2.43,1.0
CBD-01,city_core,2026-06-09 19:00:00,88,86,2,61,3.75,1.01
CBD-01,city_core,2026-06-09 20:00:00,79,77,2,70,5.18,1.04
CBD-01,city_core,2026-06-09 21:00:00,59,58,1,73,4.64,1.01
CBD-01,city_core,2026-06-09 22:00:00,78,76,2,58,4.32,1.05
CBD-01,city_core,2026-06-09 23:00:00,57,56,1,45,3.36,1.02
CBD-01,city_core,2026-06-10 00:00:00,46,45,1,36,3.43,1.0
CBD-01,city_core,2026-06-10 01:00:00,37,36,1,26,4.26,1.1
CBD-01,city_core,2026-06-10 02:00:00,59,58,1,31,3.55,1.0
CBD-01,city_core,2026-06-10 03:00:00,45,44,1,28,4.22,1.0
CBD-01,city_core,2026-06-10 04:00:00,44,43,1,43,2.3,1.0
CBD-01,city_core,2026-06-10 05:00:00,38,37,1,40,4.32,1.01
CBD-01,city_core,2026-06-10 06:00:00,44,43,1,32,2.0,1.0
CBD-01,city_core,2026-06-10 07:00:00,43,42,1,30,3.25,1.01
CBD-01,city_core,2026-06-10 08:00:00,37,36,1,29,3.5,1.1
CBD-01,city_core,2026-06-10 09:00:00,44,43,1,31,4.04,1.03
CBD-01,city_core,2026-06-10 10:00:00,42,41,1,38,2.45,1.01
CBD-01,city_core,2026-06-10 11:00:00,33,32,1,40,4.51,1.0
CBD-01,city_core,2026-06-10 12:00:00,43,42,1,50,4.11,1.07
CBD-01,city_core,2026-06-10 13:00:00,38,37,1,36,2.66,1.0
CBD-01,city_core,2026-06-10 14:00:00,46,45,1,41,2.51,1.0
CBD-01,city_core,2026-06-10 15:00:00,37,36,1,33,4.05,1.03
CBD-01,city_core,2026-06-10 16:00:00,56,55,1,48,3.66,1.11
CBD-01,city_core,2026-06-10 17:00:00,59,58,1,48,4.62,1.08
CBD-01,city_core,2026-06-10 18:00:00,75,73,2,62,3.28,1.0
CBD-01,city_core,2026-06-10 19:00:00,66,65,1,61,4.92,1.0
CBD-01,city_core,2026-06-10 20:00:00,86,84,2,71,3.59,1.0
CBD-01,city_core,2026-06-10 21:00:00,72,70,2,75,3.5,1.0
CBD-01,city_core,2026-06-10 22:00:00,82,80,2,61,5.1,1.02
CBD-01,city_core,2026-06-10 23:00:00,57,56,1,49,3.51,1.06
CBD-01,city_core,2026-06-11 00:00:00,54,53,1,38,5.07,1.04
CBD-01,city_core,2026-06-11 01:00:00,40,39,1,37,3.59,1.0
CBD-01,city_core,2026-06-11 02:00:00,45,44,1,48,3.19,1.02
CBD-01,city_core,2026-06-11 03:00:00,40,39,1,32,2.46,1.0
CBD-01,city_core,2026-06-11 04:00:00,43,42,1,35,3.49,1.0
CBD-01,city_core,2026-06-11 05:00:00,39,38,1,24,4.99,1.11
CBD-01,city_core,2026-06-11 06:00:00,37,36,1,37,4.08,1.15
CBD-01,city_core,2026-06-11 07:00:00,34,33,1,35,2.0,1.03
CBD-01,city_core,2026-06-11 08:00:00,39,38,1,30,2.31,1.03
CBD-01,city_core,2026-06-11 09:00:00,34,33,1,32,4.02,1.0
CBD-01,city_core,2026-06-11 10:00:00,34,33,1,38,3.4,1.0
CBD-01,city_core,2026-06-11 11:00:00,56,51,5,32,5.18,1.1
CBD-01,city_core,2026-06-11 12:00:00,50,49,1,30,3.09,1.0
CBD-01,city_core,2026-06-11 13:00:00,51,50,1,40,3.32,1.03
CBD-01,city_core,2026-06-11 14:00:00,49,48,1,39,4.64,1.01
CBD-01,city_core,2026-06-11 15:00:00,48,47,1,30,3.73,1.0
CBD-01,city_core,2026-06-11 16:00:00,48,47,1,51,4.86,1.05
CBD-01,city_core,2026-06-11 17:00:00,62,61,1,53,4.38,1.1
CBD-01,city_core,2026-06-11 18:00:00,55,54,1,52,2.76,1.04
CBD-01,city_core,2026-06-11 19:00:00,82,80,2,61,3.04,1.03
CBD-01,city_core,2026-06-11 20:00:00,73,71,2,59,3.64,1.06
CBD-01,city_core,2026-06-11 21:00:00,76,74,2,61,4.95,1.03
CBD-01,city_core,2026-06-11 22:00:00,59,58,1,60,3.49,1.0
CBD-01,city_core,2026-06-11 23:00:00,62,61,1,49,4.73,1.05
CBD-01,city_core,2026-06-12 00:00:00,40,39,1,29,2.47,1.04
CBD-01,city_core,2026-06-12 01:00:00,43,42,1,36,3.63,1.0
CBD-01,city_core,2026-06-12 02:00:00,54,53,1,44,3.42,1.0
CBD-01,city_core,2026-06-12 03:00:00,50,49,1,40,4.01,1.06
CBD-01,city_core,2026-06-12 04:00:00,38,37,1,46,2.85,1.0
CBD-01,city_core,2026-06-12 05:00:00,50,49,1,36,5.02,1.07
CBD-01,city_core,2026-06-12 06:00:00,58,57,1,43,4.92,1.07
CBD-01,city_core,2026-06-12 07:00:00,43,42,1,44,2.97,1.09
CBD-01,city_core,2026-06-12 08:00:00,45,44,1,42,3.58,1.0
CBD-01,city_core,2026-06-12 09:00:00,49,48,1,47,3.11,1.01
CBD-01,city_core,2026-06-12 10:00:00,57,56,1,31,2.94,1.02
CBD-01,city_core,2026-06-12 11:00:00,48,47,1,37,3.73,1.0
CBD-01,city_core,2026-06-12 12:00:00,46,45,1,38,3.32,1.0
CBD-01,city_core,2026-06-12 13:00:00,55,54,1,43,3.4,1.06
CBD-01,city_core,2026-06-12 14:00:00,41,40,1,38,3.54,1.03
CBD-01,city_core,2026-06-12 15:00:00,51,50,1,45,5.06,1.13
CBD-01,city_core,2026-06-12 16:00:00,66,65,1,51,4.0,1.0
CBD-01,city_core,2026-06-12 17:00:00,51,50,1,49,3.97,1.12
CBD-01,city_core,2026-06-12 18:00:00,79,77,2,73,2.63,1.05
CBD-01,city_core,2026-06-12 19:00:00,91,89,2,80,4.88,1.0
CBD-01,city_core,2026-06-12 20:00:00,91,89,2,80,4.44,1.07
CBD-01,city_core,2026-06-12 21:00:00,77,75,2,81,2.79,1.14
CBD-01,city_core,2026-06-12 22:00:00,72,70,2,70,3.58,1.0
CBD-01,city_core,2026-06-12 23:00:00,68,66,2,50,3.12,1.01
CBD-01,city_core,2026-06-13 00:00:00,44,43,1,48,3.71,1.0
CBD-01,city_core,2026-06-13 01:00:00,52,51,1,38,2.39,1.03
CBD-01,city_core,2026-06-13 02:00:00,49,48,1,42,3.85,1.02
CBD-01,city_core,2026-06-13 03:00:00,50,49,1,44,3.71,1.06
CBD-01,city_core,2026-06-13 04:00:00,55,54,1,46,2.97,1.06
CBD-01,city_core,2026-06-13 05:00:00,52,51,1,40,3.26,1.05
CBD-01,city_core,2026-06-13 06:00:00,55,47,8,31,5.6,1.29
CBD-01,city_core,2026-06-13 07:00:00,40,39,1,34,3.6,1.16
CBD-01,city_core,2026-06-13 08:00:00,50,49,1,51,4.58,1.0
CBD-01,city_core,2026-06-13 09:00:00,47,46,1,37,4.33,1.05
CBD-01,city_core,2026-06-13 10:00:00,42,41,1,47,3.34,1.0
CBD-01,city_core,2026-06-13 11:00:00,43,42,1,39,4.77,1.09
CBD-01,city_core,2026-06-13 12:00:00,48,47,1,48,4.0,1.0
CBD-01,city_core,2026-06-13 13:00:00,51,50,1,43,4.16,1.13
CBD-01,city_core,2026-06-13 14:00:00,37,36,1,49,2.72,1.05
CBD-01,city_core,2026-06-13 15:00:00,48,47,1,50,5.15,1.04
CBD-01,city_core,2026-06-13 16:00:00,46,45,1,53,2.92,1.07
CBD-01,city_core,2026-06-13 17:00:00,77,75,2,59,3.06,1.02
CBD-01,city_core,2026-06-13 18:00:00,85,83,2,67,2.94,1.1
CBD-01,city_core,2026-06-13 19:00:00,88,86,2,67,3.45,1.0
CBD-01,city_core,2026-06-13 20:00:00,92,90,2,83,3.97,1.01
CBD-01,city_core,2026-06-13 21:00:00,76,74,2,60,2.51,1.0
CBD-01,city_core,2026-06-13 22:00:00,78,76,2,71,4.66,1.0
CBD-01,city_core,2026-06-13 23:00:00,62,61,1,47,3.66,1.0
CBD-01,city_core,2026-06-14 00:00:00,35,34,1,36,3.61,1.0
CBD-01,city_core,2026-06-14 01:00:00,46,45,1,34,3.35,1.03
CBD-01,city_core,2026-06-14 02:00:00,43,42,1,37,3.65,1.0
CBD-01,city_core,2026-06-14 03:00:00,33,32,1,38,2.63,1.0
CBD-01,city_core,2026-06-14 04:00:00,53,51,2,28,3.83,1.0
CBD-01,city_core,2026-06-14 05:00:00,46,45,1,35,4.28,1.04
CBD-01,city_core,2026-06-14 06:00:00,43,42,1,35,3.63,1.0
CBD-01,city_core,2026-06-14 07:00:00,42,41,1,38,3.48,1.0
CBD-01,city_core,2026-06-14 08:00:00,34,33,1,30,4.19,1.0
CBD-01,city_core,2026-06-14 09:00:00,41,40,1,33,2.99,1.04
CBD-01,city_core,2026-06-14 10:00:00,41,40,1,33,4.6,1.07
CBD-01,city_core,2026-06-14 11:00:00,43,42,1,41,2.81,1.01
CBD-01,city_core,2026-06-14 12:00:00,38,37,1,27,3.86,1.0
CBD-01,city_core,2026-06-14 13:00:00,53,52,1,40,3.82,1.0
CBD-01,city_core,2026-06-14 14:00:00,40,39,1,38,3.98,1.05
CBD-01,city_core,2026-06-14 15:00:00,49,48,1,30,4.26,1.09
CBD-01,city_core,2026-06-14 16:00:00,47,46,1,39,4.43,1.1
CBD-01,city_core,2026-06-14 17:00:00,83,81,2,52,4.93,1.0
CBD-01,city_core,2026-06-14 18:00:00,76,74,2,54,3.51,1.0
CBD-01,city_core,2026-06-14 19:00:00,78,76,2,60,5.24,1.0
CBD-01,city_core,2026-06-14 20:00:00,88,86,2,64,3.33,1.09
CBD-01,city_core,2026-06-14 21:00:00,84,82,2,60,2.84,1.03
CBD-01,city_core,2026-06-14 22:00:00,74,72,2,53,4.66,1.06
CBD-01,city_core,2026-06-14 23:00:00,60,59,1,56,3.49,1.01
CBD-01,city_core,2026-06-15 00:00:00,44,43,1,40,3.34,1.07
CBD-01,city_core,2026-06-15 01:00:00,43,42,1,43,4.34,1.13
CBD-01,city_core,2026-06-15 02:00:00,44,43,1,35,4.18,1.04
CBD-01,city_core,2026-06-15 03:00:00,42,41,1,26,3.3,1.0
CBD-01,city_core,2026-06-15 04:00:00,57,41,16,25,6.73,1.49
CBD-01,city_core,2026-06-15 05:00:00,39,38,1,35,3.55,1.07
CBD-01,city_core,2026-06-15 06:00:00,50,49,1,39,3.86,1.0
CBD-01,city_core,2026-06-15 07:00:00,45,44,1,36,3.13,1.0
CBD-01,city_core,2026-06-15 08:00:00,35,34,1,32,3.5,1.07
CBD-01,city_core,2026-06-15 09:00:00,46,45,1,37,3.56,1.02
CBD-01,city_core,2026-06-15 10:00:00,41,40,1,27,3.27,1.07
CBD-01,city_core,2026-06-15 11:00:00,49,48,1,26,3.38,1.04
CBD-01,city_core,2026-06-15 12:00:00,37,36,1,29,3.68,1.0
CBD-01,city_core,2026-06-15 13:00:00,47,38,9,23,7.0,1.25
CBD-01,city_core,2026-06-15 14:00:00,50,49,1,36,4.59,1.04
CBD-01,city_core,2026-06-15 15:00:00,45,44,1,43,2.86,1.03
CBD-01,city_core,2026-06-15 16:00:00,50,49,1,45,2.63,1.09
CBD-01,city_core,2026-06-15 17:00:00,56,55,1,41,3.78,1.1
CBD-01,city_core,2026-06-15 18:00:00,63,62,1,55,3.76,1.0
CBD-01,city_core,2026-06-15 19:00:00,82,80,2,66,3.69,1.0
CBD-01,city_core,2026-06-15 20:00:00,91,89,2,82,3.63,1.0
CBD-01,city_core,2026-06-15 21:00:00,72,70,2,50,2.79,1.07
CBD-01,city_core,2026-06-15 22:00:00,64,63,1,62,2.66,1.0
CBD-01,city_core,2026-06-15 23:00:00,58,57,1,34,2.75,1.14
CBD-01,city_core,2026-06-16 00:00:00,49,48,1,35,3.88,1.0
CBD-01,city_core,2026-06-16 01:00:00,34,33,1,34,6.52,1.12
CBD-01,city_core,2026-06-16 02:00:00,46,45,1,30,5.02,1.0
CBD-01,city_core,2026-06-16 03:00:00,51,50,1,34,2.72,1.01
CBD-01,city_core,2026-06-16 04:00:00,41,40,1,25,3.77,1.0
CBD-01,city_core,2026-06-16 05:00:00,31,30,1,35,3.23,1.08
CBD-01,city_core,2026-06-16 06:00:00,36,35,1,39,5.31,1.02
CBD-01,city_core,2026-06-16 07:00:00,40,39,1,36,3.6,1.09
CBD-01,city_core,2026-06-16 08:00:00,36,35,1,29,3.51,1.0
CBD-01,city_core,2026-06-16 09:00:00,46,45,1,37,3.65,1.01
CBD-01,city_core,2026-06-16 10:00:00,35,34,1,28,3.3,1.02
CBD-01,city_core,2026-06-16 11:00:00,33,32,1,42,4.1,1.0
CBD-01,city_core,2026-06-16 12:00:00,56,50,6,32,4.4,1.09
CBD-01,city_core,2026-06-16 13:00:00,40,39,1,39,4.07,1.18
CBD-01,city_core,2026-06-16 14:00:00,36,35,1,38,3.95,1.0
CBD-01,city_core,2026-06-16 15:00:00,46,45,1,45,3.75,1.16
CBD-01,city_core,2026-06-16 16:00:00,43,42,1,50,3.43,1.13
CBD-01,city_core,2026-06-16 17:00:00,63,62,1,54,3.39,1.06
CBD-01,city_core,2026-06-16 18:00:00,72,70,2,56,2.49,1.0
CBD-01,city_core,2026-06-16 19:00:00,90,88,2,83,3.52,1.0
CBD-01,city_core,2026-06-16 20:00:00,88,86,2,65,3.97,1.0
CBD-01,city_core,2026-06-16 21:00:00,78,76,2,62,3.41,1.0
CBD-01,city_core,2026-06-16 22:00:00,67,65,2,75,4.31,1.0
CBD-01,city_core,2026-06-16 23:00:00,56,55,1,48,3.87,1.09
CBD-01,city_core,2026-06-17 00:00:00,53,52,1,46,3.64,1.07
CBD-01,city_core,2026-06-17 01:00:00,46,45,1,39,3.2,1.06
CBD-01,city_core,2026-06-17 02:00:00,43,42,1,33,5.34,1.0
CBD-01,city_core,2026-06-17 03:00:00,48,47,1,35,3.36,1.0
CBD-01,city_core,2026-06-17 04:00:00,33,32,1,37,2.58,1.03
CBD-01,city_core,2026-06-17 05:00:00,41,40,1,33,3.13,1.05
CBD-01,city_core,2026-06-17 06:00:00,40,39,1,28,3.79,1.02
CBD-01,city_core,2026-06-17 07:00:00,46,45,1,38,2.85,1.0
CBD-01,city_core,2026-06-17 08:00:00,40,39,1,35,4.8,1.05
CBD-01,city_core,2026-06-17 09:00:00,34,33,1,47,4.85,1.08
CBD-01,city_core,2026-06-17 10:00:00,39,38,1,34,3.48,1.08
CBD-01,city_core,2026-06-17 11:00:00,37,36,1,44,3.68,1.0
CBD-01,city_core,2026-06-17 12:00:00,55,54,1,34,3.66,1.01
CBD-01,city_core,2026-06-17 13:00:00,38,37,1,33,2.49,1.03
CBD-01,city_core,2026-06-17 14:00:00,42,41,1,27,4.05,1.0
CBD-01,city_core,2026-06-17 15:00:00,55,54,1,46,3.42,1.0
CBD-01,city_core,2026-06-17 16:00:00,69,67,2,41,2.0,1.0
CBD-01,city_core,2026-06-17 17:00:00,71,69,2,57,2.82,1.0
CBD-01,city_core,2026-06-17 18:00:00,62,61,1,65,3.87,1.06
CBD-01,city_core,2026-06-17 19:00:00,66,65,1,64,2.94,1.01
CBD-01,city_core,2026-06-17 20:00:00,82,80,2,61,2.33,1.04
CBD-01,city_core,2026-06-17 21:00:00,73,71,2,68,4.09,1.0
CBD-01,city_core,2026-06-17 22:00:00,61,60,1,56,4.09,1.11
CBD-01,city_core,2026-06-17 23:00:00,52,51,1,46,2.95,1.0
CBD-01,city_core,2026-06-18 00:00:00,43,42,1,38,4.41,1.11
CBD-01,city_core,2026-06-18 01:00:00,39,38,1,38,4.09,1.1
CBD-01,city_core,2026-06-18 02:00:00,32,31,1,45,3.8,1.04
CBD-01,city_core,2026-06-18 03:00:00,34,33,1,44,2.89,1.0
CBD-01,city_core,2026-06-18 04:00:00,39,38,1,37,3.72,1.02
CBD-01,city_core,2026-06-18 05:00:00,39,38,1,31,2.57,1.03
CBD-01,city_core,2026-06-18 06:00:00,42,41,1,36,3.18,1.05
CBD-01,city_core,2026-06-18 07:00:00,40,39,1,32,2.45,1.01
CBD-01,city_core,2026-06-18 08:00:00,52,51,1,39,2.84,1.0
CBD-01,city_core,2026-06-18 09:00:00,39,38,1,35,2.2,1.05
CBD-01,city_core,2026-06-18 10:00:00,44,43,1,39,3.5,1.0
CBD-01,city_core,2026-06-18 11:00:00,39,38,1,34,3.49,1.0
CBD-01,city_core,2026-06-18 12:00:00,41,40,1,31,4.55,1.0
CBD-01,city_core,2026-06-18 13:00:00,49,48,1,36,4.69,1.02
CBD-01,city_core,2026-06-18 14:00:00,42,41,1,33,3.73,1.13
CBD-01,city_core,2026-06-18 15:00:00,47,46,1,41,4.86,1.03
CBD-01,city_core,2026-06-18 16:00:00,51,50,1,33,3.69,1.0
CBD-01,city_core,2026-06-18 17:00:00,60,59,1,53,2.33,1.09
CBD-01,city_core,2026-06-18 18:00:00,75,73,2,59,3.31,1.01
CBD-01,city_core,2026-06-18 19:00:00,76,74,2,67,4.35,1.04
CBD-01,city_core,2026-06-18 20:00:00,87,85,2,66,3.46,1.04
CBD-01,city_core,2026-06-18 21:00:00,80,78,2,59,2.78,1.06
CBD-01,city_core,2026-06-18 22:00:00,74,72,2,52,5.32,1.04
CBD-01,city_core,2026-06-18 23:00:00,51,50,1,46,4.14,1.05
CBD-01,city_core,2026-06-19 00:00:00,51,50,1,48,3.76,1.0
CBD-01,city_core,2026-06-19 01:00:00,43,42,1,50,4.32,1.0
CBD-01,city_core,2026-06-19 02:00:00,45,44,1,47,2.62,1.0
CBD-01,city_core,2026-06-19 03:00:00,40,39,1,46,2.74,1.04
CBD-01,city_core,2026-06-19 04:00:00,53,52,1,55,4.17,1.0
CBD-01,city_core,2026-06-19 05:00:00,57,56,1,37,3.29,1.0
CBD-01,city_core,2026-06-19 06:00:00,32,31,1,36,3.31,1.0
CBD-01,city_core,2026-06-19 07:00:00,60,59,1,48,3.13,1.06
CBD-01,city_core,2026-06-19 08:00:00,40,39,1,49,4.1,1.06
CBD-01,city_core,2026-06-19 09:00:00,62,61,1,35,2.0,1.03
CBD-01,city_core,2026-06-19 10:00:00,62,61,1,45,3.25,1.0
CBD-01,city_core,2026-06-19 11:00:00,56,55,1,47,4.29,1.0
CBD-01,city_core,2026-06-19 12:00:00,46,45,1,46,2.61,1.0
CBD-01,city_core,2026-06-19 13:00:00,52,51,1,56,3.34,1.04
CBD-01,city_core,2026-06-19 14:00:00,51,50,1,39,4.19,1.0
CBD-01,city_core,2026-06-19 15:00:00,50,49,1,61,3.48,1.07
CBD-01,city_core,2026-06-19 16:00:00,55,54,1,46,5.21,1.11
CBD-01,city_core,2026-06-19 17:00:00,68,66,2,51,2.82,1.11
CBD-01,city_core,2026-06-19 18:00:00,79,77,2,65,2.76,1.03
CBD-01,city_core,2026-06-19 19:00:00,96,94,2,82,3.07,1.0
CBD-01,city_core,2026-06-19 20:00:00,101,99,2,81,3.29,1.0
CBD-01,city_core,2026-06-19 21:00:00,76,74,2,90,3.99,1.04
CBD-01,city_core,2026-06-19 22:00:00,74,72,2,68,2.74,1.0
CBD-01,city_core,2026-06-19 23:00:00,70,68,2,56,3.7,1.0
CBD-01,city_core,2026-06-20 00:00:00,53,52,1,38,2.77,1.06
CBD-01,city_core,2026-06-20 01:00:00,51,40,11,26,4.92,1.26
CBD-01,city_core,2026-06-20 02:00:00,43,42,1,49,2.95,1.06
CBD-01,city_core,2026-06-20 03:00:00,37,36,1,41,3.83,1.03
CBD-01,city_core,2026-06-20 04:00:00,50,49,1,34,4.33,1.09
CBD-01,city_core,2026-06-20 05:00:00,58,57,1,40,5.48,1.08
CBD-01,city_core,2026-06-20 06:00:00,60,59,1,45,3.85,1.03
CBD-01,city_core,2026-06-20 07:00:00,42,41,1,50,4.05,1.09
CBD-01,city_core,2026-06-20 08:00:00,45,44,1,57,2.8,1.04
CBD-01,city_core,2026-06-20 09:00:00,43,42,1,34,3.83,1.01
CBD-01,city_core,2026-06-20 10:00:00,61,60,1,33,3.63,1.03
CBD-01,city_core,2026-06-20 11:00:00,43,42,1,59,4.64,1.0
CBD-01,city_core,2026-06-20 12:00:00,56,55,1,42,2.61,1.22
CBD-01,city_core,2026-06-20 13:00:00,43,42,1,42,4.12,1.07
CBD-01,city_core,2026-06-20 14:00:00,57,56,1,38,3.63,1.07
CBD-01,city_core,2026-06-20 15:00:00,63,62,1,53,2.7,1.15
CBD-01,city_core,2026-06-20 16:00:00,65,64,1,57,3.25,1.07
CBD-01,city_core,2026-06-20 17:00:00,85,83,2,62,3.19,1.05
CBD-01,city_core,2026-06-20 18:00:00,68,66,2,63,3.27,1.01
CBD-01,city_core,2026-06-20 19:00:00,86,84,2,79,5.39,1.02
CBD-01,city_core,2026-06-20 20:00:00,83,81,2,69,6.15,1.02
CBD-01,city_core,2026-06-20 21:00:00,95,93,2,66,3.62,1.0
CBD-01,city_core,2026-06-20 22:00:00,101,99,2,70,2.81,1.07
CBD-01,city_core,2026-06-20 23:00:00,65,64,1,73,3.82,1.03
CBD-01,city_core,2026-06-21 00:00:00,27,26,1,29,4.22,1.11
CBD-01,city_core,2026-06-21 01:00:00,42,41,1,30,3.55,1.07
CBD-01,city_core,2026-06-21 02:00:00,47,46,1,43,2.0,1.08
CBD-01,city_core,2026-06-21 03:00:00,36,35,1,31,3.56,1.1
CBD-01,city_core,2026-06-21 04:00:00,39,38,1,38,4.15,1.05
CBD-01,city_core,2026-06-21 05:00:00,40,39,1,29,3.78,1.19
CBD-01,city_core,2026-06-21 06:00:00,49,48,1,39,5.02,1.0
CBD-01,city_core,2026-06-21 07:00:00,32,31,1,26,5.2,1.13
CBD-01,city_core,2026-06-21 08:00:00,47,46,1,38,3.68,1.0
CBD-01,city_core,2026-06-21 09:00:00,36,35,1,33,3.29,1.11
CBD-01,city_core,2026-06-21 10:00:00,32,31,1,36,3.26,1.0
CBD-01,city_core,2026-06-21 11:00:00,40,39,1,40,3.9,1.0
CBD-01,city_core,2026-06-21 12:00:00,31,30,1,31,2.27,1.06
CBD-01,city_core,2026-06-21 13:00:00,46,45,1,50,2.66,1.1
CBD-01,city_core,2026-06-21 14:00:00,42,41,1,42,2.51,1.06
CBD-01,city_core,2026-06-21 15:00:00,45,44,1,39,4.49,1.0
CBD-01,city_core,2026-06-21 16:00:00,59,58,1,47,3.11,1.07
CBD-01,city_core,2026-06-21 17:00:00,53,52,1,52,3.61,1.11
CBD-01,city_core,2026-06-21 18:00:00,68,66,2,53,2.9,1.0
CBD-01,city_core,2026-06-21 19:00:00,74,72,2,72,4.02,1.13
CBD-01,city_core,2026-06-21 20:00:00,89,87,2,73,5.32,1.03
CBD-01,city_core,2026-06-21 21:00:00,89,87,2,76,3.69,1.03
CBD-01,city_core,2026-06-21 22:00:00,83,81,2,60,4.42,1.07
CBD-01,city_core,2026-06-21 23:00:00,61,60,1,46,4.81,1.04
CBD-01,city_core,2026-06-22 00:00:00,41,40,1,41,3.24,1.08
CBD-01,city_core,2026-06-22 01:00:00,35,34,1,34,3.9,1.07
CBD-01,city_core,2026-06-22 02:00:00,49,39,10,25,4.27,1.17
CBD-01,city_core,2026-06-22 03:00:00,51,50,1,28,3.3,1.02
CBD-01,city_core,2026-06-22 04:00:00,33,32,1,29,2.82,1.08
CBD-01,city_core,2026-06-22 05:00:00,46,45,1,25,5.48,1.01
CBD-01,city_core,2026-06-22 06:00:00,39,38,1,27,4.29,1.01
CBD-01,city_core,2026-06-22 07:00:00,34,33,1,33,3.39,1.1
CBD-01,city_core,2026-06-22 08:00:00,42,41,1,32,4.27,1.11
CBD-01,city_core,2026-06-22 09:00:00,41,40,1,24,5.43,1.0
CBD-01,city_core,2026-06-22 10:00:00,45,44,1,45,3.48,1.0
CBD-01,city_core,2026-06-22 11:00:00,33,32,1,36,4.04,1.0
CBD-01,city_core,2026-06-22 12:00:00,47,46,1,37,3.39,1.0
CBD-01,city_core,2026-06-22 13:00:00,54,53,1,39,3.93,1.07
CBD-01,city_core,2026-06-22 14:00:00,40,39,1,31,4.75,1.06
CBD-01,city_core,2026-06-22 15:00:00,49,48,1,39,3.9,1.07
CBD-01,city_core,2026-06-22 16:00:00,54,53,1,34,3.4,1.1
CBD-01,city_core,2026-06-22 17:00:00,47,46,1,57,4.32,1.01
CBD-01,city_core,2026-06-22 18:00:00,74,72,2,47,5.02,1.0
CBD-01,city_core,2026-06-22 19:00:00,88,86,2,70,2.91,1.11
CBD-01,city_core,2026-06-22 20:00:00,75,73,2,63,3.86,1.0
CBD-01,city_core,2026-06-22 21:00:00,68,66,2,62,2.79,1.07
CBD-01,city_core,2026-06-22 22:00:00,64,63,1,52,3.25,1.03
CBD-01,city_core,2026-06-22 23:00:00,54,53,1,47,4.21,1.0
CBD-01,city_core,2026-06-23 00:00:00,44,43,1,40,4.91,1.03
CBD-01,city_core,2026-06-23 01:00:00,36,35,1,36,3.76,1.0
CBD-01,city_core,2026-06-23 02:00:00,33,32,1,32,3.85,1.04
CBD-01,city_core,2026-06-23 03:00:00,45,44,1,27,3.07,1.06
CBD-01,city_core,2026-06-23 04:00:00,49,48,1,32,4.21,1.0
CBD-01,city_core,2026-06-23 05:00:00,38,37,1,46,3.85,1.0
CBD-01,city_core,2026-06-23 06:00:00,32,31,1,36,2.0,1.03
CBD-01,city_core,2026-06-23 07:00:00,38,37,1,36,3.2,1.15
CBD-01,city_core,2026-06-23 08:00:00,45,44,1,34,4.78,1.04
CBD-01,city_core,2026-06-23 09:00:00,40,39,1,34,3.23,1.0
CBD-01,city_core,2026-06-23 10:00:00,40,39,1,32,3.34,1.0
CBD-01,city_core,2026-06-23 11:00:00,40,39,1,37,3.71,1.04
CBD-01,city_core,2026-06-23 12:00:00,36,35,1,31,3.08,1.12
CBD-01,city_core,2026-06-23 13:00:00,46,45,1,45,4.37,1.0
CBD-01,city_core,2026-06-23 14:00:00,41,40,1,46,3.4,1.04
CBD-01,city_core,2026-06-23 15:00:00,51,50,1,36,2.43,1.07
CBD-01,city_core,2026-06-23 16:00:00,53,52,1,53,3.39,1.0
CBD-01,city_core,2026-06-23 17:00:00,61,60,1,46,3.27,1.0
CBD-01,city_core,2026-06-23 18:00:00,70,68,2,59,2.6,1.0
CBD-01,city_core,2026-06-23 19:00:00,64,63,1,59,2.45,1.0
CBD-01,city_core,2026-06-23 20:00:00,75,73,2,78,3.68,1.0
CBD-01,city_core,2026-06-23 21:00:00,87,85,2,80,4.74,1.02
CBD-01,city_core,2026-06-23 22:00:00,83,81,2,52,2.68,1.0
CBD-01,city_core,2026-06-23 23:00:00,51,50,1,45,2.56,1.0
CBD-01,city_core,2026-06-24 00:00:00,33,32,1,28,4.33,1.12
CBD-01,city_core,2026-06-24 01:00:00,42,41,1,35,2.79,1.07
CBD-01,city_core,2026-06-24 02:00:00,46,45,1,34,2.84,1.0
CBD-01,city_core,2026-06-24 03:00:00,44,43,1,39,3.07,1.1
CBD-01,city_core,2026-06-24 04:00:00,41,40,1,36,2.96,1.02
CBD-01,city_core,2026-06-24 05:00:00,37,36,1,31,3.59,1.0
CBD-01,city_core,2026-06-24 06:00:00,37,36,1,37,2.88,1.02
CBD-01,city_core,2026-06-24 07:00:00,39,38,1,38,3.89,1.04
CBD-01,city_core,2026-06-24 08:00:00,33,32,1,29,2.26,1.0
CBD-01,city_core,2026-06-24 09:00:00,47,46,1,45,4.08,1.02
CBD-01,city_core,2026-06-24 10:00:00,53,52,1,33,3.77,1.13
CBD-01,city_core,2026-06-24 11:00:00,52,51,1,37,4.28,1.08
CBD-01,city_core,2026-06-24 12:00:00,34,33,1,37,3.12,1.0
CBD-01,city_core,2026-06-24 13:00:00,33,32,1,30,3.74,1.06
CBD-01,city_core,2026-06-24 14:00:00,33,32,1,40,3.64,1.11
CBD-01,city_core,2026-06-24 15:00:00,37,36,1,40,2.32,1.0
CBD-01,city_core,2026-06-24 16:00:00,66,65,1,47,4.81,1.07
CBD-01,city_core,2026-06-24 17:00:00,46,45,1,55,4.0,1.02
CBD-01,city_core,2026-06-24 18:00:00,82,80,2,57,4.07,1.05
CBD-01,city_core,2026-06-24 19:00:00,74,72,2,52,5.01,1.0
CBD-01,city_core,2026-06-24 20:00:00,83,81,2,77,4.28,1.08
CBD-01,city_core,2026-06-24 21:00:00,76,74,2,73,2.67,1.02
CBD-01,city_core,2026-06-24 22:00:00,68,66,2,63,4.03,1.05
CBD-01,city_core,2026-06-24 23:00:00,54,53,1,40,3.45,1.03
CBD-01,city_core,2026-06-25 00:00:00,46,45,1,48,4.72,1.0
CBD-01,city_core,2026-06-25 01:00:00,36,35,1,47,4.23,1.0
CBD-01,city_core,2026-06-25 02:00:00,36,35,1,36,2.83,1.0
CBD-01,city_core,2026-06-25 03:00:00,38,37,1,35,3.92,1.0
CBD-01,city_core,2026-06-25 04:00:00,39,38,1,35,2.66,1.01
CBD-01,city_core,2026-06-25 05:00:00,46,45,1,31,2.49,1.04
CBD-01,city_core,2026-06-25 06:00:00,43,42,1,30,2.54,1.08
CBD-01,city_core,2026-06-25 07:00:00,28,27,1,46,4.28,1.12
CBD-01,city_core,2026-06-25 08:00:00,51,50,1,42,3.48,1.11
CBD-01,city_core,2026-06-25 09:00:00,35,34,1,34,4.44,1.0
CBD-01,city_core,2026-06-25 10:00:00,38,37,1,37,4.29,1.01
CBD-01,city_core,2026-06-25 11:00:00,43,42,1,41,4.65,1.07
CBD-01,city_core,2026-06-25 12:00:00,42,41,1,42,2.9,1.0
CBD-01,city_core,2026-06-25 13:00:00,49,48,1,34,4.19,1.0
CBD-01,city_core,2026-06-25 14:00:00,43,42,1,56,2.7,1.04
CBD-01,city_core,2026-06-25 15:00:00,48,47,1,38,4.09,1.05
CBD-01,city_core,2026-06-25 16:00:00,52,51,1,52,4.45,1.04
CBD-01,city_core,2026-06-25 17:00:00,71,69,2,57,3.24,1.06
CBD-01,city_core,2026-06-25 18:00:00,83,81,2,53,2.95,1.11
CBD-01,city_core,2026-06-25 19:00:00,83,81,2,52,3.21,1.0
CBD-01,city_core,2026-06-25 20:00:00,70,68,2,65,3.95,1.0
CBD-01,city_core,2026-06-25 21:00:00,68,66,2,65,3.58,1.02
CBD-01,city_core,2026-06-25 22:00:00,69,67,2,68,4.43,1.12
CBD-01,city_core,2026-06-25 23:00:00,47,46,1,53,3.19,1.06
CBD-01,city_core,2026-06-26 00:00:00,45,44,1,36,4.25,1.1
CBD-01,city_core,2026-06-26 01:00:00,60,59,1,55,3.24,1.1
CBD-01,city_core,2026-06-26 02:00:00,63,62,1,39,2.64,1.03
CBD-01,city_core,2026-06-26 03:00:00,35,34,1,43,3.03,1.0
CBD-01,city_core,2026-06-26 04:00:00,40,39,1,37,3.49,1.05
CBD-01,city_core,2026-06-26 05:00:00,63,55,8,35,4.94,1.19
CBD-01,city_core,2026-06-26 06:00:00,50,49,1,31,4.11,1.04
CBD-01,city_core,2026-06-26 07:00:00,48,47,1,33,3.61,1.09
CBD-01,city_core,2026-06-26 08:00:00,50,49,1,47,4.23,1.02
CBD-01,city_core,2026-06-26 09:00:00,60,59,1,36,4.4,1.0
CBD-01,city_core,2026-06-26 10:00:00,39,38,1,39,3.39,1.06
CBD-01,city_core,2026-06-26 11:00:00,53,47,6,31,3.63,1.19
CBD-01,city_core,2026-06-26 12:00:00,52,51,1,52,3.87,1.0
CBD-01,city_core,2026-06-26 13:00:00,48,47,1,35,2.69,1.04
CBD-01,city_core,2026-06-26 14:00:00,46,45,1,39,2.56,1.0
CBD-01,city_core,2026-06-26 15:00:00,49,48,1,46,3.74,1.0
CBD-01,city_core,2026-06-26 16:00:00,49,48,1,57,3.34,1.05
CBD-01,city_core,2026-06-26 17:00:00,72,70,2,52,4.36,1.0
CBD-01,city_core,2026-06-26 18:00:00,94,92,2,55,4.78,1.0
CBD-01,city_core,2026-06-26 19:00:00,77,75,2,77,3.59,1.09
CBD-01,city_core,2026-06-26 20:00:00,82,80,2,89,3.31,1.12
CBD-01,city_core,2026-06-26 21:00:00,79,77,2,70,3.75,1.03
CBD-01,city_core,2026-06-26 22:00:00,81,79,2,70,4.07,1.05
CBD-01,city_core,2026-06-26 23:00:00,74,72,2,56,3.44,1.0
CBD-01,city_core,2026-06-27 00:00:00,48,47,1,30,3.35,1.03
CBD-01,city_core,2026-06-27 01:00:00,58,57,1,43,4.02,1.01
CBD-01,city_core,2026-06-27 02:00:00,52,51,1,29,2.93,1.0
CBD-01,city_core,2026-06-27 03:00:00,41,40,1,44,3.39,1.06
CBD-01,city_core,2026-06-27 04:00:00,50,49,1,46,3.61,1.03
CBD-01,city_core,2026-06-27 05:00:00,47,46,1,33,3.03,1.0
CBD-01,city_core,2026-06-27 06:00:00,59,58,1,41,3.58,1.11
CBD-01,city_core,2026-06-27 07:00:00,37,36,1,40,4.69,1.02
CBD-01,city_core,2026-06-27 08:00:00,44,43,1,40,3.66,1.0
CBD-01,city_core,2026-06-27 09:00:00,56,55,1,36,3.98,1.05
CBD-01,city_core,2026-06-27 10:00:00,42,41,1,37,4.12,1.15
CBD-01,city_core,2026-06-27 11:00:00,44,43,1,40,2.79,1.01
CBD-01,city_core,2026-06-27 12:00:00,48,47,1,35,3.42,1.0
CBD-01,city_core,2026-06-27 13:00:00,46,45,1,41,3.01,1.14
CBD-01,city_core,2026-06-27 14:00:00,49,48,1,32,3.66,1.11
CBD-01,city_core,2026-06-27 15:00:00,60,59,1,47,4.58,1.15
CBD-01,city_core,2026-06-27 16:00:00,63,62,1,55,3.85,1.0
CBD-01,city_core,2026-06-27 17:00:00,64,63,1,55,3.56,1.0
CBD-01,city_core,2026-06-27 18:00:00,80,78,2,70,3.53,1.01
CBD-01,city_core,2026-06-27 19:00:00,105,103,2,79,3.6,1.0
CBD-01,city_core,2026-06-27 20:00:00,101,99,2,86,3.21,1.09
CBD-01,city_core,2026-06-27 21:00:00,73,71,2,75,4.01,1.12
CBD-01,city_core,2026-06-27 22:00:00,87,85,2,68,3.72,1.0
CBD-01,city_core,2026-06-27 23:00:00,70,68,2,62,4.3,1.09
CBD-01,city_core,2026-06-28 00:00:00,39,38,1,32,2.99,1.03
CBD-01,city_core,2026-06-28 01:00:00,49,48,1,38,4.42,1.04
CBD-01,city_core,2026-06-28 02:00:00,45,44,1,39,5.3,1.0
CBD-01,city_core,2026-06-28 03:00:00,54,53,1,37,4.2,1.0
CBD-01,city_core,2026-06-28 04:00:00,47,46,1,34,3.41,1.09
CBD-01,city_core,2026-06-28 05:00:00,38,37,1,27,3.91,1.04
CBD-01,city_core,2026-06-28 06:00:00,37,36,1,44,4.32,1.1
CBD-01,city_core,2026-06-28 07:00:00,38,37,1,34,5.13,1.0
CBD-01,city_core,2026-06-28 08:00:00,35,34,1,28,3.35,1.05
CBD-01,city_core,2026-06-28 09:00:00,35,34,1,38,5.38,1.06
CBD-01,city_core,2026-06-28 10:00:00,43,42,1,42,3.81,1.04
CBD-01,city_core,2026-06-28 11:00:00,38,37,1,32,3.33,1.09
CBD-01,city_core,2026-06-28 12:00:00,39,38,1,38,3.85,1.0
CBD-01,city_core,2026-06-28 13:00:00,32,31,1,28,3.15,1.07
CBD-01,city_core,2026-06-28 14:00:00,46,45,1,29,4.53,1.0
CBD-01,city_core,2026-06-28 15:00:00,63,62,1,42,3.95,1.02
CBD-01,city_core,2026-06-28 16:00:00,53,52,1,47,4.28,1.08
CBD-01,city_core,2026-06-28 17:00:00,63,62,1,66,4.14,1.07
CBD-01,city_core,2026-06-28 18:00:00,59,58,1,52,4.09,1.0
CBD-01,city_core,2026-06-28 19:00:00,88,86,2,60,2.39,1.11
CBD-01,city_core,2026-06-28 20:00:00,93,91,2,69,3.12,1.0
CBD-01,city_core,2026-06-28 21:00:00,91,89,2,58,3.51,1.03
CBD-01,city_core,2026-06-28 22:00:00,68,66,2,53,2.49,1.0
CBD-01,city_core,2026-06-28 23:00:00,70,68,2,49,3.12,1.06
CBD-01,city_core,2026-06-29 00:00:00,33,32,1,35,3.84,1.02
CBD-01,city_core,2026-06-29 01:00:00,37,36,1,35,2.56,1.05
CBD-01,city_core,2026-06-29 02:00:00,45,44,1,41,4.84,1.06
CBD-01,city_core,2026-06-29 03:00:00,45,44,1,28,2.0,1.01
CBD-01,city_core,2026-06-29 04:00:00,48,47,1,36,3.27,1.03
CBD-01,city_core,2026-06-29 05:00:00,38,37,1,46,3.97,1.1
CBD-01,city_core,2026-06-29 06:00:00,37,36,1,45,3.34,1.0
CBD-01,city_core,2026-06-29 07:00:00,43,42,1,45,5.18,1.07
CBD-01,city_core,2026-06-29 08:00:00,37,36,1,36,4.77,1.04
CBD-01,city_core,2026-06-29 09:00:00,38,37,1,30,4.11,1.14
CBD-01,city_core,2026-06-29 10:00:00,40,39,1,48,2.98,1.05
CBD-01,city_core,2026-06-29 11:00:00,48,47,1,45,2.0,1.02
CBD-01,city_core,2026-06-29 12:00:00,49,48,1,31,4.66,1.0
CBD-01,city_core,2026-06-29 13:00:00,43,42,1,29,2.51,1.0
CBD-01,city_core,2026-06-29 14:00:00,39,38,1,40,2.0,1.0
CBD-01,city_core,2026-06-29 15:00:00,39,38,1,43,3.03,1.06
CBD-01,city_core,2026-06-29 16:00:00,63,62,1,48,3.48,1.13
CBD-01,city_core,2026-06-29 17:00:00,59,58,1,47,4.34,1.0
CBD-01,city_core,2026-06-29 18:00:00,64,63,1,57,4.34,1.15
CBD-01,city_core,2026-06-29 19:00:00,80,78,2,61,3.95,1.11
CBD-01,city_core,2026-06-29 20:00:00,59,58,1,56,4.19,1.08
CBD-01,city_core,2026-06-29 21:00:00,68,66,2,60,2.81,1.0
CBD-01,city_core,2026-06-29 22:00:00,70,68,2,62,3.71,1.0
CBD-01,city_core,2026-06-29 23:00:00,51,50,1,51,2.53,1.03
CBD-01,city_core,2026-06-30 00:00:00,51,50,1,48,3.69,1.0
CBD-01,city_core,2026-06-30 01:00:00,35,34,1,39,3.2,1.06
CBD-01,city_core,2026-06-30 02:00:00,50,49,1,35,3.28,1.0
CBD-01,city_core,2026-06-30 03:00:00,41,40,1,31,3.65,1.02
CBD-01,city_core,2026-06-30 04:00:00,34,33,1,39,4.51,1.05
CBD-01,city_core,2026-06-30 05:00:00,31,30,1,45,3.18,1.1
CBD-01,city_core,2026-06-30 06:00:00,50,49,1,44,5.12,1.0
CBD-01,city_core,2026-06-30 07:00:00,50,49,1,33,3.58,1.07
CBD-01,city_core,2026-06-30 08:00:00,44,43,1,35,5.29,1.0
CBD-01,city_core,2026-06-30 09:00:00,57,56,1,37,4.01,1.05
CBD-01,city_core,2026-06-30 10:00:00,39,38,1,45,3.15,1.0
CBD-01,city_core,2026-06-30 11:00:00,43,42,1,38,3.82,1.0
CBD-01,city_core,2026-06-30 12:00:00,38,37,1,42,3.69,1.0
CBD-01,city_core,2026-06-30 13:00:00,40,39,1,31,3.79,1.01
CBD-01,city_core,2026-06-30 14:00:00,40,39,1,30,5.36,1.12
CBD-01,city_core,2026-06-30 15:00:00,43,42,1,48,2.74,1.0
CBD-01,city_core,2026-06-30 16:00:00,63,62,1,47,2.79,1.08
CBD-01,city_core,2026-06-30 17:00:00,61,60,1,45,3.88,1.03
CBD-01,city_core,2026-06-30 18:00:00,91,89,2,67,3.21,1.0
CBD-01,city_core,2026-06-30 19:00:00,80,78,2,74,4.76,1.0
CBD-01,city_core,2026-06-30 20:00:00,68,66,2,75,2.57,1.0
CBD-01,city_core,2026-06-30 21:00:00,80,78,2,62,3.19,1.13
CBD-01,city_core,2026-06-30 22:00:00,73,71,2,67,3.48,1.03
CBD-01,city_core,2026-06-30 23:00:00,65,64,1,44,4.38,1.12
CBD-02,city_core,2026-05-01 00:00:00,56,55,1,49,4.25,1.0
CBD-02,city_core,2026-05-01 01:00:00,44,43,1,50,4.41,1.0
CBD-02,city_core,2026-05-01 02:00:00,49,48,1,41,2.49,1.0
CBD-02,city_core,2026-05-01 03:00:00,56,55,1,44,2.51,1.09
CBD-02,city_core,2026-05-01 04:00:00,44,43,1,47,4.19,1.09
CBD-02,city_core,2026-05-01 05:00:00,47,46,1,36,3.74,1.0
CBD-02,city_core,2026-05-01 06:00:00,41,40,1,53,4.02,1.1
CBD-02,city_core,2026-05-01 07:00:00,48,47,1,46,3.38,1.0
CBD-02,city_core,2026-05-01 08:00:00,55,54,1,31,4.19,1.01
CBD-02,city_core,2026-05-01 09:00:00,38,37,1,40,5.16,1.05
CBD-02,city_core,2026-05-01 10:00:00,41,40,1,39,3.5,1.08
CBD-02,city_core,2026-05-01 11:00:00,57,56,1,50,3.91,1.03
CBD-02,city_core,2026-05-01 12:00:00,52,51,1,46,3.16,1.02
CBD-02,city_core,2026-05-01 13:00:00,46,45,1,41,2.39,1.07
CBD-02,city_core,2026-05-01 14:00:00,46,45,1,42,4.04,1.0
CBD-02,city_core,2026-05-01 15:00:00,46,45,1,46,3.9,1.15
CBD-02,city_core,2026-05-01 16:00:00,55,54,1,53,4.54,1.0
CBD-02,city_core,2026-05-01 17:00:00,74,72,2,56,4.16,1.01
CBD-02,city_core,2026-05-01 18:00:00,76,74,2,67,2.0,1.0
CBD-02,city_core,2026-05-01 19:00:00,79,77,2,67,4.08,1.01
CBD-02,city_core,2026-05-01 20:00:00,85,83,2,76,5.66,1.17
CBD-02,city_core,2026-05-01 21:00:00,99,97,2,64,2.69,1.03
CBD-02,city_core,2026-05-01 22:00:00,88,86,2,72,3.63,1.1
CBD-02,city_core,2026-05-01 23:00:00,67,65,2,64,3.86,1.07
CBD-02,city_core,2026-05-02 00:00:00,54,53,1,44,2.56,1.0
CBD-02,city_core,2026-05-02 01:00:00,44,43,1,48,3.32,1.09
CBD-02,city_core,2026-05-02 02:00:00,47,46,1,37,2.8,1.0
CBD-02,city_core,2026-05-02 03:00:00,45,44,1,46,2.89,1.0
CBD-02,city_core,2026-05-02 04:00:00,50,49,1,55,3.36,1.04
CBD-02,city_core,2026-05-02 05:00:00,44,43,1,42,4.45,1.01
CBD-02,city_core,2026-05-02 06:00:00,48,47,1,40,3.79,1.0
CBD-02,city_core,2026-05-02 07:00:00,59,54,5,26,4.61,1.23
CBD-02,city_core,2026-05-02 08:00:00,36,35,1,41,2.62,1.14
CBD-02,city_core,2026-05-02 09:00:00,55,54,1,32,4.55,1.0
CBD-02,city_core,2026-05-02 10:00:00,49,48,1,39,4.17,1.1
CBD-02,city_core,2026-05-02 11:00:00,48,47,1,38,4.25,1.1
CBD-02,city_core,2026-05-02 12:00:00,55,54,1,43,3.18,1.0
CBD-02,city_core,2026-05-02 13:00:00,47,46,1,54,4.92,1.1
CBD-02,city_core,2026-05-02 14:00:00,45,44,1,46,4.0,1.16
CBD-02,city_core,2026-05-02 15:00:00,50,49,1,60,4.4,1.0
CBD-02,city_core,2026-05-02 16:00:00,55,54,1,51,3.48,1.02
CBD-02,city_core,2026-05-02 17:00:00,62,61,1,64,3.01,1.0
CBD-02,city_core,2026-05-02 18:00:00,78,76,2,56,3.14,1.03
CBD-02,city_core,2026-05-02 19:00:00,75,73,2,86,4.14,1.0
CBD-02,city_core,2026-05-02 20:00:00,88,86,2,84,4.58,1.09
CBD-02,city_core,2026-05-02 21:00:00,84,82,2,77,3.38,1.0
CBD-02,city_core,2026-05-02 22:00:00,80,78,2,56,2.45,1.01
CBD-02,city_core,2026-05-02 23:00:00,73,71,2,63,3.22,1.01
CBD-02,city_core,2026-05-03 00:00:00,41,40,1,29,4.75,1.01
CBD-02,city_core,2026-05-03 01:00:00,48,47,1,32,3.27,1.0
CBD-02,city_core,2026-05-03 02:00:00,47,46,1,43,2.39,1.0
CBD-02,city_core,2026-05-03 03:00:00,46,45,1,37,3.95,1.0
CBD-02,city_core,2026-05-03 04:00:00,37,36,1,31,4.53,1.05
CBD-02,city_core,2026-05-03 05:00:00,40,39,1,36,4.56,1.0
CBD-02,city_core,2026-05-03 06:00:00,57,56,1,48,3.76,1.0
CBD-02,city_core,2026-05-03 07:00:00,43,42,1,44,3.05,1.0
CBD-02,city_core,2026-05-03 08:00:00,45,44,1,42,3.7,1.03
CBD-02,city_core,2026-05-03 09:00:00,39,38,1,37,4.54,1.03
CBD-02,city_core,2026-05-03 10:00:00,39,38,1,29,3.69,1.0
CBD-02,city_core,2026-05-03 11:00:00,51,50,1,33,2.59,1.0
CBD-02,city_core,2026-05-03 12:00:00,42,41,1,42,3.23,1.03
CBD-02,city_core,2026-05-03 13:00:00,41,40,1,42,2.71,1.08
CBD-02,city_core,2026-05-03 14:00:00,48,47,1,47,3.59,1.05
CBD-02,city_core,2026-05-03 15:00:00,52,51,1,53,4.59,1.0
CBD-02,city_core,2026-05-03 16:00:00,42,41,1,55,2.12,1.06
CBD-02,city_core,2026-05-03 17:00:00,59,58,1,47,3.48,1.0
CBD-02,city_core,2026-05-03 18:00:00,55,54,1,51,4.7,1.05
CBD-02,city_core,2026-05-03 19:00:00,78,76,2,58,4.15,1.02
CBD-02,city_core,2026-05-03 20:00:00,76,74,2,68,4.08,1.06
CBD-02,city_core,2026-05-03 21:00:00,71,69,2,68,3.72,1.02
CBD-02,city_core,2026-05-03 22:00:00,65,64,1,47,5.66,1.0
CBD-02,city_core,2026-05-03 23:00:00,72,70,2,37,3.67,1.12
CBD-02,city_core,2026-05-04 00:00:00,46,45,1,29,2.95,1.0
CBD-02,city_core,2026-05-04 01:00:00,38,37,1,23,2.75,1.0
CBD-02,city_core,2026-05-04 02:00:00,43,42,1,47,3.34,1.12
CBD-02,city_core,2026-05-04 03:00:00,39,38,1,35,4.04,1.1
CBD-02,city_core,2026-05-04 04:00:00,45,44,1,36,2.0,1.0
CBD-02,city_core,2026-05-04 05:00:00,39,38,1,33,3.03,1.11
CBD-02,city_core,2026-05-04 06:00:00,38,37,1,31,3.04,1.0
CBD-02,city_core,2026-05-04 07:00:00,36,35,1,32,4.52,1.0
CBD-02,city_core,2026-05-04 08:00:00,50,49,1,36,2.43,1.02
CBD-02,city_core,2026-05-04 09:00:00,41,40,1,36,3.56,1.0
CBD-02,city_core,2026-05-04 10:00:00,50,49,1,37,3.62,1.01
CBD-02,city_core,2026-05-04 11:00:00,42,41,1,37,4.75,1.02
CBD-02,city_core,2026-05-04 12:00:00,44,43,1,38,4.55,1.07
CBD-02,city_core,2026-05-04 13:00:00,48,47,1,39,4.27,1.02
CBD-02,city_core,2026-05-04 14:00:00,39,38,1,25,3.71,1.0
CBD-02,city_core,2026-05-04 15:00:00,57,56,1,43,2.0,1.0
CBD-02,city_core,2026-05-04 16:00:00,46,45,1,48,3.4,1.08
CBD-02,city_core,2026-05-04 17:00:00,43,42,1,47,4.6,1.07
CBD-02,city_core,2026-05-04 18:00:00,76,74,2,55,2.82,1.02
CBD-02,city_core,2026-05-04 19:00:00,62,61,1,69,3.13,1.0
CBD-02,city_core,2026-05-04 20:00:00,88,86,2,61,3.47,1.02
CBD-02,city_core,2026-05-04 21:00:00,75,73,2,64,3.52,1.0
CBD-02,city_core,2026-05-04 22:00:00,58,57,1,67,4.39,1.07
CBD-02,city_core,2026-05-04 23:00:00,64,63,1,60,2.68,1.07
CBD-02,city_core,2026-05-05 00:00:00,35,34,1,36,3.15,1.0
CBD-02,city_core,2026-05-05 01:00:00,51,50,1,34,3.25,1.0
CBD-02,city_core,2026-05-05 02:00:00,48,47,1,33,3.67,1.02
CBD-02,city_core,2026-05-05 03:00:00,50,49,1,42,2.97,1.05
CBD-02,city_core,2026-05-05 04:00:00,54,51,3,31,3.53,1.07
CBD-02,city_core,2026-05-05 05:00:00,55,44,11,29,5.18,1.33
CBD-02,city_core,2026-05-05 06:00:00,47,46,1,37,3.94,1.09
CBD-02,city_core,2026-05-05 07:00:00,37,36,1,34,2.88,1.0
CBD-02,city_core,2026-05-05 08:00:00,48,47,1,38,2.56,1.03
CBD-02,city_core,2026-05-05 09:00:00,46,45,1,35,3.27,1.08
CBD-02,city_core,2026-05-05 10:00:00,43,42,1,48,2.34,1.12
CBD-02,city_core,2026-05-05 11:00:00,47,46,1,37,2.86,1.0
CBD-02,city_core,2026-05-05 12:00:00,50,49,1,33,5.02,1.04
CBD-02,city_core,2026-05-05 13:00:00,35,34,1,36,2.21,1.0
CBD-02,city_core,2026-05-05 14:00:00,43,42,1,42,4.68,1.03
CBD-02,city_core,2026-05-05 15:00:00,55,54,1,39,4.75,1.0
CBD-02,city_core,2026-05-05 16:00:00,61,60,1,41,2.98,1.13
CBD-02,city_core,2026-05-05 17:00:00,59,58,1,44,3.61,1.0
CBD-02,city_core,2026-05-05 18:00:00,57,56,1,61,5.74,1.0
CBD-02,city_core,2026-05-05 19:00:00,99,90,9,59,5.37,1.1
CBD-02,city_core,2026-05-05 20:00:00,105,103,2,67,4.03,1.0
CBD-02,city_core,2026-05-05 21:00:00,80,78,2,48,3.82,1.01
CBD-02,city_core,2026-05-05 22:00:00,63,62,1,63,4.69,1.09
CBD-02,city_core,2026-05-05 23:00:00,74,72,2,54,3.98,1.03
CBD-02,city_core,2026-05-06 00:00:00,30,29,1,36,3.37,1.0
CBD-02,city_core,2026-05-06 01:00:00,44,43,1,46,2.9,1.05
CBD-02,city_core,2026-05-06 02:00:00,43,42,1,38,3.58,1.02
CBD-02,city_core,2026-05-06 03:00:00,35,34,1,28,3.75,1.0
CBD-02,city_core,2026-05-06 04:00:00,36,35,1,29,5.77,1.04
CBD-02,city_core,2026-05-06 05:00:00,41,40,1,28,4.5,1.0
CBD-02,city_core,2026-05-06 06:00:00,42,41,1,32,3.7,1.07
CBD-02,city_core,2026-05-06 07:00:00,43,42,1,41,4.36,1.0
CBD-02,city_core,2026-05-06 08:00:00,41,40,1,50,3.05,1.0
CBD-02,city_core,2026-05-06 09:00:00,55,54,1,36,4.03,1.04
CBD-02,city_core,2026-05-06 10:00:00,40,39,1,29,3.9,1.04
CBD-02,city_core,2026-05-06 11:00:00,46,45,1,55,3.22,1.06
CBD-02,city_core,2026-05-06 12:00:00,38,37,1,38,4.73,1.15
CBD-02,city_core,2026-05-06 13:00:00,47,46,1,34,3.62,1.0
CBD-02,city_core,2026-05-06 14:00:00,44,43,1,45,2.69,1.07
CBD-02,city_core,2026-05-06 15:00:00,33,32,1,38,3.01,1.17
CBD-02,city_core,2026-05-06 16:00:00,62,61,1,51,3.32,1.1
CBD-02,city_core,2026-05-06 17:00:00,56,55,1,47,4.2,1.01
CBD-02,city_core,2026-05-06 18:00:00,64,63,1,51,3.44,1.03
CBD-02,city_core,2026-05-06 19:00:00,77,75,2,64,2.91,1.11
CBD-02,city_core,2026-05-06 20:00:00,79,77,2,87,3.62,1.08
CBD-02,city_core,2026-05-06 21:00:00,72,70,2,54,3.77,1.07
CBD-02,city_core,2026-05-06 22:00:00,64,63,1,60,3.67,1.0
CBD-02,city_core,2026-05-06 23:00:00,60,59,1,56,4.15,1.07
CBD-02,city_core,2026-05-07 00:00:00,50,49,1,32,4.26,1.0
CBD-02,city_core,2026-05-07 01:00:00,49,48,1,24,3.0,1.03
CBD-02,city_core,2026-05-07 02:00:00,45,44,1,34,3.16,1.05
CBD-02,city_core,2026-05-07 03:00:00,39,38,1,39,2.68,1.04
CBD-02,city_core,2026-05-07 04:00:00,48,43,5,28,4.43,1.18
CBD-02,city_core,2026-05-07 05:00:00,42,41,1,28,2.88,1.04
CBD-02,city_core,2026-05-07 06:00:00,50,49,1,48,4.17,1.0
CBD-02,city_core,2026-05-07 07:00:00,35,34,1,32,2.38,1.2
CBD-02,city_core,2026-05-07 08:00:00,48,47,1,36,3.95,1.08
CBD-02,city_core,2026-05-07 09:00:00,46,45,1,33,3.8,1.0
CBD-02,city_core,2026-05-07 10:00:00,50,49,1,43,4.03,1.14
CBD-02,city_core,2026-05-07 11:00:00,43,42,1,34,4.65,1.02
CBD-02,city_core,2026-05-07 12:00:00,47,46,1,41,3.69,1.07
CBD-02,city_core,2026-05-07 13:00:00,47,46,1,38,4.12,1.07
CBD-02,city_core,2026-05-07 14:00:00,55,54,1,42,2.74,1.03
CBD-02,city_core,2026-05-07 15:00:00,58,57,1,39,3.07,1.0
CBD-02,city_core,2026-05-07 16:00:00,57,56,1,42,3.93,1.06
CBD-02,city_core,2026-05-07 17:00:00,72,70,2,46,4.21,1.0
CBD-02,city_core,2026-05-07 18:00:00,59,58,1,58,5.71,1.1
CBD-02,city_core,2026-05-07 19:00:00,69,67,2,56,5.2,1.0
CBD-02,city_core,2026-05-07 20:00:00,87,85,2,68,4.1,1.01
CBD-02,city_core,2026-05-07 21:00:00,67,65,2,69,4.14,1.01
CBD-02,city_core,2026-05-07 22:00:00,59,58,1,62,3.33,1.02
CBD-02,city_core,2026-05-07 23:00:00,50,49,1,47,3.24,1.05
CBD-02,city_core,2026-05-08 00:00:00,59,58,1,50,2.8,1.0
CBD-02,city_core,2026-05-08 01:00:00,57,56,1,41,3.6,1.0
CBD-02,city_core,2026-05-08 02:00:00,52,51,1,36,3.15,1.0
CBD-02,city_core,2026-05-08 03:00:00,45,44,1,35,3.53,1.03
CBD-02,city_core,2026-05-08 04:00:00,49,48,1,35,3.48,1.08
CBD-02,city_core,2026-05-08 05:00:00,42,41,1,44,2.92,1.0
CBD-02,city_core,2026-05-08 06:00:00,41,40,1,35,3.49,1.03
CBD-02,city_core,2026-05-08 07:00:00,41,40,1,38,3.07,1.0
CBD-02,city_core,2026-05-08 08:00:00,48,47,1,44,2.94,1.0
CBD-02,city_core,2026-05-08 09:00:00,44,43,1,41,3.77,1.0
CBD-02,city_core,2026-05-08 10:00:00,59,58,1,50,3.66,1.0
CBD-02,city_core,2026-05-08 11:00:00,47,46,1,41,2.3,1.01
CBD-02,city_core,2026-05-08 12:00:00,60,59,1,45,3.1,1.0
CBD-02,city_core,2026-05-08 13:00:00,59,58,1,43,2.92,1.0
CBD-02,city_core,2026-05-08 14:00:00,47,42,5,23,5.79,1.26
CBD-02,city_core,2026-05-08 15:00:00,47,46,1,46,4.35,1.06
CBD-02,city_core,2026-05-08 16:00:00,68,66,2,55,3.93,1.09
CBD-02,city_core,2026-05-08 17:00:00,76,74,2,57,3.97,1.07
CBD-02,city_core,2026-05-08 18:00:00,99,93,6,46,3.28,1.07
CBD-02,city_core,2026-05-08 19:00:00,87,85,2,62,3.54,1.08
CBD-02,city_core,2026-05-08 20:00:00,85,83,2,80,2.95,1.03
CBD-02,city_core,2026-05-08 21:00:00,89,87,2,66,3.58,1.01
CBD-02,city_core,2026-05-08 22:00:00,84,82,2,64,3.8,1.15
CBD-02,city_core,2026-05-08 23:00:00,72,70,2,68,3.68,1.0
CBD-02,city_core,2026-05-09 00:00:00,48,47,1,44,2.14,1.13
CBD-02,city_core,2026-05-09 01:00:00,53,52,1,38,4.64,1.02
CBD-02,city_core,2026-05-09 02:00:00,56,55,1,45,4.1,1.06
CBD-02,city_core,2026-05-09 03:00:00,55,54,1,35,3.29,1.05
CBD-02,city_core,2026-05-09 04:00:00,51,50,1,48,4.08,1.06
CBD-02,city_core,2026-05-09 05:00:00,45,44,1,38,3.04,1.04
CBD-02,city_core,2026-05-09 06:00:00,41,40,1,40,3.17,1.02
CBD-02,city_core,2026-05-09 07:00:00,44,43,1,43,4.68,1.0
CBD-02,city_core,2026-05-09 08:00:00,40,39,1,51,2.8,1.02
CBD-02,city_core,2026-05-09 09:00:00,45,44,1,51,3.91,1.0
CBD-02,city_core,2026-05-09 10:00:00,42,41,1,49,3.23,1.01
CBD-02,city_core,2026-05-09 11:00:00,50,49,1,48,3.75,1.13
CBD-02,city_core,2026-05-09 12:00:00,42,41,1,37,3.58,1.02
CBD-02,city_core,2026-05-09 13:00:00,45,44,1,45,4.15,1.0
CBD-02,city_core,2026-05-09 14:00:00,48,47,1,45,3.24,1.0
CBD-02,city_core,2026-05-09 15:00:00,45,44,1,44,4.0,1.0
CBD-02,city_core,2026-05-09 16:00:00,53,52,1,38,4.13,1.06
CBD-02,city_core,2026-05-09 17:00:00,70,68,2,74,3.06,1.0
CBD-02,city_core,2026-05-09 18:00:00,77,75,2,74,4.15,1.17
CBD-02,city_core,2026-05-09 19:00:00,90,88,2,73,5.06,1.0
CBD-02,city_core,2026-05-09 20:00:00,101,99,2,72,4.01,1.11
CBD-02,city_core,2026-05-09 21:00:00,83,81,2,83,3.04,1.07
CBD-02,city_core,2026-05-09 22:00:00,86,84,2,72,2.93,1.0
CBD-02,city_core,2026-05-09 23:00:00,79,77,2,55,4.43,1.0
CBD-02,city_core,2026-05-10 00:00:00,50,49,1,43,3.34,1.05
CBD-02,city_core,2026-05-10 01:00:00,47,46,1,36,2.48,1.1
CBD-02,city_core,2026-05-10 02:00:00,44,43,1,36,4.08,1.0
CBD-02,city_core,2026-05-10 03:00:00,26,25,1,33,3.44,1.0
CBD-02,city_core,2026-05-10 04:00:00,45,44,1,31,2.83,1.07
CBD-02,city_core,2026-05-10 05:00:00,53,52,1,31,5.47,1.09
CBD-02,city_core,2026-05-10 06:00:00,36,35,1,33,3.42,1.0
CBD-02,city_core,2026-05-10 07:00:00,41,40,1,42,2.0,1.02
CBD-02,city_core,2026-05-10 08:00:00,50,49,1,33,4.13,1.0
CBD-02,city_core,2026-05-10 09:00:00,40,39,1,37,4.26,1.0
CBD-02,city_core,2026-05-10 10:00:00,49,48,1,38,4.41,1.0
CBD-02,city_core,2026-05-10 11:00:00,46,45,1,42,3.27,1.0
CBD-02,city_core,2026-05-10 12:00:00,30,29,1,31,3.63,1.1
CBD-02,city_core,2026-05-10 13:00:00,40,39,1,40,3.18,1.0
CBD-02,city_core,2026-05-10 14:00:00,43,42,1,38,2.85,1.02
CBD-02,city_core,2026-05-10 15:00:00,42,41,1,42,2.96,1.13
CBD-02,city_core,2026-05-10 16:00:00,59,58,1,50,3.38,1.04
CBD-02,city_core,2026-05-10 17:00:00,56,55,1,66,2.23,1.03
CBD-02,city_core,2026-05-10 18:00:00,58,57,1,46,4.41,1.05
CBD-02,city_core,2026-05-10 19:00:00,74,72,2,69,4.4,1.09
CBD-02,city_core,2026-05-10 20:00:00,86,84,2,77,3.38,1.09
CBD-02,city_core,2026-05-10 21:00:00,70,68,2,59,2.51,1.05
CBD-02,city_core,2026-05-10 22:00:00,73,71,2,60,3.08,1.0
CBD-02,city_core,2026-05-10 23:00:00,77,68,9,45,5.11,1.06
CBD-02,city_core,2026-05-11 00:00:00,31,30,1,34,2.85,1.04
CBD-02,city_core,2026-05-11 01:00:00,42,41,1,44,4.15,1.12
CBD-02,city_core,2026-05-11 02:00:00,50,49,1,40,4.01,1.0
CBD-02,city_core,2026-05-11 03:00:00,36,35,1,41,5.08,1.09
CBD-02,city_core,2026-05-11 04:00:00,39,38,1,50,3.23,1.1
CBD-02,city_core,2026-05-11 05:00:00,38,37,1,36,4.69,1.0
CBD-02,city_core,2026-05-11 06:00:00,45,44,1,42,2.08,1.0
CBD-02,city_core,2026-05-11 07:00:00,43,42,1,37,3.53,1.06
CBD-02,city_core,2026-05-11 08:00:00,46,45,1,34,3.87,1.13
CBD-02,city_core,2026-05-11 09:00:00,44,43,1,32,4.22,1.06
CBD-02,city_core,2026-05-11 10:00:00,48,47,1,37,4.17,1.01
CBD-02,city_core,2026-05-11 11:00:00,37,36,1,39,3.47,1.01
CBD-02,city_core,2026-05-11 12:00:00,50,49,1,38,3.29,1.06
CBD-02,city_core,2026-05-11 13:00:00,48,47,1,32,2.58,1.05
CBD-02,city_core,2026-05-11 14:00:00,31,30,1,50,3.37,1.01
CBD-02,city_core,2026-05-11 15:00:00,39,38,1,38,5.84,1.01
CBD-02,city_core,2026-05-11 16:00:00,41,40,1,54,4.18,1.02
CBD-02,city_core,2026-05-11 17:00:00,49,48,1,56,3.85,1.02
CBD-02,city_core,2026-05-11 18:00:00,83,81,2,52,4.34,1.12
CBD-02,city_core,2026-05-11 19:00:00,79,77,2,54,2.43,1.1
CBD-02,city_core,2026-05-11 20:00:00,81,79,2,56,4.05,1.16
CBD-02,city_core,2026-05-11 21:00:00,86,84,2,70,3.45,1.03
CBD-02,city_core,2026-05-11 22:00:00,61,60,1,63,3.68,1.1
CBD-02,city_core,2026-05-11 23:00:00,46,45,1,54,4.39,1.0
CBD-02,city_core,2026-05-12 00:00:00,43,42,1,38,2.65,1.0
CBD-02,city_core,2026-05-12 01:00:00,33,32,1,37,3.94,1.0
CBD-02,city_core,2026-05-12 02:00:00,45,44,1,43,3.54,1.0
CBD-02,city_core,2026-05-12 03:00:00,43,42,1,35,4.09,1.03
CBD-02,city_core,2026-05-12 04:00:00,41,40,1,34,3.71,1.02
CBD-02,city_core,2026-05-12 05:00:00,40,39,1,41,3.77,1.0
CBD-02,city_core,2026-05-12 06:00:00,38,37,1,28,4.32,1.05
CBD-02,city_core,2026-05-12 07:00:00,46,45,1,32,4.43,1.0
CBD-02,city_core,2026-05-12 08:00:00,50,49,1,44,3.71,1.04
CBD-02,city_core,2026-05-12 09:00:00,30,29,1,45,4.23,1.0
CBD-02,city_core,2026-05-12 10:00:00,37,36,1,34,4.26,1.08
CBD-02,city_core,2026-05-12 11:00:00,36,35,1,37,3.16,1.04
CBD-02,city_core,2026-05-12 12:00:00,51,50,1,32,4.16,1.08
CBD-02,city_core,2026-05-12 13:00:00,36,35,1,31,3.48,1.08
CBD-02,city_core,2026-05-12 14:00:00,34,33,1,25,2.78,1.0
CBD-02,city_core,2026-05-12 15:00:00,46,45,1,36,3.3,1.0
CBD-02,city_core,2026-05-12 16:00:00,48,47,1,50,4.09,1.1
CBD-02,city_core,2026-05-12 17:00:00,52,51,1,38,2.7,1.13
CBD-02,city_core,2026-05-12 18:00:00,70,68,2,46,3.88,1.01
CBD-02,city_core,2026-05-12 19:00:00,87,85,2,60,3.09,1.0
CBD-02,city_core,2026-05-12 20:00:00,67,65,2,77,4.18,1.01
CBD-02,city_core,2026-05-12 21:00:00,80,78,2,66,3.8,1.0
CBD-02,city_core,2026-05-12 22:00:00,69,67,2,57,3.37,1.07
CBD-02,city_core,2026-05-12 23:00:00,51,50,1,50,2.38,1.0
CBD-02,city_core,2026-05-13 00:00:00,39,38,1,34,4.76,1.01
CBD-02,city_core,2026-05-13 01:00:00,36,35,1,43,4.48,1.14
CBD-02,city_core,2026-05-13 02:00:00,46,45,1,39,2.16,1.04
CBD-02,city_core,2026-05-13 03:00:00,47,40,7,26,3.27,1.24
CBD-02,city_core,2026-05-13 04:00:00,38,37,1,39,3.57,1.06
CBD-02,city_core,2026-05-13 05:00:00,35,34,1,37,6.14,1.03
CBD-02,city_core,2026-05-13 06:00:00,45,44,1,32,3.65,1.0
CBD-02,city_core,2026-05-13 07:00:00,44,43,1,42,3.94,1.0
CBD-02,city_core,2026-05-13 08:00:00,37,36,1,46,2.65,1.06
CBD-02,city_core,2026-05-13 09:00:00,46,45,1,34,4.54,1.0
CBD-02,city_core,2026-05-13 10:00:00,33,32,1,34,3.43,1.03
CBD-02,city_core,2026-05-13 11:00:00,49,48,1,30,4.6,1.0
CBD-02,city_core,2026-05-13 12:00:00,42,41,1,30,3.12,1.0
CBD-02,city_core,2026-05-13 13:00:00,44,43,1,40,3.74,1.01
CBD-02,city_core,2026-05-13 14:00:00,37,36,1,48,4.05,1.04
CBD-02,city_core,2026-05-13 15:00:00,48,47,1,43,3.68,1.09
CBD-02,city_core,2026-05-13 16:00:00,46,45,1,40,3.77,1.1
CBD-02,city_core,2026-05-13 17:00:00,64,63,1,56,2.43,1.0
CBD-02,city_core,2026-05-13 18:00:00,74,72,2,68,4.6,1.01
CBD-02,city_core,2026-05-13 19:00:00,71,69,2,54,5.16,1.06
CBD-02,city_core,2026-05-13 20:00:00,81,79,2,73,3.82,1.0
CBD-02,city_core,2026-05-13 21:00:00,80,78,2,57,3.38,1.03
CBD-02,city_core,2026-05-13 22:00:00,66,65,1,59,3.7,1.04
CBD-02,city_core,2026-05-13 23:00:00,57,56,1,35,5.0,1.08
CBD-02,city_core,2026-05-14 00:00:00,35,34,1,42,3.82,1.02
CBD-02,city_core,2026-05-14 01:00:00,42,41,1,32,2.32,1.1
CBD-02,city_core,2026-05-14 02:00:00,41,40,1,34,4.44,1.12
CBD-02,city_core,2026-05-14 03:00:00,45,44,1,34,3.99,1.08
CBD-02,city_core,2026-05-14 04:00:00,37,36,1,42,2.96,1.09
CBD-02,city_core,2026-05-14 05:00:00,35,34,1,29,3.13,1.01
CBD-02,city_core,2026-05-14 06:00:00,36,35,1,31,2.53,1.11
CBD-02,city_core,2026-05-14 07:00:00,50,49,1,33,3.95,1.0
CBD-02,city_core,2026-05-14 08:00:00,54,53,1,37,3.42,1.06
CBD-02,city_core,2026-05-14 09:00:00,40,39,1,35,5.07,1.12
CBD-02,city_core,2026-05-14 10:00:00,35,34,1,45,3.89,1.03
CBD-02,city_core,2026-05-14 11:00:00,43,42,1,38,3.9,1.0
CBD-02,city_core,2026-05-14 12:00:00,53,52,1,40,4.1,1.12
CBD-02,city_core,2026-05-14 13:00:00,39,38,1,29,3.59,1.02
CBD-02,city_core,2026-05-14 14:00:00,47,46,1,35,3.9,1.01
CBD-02,city_core,2026-05-14 15:00:00,40,39,1,37,4.46,1.01
CBD-02,city_core,2026-05-14 16:00:00,45,44,1,47,3.72,1.12
CBD-02,city_core,2026-05-14 17:00:00,64,63,1,41,5.78,1.0
CBD-02,city_core,2026-05-14 18:00:00,73,71,2,51,4.23,1.09
CBD-02,city_core,2026-05-14 19:00:00,72,70,2,74,2.0,1.08
CBD-02,city_core,2026-05-14 20:00:00,91,89,2,62,3.86,1.09
CBD-02,city_core,2026-05-14 21:00:00,59,58,1,74,4.35,1.01
CBD-02,city_core,2026-05-14 22:00:00,83,81,2,58,3.78,1.0
CBD-02,city_core,2026-05-14 23:00:00,60,59,1,60,2.5,1.0
CBD-02,city_core,2026-05-15 00:00:00,55,54,1,42,4.02,1.11
CBD-02,city_core,2026-05-15 01:00:00,49,37,12,22,4.95,1.38
CBD-02,city_core,2026-05-15 02:00:00,46,45,1,38,3.33,1.14
CBD-02,city_core,2026-05-15 03:00:00,40,39,1,53,2.52,1.11
CBD-02,city_core,2026-05-15 04:00:00,46,45,1,37,3.75,1.0
CBD-02,city_core,2026-05-15 05:00:00,56,55,1,46,3.91,1.0
CBD-02,city_core,2026-05-15 06:00:00,46,45,1,39,3.42,1.0
CBD-02,city_core,2026-05-15 07:00:00,39,38,1,42,3.24,1.0
CBD-02,city_core,2026-05-15 08:00:00,49,48,1,48,4.27,1.01
CBD-02,city_core,2026-05-15 09:00:00,42,41,1,43,3.93,1.0
CBD-02,city_core,2026-05-15 10:00:00,47,46,1,35,3.03,1.07
CBD-02,city_core,2026-05-15 11:00:00,53,52,1,37,3.85,1.0
CBD-02,city_core,2026-05-15 12:00:00,50,49,1,45,4.02,1.08
CBD-02,city_core,2026-05-15 13:00:00,51,50,1,39,3.75,1.0
CBD-02,city_core,2026-05-15 14:00:00,45,44,1,49,4.05,1.01
CBD-02,city_core,2026-05-15 15:00:00,51,50,1,43,3.18,1.11
CBD-02,city_core,2026-05-15 16:00:00,63,62,1,46,3.52,1.0
CBD-02,city_core,2026-05-15 17:00:00,67,65,2,63,3.5,1.0
CBD-02,city_core,2026-05-15 18:00:00,76,74,2,71,2.91,1.11
CBD-02,city_core,2026-05-15 19:00:00,84,82,2,70,3.16,1.03
CBD-02,city_core,2026-05-15 20:00:00,106,104,2,92,3.41,1.0
CBD-02,city_core,2026-05-15 21:00:00,83,81,2,83,3.63,1.03
CBD-02,city_core,2026-05-15 22:00:00,87,85,2,76,4.19,1.02
CBD-02,city_core,2026-05-15 23:00:00,65,64,1,57,3.09,1.0
CBD-02,city_core,2026-05-16 00:00:00,47,46,1,37,3.8,1.0
CBD-02,city_core,2026-05-16 01:00:00,37,36,1,42,4.26,1.0
CBD-02,city_core,2026-05-16 02:00:00,55,54,1,42,3.08,1.07
CBD-02,city_core,2026-05-16 03:00:00,41,40,1,33,3.98,1.0
CBD-02,city_core,2026-05-16 04:00:00,35,34,1,40,4.83,1.02
CBD-02,city_core,2026-05-16 05:00:00,44,43,1,46,2.65,1.01
CBD-02,city_core,2026-05-16 06:00:00,40,39,1,38,2.71,1.0
CBD-02,city_core,2026-05-16 07:00:00,45,44,1,40,3.14,1.0
CBD-02,city_core,2026-05-16 08:00:00,50,49,1,35,4.5,1.0
CBD-02,city_core,2026-05-16 09:00:00,57,56,1,37,4.26,1.12
CBD-02,city_core,2026-05-16 10:00:00,38,37,1,30,4.24,1.0
CBD-02,city_core,2026-05-16 11:00:00,42,41,1,44,4.07,1.0
CBD-02,city_core,2026-05-16 12:00:00,54,53,1,37,3.24,1.0
CBD-02,city_core,2026-05-16 13:00:00,45,44,1,45,4.69,1.08
CBD-02,city_core,2026-05-16 14:00:00,43,42,1,48,3.26,1.01
CBD-02,city_core,2026-05-16 15:00:00,55,54,1,48,3.38,1.04
CBD-02,city_core,2026-05-16 16:00:00,63,62,1,57,3.59,1.0
CBD-02,city_core,2026-05-16 17:00:00,71,69,2,59,3.54,1.0
CBD-02,city_core,2026-05-16 18:00:00,66,65,1,70,5.14,1.0
CBD-02,city_core,2026-05-16 19:00:00,99,97,2,77,3.48,1.05
CBD-02,city_core,2026-05-16 20:00:00,100,98,2,76,3.34,1.03
CBD-02,city_core,2026-05-16 21:00:00,92,90,2,70,2.98,1.09
CBD-02,city_core,2026-05-16 22:00:00,80,78,2,65,2.99,1.05
CBD-02,city_core,2026-05-16 23:00:00,67,65,2,50,2.92,1.05
CBD-02,city_core,2026-05-17 00:00:00,55,54,1,36,2.13,1.0
CBD-02,city_core,2026-05-17 01:00:00,35,34,1,33,3.05,1.0
CBD-02,city_core,2026-05-17 02:00:00,37,36,1,35,2.65,1.07
CBD-02,city_core,2026-05-17 03:00:00,43,42,1,26,3.68,1.11
CBD-02,city_core,2026-05-17 04:00:00,44,43,1,36,3.31,1.1
CBD-02,city_core,2026-05-17 05:00:00,42,41,1,31,2.97,1.13
CBD-02,city_core,2026-05-17 06:00:00,48,47,1,37,3.87,1.0
CBD-02,city_core,2026-05-17 07:00:00,47,46,1,30,4.55,1.02
CBD-02,city_core,2026-05-17 08:00:00,39,38,1,45,3.02,1.0
CBD-02,city_core,2026-05-17 09:00:00,40,39,1,40,2.96,1.03
CBD-02,city_core,2026-05-17 10:00:00,39,38,1,25,4.53,1.0
CBD-02,city_core,2026-05-17 11:00:00,52,51,1,53,3.26,1.0
CBD-02,city_core,2026-05-17 12:00:00,34,33,1,25,4.12,1.03
CBD-02,city_core,2026-05-17 13:00:00,56,45,11,28,6.23,1.22
CBD-02,city_core,2026-05-17 14:00:00,42,41,1,34,3.87,1.05
CBD-02,city_core,2026-05-17 15:00:00,48,47,1,37,4.62,1.0
CBD-02,city_core,2026-05-17 16:00:00,40,39,1,45,4.31,1.0
CBD-02,city_core,2026-05-17 17:00:00,67,65,2,46,2.58,1.0
CBD-02,city_core,2026-05-17 18:00:00,60,59,1,51,3.01,1.06
CBD-02,city_core,2026-05-17 19:00:00,91,89,2,67,3.45,1.06
CBD-02,city_core,2026-05-17 20:00:00,93,91,2,67,2.0,1.0
CBD-02,city_core,2026-05-17 21:00:00,76,74,2,73,3.65,1.05
CBD-02,city_core,2026-05-17 22:00:00,78,76,2,74,3.21,1.0
CBD-02,city_core,2026-05-17 23:00:00,53,52,1,47,4.5,1.0
CBD-02,city_core,2026-05-18 00:00:00,41,40,1,31,2.94,1.04
CBD-02,city_core,2026-05-18 01:00:00,34,33,1,42,4.87,1.0
CBD-02,city_core,2026-05-18 02:00:00,45,44,1,31,3.27,1.08
CBD-02,city_core,2026-05-18 03:00:00,37,36,1,40,3.43,1.03
CBD-02,city_core,2026-05-18 04:00:00,43,42,1,32,5.02,1.07
CBD-02,city_core,2026-05-18 05:00:00,37,36,1,38,3.2,1.0
CBD-02,city_core,2026-05-18 06:00:00,36,35,1,28,2.67,1.0
CBD-02,city_core,2026-05-18 07:00:00,38,37,1,26,2.79,1.09
CBD-02,city_core,2026-05-18 08:00:00,33,32,1,47,2.63,1.0
CBD-02,city_core,2026-05-18 09:00:00,29,28,1,47,4.8,1.0
CBD-02,city_core,2026-05-18 10:00:00,33,32,1,38,2.9,1.0
CBD-02,city_core,2026-05-18 11:00:00,42,41,1,28,4.68,1.08
CBD-02,city_core,2026-05-18 12:00:00,48,47,1,32,3.43,1.02
CBD-02,city_core,2026-05-18 13:00:00,53,52,1,36,3.94,1.05
CBD-02,city_core,2026-05-18 14:00:00,37,36,1,37,4.05,1.05
CBD-02,city_core,2026-05-18 15:00:00,47,46,1,31,3.96,1.05
CBD-02,city_core,2026-05-18 16:00:00,41,40,1,41,3.37,1.0
CBD-02,city_core,2026-05-18 17:00:00,67,65,2,58,2.9,1.01
CBD-02,city_core,2026-05-18 18:00:00,56,55,1,50,3.34,1.17
CBD-02,city_core,2026-05-18 19:00:00,73,71,2,64,4.24,1.03
CBD-02,city_core,2026-05-18 20:00:00,90,88,2,65,4.01,1.02
CBD-02,city_core,2026-05-18 21:00:00,84,82,2,65,3.1,1.0
CBD-02,city_core,2026-05-18 22:00:00,78,76,2,62,2.65,1.05
CBD-02,city_core,2026-05-18 23:00:00,57,56,1,57,3.72,1.07
CBD-02,city_core,2026-05-19 00:00:00,44,43,1,39,4.44,1.05
CBD-02,city_core,2026-05-19 01:00:00,34,33,1,28,4.4,1.03
CBD-02,city_core,2026-05-19 02:00:00,35,34,1,25,4.09,1.0
CBD-02,city_core,2026-05-19 03:00:00,31,30,1,36,2.74,1.11
CBD-02,city_core,2026-05-19 04:00:00,50,49,1,34,4.42,1.0
CBD-02,city_core,2026-05-19 05:00:00,43,42,1,43,4.36,1.0
CBD-02,city_core,2026-05-19 06:00:00,34,33,1,28,3.97,1.0
CBD-02,city_core,2026-05-19 07:00:00,43,42,1,44,3.47,1.0
CBD-02,city_core,2026-05-19 08:00:00,35,34,1,46,3.41,1.01
CBD-02,city_core,2026-05-19 09:00:00,56,55,1,37,3.56,1.0
CBD-02,city_core,2026-05-19 10:00:00,60,59,1,42,4.62,1.04
CBD-02,city_core,2026-05-19 11:00:00,46,45,1,34,3.42,1.0
CBD-02,city_core,2026-05-19 12:00:00,45,44,1,33,5.13,1.0
CBD-02,city_core,2026-05-19 13:00:00,34,33,1,32,4.98,1.0
CBD-02,city_core,2026-05-19 14:00:00,46,45,1,39,5.75,1.0
CBD-02,city_core,2026-05-19 15:00:00,44,43,1,31,4.01,1.0
CBD-02,city_core,2026-05-19 16:00:00,56,55,1,47,3.86,1.07
CBD-02,city_core,2026-05-19 17:00:00,57,56,1,33,2.47,1.0
CBD-02,city_core,2026-05-19 18:00:00,71,69,2,54,3.44,1.0
CBD-02,city_core,2026-05-19 19:00:00,78,76,2,52,3.31,1.06
CBD-02,city_core,2026-05-19 20:00:00,79,77,2,59,3.8,1.02
CBD-02,city_core,2026-05-19 21:00:00,65,64,1,65,4.03,1.02
CBD-02,city_core,2026-05-19 22:00:00,60,59,1,61,4.2,1.03
CBD-02,city_core,2026-05-19 23:00:00,66,65,1,41,4.6,1.02
CBD-02,city_core,2026-05-20 00:00:00,34,33,1,30,4.21,1.02
CBD-02,city_core,2026-05-20 01:00:00,38,37,1,30,3.16,1.07
CBD-02,city_core,2026-05-20 02:00:00,42,41,1,35,3.09,1.0
CBD-02,city_core,2026-05-20 03:00:00,41,40,1,27,3.27,1.08
CBD-02,city_core,2026-05-20 04:00:00,53,46,7,27,4.85,1.34
CBD-02,city_core,2026-05-20 05:00:00,37,36,1,35,3.68,1.02
CBD-02,city_core,2026-05-20 06:00:00,39,38,1,32,3.82,1.02
CBD-02,city_core,2026-05-20 07:00:00,50,49,1,38,3.78,1.07
CBD-02,city_core,2026-05-20 08:00:00,32,31,1,36,3.9,1.01
CBD-02,city_core,2026-05-20 09:00:00,41,40,1,30,3.74,1.01
CBD-02,city_core,2026-05-20 10:00:00,43,42,1,45,2.32,1.0
CBD-02,city_core,2026-05-20 11:00:00,56,55,1,35,3.52,1.07
CBD-02,city_core,2026-05-20 12:00:00,47,46,1,33,2.39,1.0
CBD-02,city_core,2026-05-20 13:00:00,39,38,1,42,4.63,1.0
CBD-02,city_core,2026-05-20 14:00:00,52,51,1,45,4.57,1.05
CBD-02,city_core,2026-05-20 15:00:00,47,46,1,31,3.91,1.05
CBD-02,city_core,2026-05-20 16:00:00,44,43,1,40,3.08,1.05
CBD-02,city_core,2026-05-20 17:00:00,59,58,1,61,2.98,1.05
CBD-02,city_core,2026-05-20 18:00:00,68,66,2,56,3.55,1.06
CBD-02,city_core,2026-05-20 19:00:00,80,78,2,51,3.9,1.03
CBD-02,city_core,2026-05-20 20:00:00,77,75,2,61,3.96,1.08
CBD-02,city_core,2026-05-20 21:00:00,73,71,2,70,3.71,1.04
CBD-02,city_core,2026-05-20 22:00:00,54,53,1,55,4.14,1.04
CBD-02,city_core,2026-05-20 23:00:00,65,64,1,47,3.52,1.03
CBD-02,city_core,2026-05-21 00:00:00,39,38,1,33,3.43,1.0
CBD-02,city_core,2026-05-21 01:00:00,36,35,1,44,3.58,1.0
CBD-02,city_core,2026-05-21 02:00:00,44,43,1,43,5.49,1.12
CBD-02,city_core,2026-05-21 03:00:00,37,36,1,39,3.29,1.0
CBD-02,city_core,2026-05-21 04:00:00,42,41,1,38,3.7,1.0
CBD-02,city_core,2026-05-21 05:00:00,43,42,1,37,2.92,1.05
CBD-02,city_core,2026-05-21 06:00:00,37,36,1,26,5.19,1.02
CBD-02,city_core,2026-05-21 07:00:00,51,50,1,34,2.79,1.18
CBD-02,city_core,2026-05-21 08:00:00,37,36,1,36,5.63,1.0
CBD-02,city_core,2026-05-21 09:00:00,34,33,1,33,4.63,1.0
CBD-02,city_core,2026-05-21 10:00:00,48,47,1,37,3.96,1.14
CBD-02,city_core,2026-05-21 11:00:00,34,33,1,34,2.99,1.0
CBD-02,city_core,2026-05-21 12:00:00,35,34,1,33,3.83,1.03
CBD-02,city_core,2026-05-21 13:00:00,53,52,1,41,4.27,1.02
CBD-02,city_core,2026-05-21 14:00:00,37,36,1,23,3.28,1.08
CBD-02,city_core,2026-05-21 15:00:00,37,36,1,38,3.02,1.08
CBD-02,city_core,2026-05-21 16:00:00,59,58,1,47,2.0,1.0
CBD-02,city_core,2026-05-21 17:00:00,62,61,1,52,4.32,1.01
CBD-02,city_core,2026-05-21 18:00:00,74,72,2,54,2.3,1.07
CBD-02,city_core,2026-05-21 19:00:00,79,77,2,61,3.12,1.0
CBD-02,city_core,2026-05-21 20:00:00,76,74,2,71,4.04,1.06
CBD-02,city_core,2026-05-21 21:00:00,91,87,4,57,4.06,1.05
CBD-02,city_core,2026-05-21 22:00:00,74,72,2,62,3.84,1.0
CBD-02,city_core,2026-05-21 23:00:00,53,52,1,48,3.68,1.04
CBD-02,city_core,2026-05-22 00:00:00,45,44,1,42,4.16,1.0
CBD-02,city_core,2026-05-22 01:00:00,54,53,1,48,3.45,1.0
CBD-02,city_core,2026-05-22 02:00:00,60,59,1,35,3.24,1.03
CBD-02,city_core,2026-05-22 03:00:00,40,39,1,35,3.25,1.05
CBD-02,city_core,2026-05-22 04:00:00,53,52,1,48,4.99,1.0
CBD-02,city_core,2026-05-22 05:00:00,36,35,1,46,3.47,1.06
CBD-02,city_core,2026-05-22 06:00:00,52,51,1,38,3.11,1.06
CBD-02,city_core,2026-05-22 07:00:00,49,48,1,43,4.97,1.0
CBD-02,city_core,2026-05-22 08:00:00,49,48,1,45,4.67,1.03
CBD-02,city_core,2026-05-22 09:00:00,48,47,1,35,3.61,1.0
CBD-02,city_core,2026-05-22 10:00:00,51,50,1,44,3.33,1.05
CBD-02,city_core,2026-05-22 11:00:00,50,49,1,39,5.62,1.0
CBD-02,city_core,2026-05-22 12:00:00,41,40,1,48,2.0,1.0
CBD-02,city_core,2026-05-22 13:00:00,57,56,1,36,3.41,1.02
CBD-02,city_core,2026-05-22 14:00:00,55,54,1,45,4.3,1.0
CBD-02,city_core,2026-05-22 15:00:00,49,48,1,52,4.71,1.1
CBD-02,city_core,2026-05-22 16:00:00,70,68,2,60,2.67,1.03
CBD-02,city_core,2026-05-22 17:00:00,67,65,2,63,3.29,1.02
CBD-02,city_core,2026-05-22 18:00:00,72,70,2,74,4.37,1.08
CBD-02,city_core,2026-05-22 19:00:00,89,87,2,64,3.25,1.01
CBD-02,city_core,2026-05-22 20:00:00,81,79,2,71,3.11,1.03
CBD-02,city_core,2026-05-22 21:00:00,97,95,2,77,3.01,1.04
CBD-02,city_core,2026-05-22 22:00:00,62,61,1,72,4.7,1.0
CBD-02,city_core,2026-05-22 23:00:00,61,60,1,57,2.63,1.0
CBD-02,city_core,2026-05-23 00:00:00,59,58,1,45,3.82,1.03
CBD-02,city_core,2026-05-23 01:00:00,58,57,1,42,3.12,1.0
CBD-02,city_core,2026-05-23 02:00:00,44,43,1,30,2.94,1.04
CBD-02,city_core,2026-05-23 03:00:00,40,39,1,40,5.35,1.06
CBD-02,city_core,2026-05-23 04:00:00,64,63,1,46,4.39,1.0
CBD-02,city_core,2026-05-23 05:00:00,55,54,1,35,3.01,1.0
CBD-02,city_core,2026-05-23 06:00:00,46,45,1,34,5.32,1.07
CBD-02,city_core,2026-05-23 07:00:00,47,46,1,41,4.95,1.0
CBD-02,city_core,2026-05-23 08:00:00,44,43,1,44,3.45,1.0
CBD-02,city_core,2026-05-23 09:00:00,48,47,1,43,5.19,1.02
CBD-02,city_core,2026-05-23 10:00:00,50,49,1,27,3.85,1.0
CBD-02,city_core,2026-05-23 11:00:00,58,57,1,42,4.46,1.0
CBD-02,city_core,2026-05-23 12:00:00,60,59,1,48,3.7,1.04
CBD-02,city_core,2026-05-23 13:00:00,53,52,1,47,4.88,1.0
CBD-02,city_core,2026-05-23 14:00:00,56,55,1,44,4.0,1.0
CBD-02,city_core,2026-05-23 15:00:00,67,65,2,36,3.54,1.14
CBD-02,city_core,2026-05-23 16:00:00,60,59,1,54,2.59,1.0
CBD-02,city_core,2026-05-23 17:00:00,59,58,1,51,4.61,1.0
CBD-02,city_core,2026-05-23 18:00:00,82,80,2,66,3.37,1.0
CBD-02,city_core,2026-05-23 19:00:00,105,103,2,75,3.21,1.05
CBD-02,city_core,2026-05-23 20:00:00,98,96,2,104,3.48,1.02
CBD-02,city_core,2026-05-23 21:00:00,76,74,2,61,3.39,1.05
CBD-02,city_core,2026-05-23 22:00:00,67,65,2,84,5.37,1.1
CBD-02,city_core,2026-05-23 23:00:00,71,69,2,50,2.56,1.0
CBD-02,city_core,2026-05-24 00:00:00,47,46,1,38,3.86,1.0
CBD-02,city_core,2026-05-24 01:00:00,41,40,1,31,4.39,1.0
CBD-02,city_core,2026-05-24 02:00:00,44,43,1,43,3.12,1.04
CBD-02,city_core,2026-05-24 03:00:00,39,38,1,37,3.86,1.08
CBD-02,city_core,2026-05-24 04:00:00,31,30,1,29,3.95,1.02
CBD-02,city_core,2026-05-24 05:00:00,56,55,1,45,4.01,1.0
CBD-02,city_core,2026-05-24 06:00:00,40,39,1,41,3.43,1.08
CBD-02,city_core,2026-05-24 07:00:00,32,31,1,33,2.5,1.08
CBD-02,city_core,2026-05-24 08:00:00,48,47,1,42,4.72,1.0
CBD-02,city_core,2026-05-24 09:00:00,46,45,1,35,3.82,1.11
CBD-02,city_core,2026-05-24 10:00:00,42,41,1,36,4.98,1.04
CBD-02,city_core,2026-05-24 11:00:00,44,43,1,40,2.83,1.09
CBD-02,city_core,2026-05-24 12:00:00,42,41,1,32,4.49,1.05
CBD-02,city_core,2026-05-24 13:00:00,33,32,1,43,4.11,1.02
CBD-02,city_core,2026-05-24 14:00:00,42,41,1,41,4.73,1.0
CBD-02,city_core,2026-05-24 15:00:00,48,47,1,28,3.56,1.07
CBD-02,city_core,2026-05-24 16:00:00,47,46,1,42,3.51,1.0
CBD-02,city_core,2026-05-24 17:00:00,59,58,1,36,3.04,1.0
CBD-02,city_core,2026-05-24 18:00:00,73,71,2,55,3.15,1.06
CBD-02,city_core,2026-05-24 19:00:00,61,60,1,71,2.0,1.02
CBD-02,city_core,2026-05-24 20:00:00,75,73,2,60,3.88,1.03
CBD-02,city_core,2026-05-24 21:00:00,90,88,2,51,3.34,1.03
CBD-02,city_core,2026-05-24 22:00:00,78,76,2,66,5.37,1.04
CBD-02,city_core,2026-05-24 23:00:00,58,57,1,55,2.87,1.0
CBD-02,city_core,2026-05-25 00:00:00,39,38,1,31,3.82,1.0
CBD-02,city_core,2026-05-25 01:00:00,39,34,5,22,4.2,1.19
CBD-02,city_core,2026-05-25 02:00:00,40,39,1,35,3.5,1.1
CBD-02,city_core,2026-05-25 03:00:00,45,44,1,30,2.99,1.04
CBD-02,city_core,2026-05-25 04:00:00,43,42,1,30,5.54,1.01
CBD-02,city_core,2026-05-25 05:00:00,49,48,1,33,2.4,1.02
CBD-02,city_core,2026-05-25 06:00:00,36,35,1,23,5.18,1.09
CBD-02,city_core,2026-05-25 07:00:00,44,41,3,27,2.21,1.09
CBD-02,city_core,2026-05-25 08:00:00,34,33,1,29,4.28,1.05
CBD-02,city_core,2026-05-25 09:00:00,46,45,1,35,4.19,1.01
CBD-02,city_core,2026-05-25 10:00:00,37,36,1,36,3.25,1.16
CBD-02,city_core,2026-05-25 11:00:00,40,39,1,31,2.57,1.0
CBD-02,city_core,2026-05-25 12:00:00,41,40,1,29,2.68,1.0
CBD-02,city_core,2026-05-25 13:00:00,43,42,1,37,3.51,1.06
CBD-02,city_core,2026-05-25 14:00:00,43,42,1,34,2.24,1.0
CBD-02,city_core,2026-05-25 15:00:00,41,40,1,48,4.11,1.07
CBD-02,city_core,2026-05-25 16:00:00,42,41,1,42,3.8,1.03
CBD-02,city_core,2026-05-25 17:00:00,55,54,1,52,4.95,1.0
CBD-02,city_core,2026-05-25 18:00:00,66,65,1,58,4.13,1.0
CBD-02,city_core,2026-05-25 19:00:00,106,104,2,70,2.48,1.05
CBD-02,city_core,2026-05-25 20:00:00,85,83,2,61,4.67,1.11
CBD-02,city_core,2026-05-25 21:00:00,81,79,2,56,2.77,1.0
CBD-02,city_core,2026-05-25 22:00:00,88,86,2,65,3.45,1.07
CBD-02,city_core,2026-05-25 23:00:00,50,49,1,51,4.15,1.13
CBD-02,city_core,2026-05-26 00:00:00,41,40,1,35,4.04,1.02
CBD-02,city_core,2026-05-26 01:00:00,48,47,1,39,3.07,1.0
CBD-02,city_core,2026-05-26 02:00:00,51,50,1,34,3.49,1.0
CBD-02,city_core,2026-05-26 03:00:00,50,49,1,36,4.09,1.0
CBD-02,city_core,2026-05-26 04:00:00,47,46,1,31,4.42,1.02
CBD-02,city_core,2026-05-26 05:00:00,51,50,1,41,4.43,1.09
CBD-02,city_core,2026-05-26 06:00:00,38,37,1,35,3.03,1.04
CBD-02,city_core,2026-05-26 07:00:00,41,40,1,34,2.5,1.01
CBD-02,city_core,2026-05-26 08:00:00,38,37,1,33,3.55,1.07
CBD-02,city_core,2026-05-26 09:00:00,44,43,1,39,3.41,1.0
CBD-02,city_core,2026-05-26 10:00:00,52,45,7,21,3.58,1.21
CBD-02,city_core,2026-05-26 11:00:00,32,31,1,28,4.71,1.03
CBD-02,city_core,2026-05-26 12:00:00,47,46,1,37,3.59,1.01
CBD-02,city_core,2026-05-26 13:00:00,35,34,1,36,4.82,1.02
CBD-02,city_core,2026-05-26 14:00:00,38,37,1,40,3.51,1.22
CBD-02,city_core,2026-05-26 15:00:00,43,42,1,46,3.42,1.08
CBD-02,city_core,2026-05-26 16:00:00,46,45,1,57,3.89,1.01
CBD-02,city_core,2026-05-26 17:00:00,86,84,2,55,3.56,1.13
CBD-02,city_core,2026-05-26 18:00:00,66,65,1,54,2.32,1.07
CBD-02,city_core,2026-05-26 19:00:00,78,76,2,55,3.72,1.05
CBD-02,city_core,2026-05-26 20:00:00,64,63,1,74,3.95,1.0
CBD-02,city_core,2026-05-26 21:00:00,71,69,2,59,3.98,1.0
CBD-02,city_core,2026-05-26 22:00:00,65,64,1,61,3.39,1.0
CBD-02,city_core,2026-05-26 23:00:00,67,65,2,58,4.03,1.06
CBD-02,city_core,2026-05-27 00:00:00,39,38,1,30,3.19,1.0
CBD-02,city_core,2026-05-27 01:00:00,49,48,1,31,3.33,1.0
CBD-02,city_core,2026-05-27 02:00:00,44,43,1,38,5.22,1.0
CBD-02,city_core,2026-05-27 03:00:00,35,34,1,34,4.93,1.03
CBD-02,city_core,2026-05-27 04:00:00,38,37,1,33,3.58,1.11
CBD-02,city_core,2026-05-27 05:00:00,41,40,1,35,4.19,1.1
CBD-02,city_core,2026-05-27 06:00:00,32,31,1,23,3.91,1.09
CBD-02,city_core,2026-05-27 07:00:00,38,37,1,37,4.13,1.12
CBD-02,city_core,2026-05-27 08:00:00,36,35,1,33,3.69,1.09
CBD-02,city_core,2026-05-27 09:00:00,53,52,1,34,4.92,1.05
CBD-02,city_core,2026-05-27 10:00:00,42,41,1,37,2.56,1.05
CBD-02,city_core,2026-05-27 11:00:00,44,43,1,34,4.48,1.13
CBD-02,city_core,2026-05-27 12:00:00,41,40,1,45,2.78,1.08
CBD-02,city_core,2026-05-27 13:00:00,45,44,1,28,4.14,1.0
CBD-02,city_core,2026-05-27 14:00:00,37,36,1,37,4.32,1.0
CBD-02,city_core,2026-05-27 15:00:00,43,42,1,41,4.1,1.02
CBD-02,city_core,2026-05-27 16:00:00,51,50,1,42,4.13,1.0
CBD-02,city_core,2026-05-27 17:00:00,60,59,1,58,4.06,1.0
CBD-02,city_core,2026-05-27 18:00:00,69,67,2,63,3.41,1.01
CBD-02,city_core,2026-05-27 19:00:00,93,91,2,72,3.42,1.1
CBD-02,city_core,2026-05-27 20:00:00,76,74,2,61,3.49,1.0
CBD-02,city_core,2026-05-27 21:00:00,82,80,2,58,3.49,1.0
CBD-02,city_core,2026-05-27 22:00:00,78,76,2,63,3.2,1.06
CBD-02,city_core,2026-05-27 23:00:00,62,61,1,48,3.82,1.1
CBD-02,city_core,2026-05-28 00:00:00,52,51,1,37,4.07,1.14
CBD-02,city_core,2026-05-28 01:00:00,42,41,1,45,3.5,1.1
CBD-02,city_core,2026-05-28 02:00:00,45,44,1,45,4.09,1.0
CBD-02,city_core,2026-05-28 03:00:00,47,46,1,48,3.34,1.0
CBD-02,city_core,2026-05-28 04:00:00,35,34,1,36,3.45,1.0
CBD-02,city_core,2026-05-28 05:00:00,34,33,1,35,3.51,1.03
CBD-02,city_core,2026-05-28 06:00:00,56,55,1,32,2.84,1.17
CBD-02,city_core,2026-05-28 07:00:00,49,48,1,34,3.51,1.0
CBD-02,city_core,2026-05-28 08:00:00,63,55,8,35,4.18,1.11
CBD-02,city_core,2026-05-28 09:00:00,53,52,1,33,2.82,1.02
CBD-02,city_core,2026-05-28 10:00:00,37,36,1,40,4.07,1.0
CBD-02,city_core,2026-05-28 11:00:00,36,35,1,35,3.44,1.06
CBD-02,city_core,2026-05-28 12:00:00,40,39,1,43,3.44,1.07
CBD-02,city_core,2026-05-28 13:00:00,48,47,1,30,4.34,1.04
CBD-02,city_core,2026-05-28 14:00:00,33,32,1,48,3.85,1.03
CBD-02,city_core,2026-05-28 15:00:00,44,43,1,46,4.23,1.11
CBD-02,city_core,2026-05-28 16:00:00,48,47,1,47,2.0,1.0
CBD-02,city_core,2026-05-28 17:00:00,59,58,1,59,3.55,1.02
CBD-02,city_core,2026-05-28 18:00:00,73,71,2,57,2.55,1.03
CBD-02,city_core,2026-05-28 19:00:00,73,71,2,64,5.5,1.08
CBD-02,city_core,2026-05-28 20:00:00,92,90,2,71,4.41,1.09
CBD-02,city_core,2026-05-28 21:00:00,76,74,2,54,2.52,1.03
CBD-02,city_core,2026-05-28 22:00:00,79,77,2,60,2.87,1.03
CBD-02,city_core,2026-05-28 23:00:00,55,54,1,46,2.75,1.0
CBD-02,city_core,2026-05-29 00:00:00,51,50,1,50,4.24,1.0
CBD-02,city_core,2026-05-29 01:00:00,52,51,1,47,3.4,1.0
CBD-02,city_core,2026-05-29 02:00:00,50,49,1,42,3.7,1.02
CBD-02,city_core,2026-05-29 03:00:00,49,48,1,39,2.02,1.0
CBD-02,city_core,2026-05-29 04:00:00,44,43,1,36,4.08,1.0
CBD-02,city_core,2026-05-29 05:00:00,46,45,1,47,3.27,1.01
CBD-02,city_core,2026-05-29 06:00:00,49,48,1,45,3.74,1.08
CBD-02,city_core,2026-05-29 07:00:00,42,41,1,43,3.67,1.0
CBD-02,city_core,2026-05-29 08:00:00,48,47,1,45,3.92,1.02
CBD-02,city_core,2026-05-29 09:00:00,45,44,1,35,3.25,1.0
CBD-02,city_core,2026-05-29 10:00:00,30,29,1,45,2.68,1.02
CBD-02,city_core,2026-05-29 11:00:00,33,32,1,40,4.36,1.0
CBD-02,city_core,2026-05-29 12:00:00,55,54,1,39,4.79,1.0
CBD-02,city_core,2026-05-29 13:00:00,42,41,1,46,4.25,1.0
CBD-02,city_core,2026-05-29 14:00:00,51,50,1,50,5.51,1.0
CBD-02,city_core,2026-05-29 15:00:00,61,60,1,43,3.44,1.0
CBD-02,city_core,2026-05-29 16:00:00,54,52,2,32,4.72,1.04
CBD-02,city_core,2026-05-29 17:00:00,83,81,2,57,3.92,1.0
CBD-02,city_core,2026-05-29 18:00:00,95,93,2,65,2.58,1.0
CBD-02,city_core,2026-05-29 19:00:00,94,92,2,84,4.6,1.05
CBD-02,city_core,2026-05-29 20:00:00,101,99,2,93,4.34,1.0
CBD-02,city_core,2026-05-29 21:00:00,99,97,2,76,3.38,1.05
CBD-02,city_core,2026-05-29 22:00:00,79,77,2,62,3.55,1.1
CBD-02,city_core,2026-05-29 23:00:00,70,68,2,58,3.57,1.11
CBD-02,city_core,2026-05-30 00:00:00,36,35,1,40,3.61,1.0
CBD-02,city_core,2026-05-30 01:00:00,51,50,1,36,2.91,1.04
CBD-02,city_core,2026-05-30 02:00:00,47,46,1,46,4.11,1.0
CBD-02,city_core,2026-05-30 03:00:00,45,44,1,44,3.76,1.08
CBD-02,city_core,2026-05-30 04:00:00,44,43,1,40,3.71,1.04
CBD-02,city_core,2026-05-30 05:00:00,50,49,1,38,2.96,1.01
CBD-02,city_core,2026-05-30 06:00:00,53,52,1,36,3.18,1.01
CBD-02,city_core,2026-05-30 07:00:00,56,55,1,50,4.51,1.01
CBD-02,city_core,2026-05-30 08:00:00,45,44,1,43,4.36,1.08
CBD-02,city_core,2026-05-30 09:00:00,52,51,1,39,2.99,1.04
CBD-02,city_core,2026-05-30 10:00:00,53,52,1,37,5.35,1.0
CBD-02,city_core,2026-05-30 11:00:00,61,60,1,54,3.24,1.0
CBD-02,city_core,2026-05-30 12:00:00,61,60,1,52,2.57,1.03
CBD-02,city_core,2026-05-30 13:00:00,41,40,1,33,3.62,1.08
CBD-02,city_core,2026-05-30 14:00:00,45,44,1,39,4.22,1.0
CBD-02,city_core,2026-05-30 15:00:00,50,49,1,37,4.41,1.13
CBD-02,city_core,2026-05-30 16:00:00,49,48,1,47,3.23,1.07
CBD-02,city_core,2026-05-30 17:00:00,66,65,1,49,3.88,1.03
CBD-02,city_core,2026-05-30 18:00:00,76,74,2,77,2.98,1.0
CBD-02,city_core,2026-05-30 19:00:00,77,75,2,76,4.57,1.01
CBD-02,city_core,2026-05-30 20:00:00,81,79,2,80,3.51,1.0
CBD-02,city_core,2026-05-30 21:00:00,110,108,2,86,5.26,1.1
CBD-02,city_core,2026-05-30 22:00:00,74,72,2,84,4.75,1.0
CBD-02,city_core,2026-05-30 23:00:00,63,62,1,63,3.89,1.04
CBD-02,city_core,2026-05-31 00:00:00,44,43,1,36,3.94,1.03
CBD-02,city_core,2026-05-31 01:00:00,44,43,1,41,3.29,1.0
CBD-02,city_core,2026-05-31 02:00:00,49,45,4,28,2.86,1.06
CBD-02,city_core,2026-05-31 03:00:00,33,32,1,29,3.17,1.05
CBD-02,city_core,2026-05-31 04:00:00,43,42,1,32,2.73,1.05
CBD-02,city_core,2026-05-31 05:00:00,37,36,1,36,3.78,1.05
CBD-02,city_core,2026-05-31 06:00:00,37,36,1,41,3.73,1.13
CBD-02,city_core,2026-05-31 07:00:00,46,45,1,27,3.32,1.07
CBD-02,city_core,2026-05-31 08:00:00,41,40,1,28,2.71,1.06
CBD-02,city_core,2026-05-31 09:00:00,35,34,1,37,3.54,1.0
CBD-02,city_core,2026-05-31 10:00:00,39,38,1,37,2.56,1.03
CBD-02,city_core,2026-05-31 11:00:00,41,40,1,32,3.73,1.09
CBD-02,city_core,2026-05-31 12:00:00,32,31,1,37,3.35,1.05
CBD-02,city_core,2026-05-31 13:00:00,52,51,1,31,3.12,1.0
CBD-02,city_core,2026-05-31 14:00:00,49,48,1,38,4.34,1.02
CBD-02,city_core,2026-05-31 15:00:00,50,49,1,44,3.62,1.0
CBD-02,city_core,2026-05-31 16:00:00,53,52,1,49,3.91,1.05
CBD-02,city_core,2026-05-31 17:00:00,49,48,1,46,2.91,1.03
CBD-02,city_core,2026-05-31 18:00:00,66,65,1,58,2.71,1.05
CBD-02,city_core,2026-05-31 19:00:00,56,55,1,53,3.59,1.03
CBD-02,city_core,2026-05-31 20:00:00,79,77,2,64,3.25,1.07
CBD-02,city_core,2026-05-31 21:00:00,68,66,2,68,2.3,1.09
CBD-02,city_core,2026-05-31 22:00:00,64,63,1,73,3.34,1.0
CBD-02,city_core,2026-05-31 23:00:00,59,58,1,59,3.15,1.02
CBD-02,city_core,2026-06-01 00:00:00,45,44,1,31,3.94,1.0
CBD-02,city_core,2026-06-01 01:00:00,49,48,1,38,4.12,1.06
CBD-02,city_core,2026-06-01 02:00:00,28,27,1,36,3.41,1.01
CBD-02,city_core,2026-06-01 03:00:00,40,39,1,38,2.0,1.0
CBD-02,city_core,2026-06-01 04:00:00,40,39,1,26,3.22,1.0
CBD-02,city_core,2026-06-01 05:00:00,40,39,1,50,3.56,1.06
CBD-02,city_core,2026-06-01 06:00:00,41,40,1,30,2.64,1.0
CBD-02,city_core,2026-06-01 07:00:00,43,42,1,42,3.79,1.03
CBD-02,city_core,2026-06-01 08:00:00,46,45,1,43,3.43,1.07
CBD-02,city_core,2026-06-01 09:00:00,44,43,1,27,3.07,1.0
CBD-02,city_core,2026-06-01 10:00:00,31,30,1,31,4.98,1.1
CBD-02,city_core,2026-06-01 11:00:00,42,41,1,28,3.4,1.02
CBD-02,city_core,2026-06-01 12:00:00,40,39,1,44,3.27,1.0
CBD-02,city_core,2026-06-01 13:00:00,46,45,1,34,4.55,1.04
CBD-02,city_core,2026-06-01 14:00:00,45,44,1,48,4.47,1.11
CBD-02,city_core,2026-06-01 15:00:00,49,48,1,35,3.75,1.01
CBD-02,city_core,2026-06-01 16:00:00,46,45,1,45,3.16,1.0
CBD-02,city_core,2026-06-01 17:00:00,55,54,1,54,3.3,1.0
CBD-02,city_core,2026-06-01 18:00:00,71,69,2,65,3.9,1.05
CBD-02,city_core,2026-06-01 19:00:00,76,74,2,71,3.96,1.0
CBD-02,city_core,2026-06-01 20:00:00,83,81,2,82,4.14,1.05
CBD-02,city_core,2026-06-01 21:00:00,75,73,2,68,3.07,1.08
CBD-02,city_core,2026-06-01 22:00:00,76,74,2,54,3.98,1.09
CBD-02,city_core,2026-06-01 23:00:00,66,65,1,57,3.86,1.0
CBD-02,city_core,2026-06-02 00:00:00,50,49,1,31,2.89,1.02
CBD-02,city_core,2026-06-02 01:00:00,39,38,1,27,3.78,1.03
CBD-02,city_core,2026-06-02 02:00:00,45,40,5,25,3.98,1.11
CBD-02,city_core,2026-06-02 03:00:00,56,55,1,34,3.96,1.05
CBD-02,city_core,2026-06-02 04:00:00,41,40,1,38,4.1,1.05
CBD-02,city_core,2026-06-02 05:00:00,40,39,1,44,3.11,1.0
CBD-02,city_core,2026-06-02 06:00:00,45,44,1,36,2.57,1.0
CBD-02,city_core,2026-06-02 07:00:00,44,43,1,35,3.32,1.04
CBD-02,city_core,2026-06-02 08:00:00,33,32,1,40,3.73,1.06
CBD-02,city_core,2026-06-02 09:00:00,44,43,1,42,3.2,1.0
CBD-02,city_core,2026-06-02 10:00:00,40,39,1,43,2.56,1.0
CBD-02,city_core,2026-06-02 11:00:00,35,34,1,39,2.42,1.0
CBD-02,city_core,2026-06-02 12:00:00,38,37,1,32,3.38,1.06
CBD-02,city_core,2026-06-02 13:00:00,33,32,1,45,3.85,1.0
CBD-02,city_core,2026-06-02 14:00:00,35,34,1,42,3.96,1.01
CBD-02,city_core,2026-06-02 15:00:00,39,38,1,32,4.96,1.08
CBD-02,city_core,2026-06-02 16:00:00,43,42,1,50,3.37,1.05
CBD-02,city_core,2026-06-02 17:00:00,75,73,2,54,3.39,1.02
CBD-02,city_core,2026-06-02 18:00:00,72,70,2,54,2.9,1.13
CBD-02,city_core,2026-06-02 19:00:00,87,85,2,61,3.37,1.03
CBD-02,city_core,2026-06-02 20:00:00,74,72,2,57,3.89,1.04
CBD-02,city_core,2026-06-02 21:00:00,79,77,2,66,3.72,1.15
CBD-02,city_core,2026-06-02 22:00:00,58,57,1,53,3.74,1.0
CBD-02,city_core,2026-06-02 23:00:00,77,61,16,40,6.11,1.38
CBD-02,city_core,2026-06-03 00:00:00,44,43,1,32,3.63,1.0
CBD-02,city_core,2026-06-03 01:00:00,45,44,1,28,4.29,1.09
CBD-02,city_core,2026-06-03 02:00:00,44,43,1,28,3.03,1.0
CBD-02,city_core,2026-06-03 03:00:00,41,40,1,32,3.02,1.0
CBD-02,city_core,2026-06-03 04:00:00,44,43,1,40,3.51,1.16
CBD-02,city_core,2026-06-03 05:00:00,39,38,1,32,2.38,1.0
CBD-02,city_core,2026-06-03 06:00:00,39,38,1,42,4.49,1.0
CBD-02,city_core,2026-06-03 07:00:00,48,47,1,45,2.6,1.0
CBD-02,city_core,2026-06-03 08:00:00,34,33,1,34,4.95,1.0
CBD-02,city_core,2026-06-03 09:00:00,30,29,1,43,4.6,1.0
CBD-02,city_core,2026-06-03 10:00:00,40,39,1,33,3.39,1.03
CBD-02,city_core,2026-06-03 11:00:00,45,44,1,45,3.69,1.04
CBD-02,city_core,2026-06-03 12:00:00,38,37,1,35,4.2,1.0
CBD-02,city_core,2026-06-03 13:00:00,54,53,1,38,3.24,1.05
CBD-02,city_core,2026-06-03 14:00:00,39,38,1,50,3.16,1.06
CBD-02,city_core,2026-06-03 15:00:00,38,37,1,44,3.94,1.04
CBD-02,city_core,2026-06-03 16:00:00,51,50,1,46,3.33,1.1
CBD-02,city_core,2026-06-03 17:00:00,62,61,1,43,4.48,1.0
CBD-02,city_core,2026-06-03 18:00:00,69,67,2,56,3.43,1.1
CBD-02,city_core,2026-06-03 19:00:00,73,71,2,42,4.52,1.0
CBD-02,city_core,2026-06-03 20:00:00,98,96,2,77,3.92,1.01
CBD-02,city_core,2026-06-03 21:00:00,70,68,2,75,3.95,1.01
CBD-02,city_core,2026-06-03 22:00:00,82,80,2,56,4.63,1.0
CBD-02,city_core,2026-06-03 23:00:00,57,56,1,46,2.94,1.06
CBD-02,city_core,2026-06-04 00:00:00,49,48,1,42,2.56,1.05
CBD-02,city_core,2026-06-04 01:00:00,43,42,1,35,2.06,1.03
CBD-02,city_core,2026-06-04 02:00:00,39,38,1,36,3.13,1.07
CBD-02,city_core,2026-06-04 03:00:00,43,42,1,31,5.05,1.02
CBD-02,city_core,2026-06-04 04:00:00,41,40,1,30,2.0,1.07
CBD-02,city_core,2026-06-04 05:00:00,51,50,1,35,4.0,1.1
CBD-02,city_core,2026-06-04 06:00:00,49,48,1,36,2.0,1.0
CBD-02,city_core,2026-06-04 07:00:00,53,52,1,31,2.51,1.0
CBD-02,city_core,2026-06-04 08:00:00,42,41,1,37,3.44,1.0
CBD-02,city_core,2026-06-04 09:00:00,56,55,1,35,2.19,1.04
CBD-02,city_core,2026-06-04 10:00:00,54,53,1,33,4.74,1.13
CBD-02,city_core,2026-06-04 11:00:00,37,36,1,30,2.67,1.0
CBD-02,city_core,2026-06-04 12:00:00,40,39,1,39,4.39,1.12
CBD-02,city_core,2026-06-04 13:00:00,44,43,1,33,2.8,1.03
CBD-02,city_core,2026-06-04 14:00:00,49,48,1,38,3.43,1.07
CBD-02,city_core,2026-06-04 15:00:00,53,52,1,34,4.4,1.1
CBD-02,city_core,2026-06-04 16:00:00,42,41,1,44,3.14,1.08
CBD-02,city_core,2026-06-04 17:00:00,56,55,1,58,4.76,1.04
CBD-02,city_core,2026-06-04 18:00:00,66,65,1,55,4.48,1.02
CBD-02,city_core,2026-06-04 19:00:00,96,94,2,55,4.43,1.03
CBD-02,city_core,2026-06-04 20:00:00,97,95,2,64,2.98,1.0
CBD-02,city_core,2026-06-04 21:00:00,80,78,2,69,2.91,1.06
CBD-02,city_core,2026-06-04 22:00:00,70,68,2,58,2.86,1.02
CBD-02,city_core,2026-06-04 23:00:00,62,61,1,46,4.05,1.04
CBD-02,city_core,2026-06-05 00:00:00,43,42,1,40,4.5,1.0
CBD-02,city_core,2026-06-05 01:00:00,48,47,1,41,3.28,1.08
CBD-02,city_core,2026-06-05 02:00:00,45,44,1,41,4.53,1.05
CBD-02,city_core,2026-06-05 03:00:00,49,48,1,35,3.33,1.05
CBD-02,city_core,2026-06-05 04:00:00,47,46,1,49,2.31,1.1
CBD-02,city_core,2026-06-05 05:00:00,49,48,1,44,3.25,1.12
CBD-02,city_core,2026-06-05 06:00:00,31,30,1,38,3.39,1.0
CBD-02,city_core,2026-06-05 07:00:00,51,50,1,47,4.18,1.0
CBD-02,city_core,2026-06-05 08:00:00,56,55,1,43,2.52,1.01
CBD-02,city_core,2026-06-05 09:00:00,40,39,1,44,3.71,1.03
CBD-02,city_core,2026-06-05 10:00:00,42,41,1,43,4.74,1.0
CBD-02,city_core,2026-06-05 11:00:00,57,56,1,33,3.46,1.0
CBD-02,city_core,2026-06-05 12:00:00,58,57,1,47,2.85,1.08
CBD-02,city_core,2026-06-05 13:00:00,45,44,1,33,3.03,1.03
CBD-02,city_core,2026-06-05 14:00:00,51,48,3,31,4.21,1.01
CBD-02,city_core,2026-06-05 15:00:00,70,68,2,42,4.8,1.0
CBD-02,city_core,2026-06-05 16:00:00,62,61,1,58,4.71,1.04
CBD-02,city_core,2026-06-05 17:00:00,82,80,2,51,3.95,1.01
CBD-02,city_core,2026-06-05 18:00:00,72,70,2,66,4.7,1.06
CBD-02,city_core,2026-06-05 19:00:00,80,78,2,72,3.99,1.0
CBD-02,city_core,2026-06-05 20:00:00,103,101,2,91,3.56,1.07
CBD-02,city_core,2026-06-05 21:00:00,97,95,2,83,5.03,1.0
CBD-02,city_core,2026-06-05 22:00:00,83,81,2,65,3.9,1.0
CBD-02,city_core,2026-06-05 23:00:00,68,66,2,55,3.33,1.09
CBD-02,city_core,2026-06-06 00:00:00,51,50,1,38,4.02,1.0
CBD-02,city_core,2026-06-06 01:00:00,43,42,1,34,5.03,1.01
CBD-02,city_core,2026-06-06 02:00:00,47,46,1,38,2.73,1.08
CBD-02,city_core,2026-06-06 03:00:00,39,38,1,44,2.67,1.07
CBD-02,city_core,2026-06-06 04:00:00,46,45,1,47,3.06,1.0
CBD-02,city_core,2026-06-06 05:00:00,49,48,1,41,4.63,1.01
CBD-02,city_core,2026-06-06 06:00:00,64,63,1,42,2.84,1.13
CBD-02,city_core,2026-06-06 07:00:00,46,45,1,46,3.57,1.0
CBD-02,city_core,2026-06-06 08:00:00,46,45,1,45,2.73,1.0
CBD-02,city_core,2026-06-06 09:00:00,34,33,1,42,3.97,1.01
CBD-02,city_core,2026-06-06 10:00:00,40,39,1,43,2.22,1.0
CBD-02,city_core,2026-06-06 11:00:00,37,36,1,44,5.41,1.01
CBD-02,city_core,2026-06-06 12:00:00,49,48,1,44,5.82,1.03
CBD-02,city_core,2026-06-06 13:00:00,51,50,1,41,4.11,1.08
CBD-02,city_core,2026-06-06 14:00:00,52,51,1,40,3.09,1.15
CBD-02,city_core,2026-06-06 15:00:00,55,54,1,42,2.57,1.05
CBD-02,city_core,2026-06-06 16:00:00,57,56,1,45,2.58,1.0
CBD-02,city_core,2026-06-06 17:00:00,70,68,2,59,4.88,1.0
CBD-02,city_core,2026-06-06 18:00:00,83,81,2,76,3.98,1.0
CBD-02,city_core,2026-06-06 19:00:00,82,80,2,86,2.47,1.04
CBD-02,city_core,2026-06-06 20:00:00,105,103,2,79,3.37,1.0
CBD-02,city_core,2026-06-06 21:00:00,97,95,2,91,4.1,1.06
CBD-02,city_core,2026-06-06 22:00:00,80,78,2,59,4.04,1.0
CBD-02,city_core,2026-06-06 23:00:00,76,74,2,67,2.71,1.0
CBD-02,city_core,2026-06-07 00:00:00,45,44,1,33,2.92,1.06
CBD-02,city_core,2026-06-07 01:00:00,46,45,1,37,3.14,1.0
CBD-02,city_core,2026-06-07 02:00:00,37,36,1,29,3.35,1.0
CBD-02,city_core,2026-06-07 03:00:00,56,32,24,20,6.52,1.62
CBD-02,city_core,2026-06-07 04:00:00,30,29,1,46,2.78,1.0
CBD-02,city_core,2026-06-07 05:00:00,40,39,1,32,2.98,1.0
CBD-02,city_core,2026-06-07 06:00:00,37,36,1,38,3.9,1.0
CBD-02,city_core,2026-06-07 07:00:00,50,49,1,32,3.04,1.1
CBD-02,city_core,2026-06-07 08:00:00,28,27,1,22,2.77,1.03
CBD-02,city_core,2026-06-07 09:00:00,50,49,1,43,3.14,1.08
CBD-02,city_core,2026-06-07 10:00:00,46,45,1,37,5.42,1.0
CBD-02,city_core,2026-06-07 11:00:00,45,44,1,37,4.08,1.03
CBD-02,city_core,2026-06-07 12:00:00,40,39,1,31,3.85,1.05
CBD-02,city_core,2026-06-07 13:00:00,41,40,1,35,3.77,1.07
CBD-02,city_core,2026-06-07 14:00:00,31,30,1,37,3.22,1.05
CBD-02,city_core,2026-06-07 15:00:00,59,58,1,42,3.62,1.1
CBD-02,city_core,2026-06-07 16:00:00,47,46,1,50,3.91,1.17
CBD-02,city_core,2026-06-07 17:00:00,61,60,1,53,3.21,1.1
CBD-02,city_core,2026-06-07 18:00:00,60,59,1,48,4.29,1.07
CBD-02,city_core,2026-06-07 19:00:00,71,69,2,62,4.59,1.05
CBD-02,city_core,2026-06-07 20:00:00,82,80,2,73,3.34,1.02
CBD-02,city_core,2026-06-07 21:00:00,79,77,2,71,3.13,1.0
CBD-02,city_core,2026-06-07 22:00:00,74,72,2,66,3.94,1.0
CBD-02,city_core,2026-06-07 23:00:00,55,54,1,58,3.52,1.0
CBD-02,city_core,2026-06-08 00:00:00,46,45,1,40,3.48,1.07
CBD-02,city_core,2026-06-08 01:00:00,47,46,1,37,2.82,1.0
CBD-02,city_core,2026-06-08 02:00:00,39,38,1,31,3.69,1.0
CBD-02,city_core,2026-06-08 03:00:00,39,38,1,39,4.8,1.04
CBD-02,city_core,2026-06-08 04:00:00,36,35,1,35,2.0,1.05
CBD-02,city_core,2026-06-08 05:00:00,36,35,1,37,2.45,1.0
CBD-02,city_core,2026-06-08 06:00:00,50,49,1,36,2.99,1.01
CBD-02,city_core,2026-06-08 07:00:00,40,39,1,32,2.56,1.06
CBD-02,city_core,2026-06-08 08:00:00,44,43,1,31,4.02,1.0
CBD-02,city_core,2026-06-08 09:00:00,47,46,1,41,4.18,1.01
CBD-02,city_core,2026-06-08 10:00:00,49,48,1,36,3.71,1.1
CBD-02,city_core,2026-06-08 11:00:00,45,44,1,42,4.03,1.0
CBD-02,city_core,2026-06-08 12:00:00,45,44,1,33,4.74,1.01
CBD-02,city_core,2026-06-08 13:00:00,45,44,1,26,2.18,1.0
CBD-02,city_core,2026-06-08 14:00:00,50,49,1,48,4.77,1.0
CBD-02,city_core,2026-06-08 15:00:00,51,50,1,47,4.22,1.03
CBD-02,city_core,2026-06-08 16:00:00,60,59,1,42,3.72,1.02
CBD-02,city_core,2026-06-08 17:00:00,56,55,1,49,4.06,1.0
CBD-02,city_core,2026-06-08 18:00:00,79,77,2,50,3.6,1.02
CBD-02,city_core,2026-06-08 19:00:00,94,92,2,66,4.17,1.05
CBD-02,city_core,2026-06-08 20:00:00,83,81,2,64,3.06,1.0
CBD-02,city_core,2026-06-08 21:00:00,59,58,1,54,2.98,1.03
CBD-02,city_core,2026-06-08 22:00:00,63,62,1,69,2.0,1.1
CBD-02,city_core,2026-06-08 23:00:00,54,53,1,50,3.39,1.02
CBD-02,city_core,2026-06-09 00:00:00,52,51,1,33,2.56,1.06
CBD-02,city_core,2026-06-09 01:00:00,36,35,1,38,4.46,1.01
CBD-02,city_core,2026-06-09 02:00:00,40,39,1,41,2.83,1.02
CBD-02,city_core,2026-06-09 03:00:00,43,42,1,38,3.78,1.0
CBD-02,city_core,2026-06-09 04:00:00,40,39,1,43,2.87,1.07
CBD-02,city_core,2026-06-09 05:00:00,48,47,1,40,4.04,1.01
CBD-02,city_core,2026-06-09 06:00:00,47,46,1,37,3.34,1.17
CBD-02,city_core,2026-06-09 07:00:00,48,47,1,33,3.76,1.03
CBD-02,city_core,2026-06-09 08:00:00,44,43,1,37,2.95,1.0
CBD-02,city_core,2026-06-09 09:00:00,54,53,1,50,3.18,1.1
CBD-02,city_core,2026-06-09 10:00:00,51,50,1,42,3.48,1.0
CBD-02,city_core,2026-06-09 11:00:00,46,45,1,32,4.19,1.07
CBD-02,city_core,2026-06-09 12:00:00,47,43,4,20,4.67,1.1
CBD-02,city_core,2026-06-09 13:00:00,34,33,1,44,2.98,1.02
CBD-02,city_core,2026-06-09 14:00:00,43,42,1,42,5.19,1.01
CBD-02,city_core,2026-06-09 15:00:00,45,44,1,42,4.2,1.0
CBD-02,city_core,2026-06-09 16:00:00,56,55,1,37,4.5,1.0
CBD-02,city_core,2026-06-09 17:00:00,72,70,2,52,2.79,1.08
CBD-02,city_core,2026-06-09 18:00:00,67,65,2,60,2.01,1.0
CBD-02,city_core,2026-06-09 19:00:00,85,83,2,73,4.0,1.0
CBD-02,city_core,2026-06-09 20:00:00,78,76,2,65,3.15,1.0
CBD-02,city_core,2026-06-09 21:00:00,69,67,2,61,3.26,1.02
CBD-02,city_core,2026-06-09 22:00:00,78,76,2,53,3.5,1.06
CBD-02,city_core,2026-06-09 23:00:00,65,64,1,65,2.24,1.0
CBD-02,city_core,2026-06-10 00:00:00,36,35,1,44,3.12,1.13
CBD-02,city_core,2026-06-10 01:00:00,38,37,1,24,3.97,1.0
CBD-02,city_core,2026-06-10 02:00:00,27,26,1,34,3.73,1.02
CBD-02,city_core,2026-06-10 03:00:00,37,36,1,40,3.24,1.13
CBD-02,city_core,2026-06-10 04:00:00,43,42,1,55,2.71,1.0
CBD-02,city_core,2026-06-10 05:00:00,33,32,1,38,4.25,1.0
CBD-02,city_core,2026-06-10 06:00:00,41,40,1,28,3.21,1.0
CBD-02,city_core,2026-06-10 07:00:00,36,35,1,27,4.38,1.01
CBD-02,city_core,2026-06-10 08:00:00,40,39,1,36,3.04,1.14
CBD-02,city_core,2026-06-10 09:00:00,47,46,1,54,2.97,1.01
CBD-02,city_core,2026-06-10 10:00:00,40,39,1,34,5.56,1.05
CBD-02,city_core,2026-06-10 11:00:00,35,34,1,36,3.11,1.0
CBD-02,city_core,2026-06-10 12:00:00,35,34,1,26,3.37,1.0
CBD-02,city_core,2026-06-10 13:00:00,36,35,1,31,4.08,1.0
CBD-02,city_core,2026-06-10 14:00:00,34,33,1,40,3.47,1.07
CBD-02,city_core,2026-06-10 15:00:00,45,44,1,52,4.32,1.06
CBD-02,city_core,2026-06-10 16:00:00,41,40,1,42,2.84,1.07
CBD-02,city_core,2026-06-10 17:00:00,62,61,1,62,4.75,1.0
CBD-02,city_core,2026-06-10 18:00:00,65,64,1,56,3.16,1.06
CBD-02,city_core,2026-06-10 19:00:00,79,77,2,71,4.29,1.0
CBD-02,city_core,2026-06-10 20:00:00,101,97,4,60,3.4,1.0
CBD-02,city_core,2026-06-10 21:00:00,75,73,2,53,3.48,1.05
CBD-02,city_core,2026-06-10 22:00:00,60,59,1,56,3.21,1.04
CBD-02,city_core,2026-06-10 23:00:00,63,62,1,47,3.82,1.0
CBD-02,city_core,2026-06-11 00:00:00,34,33,1,24,2.59,1.0
CBD-02,city_core,2026-06-11 01:00:00,36,35,1,31,2.9,1.06
CBD-02,city_core,2026-06-11 02:00:00,43,42,1,31,3.17,1.0
CBD-02,city_core,2026-06-11 03:00:00,44,43,1,41,4.33,1.0
CBD-02,city_core,2026-06-11 04:00:00,49,42,7,25,4.23,1.1
CBD-02,city_core,2026-06-11 05:00:00,31,30,1,41,3.68,1.04
CBD-02,city_core,2026-06-11 06:00:00,39,38,1,41,2.82,1.0
CBD-02,city_core,2026-06-11 07:00:00,35,34,1,30,4.86,1.04
CBD-02,city_core,2026-06-11 08:00:00,35,34,1,27,4.96,1.01
CBD-02,city_core,2026-06-11 09:00:00,35,34,1,34,4.55,1.03
CBD-02,city_core,2026-06-11 10:00:00,38,37,1,38,3.54,1.04
CBD-02,city_core,2026-06-11 11:00:00,37,36,1,30,3.12,1.11
CBD-02,city_core,2026-06-11 12:00:00,36,35,1,39,3.45,1.03
CBD-02,city_core,2026-06-11 13:00:00,45,44,1,43,4.01,1.03
CBD-02,city_core,2026-06-11 14:00:00,31,30,1,37,3.73,1.09
CBD-02,city_core,2026-06-11 15:00:00,44,43,1,52,2.96,1.04
CBD-02,city_core,2026-06-11 16:00:00,66,65,1,46,4.9,1.0
CBD-02,city_core,2026-06-11 17:00:00,58,57,1,46,4.34,1.0
CBD-02,city_core,2026-06-11 18:00:00,59,58,1,60,3.55,1.13
CBD-02,city_core,2026-06-11 19:00:00,77,75,2,68,2.69,1.03
CBD-02,city_core,2026-06-11 20:00:00,81,79,2,64,2.9,1.0
CBD-02,city_core,2026-06-11 21:00:00,76,74,2,59,4.15,1.15
CBD-02,city_core,2026-06-11 22:00:00,60,59,1,50,3.9,1.0
CBD-02,city_core,2026-06-11 23:00:00,49,48,1,54,4.17,1.05
CBD-02,city_core,2026-06-12 00:00:00,48,47,1,40,4.28,1.09
CBD-02,city_core,2026-06-12 01:00:00,49,48,1,35,3.19,1.07
CBD-02,city_core,2026-06-12 02:00:00,50,49,1,41,2.0,1.09
CBD-02,city_core,2026-06-12 03:00:00,34,33,1,42,4.67,1.0
CBD-02,city_core,2026-06-12 04:00:00,36,35,1,52,3.66,1.05
CBD-02,city_core,2026-06-12 05:00:00,55,54,1,49,4.0,1.03
CBD-02,city_core,2026-06-12 06:00:00,38,37,1,35,2.92,1.03
CBD-02,city_core,2026-06-12 07:00:00,63,62,1,42,3.61,1.02
CBD-02,city_core,2026-06-12 08:00:00,57,56,1,39,3.21,1.0
CBD-02,city_core,2026-06-12 09:00:00,41,40,1,29,5.12,1.08
CBD-02,city_core,2026-06-12 10:00:00,48,47,1,44,3.67,1.0
CBD-02,city_core,2026-06-12 11:00:00,31,30,1,34,4.66,1.04
CBD-02,city_core,2026-06-12 12:00:00,41,40,1,41,3.86,1.06
CBD-02,city_core,2026-06-12 13:00:00,57,56,1,43,3.6,1.02
CBD-02,city_core,2026-06-12 14:00:00,47,46,1,44,4.24,1.0
CBD-02,city_core,2026-06-12 15:00:00,54,53,1,58,3.51,1.0
CBD-02,city_core,2026-06-12 16:00:00,60,59,1,39,3.69,1.08
CBD-02,city_core,2026-06-12 17:00:00,59,58,1,48,3.65,1.0
CBD-02,city_core,2026-06-12 18:00:00,68,66,2,71,4.6,1.09
CBD-02,city_core,2026-06-12 19:00:00,88,86,2,69,2.0,1.1
CBD-02,city_core,2026-06-12 20:00:00,75,73,2,74,4.43,1.16
CBD-02,city_core,2026-06-12 21:00:00,84,82,2,97,3.73,1.04
CBD-02,city_core,2026-06-12 22:00:00,88,86,2,82,3.64,1.13
CBD-02,city_core,2026-06-12 23:00:00,58,57,1,46,3.54,1.0
CBD-02,city_core,2026-06-13 00:00:00,43,42,1,52,3.41,1.04
CBD-02,city_core,2026-06-13 01:00:00,50,49,1,44,5.31,1.05
CBD-02,city_core,2026-06-13 02:00:00,61,60,1,35,4.18,1.0
CBD-02,city_core,2026-06-13 03:00:00,57,56,1,40,3.86,1.0
CBD-02,city_core,2026-06-13 04:00:00,49,48,1,35,4.88,1.0
CBD-02,city_core,2026-06-13 05:00:00,55,54,1,38,4.01,1.09
CBD-02,city_core,2026-06-13 06:00:00,35,34,1,40,4.82,1.04
CBD-02,city_core,2026-06-13 07:00:00,52,51,1,46,4.64,1.0
CBD-02,city_core,2026-06-13 08:00:00,51,50,1,48,2.88,1.0
CBD-02,city_core,2026-06-13 09:00:00,50,49,1,44,2.98,1.0
CBD-02,city_core,2026-06-13 10:00:00,53,52,1,41,2.41,1.0
CBD-02,city_core,2026-06-13 11:00:00,57,56,1,34,4.67,1.06
CBD-02,city_core,2026-06-13 12:00:00,51,50,1,37,3.64,1.0
CBD-02,city_core,2026-06-13 13:00:00,47,46,1,45,3.64,1.09
CBD-02,city_core,2026-06-13 14:00:00,56,55,1,49,4.37,1.01
CBD-02,city_core,2026-06-13 15:00:00,48,47,1,52,5.18,1.0
CBD-02,city_core,2026-06-13 16:00:00,53,52,1,51,4.12,1.0
CBD-02,city_core,2026-06-13 17:00:00,68,66,2,63,2.72,1.0
CBD-02,city_core,2026-06-13 18:00:00,68,66,2,65,2.93,1.0
CBD-02,city_core,2026-06-13 19:00:00,90,88,2,76,3.53,1.0
CBD-02,city_core,2026-06-13 20:00:00,102,100,2,79,3.39,1.0
CBD-02,city_core,2026-06-13 21:00:00,80,78,2,94,4.74,1.03
CBD-02,city_core,2026-06-13 22:00:00,84,82,2,67,3.62,1.01
CBD-02,city_core,2026-06-13 23:00:00,68,66,2,50,2.61,1.0
CBD-02,city_core,2026-06-14 00:00:00,36,35,1,37,4.9,1.14
CBD-02,city_core,2026-06-14 01:00:00,43,42,1,42,4.52,1.0
CBD-02,city_core,2026-06-14 02:00:00,35,34,1,27,3.38,1.0
CBD-02,city_core,2026-06-14 03:00:00,40,39,1,20,2.99,1.0
CBD-02,city_core,2026-06-14 04:00:00,38,37,1,39,4.36,1.02
CBD-02,city_core,2026-06-14 05:00:00,40,39,1,26,3.43,1.0
CBD-02,city_core,2026-06-14 06:00:00,41,40,1,35,2.66,1.0
CBD-02,city_core,2026-06-14 07:00:00,40,39,1,41,3.39,1.01
CBD-02,city_core,2026-06-14 08:00:00,37,36,1,33,3.6,1.0
CBD-02,city_core,2026-06-14 09:00:00,38,35,3,20,3.9,1.07
CBD-02,city_core,2026-06-14 10:00:00,48,47,1,36,3.38,1.09
CBD-02,city_core,2026-06-14 11:00:00,41,40,1,35,2.96,1.05
CBD-02,city_core,2026-06-14 12:00:00,42,41,1,36,4.11,1.0
CBD-02,city_core,2026-06-14 13:00:00,36,35,1,33,3.25,1.09
CBD-02,city_core,2026-06-14 14:00:00,45,44,1,37,3.48,1.04
CBD-02,city_core,2026-06-14 15:00:00,49,48,1,46,4.66,1.13
CBD-02,city_core,2026-06-14 16:00:00,58,57,1,42,3.31,1.01
CBD-02,city_core,2026-06-14 17:00:00,48,47,1,57,4.87,1.0
CBD-02,city_core,2026-06-14 18:00:00,71,69,2,59,3.36,1.09
CBD-02,city_core,2026-06-14 19:00:00,77,75,2,68,2.05,1.0
CBD-02,city_core,2026-06-14 20:00:00,80,78,2,70,3.57,1.0
CBD-02,city_core,2026-06-14 21:00:00,91,89,2,62,4.3,1.01
CBD-02,city_core,2026-06-14 22:00:00,86,81,5,51,3.96,1.13
CBD-02,city_core,2026-06-14 23:00:00,59,58,1,51,3.89,1.11
CBD-02,city_core,2026-06-15 00:00:00,45,44,1,27,3.67,1.0
CBD-02,city_core,2026-06-15 01:00:00,35,34,1,42,2.78,1.05
CBD-02,city_core,2026-06-15 02:00:00,30,29,1,38,2.83,1.0
CBD-02,city_core,2026-06-15 03:00:00,51,49,2,30,3.72,1.0
CBD-02,city_core,2026-06-15 04:00:00,57,56,1,36,2.5,1.0
CBD-02,city_core,2026-06-15 05:00:00,42,41,1,33,4.09,1.0
CBD-02,city_core,2026-06-15 06:00:00,30,29,1,33,4.24,1.0
CBD-02,city_core,2026-06-15 07:00:00,45,44,1,41,3.24,1.0
CBD-02,city_core,2026-06-15 08:00:00,38,37,1,47,4.41,1.02
CBD-02,city_core,2026-06-15 09:00:00,37,36,1,40,2.21,1.0
CBD-02,city_core,2026-06-15 10:00:00,35,34,1,36,4.6,1.06
CBD-02,city_core,2026-06-15 11:00:00,56,55,1,33,3.15,1.0
CBD-02,city_core,2026-06-15 12:00:00,55,54,1,31,3.31,1.16
CBD-02,city_core,2026-06-15 13:00:00,34,33,1,39,5.34,1.01
CBD-02,city_core,2026-06-15 14:00:00,48,47,1,40,5.04,1.05
CBD-02,city_core,2026-06-15 15:00:00,53,52,1,37,4.22,1.02
CBD-02,city_core,2026-06-15 16:00:00,58,57,1,51,3.43,1.07
CBD-02,city_core,2026-06-15 17:00:00,58,57,1,50,3.47,1.06
CBD-02,city_core,2026-06-15 18:00:00,79,77,2,77,4.06,1.03
CBD-02,city_core,2026-06-15 19:00:00,68,66,2,76,2.81,1.0
CBD-02,city_core,2026-06-15 20:00:00,72,70,2,57,4.22,1.0
CBD-02,city_core,2026-06-15 21:00:00,76,74,2,69,4.43,1.0
CBD-02,city_core,2026-06-15 22:00:00,84,82,2,65,2.64,1.06
CBD-02,city_core,2026-06-15 23:00:00,60,59,1,57,2.96,1.05
CBD-02,city_core,2026-06-16 00:00:00,39,38,1,38,4.06,1.01
CBD-02,city_core,2026-06-16 01:00:00,46,45,1,33,3.27,1.03
CBD-02,city_core,2026-06-16 02:00:00,45,44,1,32,3.42,1.04
CBD-02,city_core,2026-06-16 03:00:00,39,38,1,41,2.09,1.0
CBD-02,city_core,2026-06-16 04:00:00,37,36,1,30,4.7,1.0
CBD-02,city_core,2026-06-16 05:00:00,55,54,1,33,2.93,1.13
CBD-02,city_core,2026-06-16 06:00:00,51,43,8,28,4.38,1.25
CBD-02,city_core,2026-06-16 07:00:00,43,42,1,29,4.4,1.06
CBD-02,city_core,2026-06-16 08:00:00,45,44,1,32,3.28,1.09
CBD-02,city_core,2026-06-16 09:00:00,44,43,1,33,3.59,1.04
CBD-02,city_core,2026-06-16 10:00:00,44,43,1,43,2.85,1.1
CBD-02,city_core,2026-06-16 11:00:00,48,47,1,42,2.81,1.01
CBD-02,city_core,2026-06-16 12:00:00,38,37,1,28,3.63,1.0
CBD-02,city_core,2026-06-16 13:00:00,31,30,1,30,4.78,1.02
CBD-02,city_core,2026-06-16 14:00:00,38,37,1,38,2.76,1.05
CBD-02,city_core,2026-06-16 15:00:00,44,43,1,31,3.86,1.07
CBD-02,city_core,2026-06-16 16:00:00,56,55,1,40,5.59,1.0
CBD-02,city_core,2026-06-16 17:00:00,60,59,1,50,4.06,1.1
CBD-02,city_core,2026-06-16 18:00:00,60,59,1,54,4.43,1.06
CBD-02,city_core,2026-06-16 19:00:00,63,62,1,62,3.76,1.05
CBD-02,city_core,2026-06-16 20:00:00,80,78,2,68,4.26,1.0
CBD-02,city_core,2026-06-16 21:00:00,90,88,2,76,4.03,1.01
CBD-02,city_core,2026-06-16 22:00:00,70,68,2,61,4.92,1.0
CBD-02,city_core,2026-06-16 23:00:00,50,49,1,55,2.47,1.0
CBD-02,city_core,2026-06-17 00:00:00,30,29,1,44,3.22,1.07
CBD-02,city_core,2026-06-17 01:00:00,57,55,2,33,3.31,1.03
CBD-02,city_core,2026-06-17 02:00:00,44,43,1,48,2.5,1.02
CBD-02,city_core,2026-06-17 03:00:00,36,35,1,31,2.97,1.0
CBD-02,city_core,2026-06-17 04:00:00,42,41,1,30,3.56,1.07
CBD-02,city_core,2026-06-17 05:00:00,41,40,1,39,2.78,1.0
CBD-02,city_core,2026-06-17 06:00:00,38,37,1,30,3.7,1.02
CBD-02,city_core,2026-06-17 07:00:00,36,35,1,27,5.54,1.12
CBD-02,city_core,2026-06-17 08:00:00,35,34,1,30,3.98,1.02
CBD-02,city_core,2026-06-17 09:00:00,32,31,1,29,3.42,1.12
CBD-02,city_core,2026-06-17 10:00:00,48,47,1,31,3.43,1.02
CBD-02,city_core,2026-06-17 11:00:00,37,36,1,39,4.03,1.16
CBD-02,city_core,2026-06-17 12:00:00,49,48,1,34,4.82,1.11
CBD-02,city_core,2026-06-17 13:00:00,43,42,1,48,5.45,1.0
CBD-02,city_core,2026-06-17 14:00:00,59,58,1,41,3.9,1.0
CBD-02,city_core,2026-06-17 15:00:00,48,47,1,43,3.71,1.16
CBD-02,city_core,2026-06-17 16:00:00,60,59,1,39,4.49,1.15
CBD-02,city_core,2026-06-17 17:00:00,58,57,1,49,3.59,1.0
CBD-02,city_core,2026-06-17 18:00:00,64,63,1,62,4.57,1.05
CBD-02,city_core,2026-06-17 19:00:00,65,64,1,78,3.1,1.0
CBD-02,city_core,2026-06-17 20:00:00,85,83,2,57,5.28,1.0
CBD-02,city_core,2026-06-17 21:00:00,67,65,2,75,4.99,1.0
CBD-02,city_core,2026-06-17 22:00:00,73,71,2,62,4.02,1.05
CBD-02,city_core,2026-06-17 23:00:00,60,59,1,53,4.89,1.0
CBD-02,city_core,2026-06-18 00:00:00,38,37,1,36,4.23,1.08
CBD-02,city_core,2026-06-18 01:00:00,41,40,1,36,2.99,1.13
CBD-02,city_core,2026-06-18 02:00:00,28,27,1,39,5.29,1.05
CBD-02,city_core,2026-06-18 03:00:00,42,41,1,41,4.44,1.0
CBD-02,city_core,2026-06-18 04:00:00,42,41,1,31,3.45,1.02
CBD-02,city_core,2026-06-18 05:00:00,37,36,1,38,3.49,1.0
CBD-02,city_core,2026-06-18 06:00:00,49,44,5,26,4.44,1.09
CBD-02,city_core,2026-06-18 07:00:00,37,36,1,33,3.01,1.09
CBD-02,city_core,2026-06-18 08:00:00,46,45,1,38,4.84,1.03
CBD-02,city_core,2026-06-18 09:00:00,40,39,1,42,4.39,1.0
CBD-02,city_core,2026-06-18 10:00:00,43,42,1,33,4.26,1.06
CBD-02,city_core,2026-06-18 11:00:00,50,49,1,43,4.13,1.14
CBD-02,city_core,2026-06-18 12:00:00,48,47,1,32,3.62,1.0
CBD-02,city_core,2026-06-18 13:00:00,36,35,1,37,3.74,1.09
CBD-02,city_core,2026-06-18 14:00:00,30,29,1,38,4.79,1.0
CBD-02,city_core,2026-06-18 15:00:00,34,33,1,38,2.96,1.14
CBD-02,city_core,2026-06-18 16:00:00,51,50,1,45,2.77,1.06
CBD-02,city_core,2026-06-18 17:00:00,55,54,1,42,2.69,1.01
CBD-02,city_core,2026-06-18 18:00:00,77,75,2,67,3.54,1.0
CBD-02,city_core,2026-06-18 19:00:00,65,64,1,55,3.82,1.0
CBD-02,city_core,2026-06-18 20:00:00,83,81,2,60,4.04,1.0
CBD-02,city_core,2026-06-18 21:00:00,74,72,2,57,3.5,1.02
CBD-02,city_core,2026-06-18 22:00:00,57,56,1,65,3.64,1.0
CBD-02,city_core,2026-06-18 23:00:00,76,74,2,63,4.33,1.04
CBD-02,city_core,2026-06-19 00:00:00,48,47,1,41,3.48,1.04
CBD-02,city_core,2026-06-19 01:00:00,44,43,1,47,3.12,1.0
CBD-02,city_core,2026-06-19 02:00:00,56,55,1,49,5.61,1.04
CBD-02,city_core,2026-06-19 03:00:00,54,53,1,52,3.78,1.07
CBD-02,city_core,2026-06-19 04:00:00,45,44,1,42,3.69,1.04
CBD-02,city_core,2026-06-19 05:00:00,37,36,1,46,3.93,1.07
CBD-02,city_core,2026-06-19 06:00:00,45,44,1,38,3.91,1.02
CBD-02,city_core,2026-06-19 07:00:00,58,57,1,42,3.04,1.09
CBD-02,city_core,2026-06-19 08:00:00,42,41,1,36,2.43,1.0
CBD-02,city_core,2026-06-19 09:00:00,44,43,1,38,3.05,1.09
CBD-02,city_core,2026-06-19 10:00:00,46,45,1,36,3.47,1.12
CBD-02,city_core,2026-06-19 11:00:00,46,45,1,40,6.22,1.05
CBD-02,city_core,2026-06-19 12:00:00,50,49,1,55,4.13,1.0
CBD-02,city_core,2026-06-19 13:00:00,39,38,1,38,4.14,1.02
CBD-02,city_core,2026-06-19 14:00:00,47,46,1,36,3.3,1.0
CBD-02,city_core,2026-06-19 15:00:00,58,57,1,59,4.31,1.04
CBD-02,city_core,2026-06-19 16:00:00,71,69,2,44,3.76,1.1
CBD-02,city_core,2026-06-19 17:00:00,74,72,2,60,3.71,1.0
CBD-02,city_core,2026-06-19 18:00:00,80,78,2,55,3.42,1.0
CBD-02,city_core,2026-06-19 19:00:00,85,83,2,77,4.56,1.11
CBD-02,city_core,2026-06-19 20:00:00,95,93,2,81,3.54,1.01
CBD-02,city_core,2026-06-19 21:00:00,85,83,2,74,2.38,1.05
CBD-02,city_core,2026-06-19 22:00:00,80,78,2,77,3.0,1.0
CBD-02,city_core,2026-06-19 23:00:00,90,88,2,56,2.88,1.03
CBD-02,city_core,2026-06-20 00:00:00,49,48,1,33,3.43,1.0
CBD-02,city_core,2026-06-20 01:00:00,50,49,1,50,4.26,1.1
CBD-02,city_core,2026-06-20 02:00:00,62,61,1,55,4.44,1.0
CBD-02,city_core,2026-06-20 03:00:00,60,59,1,47,3.69,1.0
CBD-02,city_core,2026-06-20 04:00:00,47,46,1,39,4.58,1.0
CBD-02,city_core,2026-06-20 05:00:00,50,49,1,46,2.14,1.06
CBD-02,city_core,2026-06-20 06:00:00,49,48,1,39,4.79,1.0
CBD-02,city_core,2026-06-20 07:00:00,48,47,1,42,3.85,1.02
CBD-02,city_core,2026-06-20 08:00:00,39,38,1,37,4.0,1.02
CBD-02,city_core,2026-06-20 09:00:00,55,54,1,41,4.0,1.0
CBD-02,city_core,2026-06-20 10:00:00,44,43,1,27,2.52,1.13
CBD-02,city_core,2026-06-20 11:00:00,49,48,1,50,3.82,1.11
CBD-02,city_core,2026-06-20 12:00:00,40,39,1,53,3.98,1.04
CBD-02,city_core,2026-06-20 13:00:00,47,46,1,31,4.22,1.01
CBD-02,city_core,2026-06-20 14:00:00,46,45,1,55,2.62,1.12
CBD-02,city_core,2026-06-20 15:00:00,53,52,1,50,3.34,1.0
CBD-02,city_core,2026-06-20 16:00:00,55,54,1,42,3.23,1.0
CBD-02,city_core,2026-06-20 17:00:00,75,73,2,65,4.03,1.03
CBD-02,city_core,2026-06-20 18:00:00,68,66,2,81,3.91,1.03
CBD-02,city_core,2026-06-20 19:00:00,96,94,2,71,2.89,1.13
CBD-02,city_core,2026-06-20 20:00:00,76,74,2,85,4.79,1.1
CBD-02,city_core,2026-06-20 21:00:00,82,80,2,69,3.54,1.14
CBD-02,city_core,2026-06-20 22:00:00,78,76,2,63,3.66,1.03
CBD-02,city_core,2026-06-20 23:00:00,81,79,2,59,4.35,1.07
CBD-02,city_core,2026-06-21 00:00:00,46,45,1,36,2.04,1.0
CBD-02,city_core,2026-06-21 01:00:00,41,40,1,38,3.54,1.02
CBD-02,city_core,2026-06-21 02:00:00,43,42,1,43,3.66,1.05
CBD-02,city_core,2026-06-21 03:00:00,35,34,1,28,4.46,1.12
CBD-02,city_core,2026-06-21 04:00:00,42,41,1,23,2.42,1.14
CBD-02,city_core,2026-06-21 05:00:00,35,34,1,50,2.93,1.0
CBD-02,city_core,2026-06-21 06:00:00,42,41,1,42,3.53,1.02
CBD-02,city_core,2026-06-21 07:00:00,51,50,1,36,3.2,1.16
CBD-02,city_core,2026-06-21 08:00:00,51,50,1,40,2.59,1.03
CBD-02,city_core,2026-06-21 09:00:00,50,49,1,38,4.96,1.0
CBD-02,city_core,2026-06-21 10:00:00,49,48,1,37,3.9,1.0
CBD-02,city_core,2026-06-21 11:00:00,31,30,1,39,3.38,1.0
CBD-02,city_core,2026-06-21 12:00:00,39,38,1,31,2.9,1.12
CBD-02,city_core,2026-06-21 13:00:00,40,39,1,46,3.9,1.0
CBD-02,city_core,2026-06-21 14:00:00,34,33,1,33,5.07,1.03
CBD-02,city_core,2026-06-21 15:00:00,74,72,2,44,4.51,1.0
CBD-02,city_core,2026-06-21 16:00:00,38,37,1,42,3.72,1.08
CBD-02,city_core,2026-06-21 17:00:00,53,52,1,55,2.91,1.01
CBD-02,city_core,2026-06-21 18:00:00,64,63,1,54,4.35,1.06
CBD-02,city_core,2026-06-21 19:00:00,81,79,2,63,3.76,1.04
CBD-02,city_core,2026-06-21 20:00:00,85,83,2,56,3.69,1.0
CBD-02,city_core,2026-06-21 21:00:00,94,92,2,66,3.82,1.04
CBD-02,city_core,2026-06-21 22:00:00,65,64,1,65,3.67,1.04
CBD-02,city_core,2026-06-21 23:00:00,75,73,2,53,5.59,1.0
CBD-02,city_core,2026-06-22 00:00:00,37,36,1,41,5.62,1.17
CBD-02,city_core,2026-06-22 01:00:00,36,35,1,29,4.3,1.09
CBD-02,city_core,2026-06-22 02:00:00,40,39,1,34,2.64,1.08
CBD-02,city_core,2026-06-22 03:00:00,47,46,1,39,5.1,1.0
CBD-02,city_core,2026-06-22 04:00:00,53,52,1,37,2.78,1.07
CBD-02,city_core,2026-06-22 05:00:00,32,31,1,39,3.1,1.0
CBD-02,city_core,2026-06-22 06:00:00,50,49,1,28,4.1,1.09
CBD-02,city_core,2026-06-22 07:00:00,63,62,1,37,3.65,1.06
CBD-02,city_core,2026-06-22 08:00:00,48,47,1,43,3.15,1.05
CBD-02,city_core,2026-06-22 09:00:00,41,40,1,29,2.94,1.02
CBD-02,city_core,2026-06-22 10:00:00,55,54,1,40,2.72,1.0
CBD-02,city_core,2026-06-22 11:00:00,45,44,1,39,3.72,1.02
CBD-02,city_core,2026-06-22 12:00:00,47,46,1,47,4.72,1.11
CBD-02,city_core,2026-06-22 13:00:00,39,38,1,32,3.86,1.0
CBD-02,city_core,2026-06-22 14:00:00,44,43,1,37,3.66,1.0
CBD-02,city_core,2026-06-22 15:00:00,42,41,1,32,5.19,1.0
CBD-02,city_core,2026-06-22 16:00:00,56,55,1,41,3.53,1.06
CBD-02,city_core,2026-06-22 17:00:00,60,59,1,58,4.28,1.0
CBD-02,city_core,2026-06-22 18:00:00,79,77,2,69,2.94,1.04
CBD-02,city_core,2026-06-22 19:00:00,78,76,2,73,3.67,1.0
CBD-02,city_core,2026-06-22 20:00:00,83,81,2,61,4.26,1.03
CBD-02,city_core,2026-06-22 21:00:00,77,75,2,74,3.57,1.0
CBD-02,city_core,2026-06-22 22:00:00,63,62,1,63,5.59,1.04
CBD-02,city_core,2026-06-22 23:00:00,62,61,1,39,2.98,1.06
CBD-02,city_core,2026-06-23 00:00:00,47,46,1,43,2.75,1.0
CBD-02,city_core,2026-06-23 01:00:00,43,42,1,35,2.0,1.09
CBD-02,city_core,2026-06-23 02:00:00,40,39,1,39,2.6,1.0
CBD-02,city_core,2026-06-23 03:00:00,41,40,1,36,3.38,1.08
CBD-02,city_core,2026-06-23 04:00:00,38,37,1,27,2.62,1.02
CBD-02,city_core,2026-06-23 05:00:00,45,44,1,44,3.84,1.0
CBD-02,city_core,2026-06-23 06:00:00,46,45,1,44,2.91,1.02
CBD-02,city_core,2026-06-23 07:00:00,40,39,1,32,2.15,1.0
CBD-02,city_core,2026-06-23 08:00:00,49,48,1,34,2.64,1.0
CBD-02,city_core,2026-06-23 09:00:00,54,53,1,34,3.9,1.09
CBD-02,city_core,2026-06-23 10:00:00,42,41,1,32,4.59,1.0
CBD-02,city_core,2026-06-23 11:00:00,45,44,1,26,3.87,1.0
CBD-02,city_core,2026-06-23 12:00:00,36,35,1,30,4.19,1.0
CBD-02,city_core,2026-06-23 13:00:00,44,43,1,45,4.25,1.19
CBD-02,city_core,2026-06-23 14:00:00,39,38,1,37,4.24,1.02
CBD-02,city_core,2026-06-23 15:00:00,34,33,1,47,4.39,1.12
CBD-02,city_core,2026-06-23 16:00:00,53,52,1,42,4.27,1.02
CBD-02,city_core,2026-06-23 17:00:00,53,52,1,46,3.38,1.05
CBD-02,city_core,2026-06-23 18:00:00,82,80,2,50,4.38,1.0
CBD-02,city_core,2026-06-23 19:00:00,101,99,2,63,4.0,1.0
CBD-02,city_core,2026-06-23 20:00:00,72,70,2,72,3.12,1.0
CBD-02,city_core,2026-06-23 21:00:00,86,84,2,63,4.17,1.01
CBD-02,city_core,2026-06-23 22:00:00,68,66,2,75,4.72,1.07
CBD-02,city_core,2026-06-23 23:00:00,48,47,1,52,4.02,1.02
CBD-02,city_core,2026-06-24 00:00:00,45,44,1,32,3.42,1.0
CBD-02,city_core,2026-06-24 01:00:00,69,55,14,27,5.13,1.18
CBD-02,city_core,2026-06-24 02:00:00,41,40,1,37,4.44,1.0
CBD-02,city_core,2026-06-24 03:00:00,52,51,1,37,3.47,1.03
CBD-02,city_core,2026-06-24 04:00:00,40,39,1,33,4.5,1.1
CBD-02,city_core,2026-06-24 05:00:00,53,52,1,28,3.77,1.08
CBD-02,city_core,2026-06-24 06:00:00,36,35,1,27,3.09,1.06
CBD-02,city_core,2026-06-24 07:00:00,47,46,1,38,3.7,1.04
CBD-02,city_core,2026-06-24 08:00:00,38,37,1,42,3.54,1.09
CBD-02,city_core,2026-06-24 09:00:00,58,43,15,27,5.23,1.33
CBD-02,city_core,2026-06-24 10:00:00,32,31,1,33,5.07,1.0
CBD-02,city_core,2026-06-24 11:00:00,39,38,1,39,3.54,1.05
CBD-02,city_core,2026-06-24 12:00:00,44,43,1,44,2.78,1.01
CBD-02,city_core,2026-06-24 13:00:00,43,42,1,29,3.49,1.05
CBD-02,city_core,2026-06-24 14:00:00,46,45,1,44,3.86,1.0
CBD-02,city_core,2026-06-24 15:00:00,49,48,1,39,3.98,1.0
CBD-02,city_core,2026-06-24 16:00:00,59,58,1,53,3.47,1.02
CBD-02,city_core,2026-06-24 17:00:00,46,45,1,49,2.97,1.16
CBD-02,city_core,2026-06-24 18:00:00,80,78,2,61,5.26,1.0
CBD-02,city_core,2026-06-24 19:00:00,94,92,2,69,2.99,1.0
CBD-02,city_core,2026-06-24 20:00:00,87,85,2,67,3.32,1.06
CBD-02,city_core,2026-06-24 21:00:00,72,70,2,68,3.6,1.01
CBD-02,city_core,2026-06-24 22:00:00,56,55,1,49,3.24,1.07
CBD-02,city_core,2026-06-24 23:00:00,54,53,1,54,3.99,1.0
CBD-02,city_core,2026-06-25 00:00:00,43,42,1,50,4.94,1.0
CBD-02,city_core,2026-06-25 01:00:00,52,51,1,38,4.81,1.0
CBD-02,city_core,2026-06-25 02:00:00,31,30,1,45,3.09,1.0
CBD-02,city_core,2026-06-25 03:00:00,44,43,1,27,3.67,1.1
CBD-02,city_core,2026-06-25 04:00:00,61,48,13,28,6.03,1.31
CBD-02,city_core,2026-06-25 05:00:00,48,47,1,33,2.89,1.11
CBD-02,city_core,2026-06-25 06:00:00,42,41,1,31,2.79,1.03
CBD-02,city_core,2026-06-25 07:00:00,41,40,1,31,3.7,1.04
CBD-02,city_core,2026-06-25 08:00:00,46,45,1,29,3.94,1.0
CBD-02,city_core,2026-06-25 09:00:00,34,33,1,35,5.18,1.0
CBD-02,city_core,2026-06-25 10:00:00,47,46,1,33,3.29,1.0
CBD-02,city_core,2026-06-25 11:00:00,50,49,1,30,4.72,1.0
CBD-02,city_core,2026-06-25 12:00:00,38,37,1,38,2.96,1.0
CBD-02,city_core,2026-06-25 13:00:00,44,43,1,42,4.06,1.05
CBD-02,city_core,2026-06-25 14:00:00,59,58,1,38,3.56,1.0
CBD-02,city_core,2026-06-25 15:00:00,41,40,1,32,3.31,1.06
CBD-02,city_core,2026-06-25 16:00:00,67,65,2,49,2.64,1.05
CBD-02,city_core,2026-06-25 17:00:00,58,57,1,55,3.75,1.0
CBD-02,city_core,2026-06-25 18:00:00,74,72,2,42,4.01,1.08
CBD-02,city_core,2026-06-25 19:00:00,64,63,1,55,4.73,1.04
CBD-02,city_core,2026-06-25 20:00:00,84,82,2,64,3.94,1.0
CBD-02,city_core,2026-06-25 21:00:00,84,82,2,68,3.57,1.0
CBD-02,city_core,2026-06-25 22:00:00,64,63,1,61,3.61,1.0
CBD-02,city_core,2026-06-25 23:00:00,72,70,2,62,3.6,1.04
CBD-02,city_core,2026-06-26 00:00:00,48,47,1,37,2.94,1.08
CBD-02,city_core,2026-06-26 01:00:00,56,55,1,39,3.68,1.0
CBD-02,city_core,2026-06-26 02:00:00,42,41,1,43,4.99,1.12
CBD-02,city_core,2026-06-26 03:00:00,59,58,1,39,3.88,1.0
CBD-02,city_core,2026-06-26 04:00:00,43,42,1,49,3.78,1.0
CBD-02,city_core,2026-06-26 05:00:00,42,41,1,40,3.72,1.0
CBD-02,city_core,2026-06-26 06:00:00,55,54,1,42,2.24,1.13
CBD-02,city_core,2026-06-26 07:00:00,46,45,1,38,3.32,1.11
CBD-02,city_core,2026-06-26 08:00:00,51,50,1,42,4.28,1.0
CBD-02,city_core,2026-06-26 09:00:00,38,37,1,40,3.46,1.08
CBD-02,city_core,2026-06-26 10:00:00,35,34,1,34,3.69,1.0
CBD-02,city_core,2026-06-26 11:00:00,52,51,1,39,3.62,1.0
CBD-02,city_core,2026-06-26 12:00:00,67,65,2,43,3.47,1.0
CBD-02,city_core,2026-06-26 13:00:00,44,43,1,45,4.1,1.04
CBD-02,city_core,2026-06-26 14:00:00,44,43,1,45,3.89,1.08
CBD-02,city_core,2026-06-26 15:00:00,55,54,1,42,3.07,1.0
CBD-02,city_core,2026-06-26 16:00:00,63,62,1,42,2.64,1.0
CBD-02,city_core,2026-06-26 17:00:00,61,60,1,63,3.86,1.06
CBD-02,city_core,2026-06-26 18:00:00,86,84,2,53,2.0,1.0
CBD-02,city_core,2026-06-26 19:00:00,92,90,2,77,2.92,1.05
CBD-02,city_core,2026-06-26 20:00:00,99,97,2,69,4.18,1.08
CBD-02,city_core,2026-06-26 21:00:00,85,83,2,83,4.72,1.0
CBD-02,city_core,2026-06-26 22:00:00,79,77,2,59,3.37,1.03
CBD-02,city_core,2026-06-26 23:00:00,63,62,1,73,2.9,1.0
CBD-02,city_core,2026-06-27 00:00:00,55,54,1,44,3.68,1.11
CBD-02,city_core,2026-06-27 01:00:00,51,50,1,41,3.49,1.0
CBD-02,city_core,2026-06-27 02:00:00,45,44,1,42,3.21,1.02
CBD-02,city_core,2026-06-27 03:00:00,52,51,1,42,4.43,1.0
CBD-02,city_core,2026-06-27 04:00:00,43,42,1,40,3.34,1.0
CBD-02,city_core,2026-06-27 05:00:00,32,31,1,47,4.08,1.08
CBD-02,city_core,2026-06-27 06:00:00,58,57,1,48,2.2,1.06
CBD-02,city_core,2026-06-27 07:00:00,53,52,1,36,4.19,1.0
CBD-02,city_core,2026-06-27 08:00:00,46,45,1,30,4.04,1.03
CBD-02,city_core,2026-06-27 09:00:00,60,59,1,41,2.77,1.0
CBD-02,city_core,2026-06-27 10:00:00,49,48,1,33,4.17,1.03
CBD-02,city_core,2026-06-27 11:00:00,44,43,1,39,4.23,1.03
CBD-02,city_core,2026-06-27 12:00:00,40,39,1,39,3.95,1.07
CBD-02,city_core,2026-06-27 13:00:00,43,42,1,47,3.19,1.02
CBD-02,city_core,2026-06-27 14:00:00,41,40,1,36,3.89,1.0
CBD-02,city_core,2026-06-27 15:00:00,51,50,1,35,2.89,1.04
CBD-02,city_core,2026-06-27 16:00:00,52,51,1,56,2.44,1.0
CBD-02,city_core,2026-06-27 17:00:00,59,58,1,59,3.43,1.0
CBD-02,city_core,2026-06-27 18:00:00,82,80,2,79,3.56,1.06
CBD-02,city_core,2026-06-27 19:00:00,103,101,2,69,3.67,1.01
CBD-02,city_core,2026-06-27 20:00:00,90,88,2,70,4.14,1.07
CBD-02,city_core,2026-06-27 21:00:00,74,72,2,68,4.64,1.0
CBD-02,city_core,2026-06-27 22:00:00,72,70,2,66,3.8,1.03
CBD-02,city_core,2026-06-27 23:00:00,58,57,1,70,3.92,1.09
CBD-02,city_core,2026-06-28 00:00:00,40,39,1,28,2.44,1.01
CBD-02,city_core,2026-06-28 01:00:00,44,43,1,48,2.12,1.13
CBD-02,city_core,2026-06-28 02:00:00,56,55,1,36,3.74,1.13
CBD-02,city_core,2026-06-28 03:00:00,34,33,1,37,3.43,1.03
CBD-02,city_core,2026-06-28 04:00:00,44,43,1,29,4.45,1.02
CBD-02,city_core,2026-06-28 05:00:00,53,52,1,39,4.23,1.03
CBD-02,city_core,2026-06-28 06:00:00,47,46,1,34,3.97,1.06
CBD-02,city_core,2026-06-28 07:00:00,38,37,1,35,3.87,1.0
CBD-02,city_core,2026-06-28 08:00:00,49,48,1,37,3.94,1.0
CBD-02,city_core,2026-06-28 09:00:00,44,43,1,29,4.57,1.06
CBD-02,city_core,2026-06-28 10:00:00,46,45,1,40,3.82,1.0
CBD-02,city_core,2026-06-28 11:00:00,39,38,1,36,3.97,1.02
CBD-02,city_core,2026-06-28 12:00:00,41,40,1,36,4.28,1.0
CBD-02,city_core,2026-06-28 13:00:00,41,40,1,33,4.66,1.0
CBD-02,city_core,2026-06-28 14:00:00,48,47,1,30,3.51,1.09
CBD-02,city_core,2026-06-28 15:00:00,45,44,1,43,2.67,1.09
CBD-02,city_core,2026-06-28 16:00:00,52,51,1,47,2.47,1.0
CBD-02,city_core,2026-06-28 17:00:00,65,64,1,54,2.78,1.01
CBD-02,city_core,2026-06-28 18:00:00,75,73,2,57,3.37,1.0
CBD-02,city_core,2026-06-28 19:00:00,77,75,2,74,4.56,1.02
CBD-02,city_core,2026-06-28 20:00:00,75,73,2,55,4.82,1.0
CBD-02,city_core,2026-06-28 21:00:00,76,74,2,64,3.74,1.0
CBD-02,city_core,2026-06-28 22:00:00,84,82,2,60,2.35,1.0
CBD-02,city_core,2026-06-28 23:00:00,51,50,1,59,2.74,1.07
CBD-02,city_core,2026-06-29 00:00:00,50,49,1,38,2.28,1.02
CBD-02,city_core,2026-06-29 01:00:00,57,45,12,29,6.4,1.3
CBD-02,city_core,2026-06-29 02:00:00,49,48,1,41,4.84,1.01
CBD-02,city_core,2026-06-29 03:00:00,35,34,1,26,2.81,1.0
CBD-02,city_core,2026-06-29 04:00:00,54,53,1,32,5.08,1.0
CBD-02,city_core,2026-06-29 05:00:00,47,46,1,47,4.22,1.0
CBD-02,city_core,2026-06-29 06:00:00,52,51,1,31,4.21,1.03
CBD-02,city_core,2026-06-29 07:00:00,43,42,1,43,4.18,1.1
CBD-02,city_core,2026-06-29 08:00:00,45,44,1,33,3.05,1.07
CBD-02,city_core,2026-06-29 09:00:00,41,40,1,50,4.1,1.01
CBD-02,city_core,2026-06-29 10:00:00,47,46,1,33,3.16,1.08
CBD-02,city_core,2026-06-29 11:00:00,33,32,1,37,2.58,1.05
CBD-02,city_core,2026-06-29 12:00:00,38,37,1,38,2.81,1.01
CBD-02,city_core,2026-06-29 13:00:00,34,33,1,42,2.92,1.0
CBD-02,city_core,2026-06-29 14:00:00,39,38,1,36,2.73,1.0
CBD-02,city_core,2026-06-29 15:00:00,43,42,1,47,4.07,1.0
CBD-02,city_core,2026-06-29 16:00:00,38,37,1,44,3.9,1.0
CBD-02,city_core,2026-06-29 17:00:00,62,61,1,46,3.32,1.0
CBD-02,city_core,2026-06-29 18:00:00,71,69,2,53,2.89,1.0
CBD-02,city_core,2026-06-29 19:00:00,63,62,1,61,4.44,1.03
CBD-02,city_core,2026-06-29 20:00:00,74,72,2,73,5.45,1.07
CBD-02,city_core,2026-06-29 21:00:00,76,74,2,67,4.69,1.0
CBD-02,city_core,2026-06-29 22:00:00,65,64,1,61,3.0,1.02
CBD-02,city_core,2026-06-29 23:00:00,53,52,1,45,3.66,1.1
CBD-02,city_core,2026-06-30 00:00:00,43,42,1,41,3.92,1.0
CBD-02,city_core,2026-06-30 01:00:00,35,34,1,35,4.74,1.06
CBD-02,city_core,2026-06-30 02:00:00,47,46,1,44,2.81,1.0
CBD-02,city_core,2026-06-30 03:00:00,34,33,1,49,2.55,1.0
CBD-02,city_core,2026-06-30 04:00:00,49,48,1,39,2.29,1.09
CBD-02,city_core,2026-06-30 05:00:00,45,44,1,36,5.01,1.12
CBD-02,city_core,2026-06-30 06:00:00,39,38,1,34,4.3,1.1
CBD-02,city_core,2026-06-30 07:00:00,41,40,1,37,3.48,1.03
CBD-02,city_core,2026-06-30 08:00:00,49,48,1,37,4.13,1.0
CBD-02,city_core,2026-06-30 09:00:00,42,41,1,28,3.13,1.01
CBD-02,city_core,2026-06-30 10:00:00,48,47,1,39,2.99,1.0
CBD-02,city_core,2026-06-30 11:00:00,45,44,1,48,3.72,1.0
CBD-02,city_core,2026-06-30 12:00:00,38,37,1,36,5.0,1.0
CBD-02,city_core,2026-06-30 13:00:00,47,46,1,44,3.35,1.19
CBD-02,city_core,2026-06-30 14:00:00,58,57,1,39,2.75,1.01
CBD-02,city_core,2026-06-30 15:00:00,40,39,1,41,2.83,1.01
CBD-02,city_core,2026-06-30 16:00:00,54,53,1,40,4.51,1.03
CBD-02,city_core,2026-06-30 17:00:00,58,57,1,61,3.01,1.0
CBD-02,city_core,2026-06-30 18:00:00,70,68,2,60,3.93,1.12
CBD-02,city_core,2026-06-30 19:00:00,75,73,2,63,4.26,1.02
CBD-02,city_core,2026-06-30 20:00:00,74,72,2,65,3.82,1.0
CBD-02,city_core,2026-06-30 21:00:00,83,81,2,76,2.29,1.0
CBD-02,city_core,2026-06-30 22:00:00,80,78,2,61,3.09,1.06
CBD-02,city_core,2026-06-30 23:00:00,63,62,1,45,3.26,1.0
SUB-07,suburban,2026-05-01 00:00:00,36,35,1,38,2.72,1.08
SUB-07,suburban,2026-05-01 01:00:00,31,30,1,29,5.26,1.2
SUB-07,suburban,2026-05-01 02:00:00,38,37,1,24,2.0,1.04
SUB-07,suburban,2026-05-01 03:00:00,31,30,1,26,3.02,1.05
SUB-07,suburban,2026-05-01 04:00:00,36,35,1,30,4.59,1.0
SUB-07,suburban,2026-05-01 05:00:00,42,41,1,37,4.49,1.05
SUB-07,suburban,2026-05-01 06:00:00,40,39,1,35,3.57,1.0
SUB-07,suburban,2026-05-01 07:00:00,58,57,1,55,4.01,1.04
SUB-07,suburban,2026-05-01 08:00:00,57,56,1,51,3.53,1.0
SUB-07,suburban,2026-05-01 09:00:00,45,44,1,39,2.22,1.0
SUB-07,suburban,2026-05-01 10:00:00,29,28,1,37,4.34,1.07
SUB-07,suburban,2026-05-01 11:00:00,43,42,1,41,3.97,1.0
SUB-07,suburban,2026-05-01 12:00:00,45,44,1,30,2.79,1.0
SUB-07,suburban,2026-05-01 13:00:00,40,39,1,30,3.26,1.05
SUB-07,suburban,2026-05-01 14:00:00,39,38,1,33,4.24,1.0
SUB-07,suburban,2026-05-01 15:00:00,25,24,1,33,2.33,1.11
SUB-07,suburban,2026-05-01 16:00:00,28,27,1,36,3.97,1.02
SUB-07,suburban,2026-05-01 17:00:00,26,25,1,21,4.64,1.03
SUB-07,suburban,2026-05-01 18:00:00,35,34,1,35,3.92,1.0
SUB-07,suburban,2026-05-01 19:00:00,32,31,1,28,3.89,1.0
SUB-07,suburban,2026-05-01 20:00:00,32,31,1,35,2.82,1.05
SUB-07,suburban,2026-05-01 21:00:00,41,40,1,39,4.56,1.08
SUB-07,suburban,2026-05-01 22:00:00,39,38,1,36,4.72,1.0
SUB-07,suburban,2026-05-01 23:00:00,27,26,1,20,4.37,1.09
SUB-07,suburban,2026-05-02 00:00:00,39,38,1,27,3.21,1.0
SUB-07,suburban,2026-05-02 01:00:00,28,27,1,30,3.4,1.0
SUB-07,suburban,2026-05-02 02:00:00,26,25,1,28,4.43,1.0
SUB-07,suburban,2026-05-02 03:00:00,33,32,1,20,3.54,1.0
SUB-07,suburban,2026-05-02 04:00:00,43,42,1,30,3.26,1.0
SUB-07,suburban,2026-05-02 05:00:00,39,38,1,44,5.56,1.06
SUB-07,suburban,2026-05-02 06:00:00,45,44,1,30,3.47,1.02
SUB-07,suburban,2026-05-02 07:00:00,47,46,1,44,4.13,1.05
SUB-07,suburban,2026-05-02 08:00:00,73,71,2,48,3.86,1.18
SUB-07,suburban,2026-05-02 09:00:00,45,44,1,56,4.42,1.0
SUB-07,suburban,2026-05-02 10:00:00,54,53,1,44,2.98,1.14
SUB-07,suburban,2026-05-02 11:00:00,45,44,1,37,2.99,1.03
SUB-07,suburban,2026-05-02 12:00:00,36,35,1,35,3.05,1.0
SUB-07,suburban,2026-05-02 13:00:00,28,27,1,32,3.91,1.07
SUB-07,suburban,2026-05-02 14:00:00,30,29,1,37,2.86,1.0
SUB-07,suburban,2026-05-02 15:00:00,27,26,1,30,3.0,1.04
SUB-07,suburban,2026-05-02 16:00:00,39,38,1,31,3.16,1.04
SUB-07,suburban,2026-05-02 17:00:00,27,26,1,27,3.94,1.02
SUB-07,suburban,2026-05-02 18:00:00,41,40,1,39,4.17,1.04
SUB-07,suburban,2026-05-02 19:00:00,26,25,1,29,4.48,1.0
SUB-07,suburban,2026-05-02 20:00:00,27,26,1,39,4.75,1.01
SUB-07,suburban,2026-05-02 21:00:00,38,37,1,35,3.1,1.04
SUB-07,suburban,2026-05-02 22:00:00,35,34,1,28,4.06,1.02
SUB-07,suburban,2026-05-02 23:00:00,34,33,1,28,4.41,1.0
SUB-07,suburban,2026-05-03 00:00:00,20,19,1,30,3.53,1.01
SUB-07,suburban,2026-05-03 01:00:00,28,27,1,24,2.67,1.11
SUB-07,suburban,2026-05-03 02:00:00,34,33,1,21,2.88,1.03
SUB-07,suburban,2026-05-03 03:00:00,35,34,1,25,4.06,1.01
SUB-07,suburban,2026-05-03 04:00:00,29,28,1,29,4.69,1.07
SUB-07,suburban,2026-05-03 05:00:00,42,41,1,38,2.88,1.0
SUB-07,suburban,2026-05-03 06:00:00,50,49,1,41,2.6,1.0
SUB-07,suburban,2026-05-03 07:00:00,43,42,1,51,3.12,1.0
SUB-07,suburban,2026-05-03 08:00:00,40,39,1,52,3.13,1.03
SUB-07,suburban,2026-05-03 09:00:00,66,56,10,30,4.98,1.16
SUB-07,suburban,2026-05-03 10:00:00,53,52,1,38,2.67,1.0
SUB-07,suburban,2026-05-03 11:00:00,39,29,10,19,4.54,1.41
SUB-07,suburban,2026-05-03 12:00:00,29,28,1,26,3.79,1.08
SUB-07,suburban,2026-05-03 13:00:00,31,30,1,23,3.04,1.06
SUB-07,suburban,2026-05-03 14:00:00,26,25,1,21,4.22,1.18
SUB-07,suburban,2026-05-03 15:00:00,24,23,1,34,5.05,1.06
SUB-07,suburban,2026-05-03 16:00:00,30,29,1,22,3.18,1.0
SUB-07,suburban,2026-05-03 17:00:00,34,33,1,34,4.58,1.0
SUB-07,suburban,2026-05-03 18:00:00,23,22,1,25,2.74,1.0
SUB-07,suburban,2026-05-03 19:00:00,30,29,1,23,4.42,1.02
SUB-07,suburban,2026-05-03 20:00:00,28,27,1,31,3.99,1.05
SUB-07,suburban,2026-05-03 21:00:00,28,27,1,28,4.02,1.09
SUB-07,suburban,2026-05-03 22:00:00,31,30,1,22,2.55,1.0
SUB-07,suburban,2026-05-03 23:00:00,42,41,1,34,4.39,1.0
SUB-07,suburban,2026-05-04 00:00:00,31,30,1,22,4.02,1.04
SUB-07,suburban,2026-05-04 01:00:00,28,25,3,14,4.63,1.07
SUB-07,suburban,2026-05-04 02:00:00,29,28,1,25,3.01,1.07
SUB-07,suburban,2026-05-04 03:00:00,25,24,1,29,2.82,1.07
SUB-07,suburban,2026-05-04 04:00:00,33,32,1,23,2.73,1.09
SUB-07,suburban,2026-05-04 05:00:00,37,36,1,24,3.54,1.05
SUB-07,suburban,2026-05-04 06:00:00,45,44,1,45,4.13,1.0
SUB-07,suburban,2026-05-04 07:00:00,57,56,1,34,4.41,1.0
SUB-07,suburban,2026-05-04 08:00:00,51,50,1,48,2.02,1.06
SUB-07,suburban,2026-05-04 09:00:00,32,31,1,47,5.1,1.0
SUB-07,suburban,2026-05-04 10:00:00,38,37,1,38,3.57,1.0
SUB-07,suburban,2026-05-04 11:00:00,34,33,1,42,2.73,1.12
SUB-07,suburban,2026-05-04 12:00:00,33,32,1,32,4.77,1.0
SUB-07,suburban,2026-05-04 13:00:00,29,28,1,20,3.87,1.01
SUB-07,suburban,2026-05-04 14:00:00,27,26,1,27,4.53,1.0
SUB-07,suburban,2026-05-04 15:00:00,36,35,1,22,3.58,1.03
SUB-07,suburban,2026-05-04 16:00:00,27,26,1,25,3.77,1.0
SUB-07,suburban,2026-05-04 17:00:00,28,27,1,21,3.43,1.1
SUB-07,suburban,2026-05-04 18:00:00,28,27,1,30,3.44,1.03
SUB-07,suburban,2026-05-04 19:00:00,26,25,1,28,3.64,1.09
SUB-07,suburban,2026-05-04 20:00:00,27,26,1,18,3.69,1.02
SUB-07,suburban,2026-05-04 21:00:00,30,29,1,24,4.01,1.06
SUB-07,suburban,2026-05-04 22:00:00,22,21,1,19,4.41,1.04
SUB-07,suburban,2026-05-04 23:00:00,34,33,1,25,3.1,1.0
SUB-07,suburban,2026-05-05 00:00:00,38,37,1,30,4.5,1.07
SUB-07,suburban,2026-05-05 01:00:00,32,31,1,23,5.04,1.01
SUB-07,suburban,2026-05-05 02:00:00,37,36,1,20,5.47,1.0
SUB-07,suburban,2026-05-05 03:00:00,30,29,1,26,2.74,1.22
SUB-07,suburban,2026-05-05 04:00:00,29,28,1,32,2.28,1.01
SUB-07,suburban,2026-05-05 05:00:00,47,46,1,30,3.29,1.01
SUB-07,suburban,2026-05-05 06:00:00,46,45,1,36,2.0,1.04
SUB-07,suburban,2026-05-05 07:00:00,50,49,1,39,2.86,1.07
SUB-07,suburban,2026-05-05 08:00:00,53,52,1,49,3.57,1.0
SUB-07,suburban,2026-05-05 09:00:00,48,47,1,40,3.5,1.01
SUB-07,suburban,2026-05-05 10:00:00,45,44,1,43,4.11,1.13
SUB-07,suburban,2026-05-05 11:00:00,40,39,1,34,2.0,1.09
SUB-07,suburban,2026-05-05 12:00:00,27,26,1,25,4.31,1.04
SUB-07,suburban,2026-05-05 13:00:00,31,30,1,28,2.09,1.0
SUB-07,suburban,2026-05-05 14:00:00,27,26,1,29,2.15,1.0
SUB-07,suburban,2026-05-05 15:00:00,23,22,1,28,2.98,1.07
SUB-07,suburban,2026-05-05 16:00:00,32,31,1,28,3.43,1.04
SUB-07,suburban,2026-05-05 17:00:00,43,42,1,23,3.67,1.03
SUB-07,suburban,2026-05-05 18:00:00,29,28,1,30,3.73,1.06
SUB-07,suburban,2026-05-05 19:00:00,34,33,1,36,5.22,1.04
SUB-07,suburban,2026-05-05 20:00:00,30,29,1,27,2.84,1.0
SUB-07,suburban,2026-05-05 21:00:00,35,34,1,24,3.44,1.01
SUB-07,suburban,2026-05-05 22:00:00,37,36,1,32,5.23,1.0
SUB-07,suburban,2026-05-05 23:00:00,26,25,1,23,4.83,1.0
SUB-07,suburban,2026-05-06 00:00:00,33,32,1,28,2.75,1.0
SUB-07,suburban,2026-05-06 01:00:00,35,34,1,29,2.93,1.0
SUB-07,suburban,2026-05-06 02:00:00,28,27,1,28,2.53,1.0
SUB-07,suburban,2026-05-06 03:00:00,31,30,1,27,2.0,1.0
SUB-07,suburban,2026-05-06 04:00:00,32,31,1,27,4.5,1.06
SUB-07,suburban,2026-05-06 05:00:00,33,32,1,29,4.2,1.01
SUB-07,suburban,2026-05-06 06:00:00,40,39,1,33,2.02,1.0
SUB-07,suburban,2026-05-06 07:00:00,40,39,1,37,3.69,1.0
SUB-07,suburban,2026-05-06 08:00:00,49,48,1,43,4.06,1.04
SUB-07,suburban,2026-05-06 09:00:00,42,41,1,39,3.97,1.07
SUB-07,suburban,2026-05-06 10:00:00,37,36,1,40,2.91,1.07
SUB-07,suburban,2026-05-06 11:00:00,34,33,1,24,3.89,1.06
SUB-07,suburban,2026-05-06 12:00:00,39,38,1,27,3.7,1.0
SUB-07,suburban,2026-05-06 13:00:00,34,33,1,33,4.56,1.0
SUB-07,suburban,2026-05-06 14:00:00,23,22,1,24,4.16,1.0
SUB-07,suburban,2026-05-06 15:00:00,28,27,1,28,2.95,1.11
SUB-07,suburban,2026-05-06 16:00:00,35,34,1,34,3.79,1.04
SUB-07,suburban,2026-05-06 17:00:00,35,34,1,27,3.19,1.04
SUB-07,suburban,2026-05-06 18:00:00,29,28,1,34,4.01,1.07
SUB-07,suburban,2026-05-06 19:00:00,25,24,1,21,2.69,1.05
SUB-07,suburban,2026-05-06 20:00:00,30,29,1,29,3.94,1.05
SUB-07,suburban,2026-05-06 21:00:00,24,23,1,30,4.92,1.07
SUB-07,suburban,2026-05-06 22:00:00,31,30,1,29,4.12,1.0
SUB-07,suburban,2026-05-06 23:00:00,28,27,1,21,5.44,1.05
SUB-07,suburban,2026-05-07 00:00:00,37,35,2,20,5.33,1.0
SUB-07,suburban,2026-05-07 01:00:00,26,25,1,37,4.12,1.12
SUB-07,suburban,2026-05-07 02:00:00,24,23,1,28,4.44,1.0
SUB-07,suburban,2026-05-07 03:00:00,23,22,1,30,3.55,1.0
SUB-07,suburban,2026-05-07 04:00:00,31,30,1,33,4.77,1.06
SUB-07,suburban,2026-05-07 05:00:00,35,34,1,37,3.01,1.06
SUB-07,suburban,2026-05-07 06:00:00,31,30,1,44,2.0,1.06
SUB-07,suburban,2026-05-07 07:00:00,54,53,1,48,3.19,1.11
SUB-07,suburban,2026-05-07 08:00:00,40,39,1,45,3.84,1.09
SUB-07,suburban,2026-05-07 09:00:00,54,53,1,46,3.47,1.03
SUB-07,suburban,2026-05-07 10:00:00,43,42,1,38,3.36,1.02
SUB-07,suburban,2026-05-07 11:00:00,36,35,1,28,2.94,1.03
SUB-07,suburban,2026-05-07 12:00:00,29,28,1,33,4.17,1.13
SUB-07,suburban,2026-05-07 13:00:00,26,25,1,28,4.27,1.06
SUB-07,suburban,2026-05-07 14:00:00,35,15,20,8,7.75,1.89
SUB-07,suburban,2026-05-07 15:00:00,29,28,1,27,3.92,1.07
SUB-07,suburban,2026-05-07 16:00:00,25,24,1,24,3.09,1.04
SUB-07,suburban,2026-05-07 17:00:00,28,27,1,29,4.88,1.07
SUB-07,suburban,2026-05-07 18:00:00,25,24,1,26,3.97,1.07
SUB-07,suburban,2026-05-07 19:00:00,28,27,1,20,3.96,1.0
SUB-07,suburban,2026-05-07 20:00:00,26,25,1,25,3.02,1.02
SUB-07,suburban,2026-05-07 21:00:00,24,23,1,29,3.85,1.0
SUB-07,suburban,2026-05-07 22:00:00,21,20,1,37,2.77,1.0
SUB-07,suburban,2026-05-07 23:00:00,34,33,1,32,3.77,1.05
SUB-07,suburban,2026-05-08 00:00:00,39,38,1,26,3.4,1.08
SUB-07,suburban,2026-05-08 01:00:00,28,27,1,31,3.24,1.0
SUB-07,suburban,2026-05-08 02:00:00,39,38,1,29,4.57,1.0
SUB-07,suburban,2026-05-08 03:00:00,38,37,1,29,3.08,1.0
SUB-07,suburban,2026-05-08 04:00:00,36,35,1,31,3.78,1.07
SUB-07,suburban,2026-05-08 05:00:00,35,34,1,39,3.61,1.08
SUB-07,suburban,2026-05-08 06:00:00,36,35,1,43,3.57,1.11
SUB-07,suburban,2026-05-08 07:00:00,67,65,2,36,2.0,1.06
SUB-07,suburban,2026-05-08 08:00:00,42,41,1,45,4.13,1.0
SUB-07,suburban,2026-05-08 09:00:00,60,59,1,49,2.95,1.02
SUB-07,suburban,2026-05-08 10:00:00,44,43,1,46,2.99,1.04
SUB-07,suburban,2026-05-08 11:00:00,53,52,1,31,4.17,1.0
SUB-07,suburban,2026-05-08 12:00:00,38,37,1,30,5.74,1.0
SUB-07,suburban,2026-05-08 13:00:00,45,44,1,34,4.35,1.08
SUB-07,suburban,2026-05-08 14:00:00,41,40,1,34,3.81,1.07
SUB-07,suburban,2026-05-08 15:00:00,32,31,1,42,2.57,1.02
SUB-07,suburban,2026-05-08 16:00:00,38,37,1,28,3.47,1.08
SUB-07,suburban,2026-05-08 17:00:00,37,36,1,29,4.08,1.05
SUB-07,suburban,2026-05-08 18:00:00,32,31,1,35,3.11,1.08
SUB-07,suburban,2026-05-08 19:00:00,33,32,1,33,3.31,1.03
SUB-07,suburban,2026-05-08 20:00:00,39,38,1,24,2.6,1.1
SUB-07,suburban,2026-05-08 21:00:00,44,43,1,32,4.97,1.01
SUB-07,suburban,2026-05-08 22:00:00,25,24,1,35,3.69,1.0
SUB-07,suburban,2026-05-08 23:00:00,30,29,1,40,3.32,1.03
SUB-07,suburban,2026-05-09 00:00:00,31,30,1,36,4.09,1.11
SUB-07,suburban,2026-05-09 01:00:00,33,32,1,34,2.6,1.08
SUB-07,suburban,2026-05-09 02:00:00,28,27,1,27,2.87,1.17
SUB-07,suburban,2026-05-09 03:00:00,36,35,1,28,3.53,1.04
SUB-07,suburban,2026-05-09 04:00:00,46,45,1,37,5.09,1.05
SUB-07,suburban,2026-05-09 05:00:00,31,30,1,24,4.1,1.02
SUB-07,suburban,2026-05-09 06:00:00,52,51,1,41,3.66,1.2
SUB-07,suburban,2026-05-09 07:00:00,58,57,1,44,2.74,1.07
SUB-07,suburban,2026-05-09 08:00:00,62,61,1,62,4.28,1.0
SUB-07,suburban,2026-05-09 09:00:00,54,53,1,50,3.61,1.0
SUB-07,suburban,2026-05-09 10:00:00,56,55,1,34,3.1,1.05
SUB-07,suburban,2026-05-09 11:00:00,39,38,1,34,3.48,1.0
SUB-07,suburban,2026-05-09 12:00:00,36,35,1,33,3.89,1.0
SUB-07,suburban,2026-05-09 13:00:00,34,33,1,32,4.35,1.0
SUB-07,suburban,2026-05-09 14:00:00,27,26,1,31,4.32,1.02
SUB-07,suburban,2026-05-09 15:00:00,32,31,1,33,3.59,1.12
SUB-07,suburban,2026-05-09 16:00:00,35,34,1,35,3.04,1.02
SUB-07,suburban,2026-05-09 17:00:00,45,36,9,23,4.82,1.26
SUB-07,suburban,2026-05-09 18:00:00,41,38,3,18,4.72,1.07
SUB-07,suburban,2026-05-09 19:00:00,27,26,1,28,2.16,1.05
SUB-07,suburban,2026-05-09 20:00:00,26,25,1,33,3.37,1.0
SUB-07,suburban,2026-05-09 21:00:00,38,37,1,38,4.1,1.03
SUB-07,suburban,2026-05-09 22:00:00,36,35,1,29,3.97,1.0
SUB-07,suburban,2026-05-09 23:00:00,39,38,1,28,4.33,1.0
SUB-07,suburban,2026-05-10 00:00:00,24,23,1,30,5.07,1.01
SUB-07,suburban,2026-05-10 01:00:00,32,31,1,24,3.78,1.0
SUB-07,suburban,2026-05-10 02:00:00,36,35,1,25,2.58,1.0
SUB-07,suburban,2026-05-10 03:00:00,28,27,1,31,4.68,1.05
SUB-07,suburban,2026-05-10 04:00:00,39,38,1,28,3.6,1.0
SUB-07,suburban,2026-05-10 05:00:00,28,27,1,32,2.0,1.0
SUB-07,suburban,2026-05-10 06:00:00,32,31,1,27,5.15,1.06
SUB-07,suburban,2026-05-10 07:00:00,41,40,1,38,4.37,1.04
SUB-07,suburban,2026-05-10 08:00:00,48,47,1,39,3.83,1.0
SUB-07,suburban,2026-05-10 09:00:00,55,54,1,53,3.93,1.03
SUB-07,suburban,2026-05-10 10:00:00,31,30,1,37,3.21,1.01
SUB-07,suburban,2026-05-10 11:00:00,41,40,1,40,3.8,1.02
SUB-07,suburban,2026-05-10 12:00:00,30,29,1,26,4.66,1.0
SUB-07,suburban,2026-05-10 13:00:00,37,36,1,25,3.9,1.0
SUB-07,suburban,2026-05-10 14:00:00,30,29,1,32,3.74,1.0
SUB-07,suburban,2026-05-10 15:00:00,44,43,1,40,4.65,1.0
SUB-07,suburban,2026-05-10 16:00:00,31,30,1,27,2.13,1.02
SUB-07,suburban,2026-05-10 17:00:00,27,26,1,29,2.02,1.0
SUB-07,suburban,2026-05-10 18:00:00,31,30,1,30,4.72,1.0
SUB-07,suburban,2026-05-10 19:00:00,30,29,1,24,3.65,1.04
SUB-07,suburban,2026-05-10 20:00:00,32,31,1,28,3.17,1.03
SUB-07,suburban,2026-05-10 21:00:00,32,28,4,17,4.02,1.19
SUB-07,suburban,2026-05-10 22:00:00,29,28,1,24,4.22,1.14
SUB-07,suburban,2026-05-10 23:00:00,22,21,1,28,3.76,1.0
SUB-07,suburban,2026-05-11 00:00:00,27,26,1,23,3.95,1.07
SUB-07,suburban,2026-05-11 01:00:00,29,28,1,25,4.09,1.11
SUB-07,suburban,2026-05-11 02:00:00,38,37,1,29,3.88,1.02
SUB-07,suburban,2026-05-11 03:00:00,34,33,1,23,3.78,1.14
SUB-07,suburban,2026-05-11 04:00:00,28,27,1,28,3.51,1.03
SUB-07,suburban,2026-05-11 05:00:00,37,35,2,22,3.73,1.03
SUB-07,suburban,2026-05-11 06:00:00,48,47,1,29,3.38,1.01
SUB-07,suburban,2026-05-11 07:00:00,72,70,2,49,6.44,1.03
SUB-07,suburban,2026-05-11 08:00:00,51,50,1,48,5.47,1.05
SUB-07,suburban,2026-05-11 09:00:00,62,61,1,38,2.51,1.0
SUB-07,suburban,2026-05-11 10:00:00,35,34,1,43,4.07,1.0
SUB-07,suburban,2026-05-11 11:00:00,36,35,1,39,3.2,1.05
SUB-07,suburban,2026-05-11 12:00:00,34,33,1,28,2.81,1.07
SUB-07,suburban,2026-05-11 13:00:00,37,36,1,25,4.36,1.0
SUB-07,suburban,2026-05-11 14:00:00,26,25,1,29,2.84,1.04
SUB-07,suburban,2026-05-11 15:00:00,27,26,1,22,3.23,1.0
SUB-07,suburban,2026-05-11 16:00:00,34,33,1,24,4.36,1.05
SUB-07,suburban,2026-05-11 17:00:00,27,26,1,34,3.56,1.0
SUB-07,suburban,2026-05-11 18:00:00,39,35,4,19,4.72,1.19
SUB-07,suburban,2026-05-11 19:00:00,31,30,1,24,4.18,1.09
SUB-07,suburban,2026-05-11 20:00:00,34,33,1,25,2.55,1.04
SUB-07,suburban,2026-05-11 21:00:00,28,27,1,31,4.64,1.07
SUB-07,suburban,2026-05-11 22:00:00,35,34,1,20,4.22,1.07
SUB-07,suburban,2026-05-11 23:00:00,33,32,1,26,3.46,1.02
SUB-07,suburban,2026-05-12 00:00:00,31,30,1,24,3.92,1.05
SUB-07,suburban,2026-05-12 01:00:00,27,26,1,25,3.17,1.01
SUB-07,suburban,2026-05-12 02:00:00,29,28,1,28,4.62,1.0
SUB-07,suburban,2026-05-12 03:00:00,36,35,1,25,4.09,1.0
SUB-07,suburban,2026-05-12 04:00:00,36,35,1,30,3.42,1.03
SUB-07,suburban,2026-05-12 05:00:00,34,33,1,28,3.52,1.0
SUB-07,suburban,2026-05-12 06:00:00,36,35,1,41,4.02,1.11
SUB-07,suburban,2026-05-12 07:00:00,46,45,1,36,3.14,1.0
SUB-07,suburban,2026-05-12 08:00:00,38,37,1,50,4.13,1.06
SUB-07,suburban,2026-05-12 09:00:00,48,47,1,39,3.7,1.0
SUB-07,suburban,2026-05-12 10:00:00,42,41,1,22,4.3,1.0
SUB-07,suburban,2026-05-12 11:00:00,41,40,1,38,3.92,1.0
SUB-07,suburban,2026-05-12 12:00:00,29,28,1,29,3.7,1.0
SUB-07,suburban,2026-05-12 13:00:00,33,32,1,35,2.98,1.09
SUB-07,suburban,2026-05-12 14:00:00,34,33,1,27,4.76,1.04
SUB-07,suburban,2026-05-12 15:00:00,22,21,1,27,2.52,1.07
SUB-07,suburban,2026-05-12 16:00:00,29,28,1,27,2.86,1.18
SUB-07,suburban,2026-05-12 17:00:00,30,29,1,29,4.35,1.06
SUB-07,suburban,2026-05-12 18:00:00,31,30,1,30,4.11,1.07
SUB-07,suburban,2026-05-12 19:00:00,34,33,1,26,3.3,1.15
SUB-07,suburban,2026-05-12 20:00:00,37,36,1,29,5.32,1.06
SUB-07,suburban,2026-05-12 21:00:00,32,31,1,37,2.9,1.0
SUB-07,suburban,2026-05-12 22:00:00,30,29,1,37,2.97,1.0
SUB-07,suburban,2026-05-12 23:00:00,28,27,1,22,4.1,1.0
SUB-07,suburban,2026-05-13 00:00:00,26,25,1,31,4.01,1.0
SUB-07,suburban,2026-05-13 01:00:00,29,28,1,27,4.84,1.06
SUB-07,suburban,2026-05-13 02:00:00,40,39,1,28,2.0,1.08
SUB-07,suburban,2026-05-13 03:00:00,38,37,1,22,5.17,1.01
SUB-07,suburban,2026-05-13 04:00:00,35,34,1,29,4.04,1.02
SUB-07,suburban,2026-05-13 05:00:00,33,32,1,34,3.59,1.0
SUB-07,suburban,2026-05-13 06:00:00,34,33,1,39,3.95,1.0
SUB-07,suburban,2026-05-13 07:00:00,54,53,1,48,2.71,1.1
SUB-07,suburban,2026-05-13 08:00:00,51,50,1,59,4.06,1.01
SUB-07,suburban,2026-05-13 09:00:00,44,43,1,33,3.07,1.03
SUB-07,suburban,2026-05-13 10:00:00,46,45,1,45,3.7,1.11
SUB-07,suburban,2026-05-13 11:00:00,36,34,2,21,3.39,1.17
SUB-07,suburban,2026-05-13 12:00:00,40,39,1,27,3.02,1.0
SUB-07,suburban,2026-05-13 13:00:00,25,24,1,22,4.53,1.0
SUB-07,suburban,2026-05-13 14:00:00,18,17,1,27,2.6,1.06
SUB-07,suburban,2026-05-13 15:00:00,29,28,1,34,4.55,1.04
SUB-07,suburban,2026-05-13 16:00:00,34,33,1,20,4.46,1.08
SUB-07,suburban,2026-05-13 17:00:00,36,32,4,21,5.37,1.14
SUB-07,suburban,2026-05-13 18:00:00,31,30,1,22,4.71,1.04
SUB-07,suburban,2026-05-13 19:00:00,29,28,1,36,4.88,1.06
SUB-07,suburban,2026-05-13 20:00:00,28,27,1,30,3.16,1.06
SUB-07,suburban,2026-05-13 21:00:00,20,19,1,23,3.96,1.11
SUB-07,suburban,2026-05-13 22:00:00,15,14,1,21,4.22,1.04
SUB-07,suburban,2026-05-13 23:00:00,32,30,2,20,4.28,1.0
SUB-07,suburban,2026-05-14 00:00:00,37,36,1,21,3.65,1.08
SUB-07,suburban,2026-05-14 01:00:00,26,25,1,32,3.38,1.02
SUB-07,suburban,2026-05-14 02:00:00,32,31,1,28,2.92,1.06
SUB-07,suburban,2026-05-14 03:00:00,25,24,1,24,4.56,1.11
SUB-07,suburban,2026-05-14 04:00:00,23,22,1,25,3.2,1.0
SUB-07,suburban,2026-05-14 05:00:00,33,32,1,28,2.0,1.0
SUB-07,suburban,2026-05-14 06:00:00,44,43,1,44,3.86,1.0
SUB-07,suburban,2026-05-14 07:00:00,52,51,1,48,3.49,1.0
SUB-07,suburban,2026-05-14 08:00:00,54,53,1,38,3.75,1.02
SUB-07,suburban,2026-05-14 09:00:00,47,46,1,39,2.51,1.0
SUB-07,suburban,2026-05-14 10:00:00,42,41,1,39,5.17,1.02
SUB-07,suburban,2026-05-14 11:00:00,35,34,1,28,3.04,1.05
SUB-07,suburban,2026-05-14 12:00:00,30,29,1,29,3.73,1.02
SUB-07,suburban,2026-05-14 13:00:00,27,26,1,26,3.01,1.03
SUB-07,suburban,2026-05-14 14:00:00,22,21,1,29,2.37,1.04
SUB-07,suburban,2026-05-14 15:00:00,29,28,1,22,3.75,1.0
SUB-07,suburban,2026-05-14 16:00:00,31,30,1,17,3.53,1.06
SUB-07,suburban,2026-05-14 17:00:00,42,36,6,24,6.18,1.1
SUB-07,suburban,2026-05-14 18:00:00,28,27,1,30,5.47,1.02
SUB-07,suburban,2026-05-14 19:00:00,35,34,1,29,3.94,1.08
SUB-07,suburban,2026-05-14 20:00:00,32,31,1,22,2.14,1.03
SUB-07,suburban,2026-05-14 21:00:00,32,25,7,16,5.04,1.38
SUB-07,suburban,2026-05-14 22:00:00,30,29,1,25,4.47,1.14
SUB-07,suburban,2026-05-14 23:00:00,27,26,1,25,4.43,1.0
SUB-07,suburban,2026-05-15 00:00:00,36,35,1,29,4.88,1.0
SUB-07,suburban,2026-05-15 01:00:00,36,35,1,35,3.84,1.0
SUB-07,suburban,2026-05-15 02:00:00,31,30,1,34,2.99,1.01
SUB-07,suburban,2026-05-15 03:00:00,36,35,1,30,5.06,1.0
SUB-07,suburban,2026-05-15 04:00:00,27,26,1,38,3.43,1.09
SUB-07,suburban,2026-05-15 05:00:00,44,43,1,40,2.91,1.01
SUB-07,suburban,2026-05-15 06:00:00,57,56,1,35,2.47,1.0
SUB-07,suburban,2026-05-15 07:00:00,62,61,1,43,3.21,1.1
SUB-07,suburban,2026-05-15 08:00:00,54,53,1,48,3.26,1.11
SUB-07,suburban,2026-05-15 09:00:00,47,46,1,47,4.1,1.0
SUB-07,suburban,2026-05-15 10:00:00,47,46,1,39,3.81,1.0
SUB-07,suburban,2026-05-15 11:00:00,38,37,1,33,3.08,1.0
SUB-07,suburban,2026-05-15 12:00:00,42,41,1,35,3.08,1.0
SUB-07,suburban,2026-05-15 13:00:00,36,35,1,28,4.5,1.02
SUB-07,suburban,2026-05-15 14:00:00,31,30,1,18,2.95,1.01
SUB-07,suburban,2026-05-15 15:00:00,31,30,1,34,2.32,1.0
SUB-07,suburban,2026-05-15 16:00:00,30,29,1,26,3.67,1.0
SUB-07,suburban,2026-05-15 17:00:00,32,31,1,27,3.53,1.0
SUB-07,suburban,2026-05-15 18:00:00,41,40,1,24,5.32,1.07
SUB-07,suburban,2026-05-15 19:00:00,45,44,1,29,4.27,1.05
SUB-07,suburban,2026-05-15 20:00:00,39,38,1,27,3.74,1.06
SUB-07,suburban,2026-05-15 21:00:00,32,31,1,39,3.66,1.12
SUB-07,suburban,2026-05-15 22:00:00,45,44,1,38,3.9,1.1
SUB-07,suburban,2026-05-15 23:00:00,32,31,1,32,4.08,1.0
SUB-07,suburban,2026-05-16 00:00:00,37,36,1,31,2.43,1.0
SUB-07,suburban,2026-05-16 01:00:00,35,34,1,27,3.59,1.09
SUB-07,suburban,2026-05-16 02:00:00,43,42,1,27,3.43,1.0
SUB-07,suburban,2026-05-16 03:00:00,46,45,1,32,4.1,1.05
SUB-07,suburban,2026-05-16 04:00:00,31,30,1,40,3.21,1.0
SUB-07,suburban,2026-05-16 05:00:00,42,41,1,40,2.9,1.09
SUB-07,suburban,2026-05-16 06:00:00,51,50,1,36,3.59,1.01
SUB-07,suburban,2026-05-16 07:00:00,64,63,1,51,3.57,1.03
SUB-07,suburban,2026-05-16 08:00:00,53,52,1,49,3.27,1.0
SUB-07,suburban,2026-05-16 09:00:00,54,53,1,58,4.15,1.05
SUB-07,suburban,2026-05-16 10:00:00,37,36,1,49,4.62,1.1
SUB-07,suburban,2026-05-16 11:00:00,32,31,1,38,2.55,1.12
SUB-07,suburban,2026-05-16 12:00:00,38,37,1,26,5.09,1.0
SUB-07,suburban,2026-05-16 13:00:00,29,28,1,25,3.04,1.14
SUB-07,suburban,2026-05-16 14:00:00,29,28,1,27,3.57,1.1
SUB-07,suburban,2026-05-16 15:00:00,37,36,1,28,3.97,1.0
SUB-07,suburban,2026-05-16 16:00:00,28,27,1,27,3.31,1.05
SUB-07,suburban,2026-05-16 17:00:00,29,28,1,31,4.21,1.0
SUB-07,suburban,2026-05-16 18:00:00,34,33,1,30,3.31,1.0
SUB-07,suburban,2026-05-16 19:00:00,30,29,1,26,3.14,1.01
SUB-07,suburban,2026-05-16 20:00:00,38,37,1,25,3.89,1.0
SUB-07,suburban,2026-05-16 21:00:00,30,29,1,25,4.66,1.0
SUB-07,suburban,2026-05-16 22:00:00,31,30,1,32,3.65,1.07
SUB-07,suburban,2026-05-16 23:00:00,28,27,1,34,3.23,1.0
SUB-07,suburban,2026-05-17 00:00:00,29,28,1,28,3.19,1.0
SUB-07,suburban,2026-05-17 01:00:00,31,30,1,30,4.09,1.0
SUB-07,suburban,2026-05-17 02:00:00,28,27,1,26,3.73,1.0
SUB-07,suburban,2026-05-17 03:00:00,39,38,1,32,3.53,1.02
SUB-07,suburban,2026-05-17 04:00:00,33,32,1,31,4.18,1.04
SUB-07,suburban,2026-05-17 05:00:00,45,44,1,45,3.15,1.01
SUB-07,suburban,2026-05-17 06:00:00,52,51,1,38,3.0,1.0
SUB-07,suburban,2026-05-17 07:00:00,56,55,1,44,4.5,1.0
SUB-07,suburban,2026-05-17 08:00:00,49,48,1,46,3.77,1.0
SUB-07,suburban,2026-05-17 09:00:00,52,51,1,51,3.71,1.05
SUB-07,suburban,2026-05-17 10:00:00,40,39,1,41,3.35,1.05
SUB-07,suburban,2026-05-17 11:00:00,40,39,1,38,2.65,1.12
SUB-07,suburban,2026-05-17 12:00:00,25,24,1,28,3.8,1.01
SUB-07,suburban,2026-05-17 13:00:00,25,24,1,27,4.54,1.0
SUB-07,suburban,2026-05-17 14:00:00,26,25,1,28,3.48,1.0
SUB-07,suburban,2026-05-17 15:00:00,30,29,1,29,3.01,1.09
SUB-07,suburban,2026-05-17 16:00:00,27,26,1,24,3.92,1.04
SUB-07,suburban,2026-05-17 17:00:00,27,26,1,21,4.18,1.0
SUB-07,suburban,2026-05-17 18:00:00,25,24,1,31,4.19,1.03
SUB-07,suburban,2026-05-17 19:00:00,28,27,1,25,4.41,1.03
SUB-07,suburban,2026-05-17 20:00:00,29,28,1,20,2.57,1.04
SUB-07,suburban,2026-05-17 21:00:00,33,32,1,23,4.86,1.03
SUB-07,suburban,2026-05-17 22:00:00,42,41,1,19,2.34,1.0
SUB-07,suburban,2026-05-17 23:00:00,25,24,1,26,4.57,1.13
SUB-07,suburban,2026-05-18 00:00:00,27,26,1,31,4.27,1.02
SUB-07,suburban,2026-05-18 01:00:00,30,29,1,31,4.18,1.0
SUB-07,suburban,2026-05-18 02:00:00,25,24,1,27,2.85,1.0
SUB-07,suburban,2026-05-18 03:00:00,25,24,1,30,3.08,1.11
SUB-07,suburban,2026-05-18 04:00:00,27,26,1,32,4.36,1.02
SUB-07,suburban,2026-05-18 05:00:00,35,34,1,32,5.76,1.0
SUB-07,suburban,2026-05-18 06:00:00,37,36,1,49,2.48,1.0
SUB-07,suburban,2026-05-18 07:00:00,39,38,1,42,3.34,1.02
SUB-07,suburban,2026-05-18 08:00:00,39,38,1,41,3.75,1.0
SUB-07,suburban,2026-05-18 09:00:00,75,60,15,34,5.44,1.18
SUB-07,suburban,2026-05-18 10:00:00,51,50,1,47,4.22,1.03
SUB-07,suburban,2026-05-18 11:00:00,27,26,1,28,4.36,1.06
SUB-07,suburban,2026-05-18 12:00:00,34,33,1,28,2.32,1.06
SUB-07,suburban,2026-05-18 13:00:00,38,37,1,27,3.92,1.02
SUB-07,suburban,2026-05-18 14:00:00,31,30,1,24,3.29,1.07
SUB-07,suburban,2026-05-18 15:00:00,31,30,1,23,2.73,1.09
SUB-07,suburban,2026-05-18 16:00:00,29,28,1,23,4.09,1.07
SUB-07,suburban,2026-05-18 17:00:00,38,37,1,25,3.66,1.07
SUB-07,suburban,2026-05-18 18:00:00,27,26,1,20,3.38,1.0
SUB-07,suburban,2026-05-18 19:00:00,31,30,1,15,2.93,1.0
SUB-07,suburban,2026-05-18 20:00:00,37,31,6,19,4.65,1.3
SUB-07,suburban,2026-05-18 21:00:00,31,30,1,20,2.97,1.06
SUB-07,suburban,2026-05-18 22:00:00,49,44,5,22,4.1,1.18
SUB-07,suburban,2026-05-18 23:00:00,27,26,1,23,4.72,1.03
SUB-07,suburban,2026-05-19 00:00:00,31,30,1,24,4.68,1.08
SUB-07,suburban,2026-05-19 01:00:00,29,28,1,33,4.81,1.14
SUB-07,suburban,2026-05-19 02:00:00,37,36,1,32,4.48,1.01
SUB-07,suburban,2026-05-19 03:00:00,30,29,1,28,2.75,1.03
SUB-07,suburban,2026-05-19 04:00:00,37,36,1,41,2.75,1.07
SUB-07,suburban,2026-05-19 05:00:00,35,34,1,35,3.11,1.1
SUB-07,suburban,2026-05-19 06:00:00,33,32,1,38,4.08,1.0
SUB-07,suburban,2026-05-19 07:00:00,42,41,1,40,4.59,1.05
SUB-07,suburban,2026-05-19 08:00:00,46,45,1,42,4.7,1.0
SUB-07,suburban,2026-05-19 09:00:00,43,42,1,34,3.66,1.04
SUB-07,suburban,2026-05-19 10:00:00,49,48,1,37,3.52,1.0
SUB-07,suburban,2026-05-19 11:00:00,30,29,1,31,3.62,1.03
SUB-07,suburban,2026-05-19 12:00:00,30,29,1,20,3.51,1.07
SUB-07,suburban,2026-05-19 13:00:00,31,30,1,28,4.55,1.05
SUB-07,suburban,2026-05-19 14:00:00,33,28,5,16,4.37,1.16
SUB-07,suburban,2026-05-19 15:00:00,30,29,1,28,4.3,1.01
SUB-07,suburban,2026-05-19 16:00:00,32,31,1,25,4.4,1.04
SUB-07,suburban,2026-05-19 17:00:00,33,32,1,25,3.73,1.0
SUB-07,suburban,2026-05-19 18:00:00,41,40,1,21,3.79,1.07
SUB-07,suburban,2026-05-19 19:00:00,20,19,1,22,4.58,1.05
SUB-07,suburban,2026-05-19 20:00:00,22,21,1,23,4.7,1.06
SUB-07,suburban,2026-05-19 21:00:00,28,27,1,35,2.37,1.0
SUB-07,suburban,2026-05-19 22:00:00,20,19,1,23,5.15,1.0
SUB-07,suburban,2026-05-19 23:00:00,25,24,1,25,4.99,1.0
SUB-07,suburban,2026-05-20 00:00:00,26,25,1,36,2.88,1.0
SUB-07,suburban,2026-05-20 01:00:00,25,24,1,19,3.39,1.08
SUB-07,suburban,2026-05-20 02:00:00,17,16,1,21,3.06,1.0
SUB-07,suburban,2026-05-20 03:00:00,40,39,1,22,2.44,1.07
SUB-07,suburban,2026-05-20 04:00:00,34,33,1,31,3.05,1.04
SUB-07,suburban,2026-05-20 05:00:00,30,29,1,26,4.52,1.05
SUB-07,suburban,2026-05-20 06:00:00,41,40,1,37,3.01,1.0
SUB-07,suburban,2026-05-20 07:00:00,51,50,1,36,4.68,1.04
SUB-07,suburban,2026-05-20 08:00:00,65,64,1,46,4.04,1.01
SUB-07,suburban,2026-05-20 09:00:00,60,59,1,30,3.97,1.08
SUB-07,suburban,2026-05-20 10:00:00,45,44,1,37,2.0,1.0
SUB-07,suburban,2026-05-20 11:00:00,31,30,1,36,4.75,1.0
SUB-07,suburban,2026-05-20 12:00:00,34,33,1,30,4.3,1.09
SUB-07,suburban,2026-05-20 13:00:00,39,38,1,29,5.21,1.01
SUB-07,suburban,2026-05-20 14:00:00,24,23,1,25,4.22,1.09
SUB-07,suburban,2026-05-20 15:00:00,28,27,1,30,4.19,1.0
SUB-07,suburban,2026-05-20 16:00:00,25,24,1,40,4.18,1.02
SUB-07,suburban,2026-05-20 17:00:00,28,27,1,34,3.36,1.0
SUB-07,suburban,2026-05-20 18:00:00,27,26,1,30,4.2,1.06
SUB-07,suburban,2026-05-20 19:00:00,37,36,1,28,5.04,1.07
SUB-07,suburban,2026-05-20 20:00:00,19,18,1,20,3.75,1.05
SUB-07,suburban,2026-05-20 21:00:00,25,24,1,32,3.43,1.01
SUB-07,suburban,2026-05-20 22:00:00,29,28,1,26,3.57,1.1
SUB-07,suburban,2026-05-20 23:00:00,23,22,1,29,2.8,1.0
SUB-07,suburban,2026-05-21 00:00:00,34,33,1,24,4.13,1.12
SUB-07,suburban,2026-05-21 01:00:00,25,24,1,28,3.8,1.0
SUB-07,suburban,2026-05-21 02:00:00,34,33,1,30,3.72,1.0
SUB-07,suburban,2026-05-21 03:00:00,30,29,1,23,5.45,1.04
SUB-07,suburban,2026-05-21 04:00:00,32,31,1,33,3.21,1.06
SUB-07,suburban,2026-05-21 05:00:00,43,42,1,33,3.8,1.0
SUB-07,suburban,2026-05-21 06:00:00,42,41,1,36,4.16,1.03
SUB-07,suburban,2026-05-21 07:00:00,38,37,1,48,3.83,1.03
SUB-07,suburban,2026-05-21 08:00:00,26,25,1,34,4.06,1.0
SUB-07,suburban,2026-05-21 09:00:00,49,48,1,44,5.07,1.05
SUB-07,suburban,2026-05-21 10:00:00,39,38,1,39,3.18,1.03
SUB-07,suburban,2026-05-21 11:00:00,33,32,1,27,4.85,1.14
SUB-07,suburban,2026-05-21 12:00:00,23,22,1,19,3.9,1.0
SUB-07,suburban,2026-05-21 13:00:00,26,25,1,30,5.16,1.01
SUB-07,suburban,2026-05-21 14:00:00,24,23,1,21,3.3,1.13
SUB-07,suburban,2026-05-21 15:00:00,38,34,4,23,4.66,1.16
SUB-07,suburban,2026-05-21 16:00:00,40,39,1,29,3.31,1.08
SUB-07,suburban,2026-05-21 17:00:00,32,31,1,21,5.37,1.07
SUB-07,suburban,2026-05-21 18:00:00,29,28,1,37,3.84,1.03
SUB-07,suburban,2026-05-21 19:00:00,36,35,1,30,4.47,1.15
SUB-07,suburban,2026-05-21 20:00:00,31,30,1,25,4.04,1.14
SUB-07,suburban,2026-05-21 21:00:00,43,42,1,31,4.12,1.0
SUB-07,suburban,2026-05-21 22:00:00,34,33,1,26,3.07,1.0
SUB-07,suburban,2026-05-21 23:00:00,23,22,1,23,2.72,1.01
SUB-07,suburban,2026-05-22 00:00:00,38,37,1,23,3.94,1.15
SUB-07,suburban,2026-05-22 01:00:00,37,36,1,24,3.58,1.08
SUB-07,suburban,2026-05-22 02:00:00,43,42,1,29,3.3,1.0
SUB-07,suburban,2026-05-22 03:00:00,38,37,1,32,3.43,1.0
SUB-07,suburban,2026-05-22 04:00:00,50,49,1,30,4.78,1.06
SUB-07,suburban,2026-05-22 05:00:00,48,47,1,30,4.03,1.09
SUB-07,suburban,2026-05-22 06:00:00,32,31,1,40,4.55,1.02
SUB-07,suburban,2026-05-22 07:00:00,45,44,1,54,3.74,1.16
SUB-07,suburban,2026-05-22 08:00:00,59,58,1,54,3.37,1.08
SUB-07,suburban,2026-05-22 09:00:00,63,62,1,43,3.53,1.03
SUB-07,suburban,2026-05-22 10:00:00,54,53,1,50,3.09,1.02
SUB-07,suburban,2026-05-22 11:00:00,41,40,1,33,3.88,1.0
SUB-07,suburban,2026-05-22 12:00:00,40,39,1,32,2.28,1.06
SUB-07,suburban,2026-05-22 13:00:00,48,47,1,26,4.58,1.08
SUB-07,suburban,2026-05-22 14:00:00,42,41,1,33,3.33,1.1
SUB-07,suburban,2026-05-22 15:00:00,30,29,1,20,4.82,1.07
SUB-07,suburban,2026-05-22 16:00:00,40,39,1,27,5.12,1.0
SUB-07,suburban,2026-05-22 17:00:00,31,30,1,32,4.63,1.0
SUB-07,suburban,2026-05-22 18:00:00,38,37,1,30,4.12,1.09
SUB-07,suburban,2026-05-22 19:00:00,40,39,1,34,4.71,1.08
SUB-07,suburban,2026-05-22 20:00:00,20,19,1,32,2.92,1.06
SUB-07,suburban,2026-05-22 21:00:00,42,41,1,32,5.02,1.0
SUB-07,suburban,2026-05-22 22:00:00,34,33,1,25,3.83,1.04
SUB-07,suburban,2026-05-22 23:00:00,39,32,7,18,6.3,1.23
SUB-07,suburban,2026-05-23 00:00:00,38,37,1,40,2.24,1.0
SUB-07,suburban,2026-05-23 01:00:00,22,21,1,31,3.48,1.0
SUB-07,suburban,2026-05-23 02:00:00,35,34,1,34,4.52,1.0
SUB-07,suburban,2026-05-23 03:00:00,41,40,1,29,3.06,1.01
SUB-07,suburban,2026-05-23 04:00:00,44,43,1,35,3.94,1.11
SUB-07,suburban,2026-05-23 05:00:00,43,42,1,35,4.33,1.03
SUB-07,suburban,2026-05-23 06:00:00,53,52,1,46,4.02,1.04
SUB-07,suburban,2026-05-23 07:00:00,52,51,1,48,3.12,1.11
SUB-07,suburban,2026-05-23 08:00:00,70,67,3,43,4.12,1.01
SUB-07,suburban,2026-05-23 09:00:00,60,59,1,54,3.49,1.0
SUB-07,suburban,2026-05-23 10:00:00,37,36,1,37,5.21,1.0
SUB-07,suburban,2026-05-23 11:00:00,45,44,1,31,3.76,1.0
SUB-07,suburban,2026-05-23 12:00:00,47,46,1,38,4.34,1.0
SUB-07,suburban,2026-05-23 13:00:00,25,24,1,30,5.13,1.0
SUB-07,suburban,2026-05-23 14:00:00,24,23,1,21,2.37,1.0
SUB-07,suburban,2026-05-23 15:00:00,27,26,1,19,3.02,1.03
SUB-07,suburban,2026-05-23 16:00:00,35,34,1,39,3.66,1.04
SUB-07,suburban,2026-05-23 17:00:00,47,46,1,26,3.01,1.12
SUB-07,suburban,2026-05-23 18:00:00,39,38,1,33,4.1,1.0
SUB-07,suburban,2026-05-23 19:00:00,32,31,1,27,3.95,1.0
SUB-07,suburban,2026-05-23 20:00:00,34,33,1,32,4.2,1.0
SUB-07,suburban,2026-05-23 21:00:00,34,33,1,32,4.18,1.02
SUB-07,suburban,2026-05-23 22:00:00,35,34,1,40,3.87,1.08
SUB-07,suburban,2026-05-23 23:00:00,20,19,1,38,3.85,1.0
SUB-07,suburban,2026-05-24 00:00:00,35,30,5,20,4.27,1.31
SUB-07,suburban,2026-05-24 01:00:00,39,38,1,28,5.49,1.06
SUB-07,suburban,2026-05-24 02:00:00,35,34,1,21,3.93,1.02
SUB-07,suburban,2026-05-24 03:00:00,25,24,1,28,3.61,1.0
SUB-07,suburban,2026-05-24 04:00:00,34,33,1,25,3.73,1.03
SUB-07,suburban,2026-05-24 05:00:00,32,31,1,22,2.26,1.01
SUB-07,suburban,2026-05-24 06:00:00,42,41,1,37,3.16,1.07
SUB-07,suburban,2026-05-24 07:00:00,44,43,1,30,2.69,1.16
SUB-07,suburban,2026-05-24 08:00:00,49,48,1,51,3.04,1.07
SUB-07,suburban,2026-05-24 09:00:00,52,51,1,43,3.22,1.0
SUB-07,suburban,2026-05-24 10:00:00,50,49,1,53,3.34,1.0
SUB-07,suburban,2026-05-24 11:00:00,38,36,2,22,4.58,1.0
SUB-07,suburban,2026-05-24 12:00:00,26,25,1,18,4.4,1.01
SUB-07,suburban,2026-05-24 13:00:00,29,28,1,25,4.54,1.0
SUB-07,suburban,2026-05-24 14:00:00,30,29,1,25,3.66,1.01
SUB-07,suburban,2026-05-24 15:00:00,40,39,1,28,3.92,1.0
SUB-07,suburban,2026-05-24 16:00:00,26,25,1,28,4.64,1.07
SUB-07,suburban,2026-05-24 17:00:00,36,35,1,24,4.36,1.11
SUB-07,suburban,2026-05-24 18:00:00,26,25,1,34,2.93,1.01
SUB-07,suburban,2026-05-24 19:00:00,25,24,1,20,3.33,1.0
SUB-07,suburban,2026-05-24 20:00:00,25,24,1,25,4.07,1.0
SUB-07,suburban,2026-05-24 21:00:00,26,25,1,22,4.77,1.0
SUB-07,suburban,2026-05-24 22:00:00,30,29,1,30,3.53,1.07
SUB-07,suburban,2026-05-24 23:00:00,32,31,1,29,5.01,1.15
SUB-07,suburban,2026-05-25 00:00:00,28,27,1,20,2.53,1.09
SUB-07,suburban,2026-05-25 01:00:00,23,22,1,32,4.72,1.15
SUB-07,suburban,2026-05-25 02:00:00,32,31,1,22,4.4,1.0
SUB-07,suburban,2026-05-25 03:00:00,32,31,1,40,2.48,1.0
SUB-07,suburban,2026-05-25 04:00:00,29,28,1,28,2.66,1.0
SUB-07,suburban,2026-05-25 05:00:00,26,25,1,37,2.02,1.0
SUB-07,suburban,2026-05-25 06:00:00,36,35,1,48,3.19,1.02
SUB-07,suburban,2026-05-25 07:00:00,47,46,1,40,3.42,1.0
SUB-07,suburban,2026-05-25 08:00:00,63,62,1,56,3.0,1.0
SUB-07,suburban,2026-05-25 09:00:00,50,49,1,45,4.93,1.03
SUB-07,suburban,2026-05-25 10:00:00,37,36,1,28,4.23,1.11
SUB-07,suburban,2026-05-25 11:00:00,32,31,1,30,4.72,1.05
SUB-07,suburban,2026-05-25 12:00:00,23,22,1,33,3.84,1.03
SUB-07,suburban,2026-05-25 13:00:00,38,37,1,22,3.78,1.11
SUB-07,suburban,2026-05-25 14:00:00,28,27,1,23,3.75,1.05
SUB-07,suburban,2026-05-25 15:00:00,26,25,1,24,2.47,1.0
SUB-07,suburban,2026-05-25 16:00:00,30,29,1,32,3.25,1.0
SUB-07,suburban,2026-05-25 17:00:00,34,33,1,27,3.64,1.01
SUB-07,suburban,2026-05-25 18:00:00,29,28,1,23,3.0,1.0
SUB-07,suburban,2026-05-25 19:00:00,33,29,4,19,3.89,1.2
SUB-07,suburban,2026-05-25 20:00:00,23,22,1,26,3.91,1.0
SUB-07,suburban,2026-05-25 21:00:00,30,29,1,25,3.45,1.0
SUB-07,suburban,2026-05-25 22:00:00,27,26,1,27,3.87,1.15
SUB-07,suburban,2026-05-25 23:00:00,33,32,1,24,4.64,1.0
SUB-07,suburban,2026-05-26 00:00:00,33,32,1,26,3.85,1.0
SUB-07,suburban,2026-05-26 01:00:00,27,26,1,25,4.72,1.06
SUB-07,suburban,2026-05-26 02:00:00,32,31,1,20,4.47,1.0
SUB-07,suburban,2026-05-26 03:00:00,30,29,1,20,4.52,1.03
SUB-07,suburban,2026-05-26 04:00:00,30,29,1,30,4.24,1.0
SUB-07,suburban,2026-05-26 05:00:00,37,36,1,28,3.79,1.0
SUB-07,suburban,2026-05-26 06:00:00,49,48,1,40,3.03,1.0
SUB-07,suburban,2026-05-26 07:00:00,50,49,1,41,2.91,1.03
SUB-07,suburban,2026-05-26 08:00:00,56,55,1,43,3.1,1.0
SUB-07,suburban,2026-05-26 09:00:00,54,53,1,41,2.53,1.02
SUB-07,suburban,2026-05-26 10:00:00,44,43,1,43,2.87,1.12
SUB-07,suburban,2026-05-26 11:00:00,38,37,1,35,3.83,1.08
SUB-07,suburban,2026-05-26 12:00:00,32,31,1,32,3.26,1.01
SUB-07,suburban,2026-05-26 13:00:00,26,25,1,35,4.63,1.0
SUB-07,suburban,2026-05-26 14:00:00,36,35,1,33,2.73,1.17
SUB-07,suburban,2026-05-26 15:00:00,23,22,1,29,5.85,1.0
SUB-07,suburban,2026-05-26 16:00:00,31,30,1,26,3.3,1.0
SUB-07,suburban,2026-05-26 17:00:00,30,29,1,26,2.81,1.01
SUB-07,suburban,2026-05-26 18:00:00,23,22,1,28,3.25,1.0
SUB-07,suburban,2026-05-26 19:00:00,25,24,1,29,5.27,1.16
SUB-07,suburban,2026-05-26 20:00:00,30,29,1,27,5.03,1.07
SUB-07,suburban,2026-05-26 21:00:00,30,29,1,24,2.7,1.02
SUB-07,suburban,2026-05-26 22:00:00,31,30,1,29,4.04,1.01
SUB-07,suburban,2026-05-26 23:00:00,23,22,1,21,5.22,1.04
SUB-07,suburban,2026-05-27 00:00:00,30,29,1,35,2.93,1.01
SUB-07,suburban,2026-05-27 01:00:00,28,27,1,29,3.98,1.05
SUB-07,suburban,2026-05-27 02:00:00,22,21,1,24,4.8,1.17
SUB-07,suburban,2026-05-27 03:00:00,24,23,1,23,4.48,1.0
SUB-07,suburban,2026-05-27 04:00:00,23,22,1,28,3.55,1.07
SUB-07,suburban,2026-05-27 05:00:00,42,41,1,37,2.91,1.0
SUB-07,suburban,2026-05-27 06:00:00,34,33,1,38,3.93,1.0
SUB-07,suburban,2026-05-27 07:00:00,53,41,12,27,5.59,1.33
SUB-07,suburban,2026-05-27 08:00:00,51,50,1,55,3.75,1.0
SUB-07,suburban,2026-05-27 09:00:00,47,46,1,51,3.64,1.0
SUB-07,suburban,2026-05-27 10:00:00,50,49,1,33,3.57,1.04
SUB-07,suburban,2026-05-27 11:00:00,36,35,1,26,2.28,1.05
SUB-07,suburban,2026-05-27 12:00:00,35,34,1,35,3.59,1.03
SUB-07,suburban,2026-05-27 13:00:00,38,37,1,41,4.08,1.0
SUB-07,suburban,2026-05-27 14:00:00,33,32,1,25,4.17,1.0
SUB-07,suburban,2026-05-27 15:00:00,37,36,1,25,3.2,1.0
SUB-07,suburban,2026-05-27 16:00:00,33,32,1,19,3.52,1.09
SUB-07,suburban,2026-05-27 17:00:00,31,30,1,17,3.68,1.03
SUB-07,suburban,2026-05-27 18:00:00,31,24,7,12,6.24,1.37
SUB-07,suburban,2026-05-27 19:00:00,31,30,1,18,3.52,1.0
SUB-07,suburban,2026-05-27 20:00:00,24,23,1,23,3.48,1.02
SUB-07,suburban,2026-05-27 21:00:00,27,26,1,28,4.04,1.08
SUB-07,suburban,2026-05-27 22:00:00,30,29,1,30,3.95,1.02
SUB-07,suburban,2026-05-27 23:00:00,38,37,1,29,3.27,1.0
SUB-07,suburban,2026-05-28 00:00:00,31,30,1,31,2.2,1.06
SUB-07,suburban,2026-05-28 01:00:00,30,29,1,21,3.53,1.03
SUB-07,suburban,2026-05-28 02:00:00,32,31,1,29,3.51,1.0
SUB-07,suburban,2026-05-28 03:00:00,40,39,1,26,3.61,1.1
SUB-07,suburban,2026-05-28 04:00:00,30,29,1,20,4.03,1.07
SUB-07,suburban,2026-05-28 05:00:00,34,33,1,29,4.68,1.15
SUB-07,suburban,2026-05-28 06:00:00,36,35,1,37,3.27,1.02
SUB-07,suburban,2026-05-28 07:00:00,45,44,1,32,3.25,1.01
SUB-07,suburban,2026-05-28 08:00:00,37,36,1,48,3.08,1.03
SUB-07,suburban,2026-05-28 09:00:00,45,44,1,43,5.15,1.1
SUB-07,suburban,2026-05-28 10:00:00,38,37,1,35,4.7,1.02
SUB-07,suburban,2026-05-28 11:00:00,36,35,1,28,4.14,1.0
SUB-07,suburban,2026-05-28 12:00:00,33,32,1,31,2.87,1.01
SUB-07,suburban,2026-05-28 13:00:00,28,27,1,23,2.58,1.0
SUB-07,suburban,2026-05-28 14:00:00,35,34,1,19,3.01,1.0
SUB-07,suburban,2026-05-28 15:00:00,25,24,1,25,3.72,1.01
SUB-07,suburban,2026-05-28 16:00:00,27,26,1,21,3.8,1.0
SUB-07,suburban,2026-05-28 17:00:00,36,35,1,25,2.9,1.09
SUB-07,suburban,2026-05-28 18:00:00,20,19,1,31,4.7,1.04
SUB-07,suburban,2026-05-28 19:00:00,32,31,1,27,3.8,1.0
SUB-07,suburban,2026-05-28 20:00:00,38,37,1,26,3.81,1.04
SUB-07,suburban,2026-05-28 21:00:00,31,30,1,20,2.42,1.0
SUB-07,suburban,2026-05-28 22:00:00,29,22,7,14,5.13,1.27
SUB-07,suburban,2026-05-28 23:00:00,17,16,1,30,3.38,1.0
SUB-07,suburban,2026-05-29 00:00:00,26,25,1,27,4.43,1.0
SUB-07,suburban,2026-05-29 01:00:00,37,36,1,36,2.81,1.0
SUB-07,suburban,2026-05-29 02:00:00,41,40,1,25,4.04,1.07
SUB-07,suburban,2026-05-29 03:00:00,45,44,1,32,4.21,1.01
SUB-07,suburban,2026-05-29 04:00:00,34,33,1,35,2.18,1.0
SUB-07,suburban,2026-05-29 05:00:00,34,33,1,33,3.06,1.14
SUB-07,suburban,2026-05-29 06:00:00,38,37,1,36,3.52,1.05
SUB-07,suburban,2026-05-29 07:00:00,38,37,1,51,2.69,1.0
SUB-07,suburban,2026-05-29 08:00:00,61,60,1,46,3.6,1.0
SUB-07,suburban,2026-05-29 09:00:00,55,54,1,40,3.57,1.02
SUB-07,suburban,2026-05-29 10:00:00,61,41,20,26,7.02,1.5
SUB-07,suburban,2026-05-29 11:00:00,38,37,1,38,2.91,1.0
SUB-07,suburban,2026-05-29 12:00:00,34,33,1,39,2.97,1.15
SUB-07,suburban,2026-05-29 13:00:00,38,37,1,35,3.02,1.03
SUB-07,suburban,2026-05-29 14:00:00,32,31,1,27,4.0,1.0
SUB-07,suburban,2026-05-29 15:00:00,31,30,1,33,3.65,1.06
SUB-07,suburban,2026-05-29 16:00:00,37,36,1,32,3.69,1.0
SUB-07,suburban,2026-05-29 17:00:00,33,32,1,25,3.11,1.0
SUB-07,suburban,2026-05-29 18:00:00,30,29,1,30,3.25,1.04
SUB-07,suburban,2026-05-29 19:00:00,42,41,1,33,4.2,1.01
SUB-07,suburban,2026-05-29 20:00:00,35,34,1,31,3.99,1.0
SUB-07,suburban,2026-05-29 21:00:00,41,40,1,34,3.84,1.0
SUB-07,suburban,2026-05-29 22:00:00,32,31,1,33,4.97,1.03
SUB-07,suburban,2026-05-29 23:00:00,41,40,1,31,3.33,1.01
SUB-07,suburban,2026-05-30 00:00:00,36,35,1,31,4.49,1.0
SUB-07,suburban,2026-05-30 01:00:00,37,36,1,35,4.09,1.08
SUB-07,suburban,2026-05-30 02:00:00,37,36,1,40,4.47,1.03
SUB-07,suburban,2026-05-30 03:00:00,32,31,1,32,4.15,1.03
SUB-07,suburban,2026-05-30 04:00:00,49,48,1,27,2.08,1.0
SUB-07,suburban,2026-05-30 05:00:00,46,45,1,43,2.72,1.06
SUB-07,suburban,2026-05-30 06:00:00,42,41,1,52,3.97,1.01
SUB-07,suburban,2026-05-30 07:00:00,50,49,1,56,3.56,1.07
SUB-07,suburban,2026-05-30 08:00:00,67,65,2,46,3.02,1.04
SUB-07,suburban,2026-05-30 09:00:00,53,52,1,38,4.89,1.06
SUB-07,suburban,2026-05-30 10:00:00,48,47,1,35,4.89,1.1
SUB-07,suburban,2026-05-30 11:00:00,34,33,1,55,2.85,1.03
SUB-07,suburban,2026-05-30 12:00:00,31,30,1,44,3.92,1.02
SUB-07,suburban,2026-05-30 13:00:00,42,41,1,33,5.46,1.09
SUB-07,suburban,2026-05-30 14:00:00,32,31,1,35,4.55,1.07
SUB-07,suburban,2026-05-30 15:00:00,41,40,1,31,3.37,1.06
SUB-07,suburban,2026-05-30 16:00:00,28,27,1,26,3.57,1.0
SUB-07,suburban,2026-05-30 17:00:00,26,25,1,19,2.33,1.07
SUB-07,suburban,2026-05-30 18:00:00,26,25,1,32,2.91,1.18
SUB-07,suburban,2026-05-30 19:00:00,38,37,1,23,2.55,1.04
SUB-07,suburban,2026-05-30 20:00:00,29,28,1,33,2.46,1.0
SUB-07,suburban,2026-05-30 21:00:00,43,42,1,20,5.03,1.07
SUB-07,suburban,2026-05-30 22:00:00,36,35,1,23,3.52,1.1
SUB-07,suburban,2026-05-30 23:00:00,42,41,1,31,2.42,1.12
SUB-07,suburban,2026-05-31 00:00:00,24,23,1,27,2.41,1.0
SUB-07,suburban,2026-05-31 01:00:00,28,27,1,26,2.22,1.02
SUB-07,suburban,2026-05-31 02:00:00,34,33,1,38,3.03,1.0
SUB-07,suburban,2026-05-31 03:00:00,21,20,1,19,3.69,1.05
SUB-07,suburban,2026-05-31 04:00:00,27,26,1,33,4.41,1.0
SUB-07,suburban,2026-05-31 05:00:00,30,29,1,39,5.31,1.0
SUB-07,suburban,2026-05-31 06:00:00,53,52,1,35,2.86,1.03
SUB-07,suburban,2026-05-31 07:00:00,55,48,7,29,4.68,1.21
SUB-07,suburban,2026-05-31 08:00:00,54,53,1,46,3.45,1.11
SUB-07,suburban,2026-05-31 09:00:00,55,54,1,36,3.25,1.0
SUB-07,suburban,2026-05-31 10:00:00,35,34,1,36,3.63,1.03
SUB-07,suburban,2026-05-31 11:00:00,24,23,1,22,3.46,1.12
SUB-07,suburban,2026-05-31 12:00:00,23,22,1,35,4.21,1.11
SUB-07,suburban,2026-05-31 13:00:00,38,37,1,25,2.35,1.02
SUB-07,suburban,2026-05-31 14:00:00,32,31,1,22,3.4,1.03
SUB-07,suburban,2026-05-31 15:00:00,22,21,1,24,3.74,1.02
SUB-07,suburban,2026-05-31 16:00:00,26,25,1,24,4.57,1.04
SUB-07,suburban,2026-05-31 17:00:00,33,32,1,29,3.24,1.0
SUB-07,suburban,2026-05-31 18:00:00,28,27,1,33,2.14,1.03
SUB-07,suburban,2026-05-31 19:00:00,26,25,1,24,3.24,1.05
SUB-07,suburban,2026-05-31 20:00:00,35,34,1,24,3.8,1.02
SUB-07,suburban,2026-05-31 21:00:00,36,35,1,28,3.98,1.0
SUB-07,suburban,2026-05-31 22:00:00,35,34,1,24,3.39,1.09
SUB-07,suburban,2026-05-31 23:00:00,43,42,1,24,3.35,1.08
SUB-07,suburban,2026-06-01 00:00:00,28,27,1,25,4.01,1.1
SUB-07,suburban,2026-06-01 01:00:00,31,30,1,30,2.49,1.07
SUB-07,suburban,2026-06-01 02:00:00,31,30,1,20,4.4,1.06
SUB-07,suburban,2026-06-01 03:00:00,20,19,1,19,3.38,1.0
SUB-07,suburban,2026-06-01 04:00:00,41,40,1,24,3.79,1.03
SUB-07,suburban,2026-06-01 05:00:00,38,37,1,33,4.55,1.0
SUB-07,suburban,2026-06-01 06:00:00,27,26,1,51,4.05,1.0
SUB-07,suburban,2026-06-01 07:00:00,43,42,1,42,3.38,1.0
SUB-07,suburban,2026-06-01 08:00:00,36,35,1,38,3.33,1.01
SUB-07,suburban,2026-06-01 09:00:00,36,35,1,41,4.38,1.0
SUB-07,suburban,2026-06-01 10:00:00,41,40,1,43,3.01,1.07
SUB-07,suburban,2026-06-01 11:00:00,40,38,2,23,5.16,1.06
SUB-07,suburban,2026-06-01 12:00:00,34,33,1,32,4.5,1.0
SUB-07,suburban,2026-06-01 13:00:00,26,25,1,27,3.59,1.0
SUB-07,suburban,2026-06-01 14:00:00,26,25,1,26,3.06,1.07
SUB-07,suburban,2026-06-01 15:00:00,44,42,2,20,4.04,1.0
SUB-07,suburban,2026-06-01 16:00:00,30,29,1,31,3.83,1.0
SUB-07,suburban,2026-06-01 17:00:00,30,29,1,26,3.68,1.02
SUB-07,suburban,2026-06-01 18:00:00,30,29,1,28,4.42,1.0
SUB-07,suburban,2026-06-01 19:00:00,34,33,1,22,4.84,1.07
SUB-07,suburban,2026-06-01 20:00:00,28,27,1,27,3.08,1.04
SUB-07,suburban,2026-06-01 21:00:00,33,32,1,31,2.89,1.0
SUB-07,suburban,2026-06-01 22:00:00,21,20,1,28,3.36,1.1
SUB-07,suburban,2026-06-01 23:00:00,31,29,2,18,5.81,1.07
SUB-07,suburban,2026-06-02 00:00:00,30,29,1,25,4.01,1.0
SUB-07,suburban,2026-06-02 01:00:00,32,31,1,23,3.33,1.0
SUB-07,suburban,2026-06-02 02:00:00,28,27,1,23,2.77,1.0
SUB-07,suburban,2026-06-02 03:00:00,38,37,1,27,3.45,1.0
SUB-07,suburban,2026-06-02 04:00:00,26,25,1,23,4.87,1.02
SUB-07,suburban,2026-06-02 05:00:00,33,32,1,35,3.05,1.0
SUB-07,suburban,2026-06-02 06:00:00,41,40,1,44,4.12,1.04
SUB-07,suburban,2026-06-02 07:00:00,42,41,1,52,2.0,1.05
SUB-07,suburban,2026-06-02 08:00:00,46,45,1,52,3.77,1.0
SUB-07,suburban,2026-06-02 09:00:00,55,54,1,50,5.11,1.04
SUB-07,suburban,2026-06-02 10:00:00,40,39,1,44,4.08,1.01
SUB-07,suburban,2026-06-02 11:00:00,42,41,1,31,3.0,1.0
SUB-07,suburban,2026-06-02 12:00:00,30,29,1,31,4.17,1.0
SUB-07,suburban,2026-06-02 13:00:00,33,32,1,24,3.84,1.0
SUB-07,suburban,2026-06-02 14:00:00,27,26,1,29,4.41,1.04
SUB-07,suburban,2026-06-02 15:00:00,21,20,1,21,3.55,1.03
SUB-07,suburban,2026-06-02 16:00:00,27,26,1,29,4.35,1.0
SUB-07,suburban,2026-06-02 17:00:00,22,21,1,27,2.6,1.06
SUB-07,suburban,2026-06-02 18:00:00,31,30,1,19,4.45,1.07
SUB-07,suburban,2026-06-02 19:00:00,25,24,1,34,3.22,1.04
SUB-07,suburban,2026-06-02 20:00:00,30,29,1,31,3.39,1.1
SUB-07,suburban,2026-06-02 21:00:00,26,25,1,23,3.68,1.0
SUB-07,suburban,2026-06-02 22:00:00,33,30,3,20,5.4,1.05
SUB-07,suburban,2026-06-02 23:00:00,22,21,1,30,4.26,1.0
SUB-07,suburban,2026-06-03 00:00:00,29,28,1,29,3.23,1.0
SUB-07,suburban,2026-06-03 01:00:00,27,26,1,24,4.84,1.08
SUB-07,suburban,2026-06-03 02:00:00,25,24,1,26,4.02,1.0
SUB-07,suburban,2026-06-03 03:00:00,37,36,1,28,3.05,1.03
SUB-07,suburban,2026-06-03 04:00:00,37,30,7,18,5.44,1.17
SUB-07,suburban,2026-06-03 05:00:00,43,42,1,36,5.48,1.01
SUB-07,suburban,2026-06-03 06:00:00,37,36,1,34,4.9,1.15
SUB-07,suburban,2026-06-03 07:00:00,47,46,1,31,4.61,1.0
SUB-07,suburban,2026-06-03 08:00:00,42,41,1,38,5.05,1.08
SUB-07,suburban,2026-06-03 09:00:00,48,47,1,50,4.14,1.0
SUB-07,suburban,2026-06-03 10:00:00,34,33,1,39,3.67,1.01
SUB-07,suburban,2026-06-03 11:00:00,19,18,1,33,3.37,1.1
SUB-07,suburban,2026-06-03 12:00:00,34,33,1,25,2.86,1.0
SUB-07,suburban,2026-06-03 13:00:00,37,36,1,32,4.02,1.0
SUB-07,suburban,2026-06-03 14:00:00,45,44,1,35,3.89,1.09
SUB-07,suburban,2026-06-03 15:00:00,26,25,1,23,3.49,1.15
SUB-07,suburban,2026-06-03 16:00:00,31,30,1,23,4.73,1.08
SUB-07,suburban,2026-06-03 17:00:00,33,32,1,26,3.37,1.01
SUB-07,suburban,2026-06-03 18:00:00,30,29,1,20,3.11,1.0
SUB-07,suburban,2026-06-03 19:00:00,37,36,1,22,2.93,1.08
SUB-07,suburban,2026-06-03 20:00:00,31,30,1,28,2.99,1.04
SUB-07,suburban,2026-06-03 21:00:00,34,33,1,32,4.84,1.08
SUB-07,suburban,2026-06-03 22:00:00,35,34,1,24,3.98,1.1
SUB-07,suburban,2026-06-03 23:00:00,21,20,1,27,2.97,1.17
SUB-07,suburban,2026-06-04 00:00:00,28,27,1,22,3.27,1.05
SUB-07,suburban,2026-06-04 01:00:00,26,25,1,21,4.37,1.0
SUB-07,suburban,2026-06-04 02:00:00,28,27,1,32,3.47,1.04
SUB-07,suburban,2026-06-04 03:00:00,29,28,1,16,2.87,1.06
SUB-07,suburban,2026-06-04 04:00:00,31,30,1,31,5.09,1.0
SUB-07,suburban,2026-06-04 05:00:00,41,40,1,34,3.94,1.04
SUB-07,suburban,2026-06-04 06:00:00,43,42,1,45,4.15,1.05
SUB-07,suburban,2026-06-04 07:00:00,57,56,1,40,4.16,1.0
SUB-07,suburban,2026-06-04 08:00:00,54,53,1,55,2.07,1.04
SUB-07,suburban,2026-06-04 09:00:00,57,56,1,46,2.61,1.0
SUB-07,suburban,2026-06-04 10:00:00,55,54,1,48,3.05,1.07
SUB-07,suburban,2026-06-04 11:00:00,49,48,1,27,4.04,1.0
SUB-07,suburban,2026-06-04 12:00:00,28,27,1,32,3.87,1.02
SUB-07,suburban,2026-06-04 13:00:00,27,26,1,24,2.26,1.05
SUB-07,suburban,2026-06-04 14:00:00,28,27,1,27,4.39,1.06
SUB-07,suburban,2026-06-04 15:00:00,45,33,12,20,5.34,1.4
SUB-07,suburban,2026-06-04 16:00:00,29,28,1,19,2.68,1.0
SUB-07,suburban,2026-06-04 17:00:00,31,30,1,20,3.76,1.0
SUB-07,suburban,2026-06-04 18:00:00,32,31,1,21,2.04,1.0
SUB-07,suburban,2026-06-04 19:00:00,37,36,1,26,3.89,1.01
SUB-07,suburban,2026-06-04 20:00:00,31,30,1,29,3.87,1.0
SUB-07,suburban,2026-06-04 21:00:00,24,23,1,28,3.18,1.04
SUB-07,suburban,2026-06-04 22:00:00,31,30,1,29,4.38,1.0
SUB-07,suburban,2026-06-04 23:00:00,35,34,1,32,3.88,1.03
SUB-07,suburban,2026-06-05 00:00:00,31,30,1,31,2.45,1.06
SUB-07,suburban,2026-06-05 01:00:00,40,39,1,40,2.95,1.06
SUB-07,suburban,2026-06-05 02:00:00,33,32,1,38,2.87,1.0
SUB-07,suburban,2026-06-05 03:00:00,28,27,1,28,3.96,1.11
SUB-07,suburban,2026-06-05 04:00:00,33,32,1,20,4.01,1.0
SUB-07,suburban,2026-06-05 05:00:00,48,47,1,37,3.1,1.0
SUB-07,suburban,2026-06-05 06:00:00,53,52,1,52,4.3,1.0
SUB-07,suburban,2026-06-05 07:00:00,73,71,2,54,4.69,1.05
SUB-07,suburban,2026-06-05 08:00:00,57,56,1,63,3.13,1.01
SUB-07,suburban,2026-06-05 09:00:00,60,59,1,67,4.71,1.07
SUB-07,suburban,2026-06-05 10:00:00,37,36,1,46,3.39,1.06
SUB-07,suburban,2026-06-05 11:00:00,43,42,1,59,4.41,1.01
SUB-07,suburban,2026-06-05 12:00:00,30,29,1,32,3.44,1.0
SUB-07,suburban,2026-06-05 13:00:00,24,23,1,33,2.87,1.01
SUB-07,suburban,2026-06-05 14:00:00,29,28,1,21,3.83,1.05
SUB-07,suburban,2026-06-05 15:00:00,37,33,4,20,4.03,1.17
SUB-07,suburban,2026-06-05 16:00:00,31,30,1,25,4.03,1.0
SUB-07,suburban,2026-06-05 17:00:00,28,27,1,24,2.28,1.11
SUB-07,suburban,2026-06-05 18:00:00,34,33,1,31,4.6,1.0
SUB-07,suburban,2026-06-05 19:00:00,41,40,1,32,3.43,1.0
SUB-07,suburban,2026-06-05 20:00:00,39,38,1,35,2.87,1.02
SUB-07,suburban,2026-06-05 21:00:00,39,38,1,25,3.65,1.08
SUB-07,suburban,2026-06-05 22:00:00,31,30,1,32,4.1,1.0
SUB-07,suburban,2026-06-05 23:00:00,39,38,1,29,3.79,1.04
SUB-07,suburban,2026-06-06 00:00:00,40,39,1,33,4.0,1.05
SUB-07,suburban,2026-06-06 01:00:00,29,28,1,30,2.53,1.06
SUB-07,suburban,2026-06-06 02:00:00,41,40,1,37,4.26,1.0
SUB-07,suburban,2026-06-06 03:00:00,34,33,1,32,3.02,1.01
SUB-07,suburban,2026-06-06 04:00:00,32,31,1,42,5.49,1.13
SUB-07,suburban,2026-06-06 05:00:00,45,44,1,35,2.65,1.11
SUB-07,suburban,2026-06-06 06:00:00,48,47,1,47,4.32,1.06
SUB-07,suburban,2026-06-06 07:00:00,69,67,2,48,3.97,1.05
SUB-07,suburban,2026-06-06 08:00:00,70,68,2,61,5.3,1.0
SUB-07,suburban,2026-06-06 09:00:00,40,39,1,54,3.86,1.02
SUB-07,suburban,2026-06-06 10:00:00,46,45,1,44,3.91,1.01
SUB-07,suburban,2026-06-06 11:00:00,41,40,1,32,3.17,1.05
SUB-07,suburban,2026-06-06 12:00:00,33,32,1,27,3.33,1.14
SUB-07,suburban,2026-06-06 13:00:00,24,23,1,28,3.77,1.0
SUB-07,suburban,2026-06-06 14:00:00,38,37,1,21,4.68,1.0
SUB-07,suburban,2026-06-06 15:00:00,38,37,1,34,2.0,1.1
SUB-07,suburban,2026-06-06 16:00:00,31,30,1,25,4.13,1.0
SUB-07,suburban,2026-06-06 17:00:00,38,37,1,27,3.4,1.05
SUB-07,suburban,2026-06-06 18:00:00,34,33,1,33,4.66,1.02
SUB-07,suburban,2026-06-06 19:00:00,36,35,1,29,5.48,1.0
SUB-07,suburban,2026-06-06 20:00:00,39,38,1,26,4.48,1.01
SUB-07,suburban,2026-06-06 21:00:00,32,31,1,31,3.37,1.11
SUB-07,suburban,2026-06-06 22:00:00,33,32,1,42,4.03,1.0
SUB-07,suburban,2026-06-06 23:00:00,27,26,1,35,4.61,1.0
SUB-07,suburban,2026-06-07 00:00:00,23,22,1,26,3.58,1.0
SUB-07,suburban,2026-06-07 01:00:00,47,46,1,26,2.82,1.0
SUB-07,suburban,2026-06-07 02:00:00,18,17,1,29,3.45,1.02
SUB-07,suburban,2026-06-07 03:00:00,25,24,1,33,4.35,1.0
SUB-07,suburban,2026-06-07 04:00:00,37,36,1,32,4.1,1.0
SUB-07,suburban,2026-06-07 05:00:00,40,39,1,31,2.98,1.01
SUB-07,suburban,2026-06-07 06:00:00,47,46,1,41,4.62,1.0
SUB-07,suburban,2026-06-07 07:00:00,44,43,1,34,4.25,1.01
SUB-07,suburban,2026-06-07 08:00:00,50,49,1,44,3.35,1.01
SUB-07,suburban,2026-06-07 09:00:00,51,50,1,50,2.83,1.0
SUB-07,suburban,2026-06-07 10:00:00,42,41,1,37,3.17,1.0
SUB-07,suburban,2026-06-07 11:00:00,46,45,1,28,2.51,1.0
SUB-07,suburban,2026-06-07 12:00:00,45,44,1,31,2.58,1.02
SUB-07,suburban,2026-06-07 13:00:00,29,28,1,25,4.36,1.0
SUB-07,suburban,2026-06-07 14:00:00,26,25,1,25,3.01,1.07
SUB-07,suburban,2026-06-07 15:00:00,25,24,1,30,3.03,1.11
SUB-07,suburban,2026-06-07 16:00:00,33,32,1,31,2.15,1.06
SUB-07,suburban,2026-06-07 17:00:00,28,27,1,23,5.71,1.0
SUB-07,suburban,2026-06-07 18:00:00,31,30,1,23,4.09,1.0
SUB-07,suburban,2026-06-07 19:00:00,32,31,1,41,4.3,1.02
SUB-07,suburban,2026-06-07 20:00:00,30,29,1,20,2.63,1.17
SUB-07,suburban,2026-06-07 21:00:00,25,24,1,26,3.46,1.08
SUB-07,suburban,2026-06-07 22:00:00,36,35,1,31,2.88,1.0
SUB-07,suburban,2026-06-07 23:00:00,26,25,1,23,4.65,1.06
SUB-07,suburban,2026-06-08 00:00:00,30,29,1,24,3.69,1.0
SUB-07,suburban,2026-06-08 01:00:00,33,32,1,23,4.39,1.06
SUB-07,suburban,2026-06-08 02:00:00,28,27,1,30,4.9,1.01
SUB-07,suburban,2026-06-08 03:00:00,17,16,1,16,3.86,1.04
SUB-07,suburban,2026-06-08 04:00:00,34,33,1,28,2.41,1.0
SUB-07,suburban,2026-06-08 05:00:00,43,42,1,35,3.63,1.0
SUB-07,suburban,2026-06-08 06:00:00,45,44,1,43,2.15,1.02
SUB-07,suburban,2026-06-08 07:00:00,51,50,1,41,4.52,1.06
SUB-07,suburban,2026-06-08 08:00:00,33,32,1,28,3.0,1.01
SUB-07,suburban,2026-06-08 09:00:00,49,48,1,41,4.45,1.07
SUB-07,suburban,2026-06-08 10:00:00,51,50,1,24,3.14,1.04
SUB-07,suburban,2026-06-08 11:00:00,46,45,1,43,3.79,1.04
SUB-07,suburban,2026-06-08 12:00:00,30,29,1,22,4.76,1.19
SUB-07,suburban,2026-06-08 13:00:00,19,18,1,21,3.84,1.0
SUB-07,suburban,2026-06-08 14:00:00,29,28,1,27,3.34,1.0
SUB-07,suburban,2026-06-08 15:00:00,33,30,3,16,4.19,1.24
SUB-07,suburban,2026-06-08 16:00:00,28,27,1,29,3.5,1.03
SUB-07,suburban,2026-06-08 17:00:00,31,30,1,20,3.68,1.0
SUB-07,suburban,2026-06-08 18:00:00,21,20,1,23,3.49,1.0
SUB-07,suburban,2026-06-08 19:00:00,29,28,1,20,3.64,1.0
SUB-07,suburban,2026-06-08 20:00:00,33,32,1,25,3.33,1.07
SUB-07,suburban,2026-06-08 21:00:00,23,22,1,23,2.62,1.05
SUB-07,suburban,2026-06-08 22:00:00,31,30,1,24,4.76,1.05
SUB-07,suburban,2026-06-08 23:00:00,31,30,1,26,2.38,1.08
SUB-07,suburban,2026-06-09 00:00:00,32,31,1,23,3.09,1.0
SUB-07,suburban,2026-06-09 01:00:00,29,28,1,25,3.08,1.09
SUB-07,suburban,2026-06-09 02:00:00,23,22,1,27,4.97,1.03
SUB-07,suburban,2026-06-09 03:00:00,34,33,1,38,4.06,1.0
SUB-07,suburban,2026-06-09 04:00:00,25,24,1,32,3.52,1.05
SUB-07,suburban,2026-06-09 05:00:00,32,31,1,28,5.26,1.0
SUB-07,suburban,2026-06-09 06:00:00,38,37,1,41,4.4,1.0
SUB-07,suburban,2026-06-09 07:00:00,38,37,1,46,4.42,1.05
SUB-07,suburban,2026-06-09 08:00:00,52,51,1,44,3.9,1.08
SUB-07,suburban,2026-06-09 09:00:00,39,38,1,51,3.88,1.04
SUB-07,suburban,2026-06-09 10:00:00,48,47,1,39,3.54,1.02
SUB-07,suburban,2026-06-09 11:00:00,34,33,1,41,2.73,1.09
SUB-07,suburban,2026-06-09 12:00:00,30,29,1,32,3.48,1.1
SUB-07,suburban,2026-06-09 13:00:00,27,26,1,25,4.79,1.03
SUB-07,suburban,2026-06-09 14:00:00,31,30,1,32,3.44,1.03
SUB-07,suburban,2026-06-09 15:00:00,32,31,1,30,3.4,1.0
SUB-07,suburban,2026-06-09 16:00:00,32,31,1,21,3.22,1.0
SUB-07,suburban,2026-06-09 17:00:00,32,31,1,26,4.58,1.02
SUB-07,suburban,2026-06-09 18:00:00,41,40,1,27,4.04,1.0
SUB-07,suburban,2026-06-09 19:00:00,29,28,1,28,2.61,1.0
SUB-07,suburban,2026-06-09 20:00:00,24,23,1,37,4.33,1.07
SUB-07,suburban,2026-06-09 21:00:00,27,26,1,26,3.85,1.03
SUB-07,suburban,2026-06-09 22:00:00,34,33,1,25,3.65,1.0
SUB-07,suburban,2026-06-09 23:00:00,39,23,16,15,7.66,1.65
SUB-07,suburban,2026-06-10 00:00:00,32,31,1,33,3.86,1.07
SUB-07,suburban,2026-06-10 01:00:00,38,37,1,29,4.55,1.13
SUB-07,suburban,2026-06-10 02:00:00,32,31,1,37,2.91,1.0
SUB-07,suburban,2026-06-10 03:00:00,31,30,1,25,3.71,1.0
SUB-07,suburban,2026-06-10 04:00:00,25,24,1,26,3.59,1.02
SUB-07,suburban,2026-06-10 05:00:00,41,40,1,37,4.5,1.0
SUB-07,suburban,2026-06-10 06:00:00,41,40,1,39,2.81,1.0
SUB-07,suburban,2026-06-10 07:00:00,36,35,1,58,2.77,1.09
SUB-07,suburban,2026-06-10 08:00:00,53,48,5,30,4.58,1.16
SUB-07,suburban,2026-06-10 09:00:00,58,57,1,45,2.0,1.0
SUB-07,suburban,2026-06-10 10:00:00,54,53,1,37,4.19,1.07
SUB-07,suburban,2026-06-10 11:00:00,47,46,1,30,2.88,1.11
SUB-07,suburban,2026-06-10 12:00:00,37,36,1,28,3.85,1.05
SUB-07,suburban,2026-06-10 13:00:00,34,33,1,28,3.82,1.05
SUB-07,suburban,2026-06-10 14:00:00,30,29,1,32,3.8,1.0
SUB-07,suburban,2026-06-10 15:00:00,31,30,1,25,2.48,1.0
SUB-07,suburban,2026-06-10 16:00:00,30,29,1,27,3.19,1.0
SUB-07,suburban,2026-06-10 17:00:00,25,24,1,23,3.61,1.06
SUB-07,suburban,2026-06-10 18:00:00,21,20,1,18,3.33,1.0
SUB-07,suburban,2026-06-10 19:00:00,31,30,1,33,4.49,1.0
SUB-07,suburban,2026-06-10 20:00:00,31,30,1,26,4.02,1.06
SUB-07,suburban,2026-06-10 21:00:00,34,33,1,28,3.56,1.01
SUB-07,suburban,2026-06-10 22:00:00,45,44,1,22,4.16,1.09
SUB-07,suburban,2026-06-10 23:00:00,27,26,1,28,3.97,1.1
SUB-07,suburban,2026-06-11 00:00:00,38,37,1,24,2.98,1.0
SUB-07,suburban,2026-06-11 01:00:00,34,27,7,18,5.65,1.28
SUB-07,suburban,2026-06-11 02:00:00,24,23,1,28,4.54,1.0
SUB-07,suburban,2026-06-11 03:00:00,27,26,1,28,2.92,1.0
SUB-07,suburban,2026-06-11 04:00:00,25,24,1,24,3.87,1.08
SUB-07,suburban,2026-06-11 05:00:00,34,33,1,38,2.42,1.0
SUB-07,suburban,2026-06-11 06:00:00,43,42,1,46,4.63,1.05
SUB-07,suburban,2026-06-11 07:00:00,35,34,1,42,2.49,1.0
SUB-07,suburban,2026-06-11 08:00:00,66,65,1,44,4.94,1.0
SUB-07,suburban,2026-06-11 09:00:00,38,37,1,46,2.75,1.0
SUB-07,suburban,2026-06-11 10:00:00,50,49,1,34,2.92,1.05
SUB-07,suburban,2026-06-11 11:00:00,26,25,1,40,4.68,1.0
SUB-07,suburban,2026-06-11 12:00:00,34,33,1,33,3.39,1.02
SUB-07,suburban,2026-06-11 13:00:00,26,25,1,24,3.9,1.02
SUB-07,suburban,2026-06-11 14:00:00,27,26,1,23,4.61,1.0
SUB-07,suburban,2026-06-11 15:00:00,26,25,1,27,3.55,1.05
SUB-07,suburban,2026-06-11 16:00:00,30,29,1,27,2.85,1.06
SUB-07,suburban,2026-06-11 17:00:00,20,19,1,26,3.83,1.07
SUB-07,suburban,2026-06-11 18:00:00,40,35,5,18,4.79,1.14
SUB-07,suburban,2026-06-11 19:00:00,38,37,1,29,3.65,1.04
SUB-07,suburban,2026-06-11 20:00:00,24,23,1,30,3.62,1.06
SUB-07,suburban,2026-06-11 21:00:00,22,21,1,17,4.7,1.0
SUB-07,suburban,2026-06-11 22:00:00,30,29,1,27,4.1,1.01
SUB-07,suburban,2026-06-11 23:00:00,39,38,1,29,2.8,1.02
SUB-07,suburban,2026-06-12 00:00:00,30,29,1,34,3.62,1.04
SUB-07,suburban,2026-06-12 01:00:00,35,34,1,24,2.0,1.1
SUB-07,suburban,2026-06-12 02:00:00,28,27,1,33,4.51,1.09
SUB-07,suburban,2026-06-12 03:00:00,29,28,1,27,4.45,1.0
SUB-07,suburban,2026-06-12 04:00:00,55,35,20,22,6.58,1.56
SUB-07,suburban,2026-06-12 05:00:00,44,43,1,30,2.64,1.0
SUB-07,suburban,2026-06-12 06:00:00,45,44,1,45,3.07,1.0
SUB-07,suburban,2026-06-12 07:00:00,51,50,1,58,3.08,1.0
SUB-07,suburban,2026-06-12 08:00:00,63,59,4,39,3.46,1.03
SUB-07,suburban,2026-06-12 09:00:00,53,52,1,48,2.83,1.0
SUB-07,suburban,2026-06-12 10:00:00,53,52,1,32,3.04,1.03
SUB-07,suburban,2026-06-12 11:00:00,44,43,1,29,3.09,1.01
SUB-07,suburban,2026-06-12 12:00:00,34,33,1,26,3.6,1.04
SUB-07,suburban,2026-06-12 13:00:00,45,44,1,39,2.81,1.12
SUB-07,suburban,2026-06-12 14:00:00,43,42,1,27,3.2,1.02
SUB-07,suburban,2026-06-12 15:00:00,44,43,1,24,3.76,1.05
SUB-07,suburban,2026-06-12 16:00:00,30,29,1,29,3.66,1.11
SUB-07,suburban,2026-06-12 17:00:00,31,30,1,26,3.29,1.0
SUB-07,suburban,2026-06-12 18:00:00,40,39,1,29,4.16,1.07
SUB-07,suburban,2026-06-12 19:00:00,28,27,1,27,3.46,1.03
SUB-07,suburban,2026-06-12 20:00:00,34,33,1,24,3.3,1.0
SUB-07,suburban,2026-06-12 21:00:00,27,26,1,33,3.91,1.0
SUB-07,suburban,2026-06-12 22:00:00,34,33,1,37,3.62,1.02
SUB-07,suburban,2026-06-12 23:00:00,36,35,1,33,2.07,1.08
SUB-07,suburban,2026-06-13 00:00:00,31,30,1,27,4.97,1.0
SUB-07,suburban,2026-06-13 01:00:00,37,31,6,20,4.04,1.25
SUB-07,suburban,2026-06-13 02:00:00,30,29,1,33,2.16,1.05
SUB-07,suburban,2026-06-13 03:00:00,29,28,1,32,4.26,1.07
SUB-07,suburban,2026-06-13 04:00:00,38,37,1,36,5.27,1.16
SUB-07,suburban,2026-06-13 05:00:00,38,37,1,29,2.5,1.0
SUB-07,suburban,2026-06-13 06:00:00,52,51,1,42,2.59,1.03
SUB-07,suburban,2026-06-13 07:00:00,48,47,1,61,3.14,1.0
SUB-07,suburban,2026-06-13 08:00:00,47,46,1,51,3.36,1.0
SUB-07,suburban,2026-06-13 09:00:00,48,47,1,45,3.31,1.0
SUB-07,suburban,2026-06-13 10:00:00,47,46,1,52,4.08,1.0
SUB-07,suburban,2026-06-13 11:00:00,39,38,1,32,2.0,1.0
SUB-07,suburban,2026-06-13 12:00:00,34,33,1,37,4.45,1.0
SUB-07,suburban,2026-06-13 13:00:00,36,35,1,32,3.79,1.05
SUB-07,suburban,2026-06-13 14:00:00,28,27,1,25,2.73,1.02
SUB-07,suburban,2026-06-13 15:00:00,32,31,1,32,5.25,1.0
SUB-07,suburban,2026-06-13 16:00:00,37,36,1,30,4.53,1.0
SUB-07,suburban,2026-06-13 17:00:00,38,37,1,28,3.38,1.0
SUB-07,suburban,2026-06-13 18:00:00,31,30,1,36,3.59,1.1
SUB-07,suburban,2026-06-13 19:00:00,31,30,1,30,3.01,1.16
SUB-07,suburban,2026-06-13 20:00:00,33,32,1,28,5.69,1.01
SUB-07,suburban,2026-06-13 21:00:00,28,27,1,23,4.09,1.03
SUB-07,suburban,2026-06-13 22:00:00,33,32,1,39,3.07,1.0
SUB-07,suburban,2026-06-13 23:00:00,30,29,1,33,3.8,1.0
SUB-07,suburban,2026-06-14 00:00:00,34,33,1,31,4.73,1.03
SUB-07,suburban,2026-06-14 01:00:00,40,39,1,29,2.63,1.03
SUB-07,suburban,2026-06-14 02:00:00,32,31,1,22,3.05,1.06
SUB-07,suburban,2026-06-14 03:00:00,21,20,1,22,2.51,1.08
SUB-07,suburban,2026-06-14 04:00:00,35,34,1,30,3.98,1.11
SUB-07,suburban,2026-06-14 05:00:00,35,34,1,41,4.21,1.02
SUB-07,suburban,2026-06-14 06:00:00,40,39,1,36,3.51,1.0
SUB-07,suburban,2026-06-14 07:00:00,40,39,1,51,3.7,1.0
SUB-07,suburban,2026-06-14 08:00:00,52,51,1,37,3.68,1.0
SUB-07,suburban,2026-06-14 09:00:00,51,50,1,44,3.53,1.0
SUB-07,suburban,2026-06-14 10:00:00,31,30,1,38,3.79,1.07
SUB-07,suburban,2026-06-14 11:00:00,30,29,1,26,3.19,1.0
SUB-07,suburban,2026-06-14 12:00:00,26,25,1,25,3.65,1.0
SUB-07,suburban,2026-06-14 13:00:00,30,29,1,26,3.5,1.0
SUB-07,suburban,2026-06-14 14:00:00,30,29,1,23,4.18,1.0
SUB-07,suburban,2026-06-14 15:00:00,30,29,1,29,3.75,1.09
SUB-07,suburban,2026-06-14 16:00:00,38,30,8,17,6.11,1.32
SUB-07,suburban,2026-06-14 17:00:00,34,33,1,23,4.16,1.0
SUB-07,suburban,2026-06-14 18:00:00,32,31,1,21,4.18,1.0
SUB-07,suburban,2026-06-14 19:00:00,33,32,1,35,3.54,1.03
SUB-07,suburban,2026-06-14 20:00:00,19,18,1,21,3.72,1.02
SUB-07,suburban,2026-06-14 21:00:00,24,23,1,30,3.03,1.06
SUB-07,suburban,2026-06-14 22:00:00,44,43,1,30,4.56,1.0
SUB-07,suburban,2026-06-14 23:00:00,24,23,1,26,4.05,1.08
SUB-07,suburban,2026-06-15 00:00:00,36,33,3,17,4.86,1.0
SUB-07,suburban,2026-06-15 01:00:00,30,29,1,18,3.48,1.0
SUB-07,suburban,2026-06-15 02:00:00,28,27,1,22,4.75,1.02
SUB-07,suburban,2026-06-15 03:00:00,31,30,1,32,2.92,1.12
SUB-07,suburban,2026-06-15 04:00:00,41,38,3,25,3.04,1.22
SUB-07,suburban,2026-06-15 05:00:00,47,46,1,35,4.32,1.0
SUB-07,suburban,2026-06-15 06:00:00,39,38,1,33,4.44,1.09
SUB-07,suburban,2026-06-15 07:00:00,47,46,1,44,3.53,1.04
SUB-07,suburban,2026-06-15 08:00:00,53,52,1,57,4.57,1.04
SUB-07,suburban,2026-06-15 09:00:00,40,39,1,41,3.52,1.1
SUB-07,suburban,2026-06-15 10:00:00,37,36,1,45,5.68,1.06
SUB-07,suburban,2026-06-15 11:00:00,32,31,1,40,4.61,1.06
SUB-07,suburban,2026-06-15 12:00:00,30,29,1,36,4.44,1.06
SUB-07,suburban,2026-06-15 13:00:00,34,33,1,28,3.0,1.0
SUB-07,suburban,2026-06-15 14:00:00,29,28,1,28,2.88,1.02
SUB-07,suburban,2026-06-15 15:00:00,25,24,1,27,2.83,1.04
SUB-07,suburban,2026-06-15 16:00:00,25,24,1,21,2.9,1.0
SUB-07,suburban,2026-06-15 17:00:00,17,16,1,33,3.17,1.0
SUB-07,suburban,2026-06-15 18:00:00,24,23,1,27,3.17,1.09
SUB-07,suburban,2026-06-15 19:00:00,30,29,1,31,2.91,1.0
SUB-07,suburban,2026-06-15 20:00:00,28,27,1,27,3.24,1.09
SUB-07,suburban,2026-06-15 21:00:00,26,25,1,33,2.46,1.0
SUB-07,suburban,2026-06-15 22:00:00,31,30,1,30,3.82,1.0
SUB-07,suburban,2026-06-15 23:00:00,21,20,1,28,4.88,1.0
SUB-07,suburban,2026-06-16 00:00:00,27,26,1,23,3.48,1.02
SUB-07,suburban,2026-06-16 01:00:00,38,37,1,26,2.73,1.01
SUB-07,suburban,2026-06-16 02:00:00,33,32,1,27,4.84,1.06
SUB-07,suburban,2026-06-16 03:00:00,43,42,1,29,3.61,1.02
SUB-07,suburban,2026-06-16 04:00:00,39,38,1,27,3.2,1.07
SUB-07,suburban,2026-06-16 05:00:00,37,36,1,39,5.04,1.0
SUB-07,suburban,2026-06-16 06:00:00,41,40,1,33,3.78,1.0
SUB-07,suburban,2026-06-16 07:00:00,43,42,1,39,3.83,1.07
SUB-07,suburban,2026-06-16 08:00:00,66,65,1,55,2.89,1.01
SUB-07,suburban,2026-06-16 09:00:00,55,54,1,38,3.02,1.0
SUB-07,suburban,2026-06-16 10:00:00,50,49,1,41,3.84,1.08
SUB-07,suburban,2026-06-16 11:00:00,34,33,1,26,4.1,1.0
SUB-07,suburban,2026-06-16 12:00:00,31,30,1,21,3.68,1.07
SUB-07,suburban,2026-06-16 13:00:00,35,34,1,31,3.8,1.0
SUB-07,suburban,2026-06-16 14:00:00,34,33,1,32,4.05,1.08
SUB-07,suburban,2026-06-16 15:00:00,21,20,1,32,3.56,1.04
SUB-07,suburban,2026-06-16 16:00:00,29,28,1,22,3.48,1.0
SUB-07,suburban,2026-06-16 17:00:00,31,30,1,20,4.3,1.01
SUB-07,suburban,2026-06-16 18:00:00,24,23,1,24,3.68,1.05
SUB-07,suburban,2026-06-16 19:00:00,26,25,1,28,3.62,1.12
SUB-07,suburban,2026-06-16 20:00:00,32,31,1,31,4.44,1.01
SUB-07,suburban,2026-06-16 21:00:00,31,30,1,29,3.54,1.1
SUB-07,suburban,2026-06-16 22:00:00,23,22,1,24,3.43,1.11
SUB-07,suburban,2026-06-16 23:00:00,27,26,1,20,4.07,1.01
SUB-07,suburban,2026-06-17 00:00:00,30,29,1,27,4.32,1.03
SUB-07,suburban,2026-06-17 01:00:00,23,22,1,24,3.42,1.11
SUB-07,suburban,2026-06-17 02:00:00,36,35,1,28,5.13,1.02
SUB-07,suburban,2026-06-17 03:00:00,28,27,1,26,4.95,1.0
SUB-07,suburban,2026-06-17 04:00:00,37,36,1,29,4.32,1.07
SUB-07,suburban,2026-06-17 05:00:00,33,32,1,27,3.64,1.0
SUB-07,suburban,2026-06-17 06:00:00,52,51,1,35,4.02,1.0
SUB-07,suburban,2026-06-17 07:00:00,49,48,1,49,3.79,1.15
SUB-07,suburban,2026-06-17 08:00:00,46,45,1,50,2.73,1.0
SUB-07,suburban,2026-06-17 09:00:00,40,39,1,47,3.3,1.0
SUB-07,suburban,2026-06-17 10:00:00,47,46,1,37,2.64,1.07
SUB-07,suburban,2026-06-17 11:00:00,38,37,1,23,2.69,1.02
SUB-07,suburban,2026-06-17 12:00:00,29,28,1,34,4.32,1.02
SUB-07,suburban,2026-06-17 13:00:00,30,29,1,26,4.34,1.0
SUB-07,suburban,2026-06-17 14:00:00,33,32,1,19,3.09,1.04
SUB-07,suburban,2026-06-17 15:00:00,33,32,1,27,3.39,1.07
SUB-07,suburban,2026-06-17 16:00:00,19,18,1,22,3.83,1.0
SUB-07,suburban,2026-06-17 17:00:00,31,30,1,26,2.07,1.0
SUB-07,suburban,2026-06-17 18:00:00,22,21,1,37,3.1,1.04
SUB-07,suburban,2026-06-17 19:00:00,42,41,1,27,3.96,1.0
SUB-07,suburban,2026-06-17 20:00:00,33,32,1,20,3.59,1.02
SUB-07,suburban,2026-06-17 21:00:00,30,29,1,26,2.7,1.09
SUB-07,suburban,2026-06-17 22:00:00,29,28,1,19,3.95,1.0
SUB-07,suburban,2026-06-17 23:00:00,33,32,1,31,4.35,1.0
SUB-07,suburban,2026-06-18 00:00:00,26,25,1,20,4.08,1.04
SUB-07,suburban,2026-06-18 01:00:00,30,28,2,19,2.71,1.0
SUB-07,suburban,2026-06-18 02:00:00,33,32,1,32,3.21,1.04
SUB-07,suburban,2026-06-18 03:00:00,23,22,1,22,4.7,1.03
SUB-07,suburban,2026-06-18 04:00:00,36,35,1,31,2.36,1.01
SUB-07,suburban,2026-06-18 05:00:00,37,36,1,36,4.65,1.09
SUB-07,suburban,2026-06-18 06:00:00,47,46,1,46,4.24,1.11
SUB-07,suburban,2026-06-18 07:00:00,64,63,1,42,3.88,1.09
SUB-07,suburban,2026-06-18 08:00:00,54,53,1,43,2.0,1.0
SUB-07,suburban,2026-06-18 09:00:00,48,47,1,37,3.4,1.06
SUB-07,suburban,2026-06-18 10:00:00,37,36,1,45,3.9,1.02
SUB-07,suburban,2026-06-18 11:00:00,38,37,1,39,3.65,1.01
SUB-07,suburban,2026-06-18 12:00:00,25,24,1,31,4.54,1.06
SUB-07,suburban,2026-06-18 13:00:00,29,28,1,19,4.02,1.0
SUB-07,suburban,2026-06-18 14:00:00,27,26,1,28,3.25,1.0
SUB-07,suburban,2026-06-18 15:00:00,20,19,1,26,4.53,1.0
SUB-07,suburban,2026-06-18 16:00:00,26,25,1,33,3.53,1.0
SUB-07,suburban,2026-06-18 17:00:00,28,27,1,29,4.13,1.01
SUB-07,suburban,2026-06-18 18:00:00,30,29,1,24,3.71,1.03
SUB-07,suburban,2026-06-18 19:00:00,15,14,1,25,4.13,1.12
SUB-07,suburban,2026-06-18 20:00:00,24,23,1,26,3.91,1.09
SUB-07,suburban,2026-06-18 21:00:00,32,31,1,32,3.41,1.11
SUB-07,suburban,2026-06-18 22:00:00,31,30,1,25,4.77,1.02
SUB-07,suburban,2026-06-18 23:00:00,33,32,1,29,5.36,1.08
SUB-07,suburban,2026-06-19 00:00:00,29,28,1,31,3.55,1.0
SUB-07,suburban,2026-06-19 01:00:00,39,38,1,32,3.81,1.12
SUB-07,suburban,2026-06-19 02:00:00,33,32,1,17,3.53,1.0
SUB-07,suburban,2026-06-19 03:00:00,30,29,1,28,3.49,1.0
SUB-07,suburban,2026-06-19 04:00:00,42,41,1,30,2.76,1.08
SUB-07,suburban,2026-06-19 05:00:00,33,32,1,37,3.61,1.0
SUB-07,suburban,2026-06-19 06:00:00,53,52,1,44,3.89,1.05
SUB-07,suburban,2026-06-19 07:00:00,64,63,1,48,3.51,1.13
SUB-07,suburban,2026-06-19 08:00:00,67,65,2,45,5.01,1.04
SUB-07,suburban,2026-06-19 09:00:00,53,52,1,50,2.73,1.02
SUB-07,suburban,2026-06-19 10:00:00,40,39,1,42,4.74,1.01
SUB-07,suburban,2026-06-19 11:00:00,49,48,1,28,3.8,1.0
SUB-07,suburban,2026-06-19 12:00:00,34,33,1,17,3.88,1.06
SUB-07,suburban,2026-06-19 13:00:00,33,32,1,24,4.3,1.08
SUB-07,suburban,2026-06-19 14:00:00,35,34,1,32,2.69,1.04
SUB-07,suburban,2026-06-19 15:00:00,34,33,1,29,3.18,1.0
SUB-07,suburban,2026-06-19 16:00:00,33,32,1,26,3.79,1.0
SUB-07,suburban,2026-06-19 17:00:00,38,37,1,25,3.3,1.04
SUB-07,suburban,2026-06-19 18:00:00,31,30,1,19,3.59,1.0
SUB-07,suburban,2026-06-19 19:00:00,37,30,7,20,5.84,1.27
SUB-07,suburban,2026-06-19 20:00:00,25,24,1,36,4.49,1.04
SUB-07,suburban,2026-06-19 21:00:00,34,33,1,27,3.57,1.11
SUB-07,suburban,2026-06-19 22:00:00,36,35,1,37,4.17,1.0
SUB-07,suburban,2026-06-19 23:00:00,33,32,1,34,3.62,1.0
SUB-07,suburban,2026-06-20 00:00:00,41,40,1,33,3.45,1.01
SUB-07,suburban,2026-06-20 01:00:00,26,25,1,31,3.2,1.0
SUB-07,suburban,2026-06-20 02:00:00,36,32,4,18,5.56,1.1
SUB-07,suburban,2026-06-20 03:00:00,23,22,1,27,3.35,1.0
SUB-07,suburban,2026-06-20 04:00:00,51,50,1,33,3.8,1.01
SUB-07,suburban,2026-06-20 05:00:00,41,40,1,33,3.48,1.0
SUB-07,suburban,2026-06-20 06:00:00,58,57,1,47,4.33,1.0
SUB-07,suburban,2026-06-20 07:00:00,55,54,1,45,3.91,1.04
SUB-07,suburban,2026-06-20 08:00:00,53,52,1,63,2.22,1.02
SUB-07,suburban,2026-06-20 09:00:00,45,44,1,58,2.05,1.0
SUB-07,suburban,2026-06-20 10:00:00,50,49,1,35,3.78,1.02
SUB-07,suburban,2026-06-20 11:00:00,34,33,1,49,3.47,1.11
SUB-07,suburban,2026-06-20 12:00:00,37,36,1,36,3.99,1.02
SUB-07,suburban,2026-06-20 13:00:00,35,34,1,26,2.0,1.04
SUB-07,suburban,2026-06-20 14:00:00,37,36,1,26,3.67,1.09
SUB-07,suburban,2026-06-20 15:00:00,33,32,1,29,2.81,1.0
SUB-07,suburban,2026-06-20 16:00:00,27,26,1,32,2.36,1.0
SUB-07,suburban,2026-06-20 17:00:00,35,34,1,25,3.53,1.13
SUB-07,suburban,2026-06-20 18:00:00,28,27,1,26,3.87,1.05
SUB-07,suburban,2026-06-20 19:00:00,50,49,1,33,4.37,1.06
SUB-07,suburban,2026-06-20 20:00:00,37,36,1,35,4.31,1.06
SUB-07,suburban,2026-06-20 21:00:00,41,40,1,26,2.55,1.04
SUB-07,suburban,2026-06-20 22:00:00,34,33,1,34,2.92,1.0
SUB-07,suburban,2026-06-20 23:00:00,43,42,1,36,3.68,1.05
SUB-07,suburban,2026-06-21 00:00:00,27,26,1,21,4.59,1.0
SUB-07,suburban,2026-06-21 01:00:00,32,31,1,22,3.64,1.0
SUB-07,suburban,2026-06-21 02:00:00,28,27,1,20,3.27,1.04
SUB-07,suburban,2026-06-21 03:00:00,23,22,1,23,3.28,1.0
SUB-07,suburban,2026-06-21 04:00:00,31,30,1,30,3.89,1.0
SUB-07,suburban,2026-06-21 05:00:00,34,33,1,25,4.33,1.13
SUB-07,suburban,2026-06-21 06:00:00,37,36,1,47,3.12,1.07
SUB-07,suburban,2026-06-21 07:00:00,33,32,1,41,3.89,1.0
SUB-07,suburban,2026-06-21 08:00:00,57,56,1,44,2.95,1.02
SUB-07,suburban,2026-06-21 09:00:00,50,49,1,43,3.09,1.07
SUB-07,suburban,2026-06-21 10:00:00,41,40,1,41,4.27,1.09
SUB-07,suburban,2026-06-21 11:00:00,37,36,1,21,2.97,1.04
SUB-07,suburban,2026-06-21 12:00:00,38,37,1,25,2.44,1.07
SUB-07,suburban,2026-06-21 13:00:00,24,23,1,30,2.82,1.03
SUB-07,suburban,2026-06-21 14:00:00,23,22,1,32,3.92,1.0
SUB-07,suburban,2026-06-21 15:00:00,24,19,5,11,6.68,1.18
SUB-07,suburban,2026-06-21 16:00:00,21,20,1,27,4.11,1.11
SUB-07,suburban,2026-06-21 17:00:00,26,25,1,27,3.92,1.12
SUB-07,suburban,2026-06-21 18:00:00,28,27,1,19,4.33,1.1
SUB-07,suburban,2026-06-21 19:00:00,28,27,1,32,4.63,1.13
SUB-07,suburban,2026-06-21 20:00:00,28,27,1,30,2.0,1.04
SUB-07,suburban,2026-06-21 21:00:00,28,27,1,29,2.97,1.14
SUB-07,suburban,2026-06-21 22:00:00,25,24,1,28,3.5,1.08
SUB-07,suburban,2026-06-21 23:00:00,33,32,1,29,4.09,1.0
SUB-07,suburban,2026-06-22 00:00:00,21,20,1,27,4.06,1.03
SUB-07,suburban,2026-06-22 01:00:00,27,26,1,28,3.33,1.0
SUB-07,suburban,2026-06-22 02:00:00,31,30,1,22,3.84,1.06
SUB-07,suburban,2026-06-22 03:00:00,15,14,1,30,4.64,1.02
SUB-07,suburban,2026-06-22 04:00:00,47,46,1,38,4.44,1.0
SUB-07,suburban,2026-06-22 05:00:00,32,31,1,37,3.31,1.0
SUB-07,suburban,2026-06-22 06:00:00,42,41,1,33,2.39,1.0
SUB-07,suburban,2026-06-22 07:00:00,40,39,1,41,3.71,1.08
SUB-07,suburban,2026-06-22 08:00:00,54,53,1,39,3.97,1.01
SUB-07,suburban,2026-06-22 09:00:00,52,51,1,48,3.59,1.1
SUB-07,suburban,2026-06-22 10:00:00,50,49,1,42,3.85,1.13
SUB-07,suburban,2026-06-22 11:00:00,39,38,1,28,4.83,1.05
SUB-07,suburban,2026-06-22 12:00:00,23,22,1,33,3.56,1.0
SUB-07,suburban,2026-06-22 13:00:00,33,32,1,31,4.25,1.01
SUB-07,suburban,2026-06-22 14:00:00,32,31,1,26,3.43,1.12
SUB-07,suburban,2026-06-22 15:00:00,22,21,1,19,4.59,1.0
SUB-07,suburban,2026-06-22 16:00:00,30,29,1,30,4.06,1.0
SUB-07,suburban,2026-06-22 17:00:00,23,22,1,18,4.76,1.0
SUB-07,suburban,2026-06-22 18:00:00,24,23,1,29,2.97,1.03
SUB-07,suburban,2026-06-22 19:00:00,44,43,1,31,2.42,1.02
SUB-07,suburban,2026-06-22 20:00:00,29,28,1,24,3.37,1.03
SUB-07,suburban,2026-06-22 21:00:00,28,27,1,21,3.58,1.09
SUB-07,suburban,2026-06-22 22:00:00,27,26,1,36,4.08,1.01
SUB-07,suburban,2026-06-22 23:00:00,28,27,1,25,3.22,1.02
SUB-07,suburban,2026-06-23 00:00:00,32,31,1,36,3.12,1.05
SUB-07,suburban,2026-06-23 01:00:00,27,26,1,21,2.93,1.07
SUB-07,suburban,2026-06-23 02:00:00,42,34,8,22,4.85,1.27
SUB-07,suburban,2026-06-23 03:00:00,34,33,1,23,3.4,1.02
SUB-07,suburban,2026-06-23 04:00:00,38,37,1,26,2.63,1.0
SUB-07,suburban,2026-06-23 05:00:00,32,31,1,24,2.16,1.0
SUB-07,suburban,2026-06-23 06:00:00,39,38,1,36,4.78,1.09
SUB-07,suburban,2026-06-23 07:00:00,44,43,1,42,3.95,1.0
SUB-07,suburban,2026-06-23 08:00:00,41,40,1,38,4.64,1.0
SUB-07,suburban,2026-06-23 09:00:00,51,50,1,37,4.55,1.0
SUB-07,suburban,2026-06-23 10:00:00,28,27,1,34,3.56,1.08
SUB-07,suburban,2026-06-23 11:00:00,32,31,1,32,2.0,1.0
SUB-07,suburban,2026-06-23 12:00:00,31,30,1,40,4.85,1.0
SUB-07,suburban,2026-06-23 13:00:00,37,36,1,28,4.41,1.04
SUB-07,suburban,2026-06-23 14:00:00,28,27,1,20,2.81,1.01
SUB-07,suburban,2026-06-23 15:00:00,27,26,1,32,4.47,1.0
SUB-07,suburban,2026-06-23 16:00:00,17,16,1,23,4.05,1.0
SUB-07,suburban,2026-06-23 17:00:00,22,21,1,23,4.27,1.06
SUB-07,suburban,2026-06-23 18:00:00,19,18,1,19,3.23,1.09
SUB-07,suburban,2026-06-23 19:00:00,32,31,1,35,2.0,1.0
SUB-07,suburban,2026-06-23 20:00:00,26,25,1,27,3.99,1.04
SUB-07,suburban,2026-06-23 21:00:00,32,31,1,30,3.37,1.0
SUB-07,suburban,2026-06-23 22:00:00,25,24,1,25,3.74,1.07
SUB-07,suburban,2026-06-23 23:00:00,53,52,1,32,2.0,1.0
SUB-07,suburban,2026-06-24 00:00:00,31,30,1,37,2.09,1.11
SUB-07,suburban,2026-06-24 01:00:00,28,27,1,25,3.29,1.04
SUB-07,suburban,2026-06-24 02:00:00,29,28,1,18,4.48,1.02
SUB-07,suburban,2026-06-24 03:00:00,37,36,1,27,4.14,1.0
SUB-07,suburban,2026-06-24 04:00:00,42,37,5,24,5.98,1.16
SUB-07,suburban,2026-06-24 05:00:00,33,32,1,34,3.77,1.0
SUB-07,suburban,2026-06-24 06:00:00,37,35,2,22,3.39,1.05
SUB-07,suburban,2026-06-24 07:00:00,49,48,1,41,2.14,1.0
SUB-07,suburban,2026-06-24 08:00:00,50,49,1,44,4.39,1.01
SUB-07,suburban,2026-06-24 09:00:00,47,46,1,40,3.71,1.1
SUB-07,suburban,2026-06-24 10:00:00,41,40,1,65,3.13,1.0
SUB-07,suburban,2026-06-24 11:00:00,30,29,1,40,2.19,1.1
SUB-07,suburban,2026-06-24 12:00:00,29,28,1,37,3.54,1.01
SUB-07,suburban,2026-06-24 13:00:00,22,21,1,32,3.76,1.07
SUB-07,suburban,2026-06-24 14:00:00,30,29,1,24,2.92,1.08
SUB-07,suburban,2026-06-24 15:00:00,31,30,1,22,4.93,1.0
SUB-07,suburban,2026-06-24 16:00:00,36,35,1,26,5.15,1.0
SUB-07,suburban,2026-06-24 17:00:00,31,30,1,21,4.1,1.09
SUB-07,suburban,2026-06-24 18:00:00,26,25,1,35,2.64,1.0
SUB-07,suburban,2026-06-24 19:00:00,27,26,1,29,3.93,1.05
SUB-07,suburban,2026-06-24 20:00:00,30,29,1,22,3.34,1.0
SUB-07,suburban,2026-06-24 21:00:00,25,24,1,27,3.6,1.1
SUB-07,suburban,2026-06-24 22:00:00,27,26,1,25,2.85,1.16
SUB-07,suburban,2026-06-24 23:00:00,26,25,1,22,3.27,1.01
SUB-07,suburban,2026-06-25 00:00:00,30,29,1,29,4.2,1.0
SUB-07,suburban,2026-06-25 01:00:00,28,27,1,26,3.13,1.05
SUB-07,suburban,2026-06-25 02:00:00,29,28,1,29,3.3,1.0
SUB-07,suburban,2026-06-25 03:00:00,28,27,1,24,2.07,1.0
SUB-07,suburban,2026-06-25 04:00:00,35,34,1,31,3.92,1.11
SUB-07,suburban,2026-06-25 05:00:00,35,34,1,30,4.62,1.0
SUB-07,suburban,2026-06-25 06:00:00,43,42,1,34,4.28,1.0
SUB-07,suburban,2026-06-25 07:00:00,51,50,1,42,3.24,1.0
SUB-07,suburban,2026-06-25 08:00:00,41,40,1,63,3.65,1.05
SUB-07,suburban,2026-06-25 09:00:00,58,57,1,37,3.03,1.0
SUB-07,suburban,2026-06-25 10:00:00,36,35,1,48,3.8,1.06
SUB-07,suburban,2026-06-25 11:00:00,31,30,1,30,3.12,1.09
SUB-07,suburban,2026-06-25 12:00:00,28,27,1,30,4.31,1.0
SUB-07,suburban,2026-06-25 13:00:00,31,30,1,21,2.74,1.03
SUB-07,suburban,2026-06-25 14:00:00,40,39,1,29,3.36,1.07
SUB-07,suburban,2026-06-25 15:00:00,27,26,1,27,3.87,1.02
SUB-07,suburban,2026-06-25 16:00:00,36,32,4,20,3.36,1.15
SUB-07,suburban,2026-06-25 17:00:00,30,29,1,16,3.55,1.0
SUB-07,suburban,2026-06-25 18:00:00,31,30,1,30,2.88,1.11
SUB-07,suburban,2026-06-25 19:00:00,28,27,1,22,3.51,1.0
SUB-07,suburban,2026-06-25 20:00:00,28,27,1,29,3.43,1.05
SUB-07,suburban,2026-06-25 21:00:00,32,31,1,21,3.4,1.08
SUB-07,suburban,2026-06-25 22:00:00,28,27,1,21,3.58,1.08
SUB-07,suburban,2026-06-25 23:00:00,24,23,1,38,2.78,1.05
SUB-07,suburban,2026-06-26 00:00:00,35,34,1,21,5.07,1.07
SUB-07,suburban,2026-06-26 01:00:00,31,30,1,26,3.34,1.05
SUB-07,suburban,2026-06-26 02:00:00,29,28,1,33,4.19,1.12
SUB-07,suburban,2026-06-26 03:00:00,43,42,1,28,2.0,1.04
SUB-07,suburban,2026-06-26 04:00:00,42,41,1,31,4.44,1.0
SUB-07,suburban,2026-06-26 05:00:00,44,43,1,30,4.78,1.0
SUB-07,suburban,2026-06-26 06:00:00,59,58,1,43,4.56,1.16
SUB-07,suburban,2026-06-26 07:00:00,51,50,1,52,4.07,1.14
SUB-07,suburban,2026-06-26 08:00:00,63,62,1,37,2.54,1.0
SUB-07,suburban,2026-06-26 09:00:00,57,56,1,47,4.77,1.0
SUB-07,suburban,2026-06-26 10:00:00,53,52,1,47,3.65,1.0
SUB-07,suburban,2026-06-26 11:00:00,41,40,1,36,2.81,1.0
SUB-07,suburban,2026-06-26 12:00:00,39,38,1,30,3.63,1.05
SUB-07,suburban,2026-06-26 13:00:00,44,43,1,30,2.47,1.09
SUB-07,suburban,2026-06-26 14:00:00,28,27,1,36,3.7,1.0
SUB-07,suburban,2026-06-26 15:00:00,33,32,1,25,3.79,1.04
SUB-07,suburban,2026-06-26 16:00:00,40,39,1,25,3.98,1.0
SUB-07,suburban,2026-06-26 17:00:00,23,22,1,37,4.14,1.01
SUB-07,suburban,2026-06-26 18:00:00,44,43,1,34,2.42,1.0
SUB-07,suburban,2026-06-26 19:00:00,23,22,1,23,2.28,1.05
SUB-07,suburban,2026-06-26 20:00:00,36,35,1,24,4.69,1.0
SUB-07,suburban,2026-06-26 21:00:00,31,30,1,25,3.56,1.0
SUB-07,suburban,2026-06-26 22:00:00,33,32,1,23,5.0,1.03
SUB-07,suburban,2026-06-26 23:00:00,30,29,1,31,2.92,1.0
SUB-07,suburban,2026-06-27 00:00:00,38,37,1,39,4.49,1.02
SUB-07,suburban,2026-06-27 01:00:00,51,50,1,38,5.29,1.03
SUB-07,suburban,2026-06-27 02:00:00,20,19,1,31,3.03,1.08
SUB-07,suburban,2026-06-27 03:00:00,35,34,1,35,4.24,1.09
SUB-07,suburban,2026-06-27 04:00:00,32,31,1,28,5.12,1.07
SUB-07,suburban,2026-06-27 05:00:00,42,41,1,34,3.83,1.07
SUB-07,suburban,2026-06-27 06:00:00,40,39,1,30,2.87,1.07
SUB-07,suburban,2026-06-27 07:00:00,58,57,1,49,3.0,1.08
SUB-07,suburban,2026-06-27 08:00:00,64,63,1,46,3.9,1.12
SUB-07,suburban,2026-06-27 09:00:00,54,53,1,59,3.06,1.1
SUB-07,suburban,2026-06-27 10:00:00,54,53,1,39,3.56,1.05
SUB-07,suburban,2026-06-27 11:00:00,44,43,1,39,2.0,1.06
SUB-07,suburban,2026-06-27 12:00:00,31,30,1,32,3.47,1.11
SUB-07,suburban,2026-06-27 13:00:00,30,29,1,22,2.83,1.04
SUB-07,suburban,2026-06-27 14:00:00,42,41,1,33,3.88,1.01
SUB-07,suburban,2026-06-27 15:00:00,34,33,1,32,3.77,1.0
SUB-07,suburban,2026-06-27 16:00:00,35,34,1,32,2.51,1.0
SUB-07,suburban,2026-06-27 17:00:00,38,37,1,27,4.67,1.04
SUB-07,suburban,2026-06-27 18:00:00,34,33,1,32,2.12,1.06
SUB-07,suburban,2026-06-27 19:00:00,44,43,1,38,3.47,1.0
SUB-07,suburban,2026-06-27 20:00:00,31,30,1,25,3.42,1.0
SUB-07,suburban,2026-06-27 21:00:00,33,32,1,33,2.79,1.0
SUB-07,suburban,2026-06-27 22:00:00,38,37,1,25,3.38,1.17
SUB-07,suburban,2026-06-27 23:00:00,33,32,1,27,4.39,1.1
SUB-07,suburban,2026-06-28 00:00:00,35,34,1,18,3.98,1.06
SUB-07,suburban,2026-06-28 01:00:00,27,26,1,24,4.41,1.11
SUB-07,suburban,2026-06-28 02:00:00,27,26,1,35,3.42,1.0
SUB-07,suburban,2026-06-28 03:00:00,30,29,1,31,3.7,1.03
SUB-07,suburban,2026-06-28 04:00:00,28,27,1,38,3.29,1.0
SUB-07,suburban,2026-06-28 05:00:00,37,36,1,38,4.66,1.12
SUB-07,suburban,2026-06-28 06:00:00,40,39,1,43,4.42,1.02
SUB-07,suburban,2026-06-28 07:00:00,42,41,1,49,5.25,1.02
SUB-07,suburban,2026-06-28 08:00:00,67,65,2,44,2.69,1.06
SUB-07,suburban,2026-06-28 09:00:00,42,41,1,47,3.34,1.15
SUB-07,suburban,2026-06-28 10:00:00,36,35,1,35,3.72,1.14
SUB-07,suburban,2026-06-28 11:00:00,39,38,1,34,4.54,1.0
SUB-07,suburban,2026-06-28 12:00:00,23,22,1,37,2.54,1.06
SUB-07,suburban,2026-06-28 13:00:00,33,32,1,39,4.06,1.03
SUB-07,suburban,2026-06-28 14:00:00,33,32,1,27,2.0,1.03
SUB-07,suburban,2026-06-28 15:00:00,24,23,1,24,3.77,1.0
SUB-07,suburban,2026-06-28 16:00:00,26,25,1,27,4.06,1.0
SUB-07,suburban,2026-06-28 17:00:00,33,32,1,27,3.41,1.04
SUB-07,suburban,2026-06-28 18:00:00,29,28,1,30,2.25,1.0
SUB-07,suburban,2026-06-28 19:00:00,34,33,1,29,4.74,1.1
SUB-07,suburban,2026-06-28 20:00:00,36,35,1,24,3.66,1.0
SUB-07,suburban,2026-06-28 21:00:00,28,27,1,24,2.97,1.0
SUB-07,suburban,2026-06-28 22:00:00,35,34,1,33,3.48,1.0
SUB-07,suburban,2026-06-28 23:00:00,28,27,1,33,2.95,1.0
SUB-07,suburban,2026-06-29 00:00:00,36,35,1,33,3.33,1.06
SUB-07,suburban,2026-06-29 01:00:00,32,31,1,25,4.61,1.03
SUB-07,suburban,2026-06-29 02:00:00,28,27,1,28,2.41,1.08
SUB-07,suburban,2026-06-29 03:00:00,31,30,1,23,5.03,1.0
SUB-07,suburban,2026-06-29 04:00:00,38,37,1,28,2.67,1.04
SUB-07,suburban,2026-06-29 05:00:00,45,44,1,39,3.34,1.04
SUB-07,suburban,2026-06-29 06:00:00,51,50,1,52,5.28,1.01
SUB-07,suburban,2026-06-29 07:00:00,42,41,1,53,3.86,1.0
SUB-07,suburban,2026-06-29 08:00:00,47,46,1,41,3.88,1.02
SUB-07,suburban,2026-06-29 09:00:00,52,51,1,42,5.72,1.13
SUB-07,suburban,2026-06-29 10:00:00,39,38,1,42,2.76,1.05
SUB-07,suburban,2026-06-29 11:00:00,35,34,1,27,4.71,1.05
SUB-07,suburban,2026-06-29 12:00:00,26,25,1,31,4.39,1.0
SUB-07,suburban,2026-06-29 13:00:00,40,39,1,33,3.52,1.02
SUB-07,suburban,2026-06-29 14:00:00,28,27,1,28,3.51,1.04
SUB-07,suburban,2026-06-29 15:00:00,39,38,1,26,3.75,1.07
SUB-07,suburban,2026-06-29 16:00:00,27,26,1,35,2.81,1.03
SUB-07,suburban,2026-06-29 17:00:00,21,20,1,26,3.5,1.06
SUB-07,suburban,2026-06-29 18:00:00,32,31,1,30,3.84,1.13
SUB-07,suburban,2026-06-29 19:00:00,41,40,1,28,3.91,1.1
SUB-07,suburban,2026-06-29 20:00:00,35,34,1,21,4.44,1.04
SUB-07,suburban,2026-06-29 21:00:00,29,28,1,20,3.97,1.09
SUB-07,suburban,2026-06-29 22:00:00,30,29,1,22,5.23,1.1
SUB-07,suburban,2026-06-29 23:00:00,30,29,1,28,3.15,1.03
SUB-07,suburban,2026-06-30 00:00:00,33,32,1,34,2.66,1.05
SUB-07,suburban,2026-06-30 01:00:00,34,33,1,39,3.32,1.01
SUB-07,suburban,2026-06-30 02:00:00,27,26,1,32,4.17,1.13
SUB-07,suburban,2026-06-30 03:00:00,45,44,1,28,2.39,1.03
SUB-07,suburban,2026-06-30 04:00:00,28,27,1,26,2.22,1.17
SUB-07,suburban,2026-06-30 05:00:00,43,42,1,29,3.64,1.0
SUB-07,suburban,2026-06-30 06:00:00,60,59,1,39,4.25,1.0
SUB-07,suburban,2026-06-30 07:00:00,38,37,1,51,4.4,1.13
SUB-07,suburban,2026-06-30 08:00:00,45,44,1,45,2.74,1.0
SUB-07,suburban,2026-06-30 09:00:00,50,49,1,45,4.56,1.0
SUB-07,suburban,2026-06-30 10:00:00,35,34,1,44,3.31,1.0
SUB-07,suburban,2026-06-30 11:00:00,38,37,1,30,2.22,1.0
SUB-07,suburban,2026-06-30 12:00:00,30,29,1,30,3.56,1.1
SUB-07,suburban,2026-06-30 13:00:00,31,30,1,29,4.98,1.04
SUB-07,suburban,2026-06-30 14:00:00,27,26,1,24,4.45,1.0
SUB-07,suburban,2026-06-30 15:00:00,39,38,1,26,3.52,1.07
SUB-07,suburban,2026-06-30 16:00:00,31,30,1,26,2.66,1.03
SUB-07,suburban,2026-06-30 17:00:00,38,37,1,26,3.48,1.0
SUB-07,suburban,2026-06-30 18:00:00,24,23,1,33,3.94,1.11
SUB-07,suburban,2026-06-30 19:00:00,31,30,1,25,3.19,1.01
SUB-07,suburban,2026-06-30 20:00:00,26,25,1,31,3.16,1.04
SUB-07,suburban,2026-06-30 21:00:00,33,32,1,27,2.77,1.11
SUB-07,suburban,2026-06-30 22:00:00,33,32,1,23,2.95,1.06
SUB-07,suburban,2026-06-30 23:00:00,39,38,1,32,3.54,1.0
SUB-11,suburban,2026-05-01 00:00:00,28,27,1,34,2.33,1.14
SUB-11,suburban,2026-05-01 01:00:00,34,33,1,34,3.93,1.02
SUB-11,suburban,2026-05-01 02:00:00,33,32,1,28,4.05,1.0
SUB-11,suburban,2026-05-01 03:00:00,36,35,1,23,4.14,1.0
SUB-11,suburban,2026-05-01 04:00:00,37,36,1,27,2.0,1.04
SUB-11,suburban,2026-05-01 05:00:00,48,47,1,38,4.18,1.06
SUB-11,suburban,2026-05-01 06:00:00,54,53,1,35,4.51,1.05
SUB-11,suburban,2026-05-01 07:00:00,59,58,1,54,3.62,1.03
SUB-11,suburban,2026-05-01 08:00:00,64,63,1,48,3.33,1.06
SUB-11,suburban,2026-05-01 09:00:00,58,57,1,42,3.65,1.14
SUB-11,suburban,2026-05-01 10:00:00,42,41,1,45,2.38,1.0
SUB-11,suburban,2026-05-01 11:00:00,44,43,1,39,4.79,1.0
SUB-11,suburban,2026-05-01 12:00:00,40,39,1,43,3.48,1.0
SUB-11,suburban,2026-05-01 13:00:00,29,28,1,23,3.28,1.04
SUB-11,suburban,2026-05-01 14:00:00,35,34,1,29,3.21,1.1
SUB-11,suburban,2026-05-01 15:00:00,45,44,1,26,3.48,1.03
SUB-11,suburban,2026-05-01 16:00:00,27,26,1,27,3.38,1.0
SUB-11,suburban,2026-05-01 17:00:00,26,25,1,32,4.62,1.04
SUB-11,suburban,2026-05-01 18:00:00,29,28,1,26,3.29,1.0
SUB-11,suburban,2026-05-01 19:00:00,42,41,1,36,4.76,1.0
SUB-11,suburban,2026-05-01 20:00:00,36,31,5,18,4.24,1.33
SUB-11,suburban,2026-05-01 21:00:00,27,26,1,50,2.85,1.04
SUB-11,suburban,2026-05-01 22:00:00,33,32,1,33,3.97,1.03
SUB-11,suburban,2026-05-01 23:00:00,24,23,1,35,4.18,1.04
SUB-11,suburban,2026-05-02 00:00:00,33,32,1,23,2.0,1.04
SUB-11,suburban,2026-05-02 01:00:00,42,41,1,30,3.79,1.0
SUB-11,suburban,2026-05-02 02:00:00,36,35,1,34,2.89,1.08
SUB-11,suburban,2026-05-02 03:00:00,31,30,1,33,4.24,1.12
SUB-11,suburban,2026-05-02 04:00:00,35,34,1,36,5.22,1.0
SUB-11,suburban,2026-05-02 05:00:00,37,36,1,52,2.66,1.04
SUB-11,suburban,2026-05-02 06:00:00,43,42,1,52,3.22,1.1
SUB-11,suburban,2026-05-02 07:00:00,55,54,1,43,4.19,1.04
SUB-11,suburban,2026-05-02 08:00:00,60,59,1,56,2.74,1.22
SUB-11,suburban,2026-05-02 09:00:00,44,43,1,43,3.78,1.0
SUB-11,suburban,2026-05-02 10:00:00,48,47,1,34,2.73,1.01
SUB-11,suburban,2026-05-02 11:00:00,44,43,1,40,3.81,1.04
SUB-11,suburban,2026-05-02 12:00:00,37,36,1,34,4.0,1.06
SUB-11,suburban,2026-05-02 13:00:00,37,36,1,45,2.95,1.0
SUB-11,suburban,2026-05-02 14:00:00,27,26,1,24,3.42,1.1
SUB-11,suburban,2026-05-02 15:00:00,32,31,1,25,2.61,1.0
SUB-11,suburban,2026-05-02 16:00:00,33,32,1,32,3.8,1.0
SUB-11,suburban,2026-05-02 17:00:00,32,31,1,31,3.35,1.0
SUB-11,suburban,2026-05-02 18:00:00,34,33,1,24,4.01,1.0
SUB-11,suburban,2026-05-02 19:00:00,32,31,1,25,2.65,1.0
SUB-11,suburban,2026-05-02 20:00:00,28,27,1,26,3.82,1.08
SUB-11,suburban,2026-05-02 21:00:00,32,31,1,24,2.58,1.18
SUB-11,suburban,2026-05-02 22:00:00,42,41,1,29,3.32,1.05
SUB-11,suburban,2026-05-02 23:00:00,29,28,1,33,4.35,1.01
SUB-11,suburban,2026-05-03 00:00:00,28,27,1,28,3.16,1.15
SUB-11,suburban,2026-05-03 01:00:00,32,31,1,18,3.25,1.0
SUB-11,suburban,2026-05-03 02:00:00,27,26,1,28,3.06,1.0
SUB-11,suburban,2026-05-03 03:00:00,15,14,1,23,3.81,1.04
SUB-11,suburban,2026-05-03 04:00:00,15,14,1,30,4.9,1.08
SUB-11,suburban,2026-05-03 05:00:00,36,30,6,18,3.92,1.28
SUB-11,suburban,2026-05-03 06:00:00,54,53,1,34,4.03,1.07
SUB-11,suburban,2026-05-03 07:00:00,58,57,1,48,3.66,1.01
SUB-11,suburban,2026-05-03 08:00:00,43,42,1,48,3.8,1.03
SUB-11,suburban,2026-05-03 09:00:00,41,40,1,47,4.15,1.0
SUB-11,suburban,2026-05-03 10:00:00,50,49,1,36,3.13,1.0
SUB-11,suburban,2026-05-03 11:00:00,36,24,12,16,7.03,1.41
SUB-11,suburban,2026-05-03 12:00:00,28,27,1,38,3.74,1.08
SUB-11,suburban,2026-05-03 13:00:00,26,25,1,34,2.0,1.07
SUB-11,suburban,2026-05-03 14:00:00,30,29,1,26,4.14,1.0
SUB-11,suburban,2026-05-03 15:00:00,35,34,1,27,2.74,1.0
SUB-11,suburban,2026-05-03 16:00:00,29,28,1,26,3.66,1.1
SUB-11,suburban,2026-05-03 17:00:00,30,29,1,35,5.93,1.0
SUB-11,suburban,2026-05-03 18:00:00,25,24,1,25,3.48,1.0
SUB-11,suburban,2026-05-03 19:00:00,30,29,1,21,4.62,1.01
SUB-11,suburban,2026-05-03 20:00:00,34,33,1,29,2.67,1.05
SUB-11,suburban,2026-05-03 21:00:00,27,26,1,23,2.0,1.13
SUB-11,suburban,2026-05-03 22:00:00,25,24,1,28,2.3,1.07
SUB-11,suburban,2026-05-03 23:00:00,35,34,1,24,3.32,1.05
SUB-11,suburban,2026-05-04 00:00:00,23,22,1,29,2.12,1.0
SUB-11,suburban,2026-05-04 01:00:00,30,29,1,21,3.83,1.0
SUB-11,suburban,2026-05-04 02:00:00,33,32,1,22,5.45,1.02
SUB-11,suburban,2026-05-04 03:00:00,21,20,1,22,4.3,1.08
SUB-11,suburban,2026-05-04 04:00:00,35,34,1,24,4.07,1.06
SUB-11,suburban,2026-05-04 05:00:00,33,32,1,29,2.69,1.0
SUB-11,suburban,2026-05-04 06:00:00,46,45,1,33,3.76,1.0
SUB-11,suburban,2026-05-04 07:00:00,55,54,1,49,3.85,1.02
SUB-11,suburban,2026-05-04 08:00:00,54,53,1,41,2.91,1.01
SUB-11,suburban,2026-05-04 09:00:00,55,54,1,49,3.63,1.04
SUB-11,suburban,2026-05-04 10:00:00,32,31,1,43,2.4,1.03
SUB-11,suburban,2026-05-04 11:00:00,45,44,1,35,3.17,1.0
SUB-11,suburban,2026-05-04 12:00:00,42,41,1,33,3.9,1.04
SUB-11,suburban,2026-05-04 13:00:00,29,28,1,19,2.79,1.02
SUB-11,suburban,2026-05-04 14:00:00,30,29,1,16,3.56,1.02
SUB-11,suburban,2026-05-04 15:00:00,24,23,1,28,2.0,1.05
SUB-11,suburban,2026-05-04 16:00:00,36,35,1,29,2.9,1.05
SUB-11,suburban,2026-05-04 17:00:00,29,28,1,24,2.49,1.08
SUB-11,suburban,2026-05-04 18:00:00,30,29,1,27,4.58,1.12
SUB-11,suburban,2026-05-04 19:00:00,33,32,1,33,3.34,1.07
SUB-11,suburban,2026-05-04 20:00:00,29,28,1,37,2.79,1.0
SUB-11,suburban,2026-05-04 21:00:00,23,22,1,32,3.21,1.05
SUB-11,suburban,2026-05-04 22:00:00,32,31,1,32,3.76,1.0
SUB-11,suburban,2026-05-04 23:00:00,19,18,1,24,3.11,1.04
SUB-11,suburban,2026-05-05 00:00:00,28,27,1,26,3.24,1.0
SUB-11,suburban,2026-05-05 01:00:00,34,33,1,40,3.28,1.04
SUB-11,suburban,2026-05-05 02:00:00,26,25,1,32,3.6,1.07
SUB-11,suburban,2026-05-05 03:00:00,26,25,1,28,2.86,1.11
SUB-11,suburban,2026-05-05 04:00:00,32,31,1,28,3.03,1.0
SUB-11,suburban,2026-05-05 05:00:00,32,31,1,23,3.67,1.03
SUB-11,suburban,2026-05-05 06:00:00,42,41,1,34,3.88,1.0
SUB-11,suburban,2026-05-05 07:00:00,45,44,1,40,3.61,1.03
SUB-11,suburban,2026-05-05 08:00:00,47,46,1,42,2.5,1.03
SUB-11,suburban,2026-05-05 09:00:00,57,56,1,45,2.18,1.0
SUB-11,suburban,2026-05-05 10:00:00,41,40,1,34,3.5,1.06
SUB-11,suburban,2026-05-05 11:00:00,32,31,1,34,3.83,1.01
SUB-11,suburban,2026-05-05 12:00:00,31,30,1,29,4.78,1.06
SUB-11,suburban,2026-05-05 13:00:00,35,34,1,20,4.58,1.02
SUB-11,suburban,2026-05-05 14:00:00,35,34,1,26,4.08,1.0
SUB-11,suburban,2026-05-05 15:00:00,32,31,1,25,3.47,1.06
SUB-11,suburban,2026-05-05 16:00:00,19,18,1,29,2.75,1.02
SUB-11,suburban,2026-05-05 17:00:00,24,23,1,14,3.09,1.05
SUB-11,suburban,2026-05-05 18:00:00,38,37,1,20,4.92,1.08
SUB-11,suburban,2026-05-05 19:00:00,21,20,1,21,3.63,1.13
SUB-11,suburban,2026-05-05 20:00:00,21,20,1,22,3.04,1.0
SUB-11,suburban,2026-05-05 21:00:00,28,27,1,30,4.41,1.0
SUB-11,suburban,2026-05-05 22:00:00,35,34,1,27,3.51,1.01
SUB-11,suburban,2026-05-05 23:00:00,23,22,1,28,3.73,1.01
SUB-11,suburban,2026-05-06 00:00:00,33,32,1,36,3.92,1.0
SUB-11,suburban,2026-05-06 01:00:00,33,32,1,28,5.58,1.0
SUB-11,suburban,2026-05-06 02:00:00,25,24,1,19,3.78,1.0
SUB-11,suburban,2026-05-06 03:00:00,37,36,1,29,3.78,1.01
SUB-11,suburban,2026-05-06 04:00:00,25,24,1,22,2.0,1.0
SUB-11,suburban,2026-05-06 05:00:00,40,39,1,37,3.74,1.11
SUB-11,suburban,2026-05-06 06:00:00,51,50,1,39,4.0,1.14
SUB-11,suburban,2026-05-06 07:00:00,46,45,1,38,3.6,1.0
SUB-11,suburban,2026-05-06 08:00:00,55,54,1,54,2.0,1.04
SUB-11,suburban,2026-05-06 09:00:00,39,38,1,48,4.39,1.05
SUB-11,suburban,2026-05-06 10:00:00,23,22,1,52,3.87,1.05
SUB-11,suburban,2026-05-06 11:00:00,44,43,1,35,3.94,1.04
SUB-11,suburban,2026-05-06 12:00:00,30,29,1,29,3.63,1.04
SUB-11,suburban,2026-05-06 13:00:00,36,35,1,31,5.54,1.0
SUB-11,suburban,2026-05-06 14:00:00,32,31,1,29,3.76,1.0
SUB-11,suburban,2026-05-06 15:00:00,22,21,1,26,3.89,1.07
SUB-11,suburban,2026-05-06 16:00:00,35,34,1,25,3.77,1.0
SUB-11,suburban,2026-05-06 17:00:00,24,23,1,24,3.5,1.02
SUB-11,suburban,2026-05-06 18:00:00,39,38,1,31,4.0,1.0
SUB-11,suburban,2026-05-06 19:00:00,30,29,1,26,4.04,1.0
SUB-11,suburban,2026-05-06 20:00:00,32,31,1,27,4.37,1.09
SUB-11,suburban,2026-05-06 21:00:00,23,22,1,21,3.09,1.06
SUB-11,suburban,2026-05-06 22:00:00,37,36,1,31,2.4,1.06
SUB-11,suburban,2026-05-06 23:00:00,23,22,1,28,3.48,1.0
SUB-11,suburban,2026-05-07 00:00:00,24,23,1,32,3.42,1.0
SUB-11,suburban,2026-05-07 01:00:00,28,27,1,23,3.19,1.0
SUB-11,suburban,2026-05-07 02:00:00,23,22,1,27,3.93,1.03
SUB-11,suburban,2026-05-07 03:00:00,28,27,1,25,3.16,1.0
SUB-11,suburban,2026-05-07 04:00:00,34,33,1,32,2.8,1.08
SUB-11,suburban,2026-05-07 05:00:00,26,25,1,37,2.81,1.07
SUB-11,suburban,2026-05-07 06:00:00,38,37,1,39,3.47,1.15
SUB-11,suburban,2026-05-07 07:00:00,44,43,1,46,4.45,1.05
SUB-11,suburban,2026-05-07 08:00:00,61,60,1,48,3.75,1.1
SUB-11,suburban,2026-05-07 09:00:00,60,59,1,54,2.54,1.01
SUB-11,suburban,2026-05-07 10:00:00,46,45,1,50,3.97,1.0
SUB-11,suburban,2026-05-07 11:00:00,23,22,1,35,2.43,1.08
SUB-11,suburban,2026-05-07 12:00:00,34,33,1,39,3.14,1.04
SUB-11,suburban,2026-05-07 13:00:00,39,38,1,31,3.29,1.02
SUB-11,suburban,2026-05-07 14:00:00,30,29,1,29,3.02,1.0
SUB-11,suburban,2026-05-07 15:00:00,36,35,1,25,2.58,1.06
SUB-11,suburban,2026-05-07 16:00:00,28,27,1,21,2.66,1.09
SUB-11,suburban,2026-05-07 17:00:00,34,33,1,27,3.88,1.0
SUB-11,suburban,2026-05-07 18:00:00,34,33,1,24,3.09,1.0
SUB-11,suburban,2026-05-07 19:00:00,28,27,1,19,3.28,1.0
SUB-11,suburban,2026-05-07 20:00:00,34,33,1,25,4.24,1.01
SUB-11,suburban,2026-05-07 21:00:00,23,22,1,32,2.79,1.04
SUB-11,suburban,2026-05-07 22:00:00,30,25,5,15,3.99,1.19
SUB-11,suburban,2026-05-07 23:00:00,28,27,1,22,3.21,1.14
SUB-11,suburban,2026-05-08 00:00:00,37,36,1,29,5.04,1.08
SUB-11,suburban,2026-05-08 01:00:00,26,25,1,28,2.5,1.16
SUB-11,suburban,2026-05-08 02:00:00,33,32,1,25,3.8,1.05
SUB-11,suburban,2026-05-08 03:00:00,33,32,1,41,4.15,1.0
SUB-11,suburban,2026-05-08 04:00:00,37,36,1,32,3.96,1.0
SUB-11,suburban,2026-05-08 05:00:00,25,24,1,42,4.25,1.0
SUB-11,suburban,2026-05-08 06:00:00,49,48,1,36,2.11,1.0
SUB-11,suburban,2026-05-08 07:00:00,44,43,1,55,2.69,1.01
SUB-11,suburban,2026-05-08 08:00:00,65,64,1,64,3.24,1.08
SUB-11,suburban,2026-05-08 09:00:00,54,53,1,45,3.82,1.0
SUB-11,suburban,2026-05-08 10:00:00,51,50,1,41,2.81,1.04
SUB-11,suburban,2026-05-08 11:00:00,47,46,1,48,3.94,1.1
SUB-11,suburban,2026-05-08 12:00:00,40,39,1,36,3.74,1.03
SUB-11,suburban,2026-05-08 13:00:00,29,28,1,32,4.28,1.03
SUB-11,suburban,2026-05-08 14:00:00,39,38,1,25,2.75,1.0
SUB-11,suburban,2026-05-08 15:00:00,35,34,1,33,4.13,1.09
SUB-11,suburban,2026-05-08 16:00:00,30,29,1,34,3.68,1.0
SUB-11,suburban,2026-05-08 17:00:00,35,34,1,26,3.22,1.01
SUB-11,suburban,2026-05-08 18:00:00,39,38,1,33,3.08,1.08
SUB-11,suburban,2026-05-08 19:00:00,47,46,1,30,3.99,1.13
SUB-11,suburban,2026-05-08 20:00:00,39,38,1,31,3.12,1.0
SUB-11,suburban,2026-05-08 21:00:00,28,27,1,28,4.36,1.05
SUB-11,suburban,2026-05-08 22:00:00,23,22,1,30,2.98,1.0
SUB-11,suburban,2026-05-08 23:00:00,40,39,1,27,3.5,1.05
SUB-11,suburban,2026-05-09 00:00:00,30,29,1,25,4.81,1.05
SUB-11,suburban,2026-05-09 01:00:00,23,22,1,34,3.01,1.0
SUB-11,suburban,2026-05-09 02:00:00,26,25,1,36,3.11,1.0
SUB-11,suburban,2026-05-09 03:00:00,35,34,1,29,2.66,1.1
SUB-11,suburban,2026-05-09 04:00:00,37,36,1,31,2.95,1.0
SUB-11,suburban,2026-05-09 05:00:00,44,43,1,47,3.88,1.01
SUB-11,suburban,2026-05-09 06:00:00,56,55,1,36,3.72,1.08
SUB-11,suburban,2026-05-09 07:00:00,53,52,1,43,2.04,1.0
SUB-11,suburban,2026-05-09 08:00:00,53,52,1,51,4.05,1.02
SUB-11,suburban,2026-05-09 09:00:00,55,54,1,63,3.67,1.03
SUB-11,suburban,2026-05-09 10:00:00,44,43,1,41,3.45,1.0
SUB-11,suburban,2026-05-09 11:00:00,41,40,1,53,4.98,1.01
SUB-11,suburban,2026-05-09 12:00:00,36,35,1,32,4.72,1.0
SUB-11,suburban,2026-05-09 13:00:00,27,26,1,28,3.2,1.0
SUB-11,suburban,2026-05-09 14:00:00,27,26,1,27,4.59,1.0
SUB-11,suburban,2026-05-09 15:00:00,33,32,1,31,2.76,1.0
SUB-11,suburban,2026-05-09 16:00:00,40,39,1,35,3.27,1.06
SUB-11,suburban,2026-05-09 17:00:00,23,22,1,21,2.59,1.09
SUB-11,suburban,2026-05-09 18:00:00,33,32,1,28,3.86,1.02
SUB-11,suburban,2026-05-09 19:00:00,35,34,1,18,3.69,1.0
SUB-11,suburban,2026-05-09 20:00:00,32,31,1,28,4.22,1.0
SUB-11,suburban,2026-05-09 21:00:00,29,28,1,20,3.0,1.03
SUB-11,suburban,2026-05-09 22:00:00,36,35,1,25,5.42,1.02
SUB-11,suburban,2026-05-09 23:00:00,31,30,1,33,4.07,1.02
SUB-11,suburban,2026-05-10 00:00:00,29,28,1,25,4.2,1.11
SUB-11,suburban,2026-05-10 01:00:00,23,22,1,28,4.28,1.04
SUB-11,suburban,2026-05-10 02:00:00,37,36,1,38,3.45,1.02
SUB-11,suburban,2026-05-10 03:00:00,23,22,1,21,4.17,1.0
SUB-11,suburban,2026-05-10 04:00:00,28,27,1,32,4.65,1.08
SUB-11,suburban,2026-05-10 05:00:00,46,45,1,41,2.7,1.0
SUB-11,suburban,2026-05-10 06:00:00,39,38,1,40,3.79,1.0
SUB-11,suburban,2026-05-10 07:00:00,69,67,2,49,3.36,1.0
SUB-11,suburban,2026-05-10 08:00:00,43,42,1,42,3.89,1.03
SUB-11,suburban,2026-05-10 09:00:00,45,44,1,41,3.7,1.0
SUB-11,suburban,2026-05-10 10:00:00,32,31,1,45,3.41,1.02
SUB-11,suburban,2026-05-10 11:00:00,35,34,1,26,4.98,1.09
SUB-11,suburban,2026-05-10 12:00:00,32,31,1,34,4.2,1.03
SUB-11,suburban,2026-05-10 13:00:00,33,32,1,21,3.58,1.14
SUB-11,suburban,2026-05-10 14:00:00,35,34,1,34,3.95,1.05
SUB-11,suburban,2026-05-10 15:00:00,24,23,1,27,3.77,1.02
SUB-11,suburban,2026-05-10 16:00:00,28,27,1,18,3.62,1.15
SUB-11,suburban,2026-05-10 17:00:00,30,29,1,23,2.47,1.0
SUB-11,suburban,2026-05-10 18:00:00,39,38,1,28,3.96,1.08
SUB-11,suburban,2026-05-10 19:00:00,23,22,1,27,3.63,1.0
SUB-11,suburban,2026-05-10 20:00:00,39,38,1,31,3.98,1.13
SUB-11,suburban,2026-05-10 21:00:00,29,28,1,27,4.3,1.0
SUB-11,suburban,2026-05-10 22:00:00,39,38,1,31,2.0,1.01
SUB-11,suburban,2026-05-10 23:00:00,34,33,1,26,2.97,1.05
SUB-11,suburban,2026-05-11 00:00:00,32,31,1,27,3.86,1.06
SUB-11,suburban,2026-05-11 01:00:00,33,32,1,33,4.03,1.05
SUB-11,suburban,2026-05-11 02:00:00,28,27,1,32,2.83,1.04
SUB-11,suburban,2026-05-11 03:00:00,26,25,1,25,4.07,1.09
SUB-11,suburban,2026-05-11 04:00:00,25,24,1,20,4.52,1.02
SUB-11,suburban,2026-05-11 05:00:00,34,33,1,36,2.02,1.08
SUB-11,suburban,2026-05-11 06:00:00,48,47,1,37,5.17,1.04
SUB-11,suburban,2026-05-11 07:00:00,37,36,1,53,4.54,1.0
SUB-11,suburban,2026-05-11 08:00:00,52,51,1,49,3.57,1.14
SUB-11,suburban,2026-05-11 09:00:00,51,50,1,30,3.89,1.0
SUB-11,suburban,2026-05-11 10:00:00,46,45,1,37,4.53,1.06
SUB-11,suburban,2026-05-11 11:00:00,50,49,1,32,3.64,1.07
SUB-11,suburban,2026-05-11 12:00:00,37,36,1,30,3.12,1.0
SUB-11,suburban,2026-05-11 13:00:00,29,28,1,31,3.23,1.01
SUB-11,suburban,2026-05-11 14:00:00,22,21,1,25,3.55,1.0
SUB-11,suburban,2026-05-11 15:00:00,26,25,1,27,3.28,1.04
SUB-11,suburban,2026-05-11 16:00:00,20,19,1,19,3.74,1.03
SUB-11,suburban,2026-05-11 17:00:00,25,24,1,29,3.45,1.06
SUB-11,suburban,2026-05-11 18:00:00,31,30,1,34,4.74,1.0
SUB-11,suburban,2026-05-11 19:00:00,26,25,1,23,4.85,1.02
SUB-11,suburban,2026-05-11 20:00:00,30,29,1,17,3.97,1.0
SUB-11,suburban,2026-05-11 21:00:00,23,22,1,39,3.26,1.0
SUB-11,suburban,2026-05-11 22:00:00,28,27,1,20,3.9,1.08
SUB-11,suburban,2026-05-11 23:00:00,30,29,1,20,2.68,1.04
SUB-11,suburban,2026-05-12 00:00:00,29,28,1,28,2.48,1.04
SUB-11,suburban,2026-05-12 01:00:00,35,34,1,21,3.55,1.09
SUB-11,suburban,2026-05-12 02:00:00,26,25,1,17,4.81,1.08
SUB-11,suburban,2026-05-12 03:00:00,22,21,1,24,5.97,1.0
SUB-11,suburban,2026-05-12 04:00:00,23,22,1,32,2.29,1.0
SUB-11,suburban,2026-05-12 05:00:00,35,34,1,35,3.86,1.17
SUB-11,suburban,2026-05-12 06:00:00,39,38,1,37,3.83,1.0
SUB-11,suburban,2026-05-12 07:00:00,50,49,1,38,3.75,1.07
SUB-11,suburban,2026-05-12 08:00:00,44,43,1,57,3.81,1.12
SUB-11,suburban,2026-05-12 09:00:00,59,58,1,41,3.97,1.0
SUB-11,suburban,2026-05-12 10:00:00,33,32,1,32,2.95,1.0
SUB-11,suburban,2026-05-12 11:00:00,33,32,1,27,4.95,1.12
SUB-11,suburban,2026-05-12 12:00:00,30,29,1,35,3.18,1.0
SUB-11,suburban,2026-05-12 13:00:00,30,29,1,35,4.08,1.07
SUB-11,suburban,2026-05-12 14:00:00,30,29,1,21,2.0,1.0
SUB-11,suburban,2026-05-12 15:00:00,23,22,1,20,2.47,1.02
SUB-11,suburban,2026-05-12 16:00:00,29,28,1,20,4.71,1.0
SUB-11,suburban,2026-05-12 17:00:00,31,30,1,23,4.75,1.0
SUB-11,suburban,2026-05-12 18:00:00,36,35,1,21,3.49,1.0
SUB-11,suburban,2026-05-12 19:00:00,34,33,1,20,4.37,1.0
SUB-11,suburban,2026-05-12 20:00:00,28,27,1,18,3.14,1.07
SUB-11,suburban,2026-05-12 21:00:00,29,28,1,19,4.41,1.04
SUB-11,suburban,2026-05-12 22:00:00,34,33,1,30,3.45,1.05
SUB-11,suburban,2026-05-12 23:00:00,25,24,1,32,3.59,1.09
SUB-11,suburban,2026-05-13 00:00:00,17,16,1,26,3.68,1.0
SUB-11,suburban,2026-05-13 01:00:00,29,28,1,17,3.78,1.15
SUB-11,suburban,2026-05-13 02:00:00,32,31,1,24,3.38,1.06
SUB-11,suburban,2026-05-13 03:00:00,23,22,1,28,3.86,1.05
SUB-11,suburban,2026-05-13 04:00:00,39,32,7,20,4.6,1.37
SUB-11,suburban,2026-05-13 05:00:00,42,41,1,29,3.35,1.08
SUB-11,suburban,2026-05-13 06:00:00,37,36,1,29,2.78,1.0
SUB-11,suburban,2026-05-13 07:00:00,63,62,1,34,4.97,1.02
SUB-11,suburban,2026-05-13 08:00:00,44,43,1,41,3.1,1.0
SUB-11,suburban,2026-05-13 09:00:00,39,38,1,34,4.22,1.0
SUB-11,suburban,2026-05-13 10:00:00,42,41,1,45,4.91,1.08
SUB-11,suburban,2026-05-13 11:00:00,34,33,1,23,4.89,1.0
SUB-11,suburban,2026-05-13 12:00:00,27,26,1,19,3.64,1.15
SUB-11,suburban,2026-05-13 13:00:00,22,21,1,20,2.71,1.01
SUB-11,suburban,2026-05-13 14:00:00,31,30,1,26,5.08,1.1
SUB-11,suburban,2026-05-13 15:00:00,43,39,4,26,3.61,1.18
SUB-11,suburban,2026-05-13 16:00:00,30,29,1,25,2.62,1.05
SUB-11,suburban,2026-05-13 17:00:00,37,36,1,29,4.28,1.0
SUB-11,suburban,2026-05-13 18:00:00,26,25,1,21,4.09,1.06
SUB-11,suburban,2026-05-13 19:00:00,28,27,1,19,3.77,1.0
SUB-11,suburban,2026-05-13 20:00:00,29,28,1,36,2.23,1.06
SUB-11,suburban,2026-05-13 21:00:00,21,20,1,15,4.24,1.15
SUB-11,suburban,2026-05-13 22:00:00,27,26,1,27,3.54,1.09
SUB-11,suburban,2026-05-13 23:00:00,30,29,1,33,2.94,1.04
SUB-11,suburban,2026-05-14 00:00:00,37,36,1,27,3.24,1.05
SUB-11,suburban,2026-05-14 01:00:00,35,34,1,32,2.9,1.0
SUB-11,suburban,2026-05-14 02:00:00,26,25,1,32,3.93,1.1
SUB-11,suburban,2026-05-14 03:00:00,34,33,1,33,3.43,1.08
SUB-11,suburban,2026-05-14 04:00:00,36,35,1,37,4.29,1.06
SUB-11,suburban,2026-05-14 05:00:00,25,24,1,31,3.46,1.12
SUB-11,suburban,2026-05-14 06:00:00,44,43,1,32,3.48,1.0
SUB-11,suburban,2026-05-14 07:00:00,47,46,1,39,2.94,1.0
SUB-11,suburban,2026-05-14 08:00:00,44,43,1,38,2.33,1.01
SUB-11,suburban,2026-05-14 09:00:00,50,49,1,47,3.86,1.08
SUB-11,suburban,2026-05-14 10:00:00,43,42,1,48,3.84,1.0
SUB-11,suburban,2026-05-14 11:00:00,39,38,1,37,2.93,1.0
SUB-11,suburban,2026-05-14 12:00:00,33,32,1,34,3.45,1.0
SUB-11,suburban,2026-05-14 13:00:00,26,25,1,29,4.99,1.03
SUB-11,suburban,2026-05-14 14:00:00,38,37,1,34,3.37,1.14
SUB-11,suburban,2026-05-14 15:00:00,27,26,1,27,3.44,1.0
SUB-11,suburban,2026-05-14 16:00:00,35,34,1,37,3.42,1.04
SUB-11,suburban,2026-05-14 17:00:00,36,35,1,23,3.28,1.04
SUB-11,suburban,2026-05-14 18:00:00,30,29,1,29,3.26,1.07
SUB-11,suburban,2026-05-14 19:00:00,23,22,1,26,2.66,1.0
SUB-11,suburban,2026-05-14 20:00:00,22,21,1,27,3.49,1.1
SUB-11,suburban,2026-05-14 21:00:00,29,28,1,16,3.95,1.06
SUB-11,suburban,2026-05-14 22:00:00,26,25,1,36,4.17,1.0
SUB-11,suburban,2026-05-14 23:00:00,26,25,1,21,4.21,1.0
SUB-11,suburban,2026-05-15 00:00:00,30,29,1,25,3.8,1.02
SUB-11,suburban,2026-05-15 01:00:00,35,34,1,34,5.23,1.0
SUB-11,suburban,2026-05-15 02:00:00,40,39,1,27,4.03,1.09
SUB-11,suburban,2026-05-15 03:00:00,35,34,1,21,3.74,1.06
SUB-11,suburban,2026-05-15 04:00:00,33,32,1,39,3.09,1.15
SUB-11,suburban,2026-05-15 05:00:00,50,49,1,34,4.11,1.0
SUB-11,suburban,2026-05-15 06:00:00,46,45,1,50,3.81,1.02
SUB-11,suburban,2026-05-15 07:00:00,48,47,1,49,2.0,1.0
SUB-11,suburban,2026-05-15 08:00:00,48,47,1,62,4.03,1.13
SUB-11,suburban,2026-05-15 09:00:00,48,47,1,56,3.56,1.06
SUB-11,suburban,2026-05-15 10:00:00,51,50,1,46,3.41,1.0
SUB-11,suburban,2026-05-15 11:00:00,41,40,1,35,2.79,1.04
SUB-11,suburban,2026-05-15 12:00:00,39,38,1,41,2.46,1.0
SUB-11,suburban,2026-05-15 13:00:00,33,32,1,28,4.65,1.08
SUB-11,suburban,2026-05-15 14:00:00,41,40,1,29,3.78,1.0
SUB-11,suburban,2026-05-15 15:00:00,24,23,1,29,5.48,1.05
SUB-11,suburban,2026-05-15 16:00:00,29,28,1,26,2.89,1.04
SUB-11,suburban,2026-05-15 17:00:00,44,37,7,24,4.8,1.27
SUB-11,suburban,2026-05-15 18:00:00,41,40,1,31,2.36,1.06
SUB-11,suburban,2026-05-15 19:00:00,37,36,1,22,2.96,1.06
SUB-11,suburban,2026-05-15 20:00:00,35,34,1,32,3.69,1.07
SUB-11,suburban,2026-05-15 21:00:00,36,35,1,37,3.25,1.1
SUB-11,suburban,2026-05-15 22:00:00,38,32,6,21,4.34,1.31
SUB-11,suburban,2026-05-15 23:00:00,35,34,1,31,3.77,1.04
SUB-11,suburban,2026-05-16 00:00:00,29,28,1,32,3.33,1.04
SUB-11,suburban,2026-05-16 01:00:00,35,34,1,30,3.43,1.15
SUB-11,suburban,2026-05-16 02:00:00,33,32,1,37,2.78,1.1
SUB-11,suburban,2026-05-16 03:00:00,37,36,1,31,2.2,1.0
SUB-11,suburban,2026-05-16 04:00:00,34,33,1,34,2.71,1.14
SUB-11,suburban,2026-05-16 05:00:00,40,39,1,30,2.95,1.0
SUB-11,suburban,2026-05-16 06:00:00,47,46,1,39,4.35,1.03
SUB-11,suburban,2026-05-16 07:00:00,58,57,1,58,4.18,1.01
SUB-11,suburban,2026-05-16 08:00:00,51,50,1,56,4.35,1.03
SUB-11,suburban,2026-05-16 09:00:00,55,54,1,50,3.61,1.0
SUB-11,suburban,2026-05-16 10:00:00,49,48,1,40,3.57,1.0
SUB-11,suburban,2026-05-16 11:00:00,45,44,1,47,3.14,1.0
SUB-11,suburban,2026-05-16 12:00:00,44,43,1,33,3.98,1.09
SUB-11,suburban,2026-05-16 13:00:00,45,44,1,30,2.86,1.03
SUB-11,suburban,2026-05-16 14:00:00,28,27,1,31,4.18,1.02
SUB-11,suburban,2026-05-16 15:00:00,28,27,1,25,2.49,1.0
SUB-11,suburban,2026-05-16 16:00:00,32,31,1,32,2.58,1.07
SUB-11,suburban,2026-05-16 17:00:00,28,27,1,20,3.53,1.0
SUB-11,suburban,2026-05-16 18:00:00,36,35,1,24,4.13,1.0
SUB-11,suburban,2026-05-16 19:00:00,38,37,1,26,3.39,1.0
SUB-11,suburban,2026-05-16 20:00:00,29,28,1,24,3.16,1.0
SUB-11,suburban,2026-05-16 21:00:00,36,35,1,27,2.58,1.09
SUB-11,suburban,2026-05-16 22:00:00,22,21,1,29,2.0,1.06
SUB-11,suburban,2026-05-16 23:00:00,41,40,1,29,4.39,1.0
SUB-11,suburban,2026-05-17 00:00:00,23,22,1,37,3.11,1.08
SUB-11,suburban,2026-05-17 01:00:00,26,22,4,14,6.43,1.23
SUB-11,suburban,2026-05-17 02:00:00,34,33,1,29,3.81,1.16
SUB-11,suburban,2026-05-17 03:00:00,30,29,1,32,3.4,1.0
SUB-11,suburban,2026-05-17 04:00:00,34,33,1,27,3.68,1.12
SUB-11,suburban,2026-05-17 05:00:00,36,35,1,31,5.0,1.07
SUB-11,suburban,2026-05-17 06:00:00,41,40,1,48,3.23,1.02
SUB-11,suburban,2026-05-17 07:00:00,45,44,1,50,4.6,1.03
SUB-11,suburban,2026-05-17 08:00:00,35,34,1,39,4.14,1.0
SUB-11,suburban,2026-05-17 09:00:00,54,53,1,44,3.94,1.07
SUB-11,suburban,2026-05-17 10:00:00,33,32,1,31,4.71,1.04
SUB-11,suburban,2026-05-17 11:00:00,46,39,7,25,4.7,1.34
SUB-11,suburban,2026-05-17 12:00:00,33,32,1,24,4.6,1.05
SUB-11,suburban,2026-05-17 13:00:00,18,17,1,24,3.5,1.08
SUB-11,suburban,2026-05-17 14:00:00,29,28,1,18,4.05,1.0
SUB-11,suburban,2026-05-17 15:00:00,35,30,5,18,5.25,1.12
SUB-11,suburban,2026-05-17 16:00:00,33,32,1,30,3.64,1.01
SUB-11,suburban,2026-05-17 17:00:00,31,30,1,19,2.31,1.07
SUB-11,suburban,2026-05-17 18:00:00,40,39,1,24,4.41,1.0
SUB-11,suburban,2026-05-17 19:00:00,30,29,1,27,4.14,1.09
SUB-11,suburban,2026-05-17 20:00:00,27,26,1,30,4.92,1.08
SUB-11,suburban,2026-05-17 21:00:00,32,31,1,27,3.93,1.0
SUB-11,suburban,2026-05-17 22:00:00,32,31,1,25,3.5,1.06
SUB-11,suburban,2026-05-17 23:00:00,25,24,1,16,4.23,1.2
SUB-11,suburban,2026-05-18 00:00:00,29,28,1,24,3.91,1.0
SUB-11,suburban,2026-05-18 01:00:00,33,32,1,19,2.73,1.01
SUB-11,suburban,2026-05-18 02:00:00,28,27,1,29,2.48,1.02
SUB-11,suburban,2026-05-18 03:00:00,37,31,6,16,5.04,1.27
SUB-11,suburban,2026-05-18 04:00:00,39,38,1,30,4.29,1.0
SUB-11,suburban,2026-05-18 05:00:00,36,35,1,29,2.9,1.0
SUB-11,suburban,2026-05-18 06:00:00,50,49,1,35,5.83,1.1
SUB-11,suburban,2026-05-18 07:00:00,44,43,1,38,2.1,1.06
SUB-11,suburban,2026-05-18 08:00:00,47,46,1,50,3.75,1.0
SUB-11,suburban,2026-05-18 09:00:00,52,51,1,37,3.51,1.0
SUB-11,suburban,2026-05-18 10:00:00,49,48,1,35,3.14,1.0
SUB-11,suburban,2026-05-18 11:00:00,38,37,1,36,3.4,1.0
SUB-11,suburban,2026-05-18 12:00:00,43,42,1,45,3.69,1.06
SUB-11,suburban,2026-05-18 13:00:00,30,29,1,31,4.11,1.0
SUB-11,suburban,2026-05-18 14:00:00,31,30,1,33,2.35,1.0
SUB-11,suburban,2026-05-18 15:00:00,25,24,1,38,2.21,1.06
SUB-11,suburban,2026-05-18 16:00:00,28,27,1,26,3.57,1.0
SUB-11,suburban,2026-05-18 17:00:00,24,23,1,33,3.43,1.09
SUB-11,suburban,2026-05-18 18:00:00,28,27,1,31,2.69,1.02
SUB-11,suburban,2026-05-18 19:00:00,34,33,1,24,3.31,1.01
SUB-11,suburban,2026-05-18 20:00:00,30,29,1,32,3.35,1.02
SUB-11,suburban,2026-05-18 21:00:00,18,17,1,20,3.23,1.0
SUB-11,suburban,2026-05-18 22:00:00,34,33,1,28,3.64,1.0
SUB-11,suburban,2026-05-18 23:00:00,22,21,1,27,3.57,1.0
SUB-11,suburban,2026-05-19 00:00:00,29,28,1,28,2.34,1.07
SUB-11,suburban,2026-05-19 01:00:00,31,30,1,31,4.31,1.01
SUB-11,suburban,2026-05-19 02:00:00,26,25,1,23,2.4,1.06
SUB-11,suburban,2026-05-19 03:00:00,31,30,1,35,3.28,1.13
SUB-11,suburban,2026-05-19 04:00:00,34,33,1,23,3.56,1.05
SUB-11,suburban,2026-05-19 05:00:00,30,29,1,25,3.51,1.01
SUB-11,suburban,2026-05-19 06:00:00,43,42,1,46,4.26,1.0
SUB-11,suburban,2026-05-19 07:00:00,48,47,1,45,4.71,1.02
SUB-11,suburban,2026-05-19 08:00:00,59,58,1,34,3.75,1.11
SUB-11,suburban,2026-05-19 09:00:00,42,41,1,41,4.66,1.01
SUB-11,suburban,2026-05-19 10:00:00,36,35,1,34,4.41,1.0
SUB-11,suburban,2026-05-19 11:00:00,27,26,1,32,3.66,1.03
SUB-11,suburban,2026-05-19 12:00:00,20,19,1,35,4.04,1.03
SUB-11,suburban,2026-05-19 13:00:00,36,35,1,23,4.34,1.09
SUB-11,suburban,2026-05-19 14:00:00,39,20,19,13,7.34,1.77
SUB-11,suburban,2026-05-19 15:00:00,32,31,1,22,4.58,1.1
SUB-11,suburban,2026-05-19 16:00:00,32,31,1,27,3.4,1.0
SUB-11,suburban,2026-05-19 17:00:00,23,22,1,25,4.49,1.03
SUB-11,suburban,2026-05-19 18:00:00,21,20,1,29,2.47,1.0
SUB-11,suburban,2026-05-19 19:00:00,24,23,1,24,3.92,1.01
SUB-11,suburban,2026-05-19 20:00:00,29,28,1,34,5.54,1.01
SUB-11,suburban,2026-05-19 21:00:00,28,27,1,27,3.45,1.08
SUB-11,suburban,2026-05-19 22:00:00,24,23,1,21,3.65,1.03
SUB-11,suburban,2026-05-19 23:00:00,26,25,1,27,2.83,1.03
SUB-11,suburban,2026-05-20 00:00:00,27,26,1,24,2.0,1.07
SUB-11,suburban,2026-05-20 01:00:00,27,26,1,25,3.15,1.0
SUB-11,suburban,2026-05-20 02:00:00,31,27,4,17,5.55,1.17
SUB-11,suburban,2026-05-20 03:00:00,21,20,1,29,3.88,1.23
SUB-11,suburban,2026-05-20 04:00:00,23,22,1,28,3.12,1.07
SUB-11,suburban,2026-05-20 05:00:00,40,39,1,33,2.82,1.02
SUB-11,suburban,2026-05-20 06:00:00,42,41,1,47,4.31,1.14
SUB-11,suburban,2026-05-20 07:00:00,51,50,1,30,4.55,1.03
SUB-11,suburban,2026-05-20 08:00:00,46,45,1,44,4.35,1.0
SUB-11,suburban,2026-05-20 09:00:00,42,41,1,46,4.11,1.01
SUB-11,suburban,2026-05-20 10:00:00,35,34,1,34,3.68,1.03
SUB-11,suburban,2026-05-20 11:00:00,35,34,1,36,3.17,1.16
SUB-11,suburban,2026-05-20 12:00:00,30,29,1,28,2.64,1.07
SUB-11,suburban,2026-05-20 13:00:00,32,31,1,27,3.21,1.0
SUB-11,suburban,2026-05-20 14:00:00,20,19,1,26,3.32,1.06
SUB-11,suburban,2026-05-20 15:00:00,26,25,1,25,3.58,1.0
SUB-11,suburban,2026-05-20 16:00:00,32,31,1,28,3.35,1.03
SUB-11,suburban,2026-05-20 17:00:00,26,25,1,39,3.29,1.02
SUB-11,suburban,2026-05-20 18:00:00,18,17,1,30,4.04,1.13
SUB-11,suburban,2026-05-20 19:00:00,30,29,1,31,3.08,1.0
SUB-11,suburban,2026-05-20 20:00:00,31,30,1,20,4.93,1.08
SUB-11,suburban,2026-05-20 21:00:00,34,33,1,24,3.63,1.05
SUB-11,suburban,2026-05-20 22:00:00,30,29,1,26,4.94,1.08
SUB-11,suburban,2026-05-20 23:00:00,38,33,5,22,4.96,1.18
SUB-11,suburban,2026-05-21 00:00:00,32,31,1,28,4.26,1.05
SUB-11,suburban,2026-05-21 01:00:00,34,33,1,31,4.7,1.04
SUB-11,suburban,2026-05-21 02:00:00,27,26,1,26,3.35,1.0
SUB-11,suburban,2026-05-21 03:00:00,24,23,1,27,2.7,1.1
SUB-11,suburban,2026-05-21 04:00:00,32,31,1,32,4.23,1.07
SUB-11,suburban,2026-05-21 05:00:00,34,33,1,35,4.7,1.06
SUB-11,suburban,2026-05-21 06:00:00,49,48,1,37,4.41,1.0
SUB-11,suburban,2026-05-21 07:00:00,57,56,1,51,2.6,1.0
SUB-11,suburban,2026-05-21 08:00:00,48,47,1,44,5.27,1.03
SUB-11,suburban,2026-05-21 09:00:00,38,37,1,49,3.21,1.0
SUB-11,suburban,2026-05-21 10:00:00,40,39,1,22,3.08,1.0
SUB-11,suburban,2026-05-21 11:00:00,29,28,1,40,2.36,1.06
SUB-11,suburban,2026-05-21 12:00:00,33,32,1,29,3.7,1.02
SUB-11,suburban,2026-05-21 13:00:00,34,33,1,22,3.87,1.0
SUB-11,suburban,2026-05-21 14:00:00,22,21,1,37,5.47,1.0
SUB-11,suburban,2026-05-21 15:00:00,38,37,1,36,4.07,1.0
SUB-11,suburban,2026-05-21 16:00:00,33,32,1,38,4.24,1.0
SUB-11,suburban,2026-05-21 17:00:00,31,30,1,28,3.41,1.05
SUB-11,suburban,2026-05-21 18:00:00,25,24,1,24,4.1,1.05
SUB-11,suburban,2026-05-21 19:00:00,39,38,1,29,3.01,1.04
SUB-11,suburban,2026-05-21 20:00:00,25,24,1,28,2.79,1.01
SUB-11,suburban,2026-05-21 21:00:00,25,24,1,26,2.97,1.07
SUB-11,suburban,2026-05-21 22:00:00,31,30,1,24,3.42,1.09
SUB-11,suburban,2026-05-21 23:00:00,24,23,1,24,4.36,1.02
SUB-11,suburban,2026-05-22 00:00:00,28,27,1,36,4.44,1.04
SUB-11,suburban,2026-05-22 01:00:00,49,48,1,31,2.75,1.05
SUB-11,suburban,2026-05-22 02:00:00,34,33,1,32,3.98,1.0
SUB-11,suburban,2026-05-22 03:00:00,35,34,1,26,4.61,1.06
SUB-11,suburban,2026-05-22 04:00:00,42,41,1,36,3.33,1.06
SUB-11,suburban,2026-05-22 05:00:00,37,36,1,35,4.38,1.0
SUB-11,suburban,2026-05-22 06:00:00,60,59,1,49,4.89,1.05
SUB-11,suburban,2026-05-22 07:00:00,51,50,1,50,2.65,1.05
SUB-11,suburban,2026-05-22 08:00:00,51,50,1,70,4.16,1.06
SUB-11,suburban,2026-05-22 09:00:00,62,61,1,48,4.61,1.05
SUB-11,suburban,2026-05-22 10:00:00,47,46,1,37,4.16,1.0
SUB-11,suburban,2026-05-22 11:00:00,45,44,1,31,2.78,1.04
SUB-11,suburban,2026-05-22 12:00:00,43,42,1,33,3.28,1.0
SUB-11,suburban,2026-05-22 13:00:00,34,33,1,32,3.54,1.06
SUB-11,suburban,2026-05-22 14:00:00,34,33,1,22,3.14,1.1
SUB-11,suburban,2026-05-22 15:00:00,25,24,1,25,3.84,1.0
SUB-11,suburban,2026-05-22 16:00:00,36,35,1,31,4.6,1.08
SUB-11,suburban,2026-05-22 17:00:00,39,38,1,37,3.31,1.0
SUB-11,suburban,2026-05-22 18:00:00,31,30,1,30,4.39,1.11
SUB-11,suburban,2026-05-22 19:00:00,24,23,1,34,4.64,1.0
SUB-11,suburban,2026-05-22 20:00:00,35,34,1,28,3.96,1.09
SUB-11,suburban,2026-05-22 21:00:00,36,35,1,33,4.15,1.0
SUB-11,suburban,2026-05-22 22:00:00,22,21,1,27,4.22,1.08
SUB-11,suburban,2026-05-22 23:00:00,29,28,1,25,3.77,1.06
SUB-11,suburban,2026-05-23 00:00:00,39,38,1,36,4.61,1.13
SUB-11,suburban,2026-05-23 01:00:00,30,29,1,38,4.68,1.16
SUB-11,suburban,2026-05-23 02:00:00,28,26,2,17,3.59,1.05
SUB-11,suburban,2026-05-23 03:00:00,21,20,1,28,2.75,1.08
SUB-11,suburban,2026-05-23 04:00:00,30,29,1,31,5.2,1.04
SUB-11,suburban,2026-05-23 05:00:00,36,35,1,32,2.94,1.0
SUB-11,suburban,2026-05-23 06:00:00,45,44,1,40,3.75,1.02
SUB-11,suburban,2026-05-23 07:00:00,59,58,1,53,3.79,1.0
SUB-11,suburban,2026-05-23 08:00:00,56,55,1,50,3.3,1.0
SUB-11,suburban,2026-05-23 09:00:00,60,59,1,51,4.32,1.08
SUB-11,suburban,2026-05-23 10:00:00,44,43,1,32,3.66,1.0
SUB-11,suburban,2026-05-23 11:00:00,41,40,1,37,3.41,1.0
SUB-11,suburban,2026-05-23 12:00:00,50,49,1,35,5.16,1.0
SUB-11,suburban,2026-05-23 13:00:00,34,33,1,40,4.09,1.06
SUB-11,suburban,2026-05-23 14:00:00,39,38,1,26,3.92,1.0
SUB-11,suburban,2026-05-23 15:00:00,33,32,1,24,2.5,1.01
SUB-11,suburban,2026-05-23 16:00:00,18,17,1,25,3.07,1.04
SUB-11,suburban,2026-05-23 17:00:00,33,32,1,23,4.04,1.0
SUB-11,suburban,2026-05-23 18:00:00,44,43,1,37,3.52,1.04
SUB-11,suburban,2026-05-23 19:00:00,33,32,1,29,4.35,1.0
SUB-11,suburban,2026-05-23 20:00:00,32,31,1,32,3.62,1.02
SUB-11,suburban,2026-05-23 21:00:00,33,32,1,33,3.77,1.06
SUB-11,suburban,2026-05-23 22:00:00,38,37,1,31,4.49,1.06
SUB-11,suburban,2026-05-23 23:00:00,26,25,1,37,4.95,1.0
SUB-11,suburban,2026-05-24 00:00:00,26,25,1,36,4.32,1.06
SUB-11,suburban,2026-05-24 01:00:00,35,34,1,29,3.74,1.0
SUB-11,suburban,2026-05-24 02:00:00,30,29,1,27,4.16,1.0
SUB-11,suburban,2026-05-24 03:00:00,31,30,1,29,2.3,1.03
SUB-11,suburban,2026-05-24 04:00:00,34,33,1,35,3.95,1.07
SUB-11,suburban,2026-05-24 05:00:00,44,43,1,31,4.32,1.0
SUB-11,suburban,2026-05-24 06:00:00,39,38,1,43,2.93,1.03
SUB-11,suburban,2026-05-24 07:00:00,40,39,1,54,3.79,1.07
SUB-11,suburban,2026-05-24 08:00:00,36,35,1,55,2.3,1.06
SUB-11,suburban,2026-05-24 09:00:00,42,41,1,48,3.69,1.15
SUB-11,suburban,2026-05-24 10:00:00,35,34,1,45,3.67,1.06
SUB-11,suburban,2026-05-24 11:00:00,34,33,1,27,3.1,1.0
SUB-11,suburban,2026-05-24 12:00:00,42,41,1,31,3.8,1.11
SUB-11,suburban,2026-05-24 13:00:00,36,35,1,25,2.98,1.0
SUB-11,suburban,2026-05-24 14:00:00,24,23,1,29,2.19,1.0
SUB-11,suburban,2026-05-24 15:00:00,34,33,1,23,3.37,1.0
SUB-11,suburban,2026-05-24 16:00:00,25,24,1,23,2.64,1.07
SUB-11,suburban,2026-05-24 17:00:00,27,26,1,26,3.01,1.11
SUB-11,suburban,2026-05-24 18:00:00,25,24,1,23,4.59,1.03
SUB-11,suburban,2026-05-24 19:00:00,24,23,1,26,4.88,1.0
SUB-11,suburban,2026-05-24 20:00:00,29,28,1,22,3.21,1.02
SUB-11,suburban,2026-05-24 21:00:00,26,25,1,26,2.45,1.03
SUB-11,suburban,2026-05-24 22:00:00,27,26,1,33,3.75,1.11
SUB-11,suburban,2026-05-24 23:00:00,40,29,11,19,5.16,1.46
SUB-11,suburban,2026-05-25 00:00:00,30,29,1,32,4.23,1.0
SUB-11,suburban,2026-05-25 01:00:00,26,25,1,21,3.92,1.03
SUB-11,suburban,2026-05-25 02:00:00,23,22,1,29,3.44,1.0
SUB-11,suburban,2026-05-25 03:00:00,38,37,1,29,3.01,1.02
SUB-11,suburban,2026-05-25 04:00:00,33,32,1,31,3.52,1.0
SUB-11,suburban,2026-05-25 05:00:00,39,38,1,40,2.99,1.06
SUB-11,suburban,2026-05-25 06:00:00,35,34,1,22,3.45,1.0
SUB-11,suburban,2026-05-25 07:00:00,31,30,1,36,3.26,1.04
SUB-11,suburban,2026-05-25 08:00:00,56,55,1,36,3.32,1.11
SUB-11,suburban,2026-05-25 09:00:00,60,59,1,36,3.66,1.07
SUB-11,suburban,2026-05-25 10:00:00,40,39,1,45,4.01,1.07
SUB-11,suburban,2026-05-25 11:00:00,38,37,1,29,3.38,1.0
SUB-11,suburban,2026-05-25 12:00:00,26,25,1,35,4.9,1.06
SUB-11,suburban,2026-05-25 13:00:00,30,29,1,25,3.4,1.07
SUB-11,suburban,2026-05-25 14:00:00,26,25,1,20,4.56,1.11
SUB-11,suburban,2026-05-25 15:00:00,30,29,1,22,2.0,1.0
SUB-11,suburban,2026-05-25 16:00:00,39,37,2,23,4.17,1.12
SUB-11,suburban,2026-05-25 17:00:00,26,25,1,24,2.82,1.08
SUB-11,suburban,2026-05-25 18:00:00,42,41,1,26,4.21,1.03
SUB-11,suburban,2026-05-25 19:00:00,16,15,1,31,3.77,1.0
SUB-11,suburban,2026-05-25 20:00:00,42,36,6,19,4.86,1.13
SUB-11,suburban,2026-05-25 21:00:00,26,25,1,32,4.47,1.0
SUB-11,suburban,2026-05-25 22:00:00,22,21,1,17,4.06,1.01
SUB-11,suburban,2026-05-25 23:00:00,36,35,1,32,2.0,1.0
SUB-11,suburban,2026-05-26 00:00:00,36,24,12,13,7.6,1.55
SUB-11,suburban,2026-05-26 01:00:00,27,26,1,27,2.34,1.02
SUB-11,suburban,2026-05-26 02:00:00,25,24,1,18,3.26,1.08
SUB-11,suburban,2026-05-26 03:00:00,30,29,1,33,4.05,1.07
SUB-11,suburban,2026-05-26 04:00:00,32,31,1,36,5.32,1.09
SUB-11,suburban,2026-05-26 05:00:00,26,25,1,27,3.05,1.04
SUB-11,suburban,2026-05-26 06:00:00,46,45,1,32,3.1,1.04
SUB-11,suburban,2026-05-26 07:00:00,53,52,1,43,3.25,1.02
SUB-11,suburban,2026-05-26 08:00:00,53,52,1,40,3.47,1.07
SUB-11,suburban,2026-05-26 09:00:00,56,55,1,54,2.97,1.0
SUB-11,suburban,2026-05-26 10:00:00,52,51,1,37,2.73,1.0
SUB-11,suburban,2026-05-26 11:00:00,50,33,17,18,6.91,1.5
SUB-11,suburban,2026-05-26 12:00:00,32,31,1,23,3.29,1.0
SUB-11,suburban,2026-05-26 13:00:00,21,20,1,30,4.45,1.0
SUB-11,suburban,2026-05-26 14:00:00,34,33,1,27,4.24,1.1
SUB-11,suburban,2026-05-26 15:00:00,31,30,1,29,4.07,1.0
SUB-11,suburban,2026-05-26 16:00:00,21,20,1,29,4.16,1.0
SUB-11,suburban,2026-05-26 17:00:00,26,25,1,30,4.31,1.04
SUB-11,suburban,2026-05-26 18:00:00,24,23,1,38,2.82,1.0
SUB-11,suburban,2026-05-26 19:00:00,27,26,1,20,2.49,1.1
SUB-11,suburban,2026-05-26 20:00:00,31,30,1,22,3.95,1.0
SUB-11,suburban,2026-05-26 21:00:00,33,32,1,26,2.51,1.11
SUB-11,suburban,2026-05-26 22:00:00,23,22,1,34,3.2,1.0
SUB-11,suburban,2026-05-26 23:00:00,23,22,1,29,3.3,1.13
SUB-11,suburban,2026-05-27 00:00:00,34,33,1,24,3.25,1.05
SUB-11,suburban,2026-05-27 01:00:00,20,19,1,22,2.53,1.07
SUB-11,suburban,2026-05-27 02:00:00,29,28,1,26,4.14,1.0
SUB-11,suburban,2026-05-27 03:00:00,31,30,1,18,3.75,1.07
SUB-11,suburban,2026-05-27 04:00:00,32,31,1,37,4.69,1.0
SUB-11,suburban,2026-05-27 05:00:00,32,31,1,27,3.6,1.0
SUB-11,suburban,2026-05-27 06:00:00,47,46,1,43,4.7,1.09
SUB-11,suburban,2026-05-27 07:00:00,66,65,1,55,4.29,1.08
SUB-11,suburban,2026-05-27 08:00:00,56,55,1,57,2.0,1.0
SUB-11,suburban,2026-05-27 09:00:00,46,45,1,40,3.53,1.0
SUB-11,suburban,2026-05-27 10:00:00,47,46,1,31,5.02,1.0
SUB-11,suburban,2026-05-27 11:00:00,40,39,1,41,4.22,1.0
SUB-11,suburban,2026-05-27 12:00:00,32,31,1,31,3.04,1.0
SUB-11,suburban,2026-05-27 13:00:00,26,25,1,27,3.62,1.0
SUB-11,suburban,2026-05-27 14:00:00,30,29,1,31,2.98,1.02
SUB-11,suburban,2026-05-27 15:00:00,39,38,1,29,3.51,1.0
SUB-11,suburban,2026-05-27 16:00:00,31,30,1,19,2.8,1.01
SUB-11,suburban,2026-05-27 17:00:00,24,23,1,21,2.93,1.1
SUB-11,suburban,2026-05-27 18:00:00,29,28,1,29,4.21,1.0
SUB-11,suburban,2026-05-27 19:00:00,22,21,1,25,4.61,1.0
SUB-11,suburban,2026-05-27 20:00:00,32,31,1,27,2.7,1.0
SUB-11,suburban,2026-05-27 21:00:00,30,29,1,32,2.25,1.08
SUB-11,suburban,2026-05-27 22:00:00,21,20,1,30,3.04,1.02
SUB-11,suburban,2026-05-27 23:00:00,31,30,1,30,3.14,1.0
SUB-11,suburban,2026-05-28 00:00:00,23,22,1,26,2.97,1.03
SUB-11,suburban,2026-05-28 01:00:00,27,26,1,26,3.32,1.05
SUB-11,suburban,2026-05-28 02:00:00,25,24,1,19,2.64,1.08
SUB-11,suburban,2026-05-28 03:00:00,24,23,1,33,3.72,1.02
SUB-11,suburban,2026-05-28 04:00:00,35,34,1,37,3.29,1.09
SUB-11,suburban,2026-05-28 05:00:00,51,50,1,30,2.89,1.0
SUB-11,suburban,2026-05-28 06:00:00,52,51,1,39,4.44,1.07
SUB-11,suburban,2026-05-28 07:00:00,49,48,1,40,4.16,1.08
SUB-11,suburban,2026-05-28 08:00:00,50,49,1,43,4.15,1.0
SUB-11,suburban,2026-05-28 09:00:00,52,51,1,29,3.19,1.03
SUB-11,suburban,2026-05-28 10:00:00,44,43,1,36,3.65,1.0
SUB-11,suburban,2026-05-28 11:00:00,30,29,1,25,3.03,1.08
SUB-11,suburban,2026-05-28 12:00:00,25,24,1,25,3.24,1.0
SUB-11,suburban,2026-05-28 13:00:00,26,25,1,32,3.91,1.01
SUB-11,suburban,2026-05-28 14:00:00,29,28,1,31,4.39,1.08
SUB-11,suburban,2026-05-28 15:00:00,31,30,1,23,3.68,1.04
SUB-11,suburban,2026-05-28 16:00:00,28,27,1,20,3.03,1.0
SUB-11,suburban,2026-05-28 17:00:00,24,23,1,31,4.58,1.0
SUB-11,suburban,2026-05-28 18:00:00,27,26,1,19,2.75,1.06
SUB-11,suburban,2026-05-28 19:00:00,39,37,2,21,4.18,1.06
SUB-11,suburban,2026-05-28 20:00:00,29,28,1,37,2.25,1.0
SUB-11,suburban,2026-05-28 21:00:00,30,29,1,32,2.38,1.06
SUB-11,suburban,2026-05-28 22:00:00,32,31,1,43,4.79,1.0
SUB-11,suburban,2026-05-28 23:00:00,24,23,1,35,2.36,1.0
SUB-11,suburban,2026-05-29 00:00:00,42,41,1,33,2.58,1.01
SUB-11,suburban,2026-05-29 01:00:00,35,34,1,35,2.84,1.06
SUB-11,suburban,2026-05-29 02:00:00,36,35,1,30,3.05,1.1
SUB-11,suburban,2026-05-29 03:00:00,34,33,1,38,4.06,1.0
SUB-11,suburban,2026-05-29 04:00:00,32,31,1,35,2.02,1.02
SUB-11,suburban,2026-05-29 05:00:00,31,30,1,29,4.02,1.05
SUB-11,suburban,2026-05-29 06:00:00,51,43,8,29,5.32,1.24
SUB-11,suburban,2026-05-29 07:00:00,58,57,1,46,3.61,1.01
SUB-11,suburban,2026-05-29 08:00:00,57,56,1,39,2.36,1.0
SUB-11,suburban,2026-05-29 09:00:00,55,54,1,57,2.78,1.0
SUB-11,suburban,2026-05-29 10:00:00,43,42,1,30,3.46,1.0
SUB-11,suburban,2026-05-29 11:00:00,49,48,1,39,4.66,1.06
SUB-11,suburban,2026-05-29 12:00:00,32,31,1,33,4.75,1.0
SUB-11,suburban,2026-05-29 13:00:00,41,40,1,30,2.25,1.01
SUB-11,suburban,2026-05-29 14:00:00,33,32,1,25,3.7,1.0
SUB-11,suburban,2026-05-29 15:00:00,33,32,1,28,2.92,1.0
SUB-11,suburban,2026-05-29 16:00:00,35,34,1,28,2.76,1.11
SUB-11,suburban,2026-05-29 17:00:00,24,23,1,22,2.0,1.09
SUB-11,suburban,2026-05-29 18:00:00,30,29,1,16,3.16,1.02
SUB-11,suburban,2026-05-29 19:00:00,33,28,5,18,5.01,1.29
SUB-11,suburban,2026-05-29 20:00:00,24,23,1,26,4.48,1.02
SUB-11,suburban,2026-05-29 21:00:00,24,23,1,30,2.29,1.0
SUB-11,suburban,2026-05-29 22:00:00,23,22,1,27,2.84,1.01
SUB-11,suburban,2026-05-29 23:00:00,37,36,1,32,4.05,1.03
SUB-11,suburban,2026-05-30 00:00:00,43,39,4,21,3.45,1.01
SUB-11,suburban,2026-05-30 01:00:00,32,31,1,38,4.22,1.0
SUB-11,suburban,2026-05-30 02:00:00,35,34,1,29,3.3,1.06
SUB-11,suburban,2026-05-30 03:00:00,36,35,1,32,2.89,1.0
SUB-11,suburban,2026-05-30 04:00:00,40,39,1,31,3.43,1.01
SUB-11,suburban,2026-05-30 05:00:00,40,39,1,39,2.69,1.07
SUB-11,suburban,2026-05-30 06:00:00,53,52,1,50,2.91,1.05
SUB-11,suburban,2026-05-30 07:00:00,45,44,1,50,2.0,1.09
SUB-11,suburban,2026-05-30 08:00:00,62,61,1,40,4.5,1.0
SUB-11,suburban,2026-05-30 09:00:00,58,57,1,43,3.81,1.0
SUB-11,suburban,2026-05-30 10:00:00,50,49,1,34,3.14,1.0
SUB-11,suburban,2026-05-30 11:00:00,38,37,1,45,4.43,1.0
SUB-11,suburban,2026-05-30 12:00:00,33,32,1,34,4.09,1.04
SUB-11,suburban,2026-05-30 13:00:00,27,26,1,26,3.27,1.11
SUB-11,suburban,2026-05-30 14:00:00,37,36,1,29,3.17,1.05
SUB-11,suburban,2026-05-30 15:00:00,28,27,1,32,3.87,1.15
SUB-11,suburban,2026-05-30 16:00:00,36,35,1,30,3.94,1.09
SUB-11,suburban,2026-05-30 17:00:00,37,36,1,27,2.63,1.03
SUB-11,suburban,2026-05-30 18:00:00,39,38,1,34,3.02,1.04
SUB-11,suburban,2026-05-30 19:00:00,26,25,1,30,3.99,1.02
SUB-11,suburban,2026-05-30 20:00:00,30,29,1,33,3.41,1.01
SUB-11,suburban,2026-05-30 21:00:00,31,30,1,34,3.77,1.0
SUB-11,suburban,2026-05-30 22:00:00,31,30,1,35,3.47,1.0
SUB-11,suburban,2026-05-30 23:00:00,39,38,1,36,3.5,1.0
SUB-11,suburban,2026-05-31 00:00:00,29,28,1,31,4.75,1.0
SUB-11,suburban,2026-05-31 01:00:00,20,19,1,27,3.66,1.05
SUB-11,suburban,2026-05-31 02:00:00,28,27,1,17,2.97,1.0
SUB-11,suburban,2026-05-31 03:00:00,27,26,1,24,2.88,1.0
SUB-11,suburban,2026-05-31 04:00:00,27,26,1,42,2.85,1.02
SUB-11,suburban,2026-05-31 05:00:00,36,35,1,39,4.09,1.04
SUB-11,suburban,2026-05-31 06:00:00,44,43,1,42,4.28,1.0
SUB-11,suburban,2026-05-31 07:00:00,60,59,1,40,3.92,1.03
SUB-11,suburban,2026-05-31 08:00:00,37,36,1,49,4.47,1.0
SUB-11,suburban,2026-05-31 09:00:00,43,42,1,41,4.05,1.06
SUB-11,suburban,2026-05-31 10:00:00,38,37,1,41,2.0,1.07
SUB-11,suburban,2026-05-31 11:00:00,28,27,1,34,5.45,1.0
SUB-11,suburban,2026-05-31 12:00:00,35,34,1,34,3.2,1.0
SUB-11,suburban,2026-05-31 13:00:00,22,21,1,27,3.83,1.0
SUB-11,suburban,2026-05-31 14:00:00,27,26,1,31,3.4,1.0
SUB-11,suburban,2026-05-31 15:00:00,24,23,1,34,2.1,1.02
SUB-11,suburban,2026-05-31 16:00:00,26,25,1,26,3.98,1.01
SUB-11,suburban,2026-05-31 17:00:00,31,30,1,30,2.0,1.03
SUB-11,suburban,2026-05-31 18:00:00,33,32,1,33,5.06,1.07
SUB-11,suburban,2026-05-31 19:00:00,28,27,1,28,3.85,1.1
SUB-11,suburban,2026-05-31 20:00:00,25,24,1,31,4.51,1.08
SUB-11,suburban,2026-05-31 21:00:00,26,25,1,20,3.64,1.05
SUB-11,suburban,2026-05-31 22:00:00,24,23,1,24,5.56,1.0
SUB-11,suburban,2026-05-31 23:00:00,27,26,1,32,4.81,1.0
SUB-11,suburban,2026-06-01 00:00:00,24,23,1,32,3.09,1.06
SUB-11,suburban,2026-06-01 01:00:00,33,32,1,23,2.6,1.04
SUB-11,suburban,2026-06-01 02:00:00,26,25,1,21,4.06,1.0
SUB-11,suburban,2026-06-01 03:00:00,27,26,1,40,2.47,1.0
SUB-11,suburban,2026-06-01 04:00:00,27,26,1,33,3.42,1.01
SUB-11,suburban,2026-06-01 05:00:00,37,36,1,31,3.12,1.0
SUB-11,suburban,2026-06-01 06:00:00,49,48,1,35,4.42,1.0
SUB-11,suburban,2026-06-01 07:00:00,39,38,1,49,4.06,1.14
SUB-11,suburban,2026-06-01 08:00:00,53,52,1,48,3.44,1.08
SUB-11,suburban,2026-06-01 09:00:00,52,51,1,41,4.38,1.05
SUB-11,suburban,2026-06-01 10:00:00,37,36,1,52,2.87,1.03
SUB-11,suburban,2026-06-01 11:00:00,33,32,1,41,3.98,1.02
SUB-11,suburban,2026-06-01 12:00:00,33,32,1,35,2.33,1.02
SUB-11,suburban,2026-06-01 13:00:00,31,30,1,38,3.07,1.04
SUB-11,suburban,2026-06-01 14:00:00,34,33,1,25,2.09,1.0
SUB-11,suburban,2026-06-01 15:00:00,32,30,2,16,2.22,1.06
SUB-11,suburban,2026-06-01 16:00:00,33,32,1,25,3.97,1.0
SUB-11,suburban,2026-06-01 17:00:00,30,29,1,25,4.11,1.06
SUB-11,suburban,2026-06-01 18:00:00,28,27,1,24,3.78,1.1
SUB-11,suburban,2026-06-01 19:00:00,28,27,1,31,2.0,1.06
SUB-11,suburban,2026-06-01 20:00:00,29,28,1,19,4.88,1.05
SUB-11,suburban,2026-06-01 21:00:00,33,28,5,19,5.65,1.2
SUB-11,suburban,2026-06-01 22:00:00,27,26,1,26,4.37,1.11
SUB-11,suburban,2026-06-01 23:00:00,27,26,1,28,5.74,1.08
SUB-11,suburban,2026-06-02 00:00:00,32,31,1,36,2.33,1.07
SUB-11,suburban,2026-06-02 01:00:00,35,34,1,28,2.9,1.0
SUB-11,suburban,2026-06-02 02:00:00,24,23,1,25,3.23,1.04
SUB-11,suburban,2026-06-02 03:00:00,33,32,1,31,2.38,1.01
SUB-11,suburban,2026-06-02 04:00:00,36,35,1,21,2.65,1.0
SUB-11,suburban,2026-06-02 05:00:00,28,27,1,30,4.19,1.0
SUB-11,suburban,2026-06-02 06:00:00,35,34,1,34,4.16,1.01
SUB-11,suburban,2026-06-02 07:00:00,41,40,1,39,3.83,1.03
SUB-11,suburban,2026-06-02 08:00:00,53,52,1,46,2.35,1.04
SUB-11,suburban,2026-06-02 09:00:00,56,55,1,43,2.67,1.0
SUB-11,suburban,2026-06-02 10:00:00,44,43,1,28,2.36,1.0
SUB-11,suburban,2026-06-02 11:00:00,41,40,1,37,3.55,1.03
SUB-11,suburban,2026-06-02 12:00:00,33,32,1,20,3.98,1.09
SUB-11,suburban,2026-06-02 13:00:00,31,30,1,22,2.71,1.0
SUB-11,suburban,2026-06-02 14:00:00,27,26,1,16,3.0,1.06
SUB-11,suburban,2026-06-02 15:00:00,23,22,1,35,2.19,1.13
SUB-11,suburban,2026-06-02 16:00:00,29,28,1,25,5.15,1.09
SUB-11,suburban,2026-06-02 17:00:00,27,26,1,29,2.81,1.0
SUB-11,suburban,2026-06-02 18:00:00,22,21,1,30,5.59,1.0
SUB-11,suburban,2026-06-02 19:00:00,34,33,1,26,3.39,1.04
SUB-11,suburban,2026-06-02 20:00:00,25,24,1,27,3.25,1.03
SUB-11,suburban,2026-06-02 21:00:00,34,33,1,22,3.58,1.07
SUB-11,suburban,2026-06-02 22:00:00,37,33,4,18,4.11,1.25
SUB-11,suburban,2026-06-02 23:00:00,43,42,1,29,2.5,1.07
SUB-11,suburban,2026-06-03 00:00:00,37,36,1,27,3.44,1.01
SUB-11,suburban,2026-06-03 01:00:00,28,27,1,23,3.68,1.03
SUB-11,suburban,2026-06-03 02:00:00,37,36,1,31,3.16,1.0
SUB-11,suburban,2026-06-03 03:00:00,23,22,1,28,2.32,1.0
SUB-11,suburban,2026-06-03 04:00:00,39,38,1,22,3.72,1.12
SUB-11,suburban,2026-06-03 05:00:00,34,33,1,22,3.01,1.04
SUB-11,suburban,2026-06-03 06:00:00,36,35,1,35,4.09,1.0
SUB-11,suburban,2026-06-03 07:00:00,55,54,1,40,3.79,1.01
SUB-11,suburban,2026-06-03 08:00:00,62,61,1,37,3.73,1.02
SUB-11,suburban,2026-06-03 09:00:00,46,45,1,51,4.0,1.0
SUB-11,suburban,2026-06-03 10:00:00,50,49,1,43,3.05,1.0
SUB-11,suburban,2026-06-03 11:00:00,30,29,1,41,3.71,1.13
SUB-11,suburban,2026-06-03 12:00:00,31,30,1,32,4.39,1.02
SUB-11,suburban,2026-06-03 13:00:00,29,28,1,24,3.35,1.07
SUB-11,suburban,2026-06-03 14:00:00,38,35,3,18,4.34,1.11
SUB-11,suburban,2026-06-03 15:00:00,23,22,1,29,5.11,1.01
SUB-11,suburban,2026-06-03 16:00:00,33,32,1,31,3.2,1.07
SUB-11,suburban,2026-06-03 17:00:00,26,25,1,23,2.0,1.0
SUB-11,suburban,2026-06-03 18:00:00,31,30,1,26,2.41,1.0
SUB-11,suburban,2026-06-03 19:00:00,26,25,1,33,2.57,1.0
SUB-11,suburban,2026-06-03 20:00:00,35,34,1,17,4.29,1.0
SUB-11,suburban,2026-06-03 21:00:00,33,32,1,34,3.16,1.03
SUB-11,suburban,2026-06-03 22:00:00,39,38,1,32,5.23,1.1
SUB-11,suburban,2026-06-03 23:00:00,27,26,1,20,2.77,1.03
SUB-11,suburban,2026-06-04 00:00:00,23,22,1,18,3.81,1.08
SUB-11,suburban,2026-06-04 01:00:00,28,27,1,23,3.46,1.1
SUB-11,suburban,2026-06-04 02:00:00,37,36,1,22,4.07,1.0
SUB-11,suburban,2026-06-04 03:00:00,24,23,1,19,4.12,1.0
SUB-11,suburban,2026-06-04 04:00:00,28,27,1,21,2.81,1.04
SUB-11,suburban,2026-06-04 05:00:00,40,39,1,31,2.67,1.0
SUB-11,suburban,2026-06-04 06:00:00,29,28,1,37,2.54,1.03
SUB-11,suburban,2026-06-04 07:00:00,49,48,1,47,3.97,1.0
SUB-11,suburban,2026-06-04 08:00:00,43,42,1,31,3.67,1.06
SUB-11,suburban,2026-06-04 09:00:00,53,52,1,45,4.09,1.16
SUB-11,suburban,2026-06-04 10:00:00,44,43,1,43,3.79,1.05
SUB-11,suburban,2026-06-04 11:00:00,35,34,1,30,2.75,1.0
SUB-11,suburban,2026-06-04 12:00:00,34,33,1,27,4.64,1.02
SUB-11,suburban,2026-06-04 13:00:00,23,22,1,25,2.7,1.05
SUB-11,suburban,2026-06-04 14:00:00,30,29,1,24,2.0,1.07
SUB-11,suburban,2026-06-04 15:00:00,29,28,1,24,2.99,1.0
SUB-11,suburban,2026-06-04 16:00:00,28,27,1,26,2.6,1.01
SUB-11,suburban,2026-06-04 17:00:00,34,33,1,30,4.86,1.13
SUB-11,suburban,2026-06-04 18:00:00,30,29,1,19,2.19,1.06
SUB-11,suburban,2026-06-04 19:00:00,33,29,4,19,4.98,1.09
SUB-11,suburban,2026-06-04 20:00:00,29,28,1,29,3.89,1.16
SUB-11,suburban,2026-06-04 21:00:00,21,20,1,31,3.21,1.03
SUB-11,suburban,2026-06-04 22:00:00,24,23,1,25,3.91,1.02
SUB-11,suburban,2026-06-04 23:00:00,31,30,1,24,3.99,1.05
SUB-11,suburban,2026-06-05 00:00:00,35,34,1,22,4.22,1.03
SUB-11,suburban,2026-06-05 01:00:00,32,31,1,31,3.31,1.0
SUB-11,suburban,2026-06-05 02:00:00,37,36,1,29,4.58,1.04
SUB-11,suburban,2026-06-05 03:00:00,41,40,1,30,2.0,1.03
SUB-11,suburban,2026-06-05 04:00:00,39,38,1,23,3.4,1.0
SUB-11,suburban,2026-06-05 05:00:00,45,44,1,29,3.82,1.02
SUB-11,suburban,2026-06-05 06:00:00,60,59,1,49,3.49,1.01
SUB-11,suburban,2026-06-05 07:00:00,55,54,1,47,4.32,1.0
SUB-11,suburban,2026-06-05 08:00:00,59,58,1,58,4.44,1.05
SUB-11,suburban,2026-06-05 09:00:00,69,67,2,56,2.99,1.06
SUB-11,suburban,2026-06-05 10:00:00,51,50,1,38,3.16,1.0
SUB-11,suburban,2026-06-05 11:00:00,49,48,1,36,3.18,1.07
SUB-11,suburban,2026-06-05 12:00:00,42,41,1,35,3.26,1.02
SUB-11,suburban,2026-06-05 13:00:00,33,32,1,33,4.06,1.02
SUB-11,suburban,2026-06-05 14:00:00,35,34,1,29,3.9,1.02
SUB-11,suburban,2026-06-05 15:00:00,30,29,1,26,2.0,1.0
SUB-11,suburban,2026-06-05 16:00:00,40,39,1,22,4.41,1.05
SUB-11,suburban,2026-06-05 17:00:00,31,30,1,31,3.96,1.05
SUB-11,suburban,2026-06-05 18:00:00,32,31,1,32,3.21,1.0
SUB-11,suburban,2026-06-05 19:00:00,38,37,1,31,3.77,1.16
SUB-11,suburban,2026-06-05 20:00:00,33,32,1,26,3.11,1.03
SUB-11,suburban,2026-06-05 21:00:00,31,30,1,32,2.0,1.0
SUB-11,suburban,2026-06-05 22:00:00,47,46,1,29,3.9,1.08
SUB-11,suburban,2026-06-05 23:00:00,26,25,1,31,3.15,1.0
SUB-11,suburban,2026-06-06 00:00:00,33,32,1,39,3.46,1.0
SUB-11,suburban,2026-06-06 01:00:00,34,33,1,28,4.12,1.02
SUB-11,suburban,2026-06-06 02:00:00,26,25,1,32,4.57,1.03
SUB-11,suburban,2026-06-06 03:00:00,32,31,1,48,3.25,1.0
SUB-11,suburban,2026-06-06 04:00:00,45,44,1,41,2.95,1.03
SUB-11,suburban,2026-06-06 05:00:00,36,35,1,37,3.25,1.08
SUB-11,suburban,2026-06-06 06:00:00,42,41,1,44,4.04,1.12
SUB-11,suburban,2026-06-06 07:00:00,61,60,1,46,3.3,1.0
SUB-11,suburban,2026-06-06 08:00:00,65,64,1,53,5.29,1.02
SUB-11,suburban,2026-06-06 09:00:00,66,65,1,42,2.82,1.01
SUB-11,suburban,2026-06-06 10:00:00,33,32,1,36,3.54,1.0
SUB-11,suburban,2026-06-06 11:00:00,54,53,1,51,3.01,1.02
SUB-11,suburban,2026-06-06 12:00:00,35,34,1,31,4.92,1.07
SUB-11,suburban,2026-06-06 13:00:00,36,35,1,24,5.37,1.1
SUB-11,suburban,2026-06-06 14:00:00,47,46,1,32,3.67,1.07
SUB-11,suburban,2026-06-06 15:00:00,32,31,1,36,4.71,1.01
SUB-11,suburban,2026-06-06 16:00:00,31,30,1,26,3.82,1.05
SUB-11,suburban,2026-06-06 17:00:00,25,24,1,35,3.85,1.0
SUB-11,suburban,2026-06-06 18:00:00,24,23,1,25,2.97,1.0
SUB-11,suburban,2026-06-06 19:00:00,40,39,1,32,3.18,1.04
SUB-11,suburban,2026-06-06 20:00:00,41,40,1,33,3.9,1.08
SUB-11,suburban,2026-06-06 21:00:00,31,30,1,23,3.58,1.06
SUB-11,suburban,2026-06-06 22:00:00,37,36,1,23,2.5,1.14
SUB-11,suburban,2026-06-06 23:00:00,32,31,1,29,4.59,1.01
SUB-11,suburban,2026-06-07 00:00:00,26,25,1,15,3.79,1.08
SUB-11,suburban,2026-06-07 01:00:00,22,21,1,21,4.54,1.0
SUB-11,suburban,2026-06-07 02:00:00,26,25,1,29,4.41,1.0
SUB-11,suburban,2026-06-07 03:00:00,27,26,1,18,2.0,1.08
SUB-11,suburban,2026-06-07 04:00:00,37,36,1,39,2.96,1.0
SUB-11,suburban,2026-06-07 05:00:00,41,40,1,37,2.28,1.03
SUB-11,suburban,2026-06-07 06:00:00,49,48,1,42,2.87,1.0
SUB-11,suburban,2026-06-07 07:00:00,58,57,1,52,3.86,1.06
SUB-11,suburban,2026-06-07 08:00:00,52,51,1,45,4.48,1.02
SUB-11,suburban,2026-06-07 09:00:00,49,48,1,50,4.14,1.0
SUB-11,suburban,2026-06-07 10:00:00,28,27,1,38,3.7,1.0
SUB-11,suburban,2026-06-07 11:00:00,40,39,1,30,4.06,1.0
SUB-11,suburban,2026-06-07 12:00:00,32,31,1,26,3.23,1.0
SUB-11,suburban,2026-06-07 13:00:00,33,32,1,25,3.96,1.09
SUB-11,suburban,2026-06-07 14:00:00,23,22,1,23,4.14,1.0
SUB-11,suburban,2026-06-07 15:00:00,27,26,1,23,5.35,1.02
SUB-11,suburban,2026-06-07 16:00:00,33,32,1,32,2.83,1.0
SUB-11,suburban,2026-06-07 17:00:00,29,28,1,20,2.0,1.08
SUB-11,suburban,2026-06-07 18:00:00,31,30,1,23,2.7,1.0
SUB-11,suburban,2026-06-07 19:00:00,30,29,1,22,4.41,1.13
SUB-11,suburban,2026-06-07 20:00:00,28,27,1,30,4.8,1.0
SUB-11,suburban,2026-06-07 21:00:00,30,29,1,21,4.07,1.0
SUB-11,suburban,2026-06-07 22:00:00,31,30,1,36,3.79,1.02
SUB-11,suburban,2026-06-07 23:00:00,37,36,1,29,3.76,1.07
SUB-11,suburban,2026-06-08 00:00:00,38,37,1,38,3.15,1.0
SUB-11,suburban,2026-06-08 01:00:00,35,34,1,24,3.02,1.0
SUB-11,suburban,2026-06-08 02:00:00,22,21,1,26,3.05,1.0
SUB-11,suburban,2026-06-08 03:00:00,26,25,1,28,3.94,1.0
SUB-11,suburban,2026-06-08 04:00:00,27,26,1,31,2.36,1.0
SUB-11,suburban,2026-06-08 05:00:00,37,36,1,31,3.72,1.0
SUB-11,suburban,2026-06-08 06:00:00,41,40,1,34,3.79,1.0
SUB-11,suburban,2026-06-08 07:00:00,67,65,2,49,3.39,1.03
SUB-11,suburban,2026-06-08 08:00:00,49,48,1,46,4.73,1.0
SUB-11,suburban,2026-06-08 09:00:00,37,36,1,47,4.02,1.06
SUB-11,suburban,2026-06-08 10:00:00,36,35,1,43,4.79,1.03
SUB-11,suburban,2026-06-08 11:00:00,32,31,1,29,4.55,1.05
SUB-11,suburban,2026-06-08 12:00:00,32,31,1,27,2.64,1.0
SUB-11,suburban,2026-06-08 13:00:00,22,21,1,15,3.04,1.0
SUB-11,suburban,2026-06-08 14:00:00,32,31,1,27,4.55,1.0
SUB-11,suburban,2026-06-08 15:00:00,27,26,1,16,3.55,1.12
SUB-11,suburban,2026-06-08 16:00:00,25,24,1,25,4.0,1.02
SUB-11,suburban,2026-06-08 17:00:00,19,18,1,24,4.28,1.0
SUB-11,suburban,2026-06-08 18:00:00,20,19,1,31,4.2,1.0
SUB-11,suburban,2026-06-08 19:00:00,29,28,1,26,3.59,1.03
SUB-11,suburban,2026-06-08 20:00:00,33,32,1,21,3.41,1.0
SUB-11,suburban,2026-06-08 21:00:00,21,20,1,30,3.9,1.0
SUB-11,suburban,2026-06-08 22:00:00,27,26,1,20,3.46,1.04
SUB-11,suburban,2026-06-08 23:00:00,38,37,1,22,4.58,1.05
SUB-11,suburban,2026-06-09 00:00:00,34,33,1,20,3.26,1.0
SUB-11,suburban,2026-06-09 01:00:00,21,20,1,26,4.44,1.02
SUB-11,suburban,2026-06-09 02:00:00,27,26,1,31,3.78,1.02
SUB-11,suburban,2026-06-09 03:00:00,30,29,1,30,4.69,1.0
SUB-11,suburban,2026-06-09 04:00:00,35,34,1,28,3.62,1.09
SUB-11,suburban,2026-06-09 05:00:00,38,37,1,34,3.48,1.01
SUB-11,suburban,2026-06-09 06:00:00,41,40,1,27,4.4,1.08
SUB-11,suburban,2026-06-09 07:00:00,38,37,1,49,4.46,1.0
SUB-11,suburban,2026-06-09 08:00:00,53,52,1,44,3.08,1.07
SUB-11,suburban,2026-06-09 09:00:00,47,46,1,49,2.43,1.01
SUB-11,suburban,2026-06-09 10:00:00,37,36,1,33,3.57,1.01
SUB-11,suburban,2026-06-09 11:00:00,41,40,1,29,4.35,1.0
SUB-11,suburban,2026-06-09 12:00:00,32,31,1,33,3.5,1.09
SUB-11,suburban,2026-06-09 13:00:00,30,29,1,25,3.7,1.0
SUB-11,suburban,2026-06-09 14:00:00,35,34,1,32,3.57,1.07
SUB-11,suburban,2026-06-09 15:00:00,36,35,1,27,3.91,1.02
SUB-11,suburban,2026-06-09 16:00:00,26,25,1,26,3.96,1.01
SUB-11,suburban,2026-06-09 17:00:00,23,22,1,32,3.98,1.0
SUB-11,suburban,2026-06-09 18:00:00,26,25,1,27,3.79,1.0
SUB-11,suburban,2026-06-09 19:00:00,26,25,1,35,4.47,1.0
SUB-11,suburban,2026-06-09 20:00:00,37,36,1,23,3.71,1.07
SUB-11,suburban,2026-06-09 21:00:00,32,31,1,24,3.72,1.0
SUB-11,suburban,2026-06-09 22:00:00,35,34,1,26,3.77,1.07
SUB-11,suburban,2026-06-09 23:00:00,40,39,1,26,3.93,1.03
SUB-11,suburban,2026-06-10 00:00:00,22,21,1,24,3.68,1.01
SUB-11,suburban,2026-06-10 01:00:00,32,31,1,31,4.26,1.03
SUB-11,suburban,2026-06-10 02:00:00,43,42,1,29,4.01,1.0
SUB-11,suburban,2026-06-10 03:00:00,29,28,1,38,2.03,1.01
SUB-11,suburban,2026-06-10 04:00:00,28,27,1,21,3.94,1.05
SUB-11,suburban,2026-06-10 05:00:00,51,50,1,37,3.98,1.03
SUB-11,suburban,2026-06-10 06:00:00,41,40,1,36,3.46,1.14
SUB-11,suburban,2026-06-10 07:00:00,61,60,1,44,3.53,1.0
SUB-11,suburban,2026-06-10 08:00:00,60,59,1,45,4.05,1.01
SUB-11,suburban,2026-06-10 09:00:00,49,48,1,39,2.97,1.05
SUB-11,suburban,2026-06-10 10:00:00,32,31,1,36,3.15,1.01
SUB-11,suburban,2026-06-10 11:00:00,37,36,1,37,3.15,1.01
SUB-11,suburban,2026-06-10 12:00:00,30,29,1,22,3.39,1.02
SUB-11,suburban,2026-06-10 13:00:00,26,25,1,29,4.43,1.08
SUB-11,suburban,2026-06-10 14:00:00,29,28,1,45,2.9,1.11
SUB-11,suburban,2026-06-10 15:00:00,27,26,1,22,2.75,1.0
SUB-11,suburban,2026-06-10 16:00:00,31,30,1,28,4.09,1.0
SUB-11,suburban,2026-06-10 17:00:00,29,28,1,30,3.05,1.09
SUB-11,suburban,2026-06-10 18:00:00,25,24,1,18,3.78,1.0
SUB-11,suburban,2026-06-10 19:00:00,34,33,1,34,3.13,1.05
SUB-11,suburban,2026-06-10 20:00:00,34,29,5,19,3.85,1.21
SUB-11,suburban,2026-06-10 21:00:00,34,33,1,22,4.87,1.0
SUB-11,suburban,2026-06-10 22:00:00,26,25,1,23,3.17,1.05
SUB-11,suburban,2026-06-10 23:00:00,30,29,1,25,4.91,1.07
SUB-11,suburban,2026-06-11 00:00:00,29,28,1,29,3.27,1.03
SUB-11,suburban,2026-06-11 01:00:00,27,26,1,28,2.12,1.07
SUB-11,suburban,2026-06-11 02:00:00,28,27,1,23,4.2,1.08
SUB-11,suburban,2026-06-11 03:00:00,21,20,1,24,2.98,1.0
SUB-11,suburban,2026-06-11 04:00:00,28,27,1,35,3.99,1.0
SUB-11,suburban,2026-06-11 05:00:00,45,44,1,28,2.87,1.05
SUB-11,suburban,2026-06-11 06:00:00,33,32,1,35,3.21,1.14
SUB-11,suburban,2026-06-11 07:00:00,44,43,1,41,3.26,1.13
SUB-11,suburban,2026-06-11 08:00:00,45,44,1,53,3.44,1.0
SUB-11,suburban,2026-06-11 09:00:00,36,35,1,38,3.19,1.0
SUB-11,suburban,2026-06-11 10:00:00,39,38,1,28,4.44,1.0
SUB-11,suburban,2026-06-11 11:00:00,52,48,4,31,3.68,1.05
SUB-11,suburban,2026-06-11 12:00:00,40,39,1,29,3.25,1.0
SUB-11,suburban,2026-06-11 13:00:00,28,27,1,21,3.67,1.0
SUB-11,suburban,2026-06-11 14:00:00,31,27,4,18,3.67,1.32
SUB-11,suburban,2026-06-11 15:00:00,39,38,1,26,4.08,1.0
SUB-11,suburban,2026-06-11 16:00:00,35,34,1,24,3.56,1.05
SUB-11,suburban,2026-06-11 17:00:00,26,25,1,23,4.64,1.06
SUB-11,suburban,2026-06-11 18:00:00,32,31,1,18,3.03,1.05
SUB-11,suburban,2026-06-11 19:00:00,31,30,1,19,4.07,1.07
SUB-11,suburban,2026-06-11 20:00:00,30,29,1,22,3.55,1.0
SUB-11,suburban,2026-06-11 21:00:00,38,37,1,26,3.12,1.02
SUB-11,suburban,2026-06-11 22:00:00,29,28,1,22,3.49,1.04
SUB-11,suburban,2026-06-11 23:00:00,29,28,1,25,5.16,1.08
SUB-11,suburban,2026-06-12 00:00:00,42,41,1,28,3.43,1.06
SUB-11,suburban,2026-06-12 01:00:00,23,22,1,38,2.64,1.03
SUB-11,suburban,2026-06-12 02:00:00,23,22,1,26,3.17,1.01
SUB-11,suburban,2026-06-12 03:00:00,31,30,1,39,3.4,1.02
SUB-11,suburban,2026-06-12 04:00:00,52,51,1,35,3.99,1.14
SUB-11,suburban,2026-06-12 05:00:00,35,34,1,41,4.09,1.0
SUB-11,suburban,2026-06-12 06:00:00,43,42,1,37,3.42,1.0
SUB-11,suburban,2026-06-12 07:00:00,49,48,1,57,2.21,1.03
SUB-11,suburban,2026-06-12 08:00:00,60,59,1,54,3.86,1.0
SUB-11,suburban,2026-06-12 09:00:00,55,54,1,51,4.35,1.09
SUB-11,suburban,2026-06-12 10:00:00,57,56,1,41,4.47,1.02
SUB-11,suburban,2026-06-12 11:00:00,44,43,1,41,5.22,1.07
SUB-11,suburban,2026-06-12 12:00:00,41,40,1,33,3.84,1.06
SUB-11,suburban,2026-06-12 13:00:00,33,32,1,28,3.02,1.0
SUB-11,suburban,2026-06-12 14:00:00,37,36,1,35,4.58,1.02
SUB-11,suburban,2026-06-12 15:00:00,26,25,1,29,4.81,1.04
SUB-11,suburban,2026-06-12 16:00:00,45,33,12,21,3.84,1.39
SUB-11,suburban,2026-06-12 17:00:00,32,31,1,32,2.41,1.13
SUB-11,suburban,2026-06-12 18:00:00,33,32,1,36,4.79,1.05
SUB-11,suburban,2026-06-12 19:00:00,28,27,1,27,3.57,1.0
SUB-11,suburban,2026-06-12 20:00:00,28,27,1,21,5.16,1.04
SUB-11,suburban,2026-06-12 21:00:00,31,30,1,29,4.37,1.06
SUB-11,suburban,2026-06-12 22:00:00,41,40,1,36,3.38,1.0
SUB-11,suburban,2026-06-12 23:00:00,29,28,1,25,3.8,1.02
SUB-11,suburban,2026-06-13 00:00:00,41,39,2,23,3.94,1.0
SUB-11,suburban,2026-06-13 01:00:00,37,35,2,21,3.65,1.1
SUB-11,suburban,2026-06-13 02:00:00,39,38,1,36,3.16,1.0
SUB-11,suburban,2026-06-13 03:00:00,36,35,1,24,2.28,1.1
SUB-11,suburban,2026-06-13 04:00:00,29,28,1,20,2.3,1.07
SUB-11,suburban,2026-06-13 05:00:00,42,41,1,28,3.65,1.02
SUB-11,suburban,2026-06-13 06:00:00,61,60,1,32,2.51,1.0
SUB-11,suburban,2026-06-13 07:00:00,45,44,1,68,2.88,1.05
SUB-11,suburban,2026-06-13 08:00:00,68,66,2,44,4.94,1.01
SUB-11,suburban,2026-06-13 09:00:00,48,47,1,44,2.67,1.04
SUB-11,suburban,2026-06-13 10:00:00,46,45,1,51,3.91,1.07
SUB-11,suburban,2026-06-13 11:00:00,38,37,1,36,3.49,1.0
SUB-11,suburban,2026-06-13 12:00:00,29,28,1,17,3.44,1.0
SUB-11,suburban,2026-06-13 13:00:00,37,36,1,30,2.89,1.0
SUB-11,suburban,2026-06-13 14:00:00,33,32,1,26,5.2,1.0
SUB-11,suburban,2026-06-13 15:00:00,34,33,1,22,4.47,1.0
SUB-11,suburban,2026-06-13 16:00:00,28,27,1,37,4.02,1.0
SUB-11,suburban,2026-06-13 17:00:00,38,37,1,34,4.51,1.08
SUB-11,suburban,2026-06-13 18:00:00,29,28,1,28,4.23,1.0
SUB-11,suburban,2026-06-13 19:00:00,26,25,1,33,2.2,1.07
SUB-11,suburban,2026-06-13 20:00:00,38,37,1,40,2.0,1.1
SUB-11,suburban,2026-06-13 21:00:00,30,29,1,22,5.67,1.07
SUB-11,suburban,2026-06-13 22:00:00,37,36,1,31,3.66,1.11
SUB-11,suburban,2026-06-13 23:00:00,45,44,1,40,2.68,1.0
SUB-11,suburban,2026-06-14 00:00:00,27,26,1,30,4.25,1.1
SUB-11,suburban,2026-06-14 01:00:00,35,34,1,36,2.26,1.0
SUB-11,suburban,2026-06-14 02:00:00,27,26,1,37,3.94,1.09
SUB-11,suburban,2026-06-14 03:00:00,34,33,1,27,2.95,1.0
SUB-11,suburban,2026-06-14 04:00:00,36,35,1,25,4.74,1.09
SUB-11,suburban,2026-06-14 05:00:00,35,34,1,34,5.28,1.01
SUB-11,suburban,2026-06-14 06:00:00,39,38,1,39,3.29,1.03
SUB-11,suburban,2026-06-14 07:00:00,52,51,1,37,3.2,1.08
SUB-11,suburban,2026-06-14 08:00:00,41,40,1,42,3.12,1.05
SUB-11,suburban,2026-06-14 09:00:00,51,50,1,53,4.61,1.02
SUB-11,suburban,2026-06-14 10:00:00,36,35,1,35,3.81,1.0
SUB-11,suburban,2026-06-14 11:00:00,40,39,1,32,2.26,1.06
SUB-11,suburban,2026-06-14 12:00:00,25,24,1,33,2.88,1.0
SUB-11,suburban,2026-06-14 13:00:00,30,29,1,26,4.73,1.03
SUB-11,suburban,2026-06-14 14:00:00,33,32,1,21,5.01,1.05
SUB-11,suburban,2026-06-14 15:00:00,25,24,1,22,2.98,1.01
SUB-11,suburban,2026-06-14 16:00:00,25,24,1,24,2.28,1.0
SUB-11,suburban,2026-06-14 17:00:00,21,20,1,21,3.91,1.04
SUB-11,suburban,2026-06-14 18:00:00,32,31,1,20,4.58,1.01
SUB-11,suburban,2026-06-14 19:00:00,36,35,1,34,2.23,1.05
SUB-11,suburban,2026-06-14 20:00:00,23,22,1,22,4.77,1.17
SUB-11,suburban,2026-06-14 21:00:00,26,25,1,22,4.55,1.1
SUB-11,suburban,2026-06-14 22:00:00,30,29,1,24,2.92,1.04
SUB-11,suburban,2026-06-14 23:00:00,29,28,1,33,4.01,1.01
SUB-11,suburban,2026-06-15 00:00:00,35,34,1,24,2.47,1.0
SUB-11,suburban,2026-06-15 01:00:00,24,23,1,26,2.5,1.0
SUB-11,suburban,2026-06-15 02:00:00,24,23,1,20,2.08,1.01
SUB-11,suburban,2026-06-15 03:00:00,25,24,1,19,4.04,1.02
SUB-11,suburban,2026-06-15 04:00:00,31,30,1,29,4.3,1.03
SUB-11,suburban,2026-06-15 05:00:00,38,37,1,39,4.13,1.0
SUB-11,suburban,2026-06-15 06:00:00,42,41,1,31,3.97,1.0
SUB-11,suburban,2026-06-15 07:00:00,67,65,2,45,3.63,1.01
SUB-11,suburban,2026-06-15 08:00:00,54,53,1,46,2.49,1.0
SUB-11,suburban,2026-06-15 09:00:00,44,43,1,50,2.0,1.0
SUB-11,suburban,2026-06-15 10:00:00,60,59,1,40,3.41,1.04
SUB-11,suburban,2026-06-15 11:00:00,36,35,1,30,3.44,1.01
SUB-11,suburban,2026-06-15 12:00:00,29,28,1,23,3.29,1.09
SUB-11,suburban,2026-06-15 13:00:00,29,28,1,24,2.0,1.07
SUB-11,suburban,2026-06-15 14:00:00,28,27,1,23,3.12,1.0
SUB-11,suburban,2026-06-15 15:00:00,14,13,1,18,4.72,1.07
SUB-11,suburban,2026-06-15 16:00:00,23,22,1,33,3.44,1.05
SUB-11,suburban,2026-06-15 17:00:00,22,21,1,33,3.13,1.06
SUB-11,suburban,2026-06-15 18:00:00,22,21,1,25,3.59,1.0
SUB-11,suburban,2026-06-15 19:00:00,20,19,1,14,3.93,1.04
SUB-11,suburban,2026-06-15 20:00:00,24,23,1,28,4.12,1.01
SUB-11,suburban,2026-06-15 21:00:00,17,16,1,22,4.0,1.0
SUB-11,suburban,2026-06-15 22:00:00,28,27,1,26,2.7,1.0
SUB-11,suburban,2026-06-15 23:00:00,27,26,1,25,3.8,1.02
SUB-11,suburban,2026-06-16 00:00:00,26,25,1,26,4.1,1.06
SUB-11,suburban,2026-06-16 01:00:00,32,31,1,24,3.08,1.06
SUB-11,suburban,2026-06-16 02:00:00,32,31,1,18,4.37,1.03
SUB-11,suburban,2026-06-16 03:00:00,28,25,3,17,4.59,1.09
SUB-11,suburban,2026-06-16 04:00:00,31,30,1,29,3.92,1.11
SUB-11,suburban,2026-06-16 05:00:00,40,39,1,40,2.83,1.02
SUB-11,suburban,2026-06-16 06:00:00,40,39,1,44,3.16,1.18
SUB-11,suburban,2026-06-16 07:00:00,49,44,5,26,3.39,1.1
SUB-11,suburban,2026-06-16 08:00:00,48,47,1,36,2.78,1.04
SUB-11,suburban,2026-06-16 09:00:00,41,40,1,53,3.56,1.0
SUB-11,suburban,2026-06-16 10:00:00,41,40,1,42,3.49,1.0
SUB-11,suburban,2026-06-16 11:00:00,34,33,1,31,4.53,1.1
SUB-11,suburban,2026-06-16 12:00:00,30,29,1,34,3.9,1.11
SUB-11,suburban,2026-06-16 13:00:00,36,35,1,27,3.65,1.02
SUB-11,suburban,2026-06-16 14:00:00,37,36,1,32,3.9,1.0
SUB-11,suburban,2026-06-16 15:00:00,27,26,1,38,3.73,1.07
SUB-11,suburban,2026-06-16 16:00:00,34,33,1,31,4.12,1.0
SUB-11,suburban,2026-06-16 17:00:00,28,27,1,18,3.41,1.0
SUB-11,suburban,2026-06-16 18:00:00,32,31,1,27,3.01,1.04
SUB-11,suburban,2026-06-16 19:00:00,31,30,1,31,3.74,1.07
SUB-11,suburban,2026-06-16 20:00:00,28,27,1,37,2.66,1.06
SUB-11,suburban,2026-06-16 21:00:00,28,27,1,23,3.13,1.08
SUB-11,suburban,2026-06-16 22:00:00,24,23,1,24,4.09,1.01
SUB-11,suburban,2026-06-16 23:00:00,26,25,1,22,3.58,1.05
SUB-11,suburban,2026-06-17 00:00:00,36,35,1,26,3.53,1.09
SUB-11,suburban,2026-06-17 01:00:00,32,31,1,27,4.66,1.02
SUB-11,suburban,2026-06-17 02:00:00,26,25,1,28,3.76,1.03
SUB-11,suburban,2026-06-17 03:00:00,34,33,1,22,3.53,1.09
SUB-11,suburban,2026-06-17 04:00:00,27,26,1,21,4.1,1.07
SUB-11,suburban,2026-06-17 05:00:00,37,36,1,31,4.78,1.03
SUB-11,suburban,2026-06-17 06:00:00,39,38,1,45,3.46,1.0
SUB-11,suburban,2026-06-17 07:00:00,56,55,1,45,3.54,1.04
SUB-11,suburban,2026-06-17 08:00:00,45,44,1,43,3.32,1.0
SUB-11,suburban,2026-06-17 09:00:00,44,43,1,45,4.46,1.0
SUB-11,suburban,2026-06-17 10:00:00,46,45,1,37,3.31,1.07
SUB-11,suburban,2026-06-17 11:00:00,37,36,1,34,3.85,1.0
SUB-11,suburban,2026-06-17 12:00:00,22,21,1,33,2.56,1.0
SUB-11,suburban,2026-06-17 13:00:00,45,39,6,18,4.41,1.14
SUB-11,suburban,2026-06-17 14:00:00,28,27,1,25,4.37,1.0
SUB-11,suburban,2026-06-17 15:00:00,30,29,1,24,2.9,1.0
SUB-11,suburban,2026-06-17 16:00:00,30,29,1,26,4.16,1.0
SUB-11,suburban,2026-06-17 17:00:00,35,34,1,23,3.53,1.0
SUB-11,suburban,2026-06-17 18:00:00,22,21,1,28,2.61,1.12
SUB-11,suburban,2026-06-17 19:00:00,38,37,1,33,3.56,1.07
SUB-11,suburban,2026-06-17 20:00:00,28,27,1,25,2.78,1.0
SUB-11,suburban,2026-06-17 21:00:00,32,31,1,27,2.98,1.1
SUB-11,suburban,2026-06-17 22:00:00,32,31,1,22,4.32,1.1
SUB-11,suburban,2026-06-17 23:00:00,37,36,1,27,5.05,1.02
SUB-11,suburban,2026-06-18 00:00:00,35,34,1,25,4.08,1.01
SUB-11,suburban,2026-06-18 01:00:00,25,24,1,18,4.37,1.07
SUB-11,suburban,2026-06-18 02:00:00,34,33,1,32,3.18,1.06
SUB-11,suburban,2026-06-18 03:00:00,34,33,1,25,3.66,1.0
SUB-11,suburban,2026-06-18 04:00:00,25,24,1,27,3.06,1.0
SUB-11,suburban,2026-06-18 05:00:00,52,51,1,27,2.01,1.0
SUB-11,suburban,2026-06-18 06:00:00,54,53,1,46,4.74,1.06
SUB-11,suburban,2026-06-18 07:00:00,46,45,1,45,4.2,1.12
SUB-11,suburban,2026-06-18 08:00:00,42,41,1,45,2.69,1.0
SUB-11,suburban,2026-06-18 09:00:00,64,63,1,38,4.47,1.0
SUB-11,suburban,2026-06-18 10:00:00,41,40,1,46,3.12,1.0
SUB-11,suburban,2026-06-18 11:00:00,39,38,1,24,3.61,1.0
SUB-11,suburban,2026-06-18 12:00:00,32,31,1,31,2.8,1.0
SUB-11,suburban,2026-06-18 13:00:00,30,29,1,30,3.37,1.11
SUB-11,suburban,2026-06-18 14:00:00,28,27,1,29,4.12,1.0
SUB-11,suburban,2026-06-18 15:00:00,31,30,1,28,3.55,1.04
SUB-11,suburban,2026-06-18 16:00:00,37,36,1,23,2.83,1.0
SUB-11,suburban,2026-06-18 17:00:00,30,29,1,26,4.76,1.05
SUB-11,suburban,2026-06-18 18:00:00,26,25,1,30,2.0,1.0
SUB-11,suburban,2026-06-18 19:00:00,27,26,1,25,4.38,1.0
SUB-11,suburban,2026-06-18 20:00:00,35,34,1,21,3.1,1.08
SUB-11,suburban,2026-06-18 21:00:00,32,31,1,21,4.13,1.06
SUB-11,suburban,2026-06-18 22:00:00,35,34,1,20,3.36,1.08
SUB-11,suburban,2026-06-18 23:00:00,31,30,1,25,4.36,1.13
SUB-11,suburban,2026-06-19 00:00:00,31,30,1,28,3.64,1.0
SUB-11,suburban,2026-06-19 01:00:00,38,37,1,33,2.78,1.04
SUB-11,suburban,2026-06-19 02:00:00,32,31,1,31,4.56,1.0
SUB-11,suburban,2026-06-19 03:00:00,33,32,1,22,4.29,1.03
SUB-11,suburban,2026-06-19 04:00:00,32,31,1,26,3.14,1.0
SUB-11,suburban,2026-06-19 05:00:00,30,29,1,41,4.32,1.0
SUB-11,suburban,2026-06-19 06:00:00,50,49,1,54,3.92,1.06
SUB-11,suburban,2026-06-19 07:00:00,65,64,1,43,4.36,1.0
SUB-11,suburban,2026-06-19 08:00:00,54,53,1,53,3.7,1.1
SUB-11,suburban,2026-06-19 09:00:00,44,43,1,49,3.68,1.0
SUB-11,suburban,2026-06-19 10:00:00,51,50,1,39,2.39,1.06
SUB-11,suburban,2026-06-19 11:00:00,38,37,1,25,4.61,1.05
SUB-11,suburban,2026-06-19 12:00:00,49,48,1,32,2.3,1.0
SUB-11,suburban,2026-06-19 13:00:00,36,35,1,29,3.18,1.03
SUB-11,suburban,2026-06-19 14:00:00,34,33,1,37,3.8,1.08
SUB-11,suburban,2026-06-19 15:00:00,41,40,1,34,3.31,1.07
SUB-11,suburban,2026-06-19 16:00:00,47,46,1,32,2.34,1.06
SUB-11,suburban,2026-06-19 17:00:00,30,29,1,26,3.9,1.0
SUB-11,suburban,2026-06-19 18:00:00,35,34,1,29,3.85,1.0
SUB-11,suburban,2026-06-19 19:00:00,39,38,1,35,3.93,1.0
SUB-11,suburban,2026-06-19 20:00:00,33,32,1,30,3.19,1.13
SUB-11,suburban,2026-06-19 21:00:00,30,29,1,27,3.91,1.11
SUB-11,suburban,2026-06-19 22:00:00,43,33,10,21,3.16,1.37
SUB-11,suburban,2026-06-19 23:00:00,27,26,1,35,2.95,1.02
SUB-11,suburban,2026-06-20 00:00:00,32,31,1,19,2.28,1.11
SUB-11,suburban,2026-06-20 01:00:00,40,39,1,32,4.32,1.07
SUB-11,suburban,2026-06-20 02:00:00,41,39,2,25,3.66,1.07
SUB-11,suburban,2026-06-20 03:00:00,40,39,1,40,3.92,1.0
SUB-11,suburban,2026-06-20 04:00:00,34,33,1,31,4.4,1.09
SUB-11,suburban,2026-06-20 05:00:00,33,32,1,40,3.12,1.0
SUB-11,suburban,2026-06-20 06:00:00,47,46,1,35,2.43,1.0
SUB-11,suburban,2026-06-20 07:00:00,60,59,1,52,3.66,1.0
SUB-11,suburban,2026-06-20 08:00:00,69,67,2,50,3.02,1.11
SUB-11,suburban,2026-06-20 09:00:00,53,52,1,46,4.64,1.05
SUB-11,suburban,2026-06-20 10:00:00,39,38,1,46,2.66,1.02
SUB-11,suburban,2026-06-20 11:00:00,49,48,1,47,3.77,1.0
SUB-11,suburban,2026-06-20 12:00:00,43,42,1,33,3.96,1.0
SUB-11,suburban,2026-06-20 13:00:00,27,26,1,29,5.47,1.09
SUB-11,suburban,2026-06-20 14:00:00,36,35,1,32,4.05,1.05
SUB-11,suburban,2026-06-20 15:00:00,35,34,1,36,2.95,1.02
SUB-11,suburban,2026-06-20 16:00:00,30,29,1,32,2.97,1.02
SUB-11,suburban,2026-06-20 17:00:00,33,32,1,32,4.35,1.05
SUB-11,suburban,2026-06-20 18:00:00,31,30,1,37,2.85,1.06
SUB-11,suburban,2026-06-20 19:00:00,34,31,3,21,4.94,1.16
SUB-11,suburban,2026-06-20 20:00:00,36,35,1,29,3.13,1.0
SUB-11,suburban,2026-06-20 21:00:00,24,23,1,29,3.7,1.01
SUB-11,suburban,2026-06-20 22:00:00,40,39,1,33,4.84,1.1
SUB-11,suburban,2026-06-20 23:00:00,36,35,1,32,3.49,1.0
SUB-11,suburban,2026-06-21 00:00:00,27,26,1,23,2.97,1.05
SUB-11,suburban,2026-06-21 01:00:00,29,28,1,30,3.72,1.07
SUB-11,suburban,2026-06-21 02:00:00,22,21,1,30,4.18,1.09
SUB-11,suburban,2026-06-21 03:00:00,29,28,1,22,2.49,1.0
SUB-11,suburban,2026-06-21 04:00:00,39,38,1,37,4.66,1.15
SUB-11,suburban,2026-06-21 05:00:00,39,38,1,27,3.82,1.0
SUB-11,suburban,2026-06-21 06:00:00,36,35,1,26,4.61,1.03
SUB-11,suburban,2026-06-21 07:00:00,49,48,1,32,4.04,1.0
SUB-11,suburban,2026-06-21 08:00:00,54,53,1,38,3.82,1.1
SUB-11,suburban,2026-06-21 09:00:00,61,60,1,40,3.55,1.0
SUB-11,suburban,2026-06-21 10:00:00,46,45,1,39,3.16,1.0
SUB-11,suburban,2026-06-21 11:00:00,43,42,1,31,3.86,1.04
SUB-11,suburban,2026-06-21 12:00:00,36,35,1,27,4.76,1.01
SUB-11,suburban,2026-06-21 13:00:00,36,35,1,27,3.8,1.12
SUB-11,suburban,2026-06-21 14:00:00,29,28,1,25,3.86,1.05
SUB-11,suburban,2026-06-21 15:00:00,22,21,1,34,4.01,1.13
SUB-11,suburban,2026-06-21 16:00:00,30,29,1,30,4.87,1.04
SUB-11,suburban,2026-06-21 17:00:00,36,35,1,33,3.68,1.02
SUB-11,suburban,2026-06-21 18:00:00,32,31,1,23,4.24,1.0
SUB-11,suburban,2026-06-21 19:00:00,28,27,1,26,4.09,1.1
SUB-11,suburban,2026-06-21 20:00:00,24,23,1,30,5.95,1.09
SUB-11,suburban,2026-06-21 21:00:00,28,27,1,21,4.75,1.07
SUB-11,suburban,2026-06-21 22:00:00,27,26,1,33,3.3,1.09
SUB-11,suburban,2026-06-21 23:00:00,20,19,1,29,3.18,1.08
SUB-11,suburban,2026-06-22 00:00:00,35,25,10,13,6.76,1.49
SUB-11,suburban,2026-06-22 01:00:00,32,31,1,28,2.76,1.0
SUB-11,suburban,2026-06-22 02:00:00,29,28,1,26,2.81,1.11
SUB-11,suburban,2026-06-22 03:00:00,28,27,1,33,2.0,1.08
SUB-11,suburban,2026-06-22 04:00:00,42,41,1,32,4.94,1.0
SUB-11,suburban,2026-06-22 05:00:00,36,35,1,23,5.43,1.07
SUB-11,suburban,2026-06-22 06:00:00,36,35,1,42,2.71,1.0
SUB-11,suburban,2026-06-22 07:00:00,50,49,1,32,2.33,1.03
SUB-11,suburban,2026-06-22 08:00:00,40,39,1,39,2.77,1.0
SUB-11,suburban,2026-06-22 09:00:00,47,46,1,43,2.64,1.0
SUB-11,suburban,2026-06-22 10:00:00,37,36,1,43,4.59,1.06
SUB-11,suburban,2026-06-22 11:00:00,25,24,1,30,3.98,1.08
SUB-11,suburban,2026-06-22 12:00:00,31,30,1,19,5.13,1.04
SUB-11,suburban,2026-06-22 13:00:00,32,31,1,24,3.75,1.07
SUB-11,suburban,2026-06-22 14:00:00,40,39,1,27,4.01,1.03
SUB-11,suburban,2026-06-22 15:00:00,27,26,1,22,3.36,1.08
SUB-11,suburban,2026-06-22 16:00:00,29,28,1,23,3.9,1.12
SUB-11,suburban,2026-06-22 17:00:00,33,32,1,24,2.68,1.01
SUB-11,suburban,2026-06-22 18:00:00,33,32,1,27,3.92,1.0
SUB-11,suburban,2026-06-22 19:00:00,32,31,1,26,3.42,1.03
SUB-11,suburban,2026-06-22 20:00:00,28,27,1,27,3.82,1.0
SUB-11,suburban,2026-06-22 21:00:00,20,19,1,20,3.26,1.05
SUB-11,suburban,2026-06-22 22:00:00,41,40,1,34,3.39,1.05
SUB-11,suburban,2026-06-22 23:00:00,31,30,1,34,3.44,1.01
SUB-11,suburban,2026-06-23 00:00:00,34,33,1,20,2.57,1.0
SUB-11,suburban,2026-06-23 01:00:00,27,26,1,33,2.95,1.0
SUB-11,suburban,2026-06-23 02:00:00,31,28,3,19,5.47,1.12
SUB-11,suburban,2026-06-23 03:00:00,29,28,1,36,5.1,1.16
SUB-11,suburban,2026-06-23 04:00:00,34,33,1,28,3.99,1.0
SUB-11,suburban,2026-06-23 05:00:00,32,31,1,32,2.61,1.0
SUB-11,suburban,2026-06-23 06:00:00,41,40,1,33,4.39,1.0
SUB-11,suburban,2026-06-23 07:00:00,42,41,1,42,4.29,1.08
SUB-11,suburban,2026-06-23 08:00:00,51,50,1,42,3.48,1.07
SUB-11,suburban,2026-06-23 09:00:00,47,46,1,48,4.62,1.0
SUB-11,suburban,2026-06-23 10:00:00,45,44,1,43,3.43,1.08
SUB-11,suburban,2026-06-23 11:00:00,28,27,1,42,4.07,1.01
SUB-11,suburban,2026-06-23 12:00:00,43,42,1,35,4.05,1.07
SUB-11,suburban,2026-06-23 13:00:00,36,35,1,28,3.97,1.06
SUB-11,suburban,2026-06-23 14:00:00,32,31,1,22,3.47,1.07
SUB-11,suburban,2026-06-23 15:00:00,40,39,1,19,2.55,1.0
SUB-11,suburban,2026-06-23 16:00:00,23,22,1,18,2.61,1.0
SUB-11,suburban,2026-06-23 17:00:00,24,23,1,22,3.79,1.04
SUB-11,suburban,2026-06-23 18:00:00,24,23,1,33,4.09,1.02
SUB-11,suburban,2026-06-23 19:00:00,34,30,4,20,2.53,1.17
SUB-11,suburban,2026-06-23 20:00:00,24,23,1,19,3.32,1.04
SUB-11,suburban,2026-06-23 21:00:00,27,26,1,26,3.34,1.0
SUB-11,suburban,2026-06-23 22:00:00,32,31,1,20,3.77,1.0
SUB-11,suburban,2026-06-23 23:00:00,29,28,1,21,3.47,1.0
SUB-11,suburban,2026-06-24 00:00:00,35,34,1,28,3.49,1.03
SUB-11,suburban,2026-06-24 01:00:00,30,29,1,22,3.85,1.09
SUB-11,suburban,2026-06-24 02:00:00,27,26,1,29,2.21,1.02
SUB-11,suburban,2026-06-24 03:00:00,27,26,1,31,2.87,1.06
SUB-11,suburban,2026-06-24 04:00:00,40,39,1,20,4.42,1.15
SUB-11,suburban,2026-06-24 05:00:00,21,20,1,24,3.84,1.1
SUB-11,suburban,2026-06-24 06:00:00,44,43,1,42,3.02,1.05
SUB-11,suburban,2026-06-24 07:00:00,57,56,1,41,3.23,1.03
SUB-11,suburban,2026-06-24 08:00:00,33,32,1,42,3.44,1.02
SUB-11,suburban,2026-06-24 09:00:00,45,44,1,43,5.24,1.0
SUB-11,suburban,2026-06-24 10:00:00,42,41,1,41,3.88,1.0
SUB-11,suburban,2026-06-24 11:00:00,44,43,1,34,3.53,1.02
SUB-11,suburban,2026-06-24 12:00:00,36,35,1,28,3.88,1.0
SUB-11,suburban,2026-06-24 13:00:00,29,28,1,22,4.22,1.02
SUB-11,suburban,2026-06-24 14:00:00,26,25,1,32,3.47,1.0
SUB-11,suburban,2026-06-24 15:00:00,28,27,1,21,4.21,1.0
SUB-11,suburban,2026-06-24 16:00:00,37,36,1,24,4.77,1.03
SUB-11,suburban,2026-06-24 17:00:00,33,32,1,19,3.86,1.06
SUB-11,suburban,2026-06-24 18:00:00,33,32,1,31,2.33,1.0
SUB-11,suburban,2026-06-24 19:00:00,26,25,1,27,3.27,1.06
SUB-11,suburban,2026-06-24 20:00:00,30,29,1,25,4.13,1.01
SUB-11,suburban,2026-06-24 21:00:00,28,27,1,24,3.31,1.05
SUB-11,suburban,2026-06-24 22:00:00,29,28,1,26,2.73,1.05
SUB-11,suburban,2026-06-24 23:00:00,29,28,1,26,4.05,1.13
SUB-11,suburban,2026-06-25 00:00:00,32,31,1,28,4.26,1.09
SUB-11,suburban,2026-06-25 01:00:00,24,23,1,29,4.13,1.05
SUB-11,suburban,2026-06-25 02:00:00,28,27,1,22,4.25,1.1
SUB-11,suburban,2026-06-25 03:00:00,29,28,1,25,2.97,1.0
SUB-11,suburban,2026-06-25 04:00:00,36,35,1,29,3.41,1.01
SUB-11,suburban,2026-06-25 05:00:00,46,45,1,37,4.15,1.07
SUB-11,suburban,2026-06-25 06:00:00,49,48,1,37,4.9,1.01
SUB-11,suburban,2026-06-25 07:00:00,37,36,1,39,3.8,1.06
SUB-11,suburban,2026-06-25 08:00:00,50,49,1,53,2.77,1.11
SUB-11,suburban,2026-06-25 09:00:00,51,50,1,36,3.14,1.01
SUB-11,suburban,2026-06-25 10:00:00,52,51,1,33,2.33,1.0
SUB-11,suburban,2026-06-25 11:00:00,35,34,1,26,4.66,1.06
SUB-11,suburban,2026-06-25 12:00:00,33,32,1,26,2.54,1.01
SUB-11,suburban,2026-06-25 13:00:00,42,41,1,23,4.24,1.02
SUB-11,suburban,2026-06-25 14:00:00,29,28,1,28,3.67,1.03
SUB-11,suburban,2026-06-25 15:00:00,34,30,4,17,5.81,1.16
SUB-11,suburban,2026-06-25 16:00:00,26,25,1,33,4.9,1.14
SUB-11,suburban,2026-06-25 17:00:00,35,34,1,43,2.9,1.04
SUB-11,suburban,2026-06-25 18:00:00,29,28,1,20,4.9,1.07
SUB-11,suburban,2026-06-25 19:00:00,30,29,1,29,5.59,1.0
SUB-11,suburban,2026-06-25 20:00:00,23,22,1,26,4.98,1.03
SUB-11,suburban,2026-06-25 21:00:00,25,24,1,28,4.33,1.0
SUB-11,suburban,2026-06-25 22:00:00,28,27,1,32,3.62,1.12
SUB-11,suburban,2026-06-25 23:00:00,34,33,1,31,4.35,1.1
SUB-11,suburban,2026-06-26 00:00:00,28,27,1,38,5.82,1.0
SUB-11,suburban,2026-06-26 01:00:00,41,40,1,27,3.04,1.03
SUB-11,suburban,2026-06-26 02:00:00,32,31,1,26,3.52,1.0
SUB-11,suburban,2026-06-26 03:00:00,33,32,1,29,4.22,1.12
SUB-11,suburban,2026-06-26 04:00:00,47,46,1,32,4.09,1.0
SUB-11,suburban,2026-06-26 05:00:00,54,53,1,38,2.51,1.0
SUB-11,suburban,2026-06-26 06:00:00,59,58,1,53,4.42,1.0
SUB-11,suburban,2026-06-26 07:00:00,53,52,1,39,4.34,1.0
SUB-11,suburban,2026-06-26 08:00:00,62,61,1,42,2.98,1.01
SUB-11,suburban,2026-06-26 09:00:00,58,57,1,52,3.91,1.0
SUB-11,suburban,2026-06-26 10:00:00,57,56,1,52,5.12,1.07
SUB-11,suburban,2026-06-26 11:00:00,36,35,1,46,4.05,1.09
SUB-11,suburban,2026-06-26 12:00:00,37,36,1,29,3.88,1.04
SUB-11,suburban,2026-06-26 13:00:00,33,32,1,36,2.25,1.0
SUB-11,suburban,2026-06-26 14:00:00,32,31,1,29,3.42,1.01
SUB-11,suburban,2026-06-26 15:00:00,33,32,1,43,2.52,1.05
SUB-11,suburban,2026-06-26 16:00:00,32,31,1,36,4.22,1.0
SUB-11,suburban,2026-06-26 17:00:00,35,34,1,29,3.55,1.02
SUB-11,suburban,2026-06-26 18:00:00,33,32,1,29,2.71,1.06
SUB-11,suburban,2026-06-26 19:00:00,27,26,1,31,5.41,1.14
SUB-11,suburban,2026-06-26 20:00:00,38,37,1,25,4.32,1.0
SUB-11,suburban,2026-06-26 21:00:00,30,29,1,37,4.34,1.02
SUB-11,suburban,2026-06-26 22:00:00,44,43,1,37,5.55,1.0
SUB-11,suburban,2026-06-26 23:00:00,41,40,1,32,4.15,1.0
SUB-11,suburban,2026-06-27 00:00:00,44,37,7,25,3.49,1.25
SUB-11,suburban,2026-06-27 01:00:00,24,23,1,29,3.55,1.0
SUB-11,suburban,2026-06-27 02:00:00,37,34,3,23,4.02,1.06
SUB-11,suburban,2026-06-27 03:00:00,43,42,1,36,2.25,1.0
SUB-11,suburban,2026-06-27 04:00:00,36,35,1,34,3.29,1.0
SUB-11,suburban,2026-06-27 05:00:00,48,47,1,44,4.41,1.04
SUB-11,suburban,2026-06-27 06:00:00,52,51,1,40,3.22,1.02
SUB-11,suburban,2026-06-27 07:00:00,46,45,1,49,4.28,1.0
SUB-11,suburban,2026-06-27 08:00:00,42,41,1,41,4.0,1.0
SUB-11,suburban,2026-06-27 09:00:00,62,61,1,46,3.73,1.0
SUB-11,suburban,2026-06-27 10:00:00,45,44,1,38,4.35,1.0
SUB-11,suburban,2026-06-27 11:00:00,45,44,1,38,2.84,1.0
SUB-11,suburban,2026-06-27 12:00:00,51,50,1,33,4.19,1.06
SUB-11,suburban,2026-06-27 13:00:00,32,31,1,32,3.2,1.06
SUB-11,suburban,2026-06-27 14:00:00,25,24,1,30,2.96,1.1
SUB-11,suburban,2026-06-27 15:00:00,26,25,1,33,4.32,1.02
SUB-11,suburban,2026-06-27 16:00:00,30,29,1,28,4.13,1.05
SUB-11,suburban,2026-06-27 17:00:00,41,40,1,27,4.97,1.05
SUB-11,suburban,2026-06-27 18:00:00,30,29,1,27,2.0,1.05
SUB-11,suburban,2026-06-27 19:00:00,24,23,1,32,3.7,1.0
SUB-11,suburban,2026-06-27 20:00:00,39,38,1,34,4.3,1.03
SUB-11,suburban,2026-06-27 21:00:00,38,37,1,41,4.19,1.08
SUB-11,suburban,2026-06-27 22:00:00,28,27,1,32,3.46,1.03
SUB-11,suburban,2026-06-27 23:00:00,36,35,1,24,2.69,1.06
SUB-11,suburban,2026-06-28 00:00:00,23,22,1,27,3.31,1.0
SUB-11,suburban,2026-06-28 01:00:00,21,20,1,33,3.46,1.02
SUB-11,suburban,2026-06-28 02:00:00,25,24,1,21,4.24,1.0
SUB-11,suburban,2026-06-28 03:00:00,30,29,1,28,3.52,1.01
SUB-11,suburban,2026-06-28 04:00:00,33,32,1,31,3.13,1.03
SUB-11,suburban,2026-06-28 05:00:00,26,25,1,30,2.91,1.02
SUB-11,suburban,2026-06-28 06:00:00,51,50,1,36,4.02,1.14
SUB-11,suburban,2026-06-28 07:00:00,49,48,1,43,3.64,1.09
SUB-11,suburban,2026-06-28 08:00:00,42,41,1,48,3.87,1.11
SUB-11,suburban,2026-06-28 09:00:00,50,49,1,42,3.78,1.1
SUB-11,suburban,2026-06-28 10:00:00,47,46,1,44,2.19,1.08
SUB-11,suburban,2026-06-28 11:00:00,36,35,1,38,5.13,1.0
SUB-11,suburban,2026-06-28 12:00:00,32,31,1,30,3.54,1.05
SUB-11,suburban,2026-06-28 13:00:00,30,29,1,31,4.53,1.02
SUB-11,suburban,2026-06-28 14:00:00,27,26,1,22,3.63,1.0
SUB-11,suburban,2026-06-28 15:00:00,33,32,1,32,5.24,1.04
SUB-11,suburban,2026-06-28 16:00:00,33,32,1,22,2.96,1.0
SUB-11,suburban,2026-06-28 17:00:00,32,31,1,21,2.68,1.03
SUB-11,suburban,2026-06-28 18:00:00,32,31,1,28,3.38,1.0
SUB-11,suburban,2026-06-28 19:00:00,27,26,1,21,2.93,1.07
SUB-11,suburban,2026-06-28 20:00:00,24,23,1,25,3.79,1.01
SUB-11,suburban,2026-06-28 21:00:00,25,24,1,29,3.41,1.1
SUB-11,suburban,2026-06-28 22:00:00,40,39,1,34,2.56,1.01
SUB-11,suburban,2026-06-28 23:00:00,32,31,1,26,4.08,1.03
SUB-11,suburban,2026-06-29 00:00:00,26,25,1,23,2.11,1.05
SUB-11,suburban,2026-06-29 01:00:00,25,24,1,24,4.39,1.03
SUB-11,suburban,2026-06-29 02:00:00,29,28,1,21,4.79,1.03
SUB-11,suburban,2026-06-29 03:00:00,29,28,1,18,4.8,1.02
SUB-11,suburban,2026-06-29 04:00:00,41,40,1,30,3.63,1.03
SUB-11,suburban,2026-06-29 05:00:00,41,40,1,31,2.58,1.02
SUB-11,suburban,2026-06-29 06:00:00,43,42,1,43,5.45,1.08
SUB-11,suburban,2026-06-29 07:00:00,50,49,1,37,3.02,1.0
SUB-11,suburban,2026-06-29 08:00:00,57,56,1,54,3.24,1.0
SUB-11,suburban,2026-06-29 09:00:00,50,49,1,44,3.92,1.0
SUB-11,suburban,2026-06-29 10:00:00,37,36,1,33,3.52,1.1
SUB-11,suburban,2026-06-29 11:00:00,36,35,1,29,4.57,1.04
SUB-11,suburban,2026-06-29 12:00:00,34,33,1,27,3.41,1.05
SUB-11,suburban,2026-06-29 13:00:00,25,24,1,25,2.77,1.08
SUB-11,suburban,2026-06-29 14:00:00,31,28,3,19,4.12,1.13
SUB-11,suburban,2026-06-29 15:00:00,33,32,1,29,4.66,1.0
SUB-11,suburban,2026-06-29 16:00:00,33,32,1,28,4.97,1.06
SUB-11,suburban,2026-06-29 17:00:00,24,23,1,30,2.87,1.0
SUB-11,suburban,2026-06-29 18:00:00,32,31,1,23,2.0,1.06
SUB-11,suburban,2026-06-29 19:00:00,25,24,1,14,2.26,1.0
SUB-11,suburban,2026-06-29 20:00:00,30,29,1,37,4.59,1.0
SUB-11,suburban,2026-06-29 21:00:00,29,28,1,21,3.18,1.0
SUB-11,suburban,2026-06-29 22:00:00,22,21,1,29,3.86,1.01
SUB-11,suburban,2026-06-29 23:00:00,31,30,1,23,3.5,1.11
SUB-11,suburban,2026-06-30 00:00:00,25,24,1,28,2.62,1.04
SUB-11,suburban,2026-06-30 01:00:00,32,31,1,28,4.04,1.0
SUB-11,suburban,2026-06-30 02:00:00,31,30,1,23,4.12,1.04
SUB-11,suburban,2026-06-30 03:00:00,32,31,1,21,2.93,1.0
SUB-11,suburban,2026-06-30 04:00:00,36,35,1,31,5.06,1.0
SUB-11,suburban,2026-06-30 05:00:00,41,40,1,33,3.67,1.0
SUB-11,suburban,2026-06-30 06:00:00,44,43,1,35,3.29,1.0
SUB-11,suburban,2026-06-30 07:00:00,56,55,1,43,2.36,1.02
SUB-11,suburban,2026-06-30 08:00:00,46,45,1,50,3.86,1.0
SUB-11,suburban,2026-06-30 09:00:00,53,52,1,40,2.3,1.01
SUB-11,suburban,2026-06-30 10:00:00,52,51,1,42,3.43,1.01
SUB-11,suburban,2026-06-30 11:00:00,38,37,1,38,4.11,1.0
SUB-11,suburban,2026-06-30 12:00:00,32,31,1,30,3.61,1.0
SUB-11,suburban,2026-06-30 13:00:00,31,30,1,30,2.61,1.02
SUB-11,suburban,2026-06-30 14:00:00,38,37,1,29,4.62,1.08
SUB-11,suburban,2026-06-30 15:00:00,33,32,1,26,3.58,1.03
SUB-11,suburban,2026-06-30 16:00:00,28,27,1,23,3.46,1.09
SUB-11,suburban,2026-06-30 17:00:00,30,29,1,29,3.89,1.06
SUB-11,suburban,2026-06-30 18:00:00,27,26,1,23,2.91,1.0
SUB-11,suburban,2026-06-30 19:00:00,26,25,1,26,3.57,1.0
SUB-11,suburban,2026-06-30 20:00:00,38,37,1,22,4.87,1.0
SUB-11,suburban,2026-06-30 21:00:00,27,26,1,28,2.95,1.03
SUB-11,suburban,2026-06-30 22:00:00,37,36,1,29,3.53,1.15
SUB-11,suburban,2026-06-30 23:00:00,38,34,4,20,4.43,1.13
TECH-03,tech_park,2026-05-01 00:00:00,22,21,1,29,5.11,1.07
TECH-03,tech_park,2026-05-01 01:00:00,3,2,1,26,3.27,1.0
TECH-03,tech_park,2026-05-01 02:00:00,23,22,1,26,2.96,1.0
TECH-03,tech_park,2026-05-01 03:00:00,17,16,1,22,4.73,1.08
TECH-03,tech_park,2026-05-01 04:00:00,19,18,1,22,4.31,1.0
TECH-03,tech_park,2026-05-01 05:00:00,21,20,1,19,5.86,1.0
TECH-03,tech_park,2026-05-01 06:00:00,38,37,1,37,2.64,1.09
TECH-03,tech_park,2026-05-01 07:00:00,62,61,1,37,3.77,1.0
TECH-03,tech_park,2026-05-01 08:00:00,86,84,2,79,3.78,1.06
TECH-03,tech_park,2026-05-01 09:00:00,89,87,2,80,4.95,1.0
TECH-03,tech_park,2026-05-01 10:00:00,67,65,2,70,3.21,1.13
TECH-03,tech_park,2026-05-01 11:00:00,49,48,1,64,2.0,1.01
TECH-03,tech_park,2026-05-01 12:00:00,43,42,1,42,3.4,1.07
TECH-03,tech_park,2026-05-01 13:00:00,28,27,1,21,2.53,1.11
TECH-03,tech_park,2026-05-01 14:00:00,22,21,1,24,3.61,1.0
TECH-03,tech_park,2026-05-01 15:00:00,19,18,1,32,4.67,1.0
TECH-03,tech_park,2026-05-01 16:00:00,44,42,2,25,3.42,1.03
TECH-03,tech_park,2026-05-01 17:00:00,67,65,2,38,5.62,1.04
TECH-03,tech_park,2026-05-01 18:00:00,68,66,2,86,3.23,1.08
TECH-03,tech_park,2026-05-01 19:00:00,99,97,2,75,4.33,1.03
TECH-03,tech_park,2026-05-01 20:00:00,92,90,2,73,4.05,1.0
TECH-03,tech_park,2026-05-01 21:00:00,61,60,1,57,3.52,1.02
TECH-03,tech_park,2026-05-01 22:00:00,37,36,1,33,3.55,1.0
TECH-03,tech_park,2026-05-01 23:00:00,26,25,1,39,3.6,1.0
TECH-03,tech_park,2026-05-02 00:00:00,22,21,1,20,3.03,1.0
TECH-03,tech_park,2026-05-02 01:00:00,18,17,1,29,2.87,1.0
TECH-03,tech_park,2026-05-02 02:00:00,17,16,1,24,3.41,1.03
TECH-03,tech_park,2026-05-02 03:00:00,26,25,1,29,2.81,1.05
TECH-03,tech_park,2026-05-02 04:00:00,17,16,1,31,3.48,1.06
TECH-03,tech_park,2026-05-02 05:00:00,24,23,1,30,3.13,1.0
TECH-03,tech_park,2026-05-02 06:00:00,27,26,1,36,3.53,1.07
TECH-03,tech_park,2026-05-02 07:00:00,38,37,1,45,5.11,1.07
TECH-03,tech_park,2026-05-02 08:00:00,90,88,2,67,2.87,1.08
TECH-03,tech_park,2026-05-02 09:00:00,91,89,2,84,3.5,1.08
TECH-03,tech_park,2026-05-02 10:00:00,77,75,2,68,3.27,1.06
TECH-03,tech_park,2026-05-02 11:00:00,49,48,1,44,4.1,1.09
TECH-03,tech_park,2026-05-02 12:00:00,29,28,1,34,3.34,1.01
TECH-03,tech_park,2026-05-02 13:00:00,28,27,1,30,2.86,1.0
TECH-03,tech_park,2026-05-02 14:00:00,24,23,1,33,2.17,1.11
TECH-03,tech_park,2026-05-02 15:00:00,25,24,1,30,3.27,1.04
TECH-03,tech_park,2026-05-02 16:00:00,35,34,1,33,4.95,1.04
TECH-03,tech_park,2026-05-02 17:00:00,58,57,1,55,3.45,1.0
TECH-03,tech_park,2026-05-02 18:00:00,90,88,2,70,2.64,1.0
TECH-03,tech_park,2026-05-02 19:00:00,96,94,2,83,4.01,1.04
TECH-03,tech_park,2026-05-02 20:00:00,92,90,2,72,4.05,1.01
TECH-03,tech_park,2026-05-02 21:00:00,65,64,1,59,3.84,1.05
TECH-03,tech_park,2026-05-02 22:00:00,44,43,1,36,3.95,1.03
TECH-03,tech_park,2026-05-02 23:00:00,33,32,1,30,2.95,1.12
TECH-03,tech_park,2026-05-03 00:00:00,10,9,1,27,5.46,1.0
TECH-03,tech_park,2026-05-03 01:00:00,19,18,1,19,4.38,1.0
TECH-03,tech_park,2026-05-03 02:00:00,18,17,1,25,4.18,1.12
TECH-03,tech_park,2026-05-03 03:00:00,17,16,1,18,3.62,1.0
TECH-03,tech_park,2026-05-03 04:00:00,16,15,1,23,4.34,1.0
TECH-03,tech_park,2026-05-03 05:00:00,21,20,1,25,4.03,1.0
TECH-03,tech_park,2026-05-03 06:00:00,28,27,1,26,3.53,1.0
TECH-03,tech_park,2026-05-03 07:00:00,40,39,1,37,3.67,1.07
TECH-03,tech_park,2026-05-03 08:00:00,72,70,2,60,2.98,1.05
TECH-03,tech_park,2026-05-03 09:00:00,83,81,2,84,3.21,1.01
TECH-03,tech_park,2026-05-03 10:00:00,64,63,1,57,4.7,1.0
TECH-03,tech_park,2026-05-03 11:00:00,46,45,1,36,4.57,1.04
TECH-03,tech_park,2026-05-03 12:00:00,36,35,1,30,2.96,1.11
TECH-03,tech_park,2026-05-03 13:00:00,26,25,1,26,4.56,1.08
TECH-03,tech_park,2026-05-03 14:00:00,10,9,1,21,3.36,1.06
TECH-03,tech_park,2026-05-03 15:00:00,25,24,1,28,3.39,1.08
TECH-03,tech_park,2026-05-03 16:00:00,33,32,1,29,5.22,1.0
TECH-03,tech_park,2026-05-03 17:00:00,58,57,1,55,3.84,1.03
TECH-03,tech_park,2026-05-03 18:00:00,86,84,2,58,3.56,1.0
TECH-03,tech_park,2026-05-03 19:00:00,74,72,2,70,2.0,1.0
TECH-03,tech_park,2026-05-03 20:00:00,90,88,2,65,2.81,1.09
TECH-03,tech_park,2026-05-03 21:00:00,48,47,1,63,3.58,1.01
TECH-03,tech_park,2026-05-03 22:00:00,25,24,1,27,2.37,1.04
TECH-03,tech_park,2026-05-03 23:00:00,18,17,1,31,5.7,1.09
TECH-03,tech_park,2026-05-04 00:00:00,22,21,1,30,3.95,1.02
TECH-03,tech_park,2026-05-04 01:00:00,16,15,1,19,4.13,1.03
TECH-03,tech_park,2026-05-04 02:00:00,16,15,1,21,3.92,1.08
TECH-03,tech_park,2026-05-04 03:00:00,20,19,1,20,4.69,1.0
TECH-03,tech_park,2026-05-04 04:00:00,11,10,1,27,3.55,1.05
TECH-03,tech_park,2026-05-04 05:00:00,20,19,1,17,3.98,1.14
TECH-03,tech_park,2026-05-04 06:00:00,18,17,1,32,3.11,1.07
TECH-03,tech_park,2026-05-04 07:00:00,43,42,1,44,4.44,1.0
TECH-03,tech_park,2026-05-04 08:00:00,66,65,1,64,2.0,1.01
TECH-03,tech_park,2026-05-04 09:00:00,83,81,2,69,3.71,1.0
TECH-03,tech_park,2026-05-04 10:00:00,76,74,2,57,3.95,1.0
TECH-03,tech_park,2026-05-04 11:00:00,53,52,1,44,2.57,1.13
TECH-03,tech_park,2026-05-04 12:00:00,32,31,1,32,4.0,1.08
TECH-03,tech_park,2026-05-04 13:00:00,20,19,1,25,4.97,1.0
TECH-03,tech_park,2026-05-04 14:00:00,16,15,1,26,3.15,1.02
TECH-03,tech_park,2026-05-04 15:00:00,19,18,1,23,3.92,1.04
TECH-03,tech_park,2026-05-04 16:00:00,40,39,1,32,4.4,1.0
TECH-03,tech_park,2026-05-04 17:00:00,51,50,1,41,2.84,1.0
TECH-03,tech_park,2026-05-04 18:00:00,76,74,2,69,4.09,1.11
TECH-03,tech_park,2026-05-04 19:00:00,72,70,2,81,4.67,1.0
TECH-03,tech_park,2026-05-04 20:00:00,91,89,2,67,3.87,1.08
TECH-03,tech_park,2026-05-04 21:00:00,52,51,1,47,3.91,1.0
TECH-03,tech_park,2026-05-04 22:00:00,32,31,1,36,4.04,1.05
TECH-03,tech_park,2026-05-04 23:00:00,12,11,1,19,3.04,1.09
TECH-03,tech_park,2026-05-05 00:00:00,16,15,1,20,2.88,1.02
TECH-03,tech_park,2026-05-05 01:00:00,23,22,1,22,3.87,1.05
TECH-03,tech_park,2026-05-05 02:00:00,13,12,1,25,4.48,1.04
TECH-03,tech_park,2026-05-05 03:00:00,17,16,1,34,3.52,1.07
TECH-03,tech_park,2026-05-05 04:00:00,19,18,1,23,2.44,1.03
TECH-03,tech_park,2026-05-05 05:00:00,20,19,1,27,3.96,1.03
TECH-03,tech_park,2026-05-05 06:00:00,22,21,1,31,3.23,1.02
TECH-03,tech_park,2026-05-05 07:00:00,42,41,1,50,3.03,1.06
TECH-03,tech_park,2026-05-05 08:00:00,58,57,1,58,4.44,1.0
TECH-03,tech_park,2026-05-05 09:00:00,88,86,2,65,2.92,1.07
TECH-03,tech_park,2026-05-05 10:00:00,72,70,2,57,4.37,1.0
TECH-03,tech_park,2026-05-05 11:00:00,42,41,1,62,4.29,1.0
TECH-03,tech_park,2026-05-05 12:00:00,35,34,1,29,3.65,1.0
TECH-03,tech_park,2026-05-05 13:00:00,17,16,1,28,2.87,1.07
TECH-03,tech_park,2026-05-05 14:00:00,17,16,1,23,3.82,1.0
TECH-03,tech_park,2026-05-05 15:00:00,22,21,1,24,3.54,1.02
TECH-03,tech_park,2026-05-05 16:00:00,30,29,1,42,3.33,1.06
TECH-03,tech_park,2026-05-05 17:00:00,60,59,1,45,4.49,1.0
TECH-03,tech_park,2026-05-05 18:00:00,70,68,2,60,3.84,1.04
TECH-03,tech_park,2026-05-05 19:00:00,94,92,2,90,3.92,1.03
TECH-03,tech_park,2026-05-05 20:00:00,80,78,2,76,3.59,1.0
TECH-03,tech_park,2026-05-05 21:00:00,46,45,1,39,3.74,1.08
TECH-03,tech_park,2026-05-05 22:00:00,36,35,1,24,4.02,1.0
TECH-03,tech_park,2026-05-05 23:00:00,17,16,1,33,3.69,1.04
TECH-03,tech_park,2026-05-06 00:00:00,12,11,1,27,4.02,1.07
TECH-03,tech_park,2026-05-06 01:00:00,19,18,1,22,4.92,1.11
TECH-03,tech_park,2026-05-06 02:00:00,17,16,1,23,2.58,1.0
TECH-03,tech_park,2026-05-06 03:00:00,12,11,1,24,4.14,1.0
TECH-03,tech_park,2026-05-06 04:00:00,10,9,1,27,3.8,1.05
TECH-03,tech_park,2026-05-06 05:00:00,17,16,1,24,3.64,1.03
TECH-03,tech_park,2026-05-06 06:00:00,30,27,3,18,3.8,1.12
TECH-03,tech_park,2026-05-06 07:00:00,47,46,1,53,4.35,1.0
TECH-03,tech_park,2026-05-06 08:00:00,68,66,2,69,2.69,1.02
TECH-03,tech_park,2026-05-06 09:00:00,81,79,2,66,4.07,1.0
TECH-03,tech_park,2026-05-06 10:00:00,70,68,2,58,3.18,1.09
TECH-03,tech_park,2026-05-06 11:00:00,43,42,1,45,2.74,1.0
TECH-03,tech_park,2026-05-06 12:00:00,24,23,1,38,4.48,1.07
TECH-03,tech_park,2026-05-06 13:00:00,16,15,1,25,4.02,1.0
TECH-03,tech_park,2026-05-06 14:00:00,15,14,1,22,2.0,1.03
TECH-03,tech_park,2026-05-06 15:00:00,25,24,1,21,3.45,1.01
TECH-03,tech_park,2026-05-06 16:00:00,26,25,1,28,4.54,1.1
TECH-03,tech_park,2026-05-06 17:00:00,58,57,1,49,2.09,1.0
TECH-03,tech_park,2026-05-06 18:00:00,89,87,2,75,2.5,1.01
TECH-03,tech_park,2026-05-06 19:00:00,98,96,2,71,2.87,1.11
TECH-03,tech_park,2026-05-06 20:00:00,60,59,1,59,3.77,1.0
TECH-03,tech_park,2026-05-06 21:00:00,51,50,1,58,4.79,1.01
TECH-03,tech_park,2026-05-06 22:00:00,38,37,1,41,3.28,1.0
TECH-03,tech_park,2026-05-06 23:00:00,21,20,1,32,3.69,1.03
TECH-03,tech_park,2026-05-07 00:00:00,16,15,1,29,3.3,1.0
TECH-03,tech_park,2026-05-07 01:00:00,16,15,1,19,2.95,1.0
TECH-03,tech_park,2026-05-07 02:00:00,20,19,1,15,4.46,1.0
TECH-03,tech_park,2026-05-07 03:00:00,19,18,1,25,4.23,1.0
TECH-03,tech_park,2026-05-07 04:00:00,16,15,1,14,4.21,1.03
TECH-03,tech_park,2026-05-07 05:00:00,20,19,1,22,2.0,1.04
TECH-03,tech_park,2026-05-07 06:00:00,29,28,1,34,3.57,1.02
TECH-03,tech_park,2026-05-07 07:00:00,58,57,1,42,3.28,1.03
TECH-03,tech_park,2026-05-07 08:00:00,74,72,2,71,2.87,1.06
TECH-03,tech_park,2026-05-07 09:00:00,91,89,2,68,4.23,1.0
TECH-03,tech_park,2026-05-07 10:00:00,66,65,1,55,3.88,1.0
TECH-03,tech_park,2026-05-07 11:00:00,46,45,1,43,4.25,1.0
TECH-03,tech_park,2026-05-07 12:00:00,23,22,1,26,3.95,1.11
TECH-03,tech_park,2026-05-07 13:00:00,19,18,1,25,2.63,1.0
TECH-03,tech_park,2026-05-07 14:00:00,24,23,1,28,4.19,1.0
TECH-03,tech_park,2026-05-07 15:00:00,28,27,1,42,3.5,1.14
TECH-03,tech_park,2026-05-07 16:00:00,34,33,1,43,2.94,1.02
TECH-03,tech_park,2026-05-07 17:00:00,57,56,1,64,3.39,1.0
TECH-03,tech_park,2026-05-07 18:00:00,75,73,2,76,3.43,1.09
TECH-03,tech_park,2026-05-07 19:00:00,75,73,2,63,3.9,1.1
TECH-03,tech_park,2026-05-07 20:00:00,70,68,2,59,3.04,1.03
TECH-03,tech_park,2026-05-07 21:00:00,51,50,1,49,4.54,1.06
TECH-03,tech_park,2026-05-07 22:00:00,25,24,1,38,3.03,1.04
TECH-03,tech_park,2026-05-07 23:00:00,22,21,1,30,4.14,1.0
TECH-03,tech_park,2026-05-08 00:00:00,20,19,1,22,2.83,1.01
TECH-03,tech_park,2026-05-08 01:00:00,19,18,1,28,4.39,1.02
TECH-03,tech_park,2026-05-08 02:00:00,16,15,1,22,5.11,1.04
TECH-03,tech_park,2026-05-08 03:00:00,16,15,1,24,3.35,1.0
TECH-03,tech_park,2026-05-08 04:00:00,23,22,1,28,3.3,1.0
TECH-03,tech_park,2026-05-08 05:00:00,24,23,1,26,2.68,1.02
TECH-03,tech_park,2026-05-08 06:00:00,33,32,1,38,2.74,1.0
TECH-03,tech_park,2026-05-08 07:00:00,60,59,1,63,3.77,1.07
TECH-03,tech_park,2026-05-08 08:00:00,80,78,2,81,4.75,1.0
TECH-03,tech_park,2026-05-08 09:00:00,106,97,9,62,4.29,1.05
TECH-03,tech_park,2026-05-08 10:00:00,85,83,2,75,4.67,1.03
TECH-03,tech_park,2026-05-08 11:00:00,59,58,1,47,3.81,1.04
TECH-03,tech_park,2026-05-08 12:00:00,19,18,1,30,4.47,1.08
TECH-03,tech_park,2026-05-08 13:00:00,18,17,1,35,3.05,1.14
TECH-03,tech_park,2026-05-08 14:00:00,28,27,1,27,3.76,1.0
TECH-03,tech_park,2026-05-08 15:00:00,27,26,1,29,3.2,1.0
TECH-03,tech_park,2026-05-08 16:00:00,45,44,1,37,3.49,1.06
TECH-03,tech_park,2026-05-08 17:00:00,69,67,2,52,4.2,1.06
TECH-03,tech_park,2026-05-08 18:00:00,78,76,2,86,3.6,1.0
TECH-03,tech_park,2026-05-08 19:00:00,82,80,2,85,2.71,1.0
TECH-03,tech_park,2026-05-08 20:00:00,86,84,2,77,3.09,1.0
TECH-03,tech_park,2026-05-08 21:00:00,67,65,2,63,3.89,1.02
TECH-03,tech_park,2026-05-08 22:00:00,42,41,1,35,3.55,1.05
TECH-03,tech_park,2026-05-08 23:00:00,19,18,1,34,2.62,1.05
TECH-03,tech_park,2026-05-09 00:00:00,11,10,1,25,4.32,1.09
TECH-03,tech_park,2026-05-09 01:00:00,18,17,1,26,4.04,1.0
TECH-03,tech_park,2026-05-09 02:00:00,17,16,1,22,3.61,1.0
TECH-03,tech_park,2026-05-09 03:00:00,14,13,1,27,4.19,1.1
TECH-03,tech_park,2026-05-09 04:00:00,14,13,1,29,4.01,1.05
TECH-03,tech_park,2026-05-09 05:00:00,34,33,1,30,3.64,1.08
TECH-03,tech_park,2026-05-09 06:00:00,35,34,1,34,4.87,1.05
TECH-03,tech_park,2026-05-09 07:00:00,58,57,1,57,2.83,1.11
TECH-03,tech_park,2026-05-09 08:00:00,84,82,2,58,3.38,1.0
TECH-03,tech_park,2026-05-09 09:00:00,93,91,2,84,4.28,1.02
TECH-03,tech_park,2026-05-09 10:00:00,101,99,2,75,2.92,1.03
TECH-03,tech_park,2026-05-09 11:00:00,53,52,1,45,4.61,1.0
TECH-03,tech_park,2026-05-09 12:00:00,30,29,1,35,3.46,1.16
TECH-03,tech_park,2026-05-09 13:00:00,22,21,1,34,2.85,1.01
TECH-03,tech_park,2026-05-09 14:00:00,14,13,1,16,3.19,1.0
TECH-03,tech_park,2026-05-09 15:00:00,27,26,1,39,3.07,1.0
TECH-03,tech_park,2026-05-09 16:00:00,44,43,1,32,5.17,1.01
TECH-03,tech_park,2026-05-09 17:00:00,61,60,1,63,2.55,1.0
TECH-03,tech_park,2026-05-09 18:00:00,79,77,2,72,3.58,1.16
TECH-03,tech_park,2026-05-09 19:00:00,114,112,2,86,4.54,1.06
TECH-03,tech_park,2026-05-09 20:00:00,107,105,2,68,5.16,1.02
TECH-03,tech_park,2026-05-09 21:00:00,56,55,1,55,3.1,1.0
TECH-03,tech_park,2026-05-09 22:00:00,40,39,1,39,2.85,1.1
TECH-03,tech_park,2026-05-09 23:00:00,23,22,1,31,2.54,1.06
TECH-03,tech_park,2026-05-10 00:00:00,22,21,1,21,3.7,1.02
TECH-03,tech_park,2026-05-10 01:00:00,18,17,1,24,4.03,1.0
TECH-03,tech_park,2026-05-10 02:00:00,12,11,1,18,3.5,1.12
TECH-03,tech_park,2026-05-10 03:00:00,12,11,1,25,2.0,1.01
TECH-03,tech_park,2026-05-10 04:00:00,19,18,1,17,3.11,1.03
TECH-03,tech_park,2026-05-10 05:00:00,14,13,1,23,3.57,1.11
TECH-03,tech_park,2026-05-10 06:00:00,29,28,1,21,4.89,1.12
TECH-03,tech_park,2026-05-10 07:00:00,38,37,1,41,5.02,1.0
TECH-03,tech_park,2026-05-10 08:00:00,71,69,2,44,3.33,1.11
TECH-03,tech_park,2026-05-10 09:00:00,65,64,1,72,2.95,1.03
TECH-03,tech_park,2026-05-10 10:00:00,69,67,2,55,3.54,1.08
TECH-03,tech_park,2026-05-10 11:00:00,49,48,1,42,4.27,1.05
TECH-03,tech_park,2026-05-10 12:00:00,33,32,1,20,2.73,1.08
TECH-03,tech_park,2026-05-10 13:00:00,17,16,1,28,4.4,1.08
TECH-03,tech_park,2026-05-10 14:00:00,15,14,1,25,3.03,1.0
TECH-03,tech_park,2026-05-10 15:00:00,20,19,1,30,4.44,1.0
TECH-03,tech_park,2026-05-10 16:00:00,26,25,1,46,4.16,1.02
TECH-03,tech_park,2026-05-10 17:00:00,53,52,1,41,3.94,1.12
TECH-03,tech_park,2026-05-10 18:00:00,73,71,2,53,3.67,1.03
TECH-03,tech_park,2026-05-10 19:00:00,82,80,2,62,3.14,1.04
TECH-03,tech_park,2026-05-10 20:00:00,84,82,2,62,2.99,1.0
TECH-03,tech_park,2026-05-10 21:00:00,61,60,1,53,3.74,1.06
TECH-03,tech_park,2026-05-10 22:00:00,43,42,1,29,5.02,1.08
TECH-03,tech_park,2026-05-10 23:00:00,19,18,1,41,2.83,1.01
TECH-03,tech_park,2026-05-11 00:00:00,15,14,1,25,4.71,1.0
TECH-03,tech_park,2026-05-11 01:00:00,18,17,1,19,3.87,1.04
TECH-03,tech_park,2026-05-11 02:00:00,14,13,1,23,4.16,1.06
TECH-03,tech_park,2026-05-11 03:00:00,24,23,1,23,2.16,1.04
TECH-03,tech_park,2026-05-11 04:00:00,18,17,1,20,3.64,1.0
TECH-03,tech_park,2026-05-11 05:00:00,15,14,1,31,2.64,1.0
TECH-03,tech_park,2026-05-11 06:00:00,37,36,1,34,3.59,1.0
TECH-03,tech_park,2026-05-11 07:00:00,50,49,1,50,3.49,1.0
TECH-03,tech_park,2026-05-11 08:00:00,61,60,1,56,3.38,1.0
TECH-03,tech_park,2026-05-11 09:00:00,97,95,2,84,3.43,1.0
TECH-03,tech_park,2026-05-11 10:00:00,77,75,2,72,4.45,1.03
TECH-03,tech_park,2026-05-11 11:00:00,45,44,1,35,4.27,1.0
TECH-03,tech_park,2026-05-11 12:00:00,31,30,1,31,3.0,1.01
TECH-03,tech_park,2026-05-11 13:00:00,24,23,1,27,3.07,1.0
TECH-03,tech_park,2026-05-11 14:00:00,13,12,1,30,5.47,1.05
TECH-03,tech_park,2026-05-11 15:00:00,18,17,1,22,2.94,1.0
TECH-03,tech_park,2026-05-11 16:00:00,31,30,1,40,4.72,1.02
TECH-03,tech_park,2026-05-11 17:00:00,53,52,1,49,3.79,1.05
TECH-03,tech_park,2026-05-11 18:00:00,87,85,2,49,2.33,1.14
TECH-03,tech_park,2026-05-11 19:00:00,107,105,2,71,3.08,1.04
TECH-03,tech_park,2026-05-11 20:00:00,71,69,2,70,2.7,1.06
TECH-03,tech_park,2026-05-11 21:00:00,53,52,1,51,2.98,1.0
TECH-03,tech_park,2026-05-11 22:00:00,26,25,1,28,3.96,1.0
TECH-03,tech_park,2026-05-11 23:00:00,21,20,1,29,4.81,1.09
TECH-03,tech_park,2026-05-12 00:00:00,16,15,1,13,2.84,1.1
TECH-03,tech_park,2026-05-12 01:00:00,15,14,1,31,3.66,1.05
TECH-03,tech_park,2026-05-12 02:00:00,18,17,1,20,2.38,1.04
TECH-03,tech_park,2026-05-12 03:00:00,12,11,1,25,3.17,1.0
TECH-03,tech_park,2026-05-12 04:00:00,18,17,1,22,4.58,1.0
TECH-03,tech_park,2026-05-12 05:00:00,18,17,1,22,4.69,1.04
TECH-03,tech_park,2026-05-12 06:00:00,36,35,1,23,4.71,1.04
TECH-03,tech_park,2026-05-12 07:00:00,54,53,1,42,3.98,1.06
TECH-03,tech_park,2026-05-12 08:00:00,64,63,1,60,2.92,1.06
TECH-03,tech_park,2026-05-12 09:00:00,83,81,2,75,4.25,1.0
TECH-03,tech_park,2026-05-12 10:00:00,85,83,2,68,3.66,1.03
TECH-03,tech_park,2026-05-12 11:00:00,55,54,1,42,3.13,1.06
TECH-03,tech_park,2026-05-12 12:00:00,34,33,1,39,2.47,1.09
TECH-03,tech_park,2026-05-12 13:00:00,22,21,1,23,2.76,1.07
TECH-03,tech_park,2026-05-12 14:00:00,17,16,1,24,3.65,1.0
TECH-03,tech_park,2026-05-12 15:00:00,26,25,1,27,5.53,1.0
TECH-03,tech_park,2026-05-12 16:00:00,29,28,1,38,2.73,1.0
TECH-03,tech_park,2026-05-12 17:00:00,64,63,1,54,2.51,1.0
TECH-03,tech_park,2026-05-12 18:00:00,86,84,2,68,4.32,1.0
TECH-03,tech_park,2026-05-12 19:00:00,97,95,2,72,5.11,1.11
TECH-03,tech_park,2026-05-12 20:00:00,74,72,2,69,2.41,1.0
TECH-03,tech_park,2026-05-12 21:00:00,43,42,1,57,3.47,1.03
TECH-03,tech_park,2026-05-12 22:00:00,43,42,1,42,3.85,1.06
TECH-03,tech_park,2026-05-12 23:00:00,14,13,1,26,2.0,1.11
TECH-03,tech_park,2026-05-13 00:00:00,20,19,1,20,3.33,1.07
TECH-03,tech_park,2026-05-13 01:00:00,12,11,1,22,4.87,1.01
TECH-03,tech_park,2026-05-13 02:00:00,16,15,1,21,3.04,1.08
TECH-03,tech_park,2026-05-13 03:00:00,18,17,1,19,4.68,1.15
TECH-03,tech_park,2026-05-13 04:00:00,19,18,1,18,3.89,1.07
TECH-03,tech_park,2026-05-13 05:00:00,15,14,1,28,3.09,1.08
TECH-03,tech_park,2026-05-13 06:00:00,27,26,1,31,3.29,1.07
TECH-03,tech_park,2026-05-13 07:00:00,41,40,1,37,3.5,1.02
TECH-03,tech_park,2026-05-13 08:00:00,83,81,2,63,4.13,1.0
TECH-03,tech_park,2026-05-13 09:00:00,63,62,1,57,4.41,1.03
TECH-03,tech_park,2026-05-13 10:00:00,59,58,1,44,2.0,1.01
TECH-03,tech_park,2026-05-13 11:00:00,40,39,1,39,3.88,1.0
TECH-03,tech_park,2026-05-13 12:00:00,28,27,1,35,3.87,1.01
TECH-03,tech_park,2026-05-13 13:00:00,24,23,1,24,4.77,1.08
TECH-03,tech_park,2026-05-13 14:00:00,16,15,1,27,2.15,1.05
TECH-03,tech_park,2026-05-13 15:00:00,21,20,1,20,4.69,1.07
TECH-03,tech_park,2026-05-13 16:00:00,32,31,1,38,4.15,1.01
TECH-03,tech_park,2026-05-13 17:00:00,51,49,2,33,4.11,1.0
TECH-03,tech_park,2026-05-13 18:00:00,82,80,2,65,2.79,1.01
TECH-03,tech_park,2026-05-13 19:00:00,88,86,2,65,4.99,1.0
TECH-03,tech_park,2026-05-13 20:00:00,77,75,2,58,4.05,1.05
TECH-03,tech_park,2026-05-13 21:00:00,46,45,1,48,4.02,1.02
TECH-03,tech_park,2026-05-13 22:00:00,44,43,1,34,3.94,1.16
TECH-03,tech_park,2026-05-13 23:00:00,22,21,1,30,2.88,1.01
TECH-03,tech_park,2026-05-14 00:00:00,10,9,1,23,4.3,1.07
TECH-03,tech_park,2026-05-14 01:00:00,17,16,1,22,3.19,1.04
TECH-03,tech_park,2026-05-14 02:00:00,14,13,1,23,3.3,1.09
TECH-03,tech_park,2026-05-14 03:00:00,19,18,1,25,4.32,1.04
TECH-03,tech_park,2026-05-14 04:00:00,18,17,1,28,4.12,1.07
TECH-03,tech_park,2026-05-14 05:00:00,20,19,1,27,2.79,1.01
TECH-03,tech_park,2026-05-14 06:00:00,25,24,1,39,3.54,1.0
TECH-03,tech_park,2026-05-14 07:00:00,43,42,1,44,3.51,1.07
TECH-03,tech_park,2026-05-14 08:00:00,67,65,2,54,3.57,1.0
TECH-03,tech_park,2026-05-14 09:00:00,85,83,2,65,4.69,1.03
TECH-03,tech_park,2026-05-14 10:00:00,70,68,2,54,3.6,1.0
TECH-03,tech_park,2026-05-14 11:00:00,33,32,1,45,4.1,1.02
TECH-03,tech_park,2026-05-14 12:00:00,22,21,1,35,3.71,1.06
TECH-03,tech_park,2026-05-14 13:00:00,17,16,1,21,3.78,1.02
TECH-03,tech_park,2026-05-14 14:00:00,21,20,1,14,3.62,1.05
TECH-03,tech_park,2026-05-14 15:00:00,24,23,1,31,4.33,1.0
TECH-03,tech_park,2026-05-14 16:00:00,32,31,1,27,2.71,1.04
TECH-03,tech_park,2026-05-14 17:00:00,42,41,1,45,3.17,1.09
TECH-03,tech_park,2026-05-14 18:00:00,77,75,2,71,4.11,1.14
TECH-03,tech_park,2026-05-14 19:00:00,104,102,2,74,2.91,1.0
TECH-03,tech_park,2026-05-14 20:00:00,83,81,2,55,3.0,1.0
TECH-03,tech_park,2026-05-14 21:00:00,57,56,1,32,3.0,1.05
TECH-03,tech_park,2026-05-14 22:00:00,38,37,1,24,3.97,1.0
TECH-03,tech_park,2026-05-14 23:00:00,12,11,1,31,4.64,1.06
TECH-03,tech_park,2026-05-15 00:00:00,20,19,1,22,4.57,1.01
TECH-03,tech_park,2026-05-15 01:00:00,21,20,1,23,3.11,1.13
TECH-03,tech_park,2026-05-15 02:00:00,19,18,1,30,3.88,1.11
TECH-03,tech_park,2026-05-15 03:00:00,13,12,1,17,2.52,1.03
TECH-03,tech_park,2026-05-15 04:00:00,16,15,1,24,2.4,1.0
TECH-03,tech_park,2026-05-15 05:00:00,25,24,1,22,4.7,1.0
TECH-03,tech_park,2026-05-15 06:00:00,29,28,1,32,3.75,1.07
TECH-03,tech_park,2026-05-15 07:00:00,53,52,1,37,2.1,1.0
TECH-03,tech_park,2026-05-15 08:00:00,66,65,1,80,3.42,1.04
TECH-03,tech_park,2026-05-15 09:00:00,98,96,2,66,4.67,1.0
TECH-03,tech_park,2026-05-15 10:00:00,59,58,1,63,3.51,1.0
TECH-03,tech_park,2026-05-15 11:00:00,57,56,1,59,4.09,1.0
TECH-03,tech_park,2026-05-15 12:00:00,35,34,1,34,3.56,1.0
TECH-03,tech_park,2026-05-15 13:00:00,21,20,1,31,4.29,1.02
TECH-03,tech_park,2026-05-15 14:00:00,25,24,1,25,3.7,1.03
TECH-03,tech_park,2026-05-15 15:00:00,25,24,1,32,4.62,1.03
TECH-03,tech_park,2026-05-15 16:00:00,34,33,1,38,2.92,1.0
TECH-03,tech_park,2026-05-15 17:00:00,68,66,2,55,2.56,1.05
TECH-03,tech_park,2026-05-15 18:00:00,88,86,2,63,3.77,1.0
TECH-03,tech_park,2026-05-15 19:00:00,95,93,2,88,3.54,1.0
TECH-03,tech_park,2026-05-15 20:00:00,96,94,2,84,4.48,1.0
TECH-03,tech_park,2026-05-15 21:00:00,49,48,1,64,2.52,1.08
TECH-03,tech_park,2026-05-15 22:00:00,40,39,1,30,3.51,1.02
TECH-03,tech_park,2026-05-15 23:00:00,27,26,1,38,4.23,1.05
TECH-03,tech_park,2026-05-16 00:00:00,18,17,1,39,2.6,1.0
TECH-03,tech_park,2026-05-16 01:00:00,11,10,1,22,5.26,1.0
TECH-03,tech_park,2026-05-16 02:00:00,18,17,1,26,4.34,1.0
TECH-03,tech_park,2026-05-16 03:00:00,26,25,1,22,4.22,1.05
TECH-03,tech_park,2026-05-16 04:00:00,17,16,1,18,3.78,1.02
TECH-03,tech_park,2026-05-16 05:00:00,25,24,1,39,3.57,1.0
TECH-03,tech_park,2026-05-16 06:00:00,31,30,1,35,4.07,1.0
TECH-03,tech_park,2026-05-16 07:00:00,43,42,1,50,3.52,1.0
TECH-03,tech_park,2026-05-16 08:00:00,86,84,2,53,3.01,1.1
TECH-03,tech_park,2026-05-16 09:00:00,87,85,2,75,2.89,1.0
TECH-03,tech_park,2026-05-16 10:00:00,74,72,2,67,3.53,1.03
TECH-03,tech_park,2026-05-16 11:00:00,45,44,1,48,3.54,1.0
TECH-03,tech_park,2026-05-16 12:00:00,28,27,1,37,3.14,1.06
TECH-03,tech_park,2026-05-16 13:00:00,17,16,1,23,4.16,1.0
TECH-03,tech_park,2026-05-16 14:00:00,22,21,1,26,3.55,1.07
TECH-03,tech_park,2026-05-16 15:00:00,18,17,1,35,5.26,1.03
TECH-03,tech_park,2026-05-16 16:00:00,36,35,1,35,3.55,1.0
TECH-03,tech_park,2026-05-16 17:00:00,72,70,2,54,3.37,1.0
TECH-03,tech_park,2026-05-16 18:00:00,89,87,2,69,3.57,1.0
TECH-03,tech_park,2026-05-16 19:00:00,83,81,2,85,2.57,1.11
TECH-03,tech_park,2026-05-16 20:00:00,78,76,2,77,2.0,1.09
TECH-03,tech_park,2026-05-16 21:00:00,63,62,1,67,4.75,1.0
TECH-03,tech_park,2026-05-16 22:00:00,32,31,1,38,3.99,1.0
TECH-03,tech_park,2026-05-16 23:00:00,20,19,1,25,4.73,1.0
TECH-03,tech_park,2026-05-17 00:00:00,6,5,1,23,2.49,1.0
TECH-03,tech_park,2026-05-17 01:00:00,12,11,1,25,3.91,1.0
TECH-03,tech_park,2026-05-17 02:00:00,22,21,1,24,3.39,1.0
TECH-03,tech_park,2026-05-17 03:00:00,16,15,1,26,3.61,1.09
TECH-03,tech_park,2026-05-17 04:00:00,19,18,1,21,4.43,1.0
TECH-03,tech_park,2026-05-17 05:00:00,21,20,1,27,2.83,1.0
TECH-03,tech_park,2026-05-17 06:00:00,33,32,1,36,2.53,1.06
TECH-03,tech_park,2026-05-17 07:00:00,38,37,1,48,3.76,1.0
TECH-03,tech_park,2026-05-17 08:00:00,74,72,2,51,3.58,1.0
TECH-03,tech_park,2026-05-17 09:00:00,70,68,2,65,4.66,1.04
TECH-03,tech_park,2026-05-17 10:00:00,59,58,1,53,4.02,1.0
TECH-03,tech_park,2026-05-17 11:00:00,52,51,1,38,3.05,1.0
TECH-03,tech_park,2026-05-17 12:00:00,27,26,1,42,3.54,1.04
TECH-03,tech_park,2026-05-17 13:00:00,13,12,1,26,2.72,1.01
TECH-03,tech_park,2026-05-17 14:00:00,25,24,1,27,2.97,1.0
TECH-03,tech_park,2026-05-17 15:00:00,23,22,1,33,3.38,1.0
TECH-03,tech_park,2026-05-17 16:00:00,39,38,1,26,3.58,1.0
TECH-03,tech_park,2026-05-17 17:00:00,58,57,1,37,2.93,1.0
TECH-03,tech_park,2026-05-17 18:00:00,83,81,2,60,3.09,1.0
TECH-03,tech_park,2026-05-17 19:00:00,98,96,2,71,4.48,1.03
TECH-03,tech_park,2026-05-17 20:00:00,74,72,2,71,3.84,1.06
TECH-03,tech_park,2026-05-17 21:00:00,54,53,1,53,4.28,1.06
TECH-03,tech_park,2026-05-17 22:00:00,32,31,1,33,4.21,1.0
TECH-03,tech_park,2026-05-17 23:00:00,22,21,1,26,5.09,1.0
TECH-03,tech_park,2026-05-18 00:00:00,17,16,1,25,2.92,1.05
TECH-03,tech_park,2026-05-18 01:00:00,17,16,1,15,2.9,1.08
TECH-03,tech_park,2026-05-18 02:00:00,11,10,1,30,3.5,1.0
TECH-03,tech_park,2026-05-18 03:00:00,19,18,1,21,3.43,1.01
TECH-03,tech_park,2026-05-18 04:00:00,13,12,1,24,3.48,1.0
TECH-03,tech_park,2026-05-18 05:00:00,24,23,1,20,4.54,1.0
TECH-03,tech_park,2026-05-18 06:00:00,22,21,1,27,3.03,1.03
TECH-03,tech_park,2026-05-18 07:00:00,49,48,1,36,3.46,1.09
TECH-03,tech_park,2026-05-18 08:00:00,76,74,2,58,3.19,1.0
TECH-03,tech_park,2026-05-18 09:00:00,71,69,2,67,2.42,1.1
TECH-03,tech_park,2026-05-18 10:00:00,68,66,2,60,4.04,1.0
TECH-03,tech_park,2026-05-18 11:00:00,49,48,1,40,3.77,1.0
TECH-03,tech_park,2026-05-18 12:00:00,34,33,1,19,4.83,1.02
TECH-03,tech_park,2026-05-18 13:00:00,22,21,1,16,2.92,1.0
TECH-03,tech_park,2026-05-18 14:00:00,14,13,1,18,3.57,1.08
TECH-03,tech_park,2026-05-18 15:00:00,24,23,1,29,3.56,1.06
TECH-03,tech_park,2026-05-18 16:00:00,39,38,1,37,4.83,1.12
TECH-03,tech_park,2026-05-18 17:00:00,60,59,1,61,3.43,1.07
TECH-03,tech_park,2026-05-18 18:00:00,95,93,2,79,3.06,1.03
TECH-03,tech_park,2026-05-18 19:00:00,97,95,2,70,2.9,1.0
TECH-03,tech_park,2026-05-18 20:00:00,61,60,1,63,3.88,1.09
TECH-03,tech_park,2026-05-18 21:00:00,49,48,1,51,4.45,1.11
TECH-03,tech_park,2026-05-18 22:00:00,29,28,1,36,3.65,1.1
TECH-03,tech_park,2026-05-18 23:00:00,20,19,1,34,3.8,1.0
TECH-03,tech_park,2026-05-19 00:00:00,13,12,1,19,2.5,1.1
TECH-03,tech_park,2026-05-19 01:00:00,14,13,1,20,2.0,1.08
TECH-03,tech_park,2026-05-19 02:00:00,20,19,1,22,4.24,1.08
TECH-03,tech_park,2026-05-19 03:00:00,21,20,1,22,3.16,1.12
TECH-03,tech_park,2026-05-19 04:00:00,23,22,1,21,4.37,1.04
TECH-03,tech_park,2026-05-19 05:00:00,28,27,1,32,2.33,1.0
TECH-03,tech_park,2026-05-19 06:00:00,28,27,1,41,3.65,1.0
TECH-03,tech_park,2026-05-19 07:00:00,45,44,1,52,3.15,1.09
TECH-03,tech_park,2026-05-19 08:00:00,64,63,1,73,2.77,1.0
TECH-03,tech_park,2026-05-19 09:00:00,74,72,2,63,3.9,1.06
TECH-03,tech_park,2026-05-19 10:00:00,74,72,2,69,5.26,1.01
TECH-03,tech_park,2026-05-19 11:00:00,38,37,1,37,2.97,1.05
TECH-03,tech_park,2026-05-19 12:00:00,23,22,1,41,4.66,1.0
TECH-03,tech_park,2026-05-19 13:00:00,20,19,1,18,3.99,1.0
TECH-03,tech_park,2026-05-19 14:00:00,19,18,1,27,3.08,1.06
TECH-03,tech_park,2026-05-19 15:00:00,26,25,1,19,3.48,1.0
TECH-03,tech_park,2026-05-19 16:00:00,42,41,1,35,5.29,1.0
TECH-03,tech_park,2026-05-19 17:00:00,59,58,1,34,3.87,1.0
TECH-03,tech_park,2026-05-19 18:00:00,80,78,2,60,3.52,1.0
TECH-03,tech_park,2026-05-19 19:00:00,67,65,2,71,3.15,1.07
TECH-03,tech_park,2026-05-19 20:00:00,43,42,1,77,3.46,1.09
TECH-03,tech_park,2026-05-19 21:00:00,56,55,1,44,3.31,1.01
TECH-03,tech_park,2026-05-19 22:00:00,34,33,1,39,3.13,1.13
TECH-03,tech_park,2026-05-19 23:00:00,14,13,1,24,3.37,1.0
TECH-03,tech_park,2026-05-20 00:00:00,18,17,1,14,2.97,1.04
TECH-03,tech_park,2026-05-20 01:00:00,13,12,1,21,3.19,1.2
TECH-03,tech_park,2026-05-20 02:00:00,22,21,1,14,4.16,1.08
TECH-03,tech_park,2026-05-20 03:00:00,15,14,1,33,2.0,1.09
TECH-03,tech_park,2026-05-20 04:00:00,15,14,1,23,3.73,1.08
TECH-03,tech_park,2026-05-20 05:00:00,24,23,1,26,2.74,1.08
TECH-03,tech_park,2026-05-20 06:00:00,27,26,1,34,2.32,1.0
TECH-03,tech_park,2026-05-20 07:00:00,37,36,1,30,3.23,1.08
TECH-03,tech_park,2026-05-20 08:00:00,91,89,2,69,4.22,1.03
TECH-03,tech_park,2026-05-20 09:00:00,70,68,2,65,2.93,1.0
TECH-03,tech_park,2026-05-20 10:00:00,75,73,2,57,3.12,1.03
TECH-03,tech_park,2026-05-20 11:00:00,47,46,1,57,2.55,1.0
TECH-03,tech_park,2026-05-20 12:00:00,31,30,1,27,3.12,1.0
TECH-03,tech_park,2026-05-20 13:00:00,21,20,1,22,5.28,1.02
TECH-03,tech_park,2026-05-20 14:00:00,24,23,1,34,3.91,1.1
TECH-03,tech_park,2026-05-20 15:00:00,39,38,1,23,2.35,1.09
TECH-03,tech_park,2026-05-20 16:00:00,29,28,1,38,3.35,1.14
TECH-03,tech_park,2026-05-20 17:00:00,60,59,1,43,5.01,1.0
TECH-03,tech_park,2026-05-20 18:00:00,77,75,2,70,2.0,1.02
TECH-03,tech_park,2026-05-20 19:00:00,85,83,2,76,4.3,1.04
TECH-03,tech_park,2026-05-20 20:00:00,76,74,2,60,4.98,1.03
TECH-03,tech_park,2026-05-20 21:00:00,50,49,1,44,3.44,1.12
TECH-03,tech_park,2026-05-20 22:00:00,38,37,1,36,3.94,1.1
TECH-03,tech_park,2026-05-20 23:00:00,23,22,1,22,4.38,1.0
TECH-03,tech_park,2026-05-21 00:00:00,22,21,1,24,3.7,1.0
TECH-03,tech_park,2026-05-21 01:00:00,22,21,1,20,3.46,1.06
TECH-03,tech_park,2026-05-21 02:00:00,13,12,1,31,3.71,1.1
TECH-03,tech_park,2026-05-21 03:00:00,19,18,1,25,2.63,1.0
TECH-03,tech_park,2026-05-21 04:00:00,21,20,1,19,4.58,1.06
TECH-03,tech_park,2026-05-21 05:00:00,20,19,1,20,3.29,1.0
TECH-03,tech_park,2026-05-21 06:00:00,34,33,1,43,3.84,1.06
TECH-03,tech_park,2026-05-21 07:00:00,40,39,1,57,3.19,1.0
TECH-03,tech_park,2026-05-21 08:00:00,64,63,1,64,4.05,1.0
TECH-03,tech_park,2026-05-21 09:00:00,86,84,2,64,4.15,1.0
TECH-03,tech_park,2026-05-21 10:00:00,60,59,1,53,4.12,1.0
TECH-03,tech_park,2026-05-21 11:00:00,53,52,1,36,3.6,1.06
TECH-03,tech_park,2026-05-21 12:00:00,22,21,1,33,3.57,1.04
TECH-03,tech_park,2026-05-21 13:00:00,23,22,1,22,2.75,1.0
TECH-03,tech_park,2026-05-21 14:00:00,17,16,1,24,2.0,1.03
TECH-03,tech_park,2026-05-21 15:00:00,18,17,1,24,3.93,1.02
TECH-03,tech_park,2026-05-21 16:00:00,30,28,2,18,3.56,1.14
TECH-03,tech_park,2026-05-21 17:00:00,40,39,1,52,3.87,1.0
TECH-03,tech_park,2026-05-21 18:00:00,85,83,2,62,2.85,1.0
TECH-03,tech_park,2026-05-21 19:00:00,96,94,2,83,4.37,1.04
TECH-03,tech_park,2026-05-21 20:00:00,81,79,2,70,3.23,1.11
TECH-03,tech_park,2026-05-21 21:00:00,56,55,1,54,2.9,1.08
TECH-03,tech_park,2026-05-21 22:00:00,45,44,1,40,4.43,1.0
TECH-03,tech_park,2026-05-21 23:00:00,27,26,1,29,4.05,1.03
TECH-03,tech_park,2026-05-22 00:00:00,20,19,1,28,4.85,1.03
TECH-03,tech_park,2026-05-22 01:00:00,15,14,1,33,3.18,1.0
TECH-03,tech_park,2026-05-22 02:00:00,19,18,1,24,2.91,1.03
TECH-03,tech_park,2026-05-22 03:00:00,26,25,1,33,3.15,1.04
TECH-03,tech_park,2026-05-22 04:00:00,23,22,1,25,3.0,1.02
TECH-03,tech_park,2026-05-22 05:00:00,26,25,1,20,3.14,1.0
TECH-03,tech_park,2026-05-22 06:00:00,30,29,1,25,3.83,1.03
TECH-03,tech_park,2026-05-22 07:00:00,58,57,1,52,3.43,1.01
TECH-03,tech_park,2026-05-22 08:00:00,75,73,2,70,3.48,1.01
TECH-03,tech_park,2026-05-22 09:00:00,94,92,2,66,3.07,1.04
TECH-03,tech_park,2026-05-22 10:00:00,75,73,2,73,4.49,1.02
TECH-03,tech_park,2026-05-22 11:00:00,55,54,1,38,3.05,1.11
TECH-03,tech_park,2026-05-22 12:00:00,39,38,1,30,4.41,1.0
TECH-03,tech_park,2026-05-22 13:00:00,18,17,1,22,4.18,1.07
TECH-03,tech_park,2026-05-22 14:00:00,22,21,1,28,2.41,1.03
TECH-03,tech_park,2026-05-22 15:00:00,25,24,1,30,4.46,1.0
TECH-03,tech_park,2026-05-22 16:00:00,45,44,1,38,2.97,1.08
TECH-03,tech_park,2026-05-22 17:00:00,63,62,1,51,3.75,1.06
TECH-03,tech_park,2026-05-22 18:00:00,109,107,2,76,4.27,1.0
TECH-03,tech_park,2026-05-22 19:00:00,100,98,2,88,4.26,1.0
TECH-03,tech_park,2026-05-22 20:00:00,75,73,2,81,3.74,1.0
TECH-03,tech_park,2026-05-22 21:00:00,59,58,1,50,3.08,1.0
TECH-03,tech_park,2026-05-22 22:00:00,56,55,1,42,4.32,1.1
TECH-03,tech_park,2026-05-22 23:00:00,24,23,1,26,4.37,1.06
TECH-03,tech_park,2026-05-23 00:00:00,18,17,1,26,3.86,1.04
TECH-03,tech_park,2026-05-23 01:00:00,22,21,1,21,4.3,1.0
TECH-03,tech_park,2026-05-23 02:00:00,20,19,1,33,3.09,1.08
TECH-03,tech_park,2026-05-23 03:00:00,18,17,1,21,2.56,1.0
TECH-03,tech_park,2026-05-23 04:00:00,16,15,1,32,3.13,1.01
TECH-03,tech_park,2026-05-23 05:00:00,20,19,1,17,3.96,1.04
TECH-03,tech_park,2026-05-23 06:00:00,30,29,1,30,2.55,1.1
TECH-03,tech_park,2026-05-23 07:00:00,53,52,1,37,4.13,1.1
TECH-03,tech_park,2026-05-23 08:00:00,85,83,2,63,3.34,1.04
TECH-03,tech_park,2026-05-23 09:00:00,83,81,2,73,3.76,1.01
TECH-03,tech_park,2026-05-23 10:00:00,76,74,2,70,3.99,1.07
TECH-03,tech_park,2026-05-23 11:00:00,53,52,1,45,4.55,1.0
TECH-03,tech_park,2026-05-23 12:00:00,36,35,1,38,2.85,1.0
TECH-03,tech_park,2026-05-23 13:00:00,20,19,1,28,3.98,1.0
TECH-03,tech_park,2026-05-23 14:00:00,26,25,1,31,2.0,1.0
TECH-03,tech_park,2026-05-23 15:00:00,22,21,1,21,4.19,1.02
TECH-03,tech_park,2026-05-23 16:00:00,45,44,1,29,3.28,1.04
TECH-03,tech_park,2026-05-23 17:00:00,58,57,1,64,4.31,1.0
TECH-03,tech_park,2026-05-23 18:00:00,78,76,2,79,4.4,1.0
TECH-03,tech_park,2026-05-23 19:00:00,100,98,2,82,4.73,1.02
TECH-03,tech_park,2026-05-23 20:00:00,79,77,2,66,3.24,1.13
TECH-03,tech_park,2026-05-23 21:00:00,62,61,1,65,3.19,1.1
TECH-03,tech_park,2026-05-23 22:00:00,39,38,1,41,3.47,1.0
TECH-03,tech_park,2026-05-23 23:00:00,18,17,1,23,4.51,1.0
TECH-03,tech_park,2026-05-24 00:00:00,13,12,1,33,2.91,1.0
TECH-03,tech_park,2026-05-24 01:00:00,27,26,1,29,4.09,1.01
TECH-03,tech_park,2026-05-24 02:00:00,12,11,1,25,3.12,1.06
TECH-03,tech_park,2026-05-24 03:00:00,16,15,1,17,3.8,1.04
TECH-03,tech_park,2026-05-24 04:00:00,17,16,1,26,3.99,1.04
TECH-03,tech_park,2026-05-24 05:00:00,27,26,1,32,4.22,1.03
TECH-03,tech_park,2026-05-24 06:00:00,24,23,1,25,4.55,1.11
TECH-03,tech_park,2026-05-24 07:00:00,41,40,1,42,2.0,1.02
TECH-03,tech_park,2026-05-24 08:00:00,82,80,2,65,4.51,1.08
TECH-03,tech_park,2026-05-24 09:00:00,95,93,2,67,2.83,1.15
TECH-03,tech_park,2026-05-24 10:00:00,69,67,2,57,2.61,1.04
TECH-03,tech_park,2026-05-24 11:00:00,45,44,1,47,3.38,1.05
TECH-03,tech_park,2026-05-24 12:00:00,30,29,1,24,3.48,1.1
TECH-03,tech_park,2026-05-24 13:00:00,17,16,1,23,2.81,1.02
TECH-03,tech_park,2026-05-24 14:00:00,8,7,1,24,4.16,1.04
TECH-03,tech_park,2026-05-24 15:00:00,20,19,1,31,2.88,1.0
TECH-03,tech_park,2026-05-24 16:00:00,38,37,1,34,3.71,1.0
TECH-03,tech_park,2026-05-24 17:00:00,51,50,1,58,3.53,1.0
TECH-03,tech_park,2026-05-24 18:00:00,91,89,2,62,3.62,1.02
TECH-03,tech_park,2026-05-24 19:00:00,100,98,2,68,3.01,1.04
TECH-03,tech_park,2026-05-24 20:00:00,69,67,2,60,4.2,1.0
TECH-03,tech_park,2026-05-24 21:00:00,58,57,1,62,4.81,1.0
TECH-03,tech_park,2026-05-24 22:00:00,26,25,1,29,2.66,1.01
TECH-03,tech_park,2026-05-24 23:00:00,25,24,1,15,4.12,1.0
TECH-03,tech_park,2026-05-25 00:00:00,14,13,1,29,2.72,1.01
TECH-03,tech_park,2026-05-25 01:00:00,16,15,1,25,4.19,1.0
TECH-03,tech_park,2026-05-25 02:00:00,15,14,1,21,4.14,1.0
TECH-03,tech_park,2026-05-25 03:00:00,12,11,1,22,4.71,1.0
TECH-03,tech_park,2026-05-25 04:00:00,16,15,1,17,4.23,1.0
TECH-03,tech_park,2026-05-25 05:00:00,31,30,1,33,2.41,1.0
TECH-03,tech_park,2026-05-25 06:00:00,27,26,1,27,3.47,1.03
TECH-03,tech_park,2026-05-25 07:00:00,34,33,1,46,4.74,1.0
TECH-03,tech_park,2026-05-25 08:00:00,59,58,1,66,5.0,1.02
TECH-03,tech_park,2026-05-25 09:00:00,89,87,2,77,2.74,1.0
TECH-03,tech_park,2026-05-25 10:00:00,74,72,2,63,3.27,1.0
TECH-03,tech_park,2026-05-25 11:00:00,51,50,1,39,3.94,1.0
TECH-03,tech_park,2026-05-25 12:00:00,29,28,1,30,3.67,1.0
TECH-03,tech_park,2026-05-25 13:00:00,19,18,1,20,4.44,1.01
TECH-03,tech_park,2026-05-25 14:00:00,15,14,1,29,2.27,1.06
TECH-03,tech_park,2026-05-25 15:00:00,18,17,1,28,3.67,1.03
TECH-03,tech_park,2026-05-25 16:00:00,32,31,1,25,3.22,1.0
TECH-03,tech_park,2026-05-25 17:00:00,44,43,1,53,3.24,1.04
TECH-03,tech_park,2026-05-25 18:00:00,58,57,1,65,3.81,1.1
TECH-03,tech_park,2026-05-25 19:00:00,85,83,2,89,3.53,1.0
TECH-03,tech_park,2026-05-25 20:00:00,78,76,2,82,3.24,1.14
TECH-03,tech_park,2026-05-25 21:00:00,47,46,1,63,2.59,1.02
TECH-03,tech_park,2026-05-25 22:00:00,32,31,1,26,2.42,1.0
TECH-03,tech_park,2026-05-25 23:00:00,27,26,1,21,2.79,1.13
TECH-03,tech_park,2026-05-26 00:00:00,25,24,1,20,3.09,1.0
TECH-03,tech_park,2026-05-26 01:00:00,13,12,1,25,3.16,1.0
TECH-03,tech_park,2026-05-26 02:00:00,18,17,1,16,3.68,1.0
TECH-03,tech_park,2026-05-26 03:00:00,13,12,1,19,4.16,1.01
TECH-03,tech_park,2026-05-26 04:00:00,12,11,1,24,5.15,1.06
TECH-03,tech_park,2026-05-26 05:00:00,24,23,1,31,4.52,1.05
TECH-03,tech_park,2026-05-26 06:00:00,35,34,1,21,3.65,1.07
TECH-03,tech_park,2026-05-26 07:00:00,48,47,1,29,2.0,1.04
TECH-03,tech_park,2026-05-26 08:00:00,71,69,2,62,3.39,1.0
TECH-03,tech_park,2026-05-26 09:00:00,83,81,2,85,4.11,1.01
TECH-03,tech_park,2026-05-26 10:00:00,71,69,2,54,3.41,1.0
TECH-03,tech_park,2026-05-26 11:00:00,44,43,1,53,3.81,1.03
TECH-03,tech_park,2026-05-26 12:00:00,35,34,1,32,3.31,1.02
TECH-03,tech_park,2026-05-26 13:00:00,24,23,1,21,4.79,1.01
TECH-03,tech_park,2026-05-26 14:00:00,10,9,1,23,3.28,1.05
TECH-03,tech_park,2026-05-26 15:00:00,28,27,1,30,3.44,1.02
TECH-03,tech_park,2026-05-26 16:00:00,36,35,1,31,2.74,1.03
TECH-03,tech_park,2026-05-26 17:00:00,58,57,1,48,4.33,1.0
TECH-03,tech_park,2026-05-26 18:00:00,68,66,2,66,3.71,1.08
TECH-03,tech_park,2026-05-26 19:00:00,104,102,2,77,3.93,1.0
TECH-03,tech_park,2026-05-26 20:00:00,73,71,2,76,2.0,1.0
TECH-03,tech_park,2026-05-26 21:00:00,57,56,1,56,3.27,1.1
TECH-03,tech_park,2026-05-26 22:00:00,37,36,1,42,2.9,1.17
TECH-03,tech_park,2026-05-26 23:00:00,25,24,1,24,3.13,1.12
TECH-03,tech_park,2026-05-27 00:00:00,19,18,1,21,4.28,1.02
TECH-03,tech_park,2026-05-27 01:00:00,24,23,1,16,4.54,1.0
TECH-03,tech_park,2026-05-27 02:00:00,14,13,1,26,2.63,1.05
TECH-03,tech_park,2026-05-27 03:00:00,18,17,1,19,2.7,1.0
TECH-03,tech_park,2026-05-27 04:00:00,12,11,1,28,4.02,1.04
TECH-03,tech_park,2026-05-27 05:00:00,21,20,1,25,2.9,1.0
TECH-03,tech_park,2026-05-27 06:00:00,19,18,1,34,3.7,1.0
TECH-03,tech_park,2026-05-27 07:00:00,43,42,1,52,3.65,1.02
TECH-03,tech_park,2026-05-27 08:00:00,66,65,1,53,2.7,1.04
TECH-03,tech_park,2026-05-27 09:00:00,74,72,2,73,3.49,1.13
TECH-03,tech_park,2026-05-27 10:00:00,66,65,1,55,3.8,1.0
TECH-03,tech_park,2026-05-27 11:00:00,51,50,1,37,3.66,1.14
TECH-03,tech_park,2026-05-27 12:00:00,26,25,1,34,3.91,1.0
TECH-03,tech_park,2026-05-27 13:00:00,18,17,1,23,3.53,1.03
TECH-03,tech_park,2026-05-27 14:00:00,20,19,1,30,6.15,1.06
TECH-03,tech_park,2026-05-27 15:00:00,19,18,1,26,4.8,1.05
TECH-03,tech_park,2026-05-27 16:00:00,42,41,1,35,3.58,1.11
TECH-03,tech_park,2026-05-27 17:00:00,54,53,1,58,5.44,1.08
TECH-03,tech_park,2026-05-27 18:00:00,91,89,2,73,4.6,1.02
TECH-03,tech_park,2026-05-27 19:00:00,93,91,2,67,4.15,1.04
TECH-03,tech_park,2026-05-27 20:00:00,96,94,2,64,3.68,1.1
TECH-03,tech_park,2026-05-27 21:00:00,54,53,1,48,4.46,1.04
TECH-03,tech_park,2026-05-27 22:00:00,30,29,1,28,3.9,1.01
TECH-03,tech_park,2026-05-27 23:00:00,27,26,1,19,3.84,1.0
TECH-03,tech_park,2026-05-28 00:00:00,9,8,1,14,3.54,1.0
TECH-03,tech_park,2026-05-28 01:00:00,17,16,1,19,3.59,1.14
TECH-03,tech_park,2026-05-28 02:00:00,13,12,1,24,4.48,1.0
TECH-03,tech_park,2026-05-28 03:00:00,13,12,1,19,3.04,1.07
TECH-03,tech_park,2026-05-28 04:00:00,14,13,1,27,4.45,1.0
TECH-03,tech_park,2026-05-28 05:00:00,23,22,1,21,4.79,1.0
TECH-03,tech_park,2026-05-28 06:00:00,27,26,1,26,4.59,1.12
TECH-03,tech_park,2026-05-28 07:00:00,36,35,1,44,3.5,1.0
TECH-03,tech_park,2026-05-28 08:00:00,82,80,2,48,4.6,1.05
TECH-03,tech_park,2026-05-28 09:00:00,78,76,2,60,3.72,1.0
TECH-03,tech_park,2026-05-28 10:00:00,65,64,1,76,4.18,1.01
TECH-03,tech_park,2026-05-28 11:00:00,46,45,1,36,3.42,1.02
TECH-03,tech_park,2026-05-28 12:00:00,26,25,1,32,2.8,1.0
TECH-03,tech_park,2026-05-28 13:00:00,11,10,1,22,2.32,1.0
TECH-03,tech_park,2026-05-28 14:00:00,14,13,1,26,4.12,1.0
TECH-03,tech_park,2026-05-28 15:00:00,34,33,1,22,3.93,1.0
TECH-03,tech_park,2026-05-28 16:00:00,41,40,1,38,3.59,1.04
TECH-03,tech_park,2026-05-28 17:00:00,67,65,2,56,4.36,1.09
TECH-03,tech_park,2026-05-28 18:00:00,81,79,2,60,2.64,1.0
TECH-03,tech_park,2026-05-28 19:00:00,97,95,2,77,3.56,1.0
TECH-03,tech_park,2026-05-28 20:00:00,76,74,2,82,3.61,1.0
TECH-03,tech_park,2026-05-28 21:00:00,45,44,1,59,4.2,1.13
TECH-03,tech_park,2026-05-28 22:00:00,30,29,1,30,2.64,1.02
TECH-03,tech_park,2026-05-28 23:00:00,30,29,1,24,4.14,1.06
TECH-03,tech_park,2026-05-29 00:00:00,16,15,1,27,3.78,1.06
TECH-03,tech_park,2026-05-29 01:00:00,20,19,1,25,3.68,1.07
TECH-03,tech_park,2026-05-29 02:00:00,26,25,1,26,3.06,1.0
TECH-03,tech_park,2026-05-29 03:00:00,19,18,1,25,3.18,1.06
TECH-03,tech_park,2026-05-29 04:00:00,21,20,1,37,3.1,1.03
TECH-03,tech_park,2026-05-29 05:00:00,26,25,1,20,4.07,1.0
TECH-03,tech_park,2026-05-29 06:00:00,34,33,1,42,3.44,1.05
TECH-03,tech_park,2026-05-29 07:00:00,48,47,1,53,3.46,1.02
TECH-03,tech_park,2026-05-29 08:00:00,80,78,2,89,4.59,1.06
TECH-03,tech_park,2026-05-29 09:00:00,86,84,2,85,3.57,1.0
TECH-03,tech_park,2026-05-29 10:00:00,58,57,1,79,4.24,1.1
TECH-03,tech_park,2026-05-29 11:00:00,59,58,1,50,3.31,1.08
TECH-03,tech_park,2026-05-29 12:00:00,38,37,1,29,3.78,1.0
TECH-03,tech_park,2026-05-29 13:00:00,23,22,1,23,2.9,1.0
TECH-03,tech_park,2026-05-29 14:00:00,21,20,1,17,2.79,1.0
TECH-03,tech_park,2026-05-29 15:00:00,23,22,1,37,4.14,1.0
TECH-03,tech_park,2026-05-29 16:00:00,27,26,1,52,3.93,1.11
TECH-03,tech_park,2026-05-29 17:00:00,55,54,1,55,2.97,1.0
TECH-03,tech_park,2026-05-29 18:00:00,83,81,2,65,2.72,1.0
TECH-03,tech_park,2026-05-29 19:00:00,102,100,2,83,4.27,1.0
TECH-03,tech_park,2026-05-29 20:00:00,94,92,2,69,2.7,1.07
TECH-03,tech_park,2026-05-29 21:00:00,43,42,1,51,4.7,1.0
TECH-03,tech_park,2026-05-29 22:00:00,39,38,1,36,3.28,1.01
TECH-03,tech_park,2026-05-29 23:00:00,21,20,1,32,3.53,1.01
TECH-03,tech_park,2026-05-30 00:00:00,17,16,1,25,3.16,1.01
TECH-03,tech_park,2026-05-30 01:00:00,28,27,1,27,2.58,1.05
TECH-03,tech_park,2026-05-30 02:00:00,16,15,1,18,4.23,1.06
TECH-03,tech_park,2026-05-30 03:00:00,15,14,1,36,3.57,1.05
TECH-03,tech_park,2026-05-30 04:00:00,26,25,1,23,4.57,1.02
TECH-03,tech_park,2026-05-30 05:00:00,27,26,1,38,3.03,1.0
TECH-03,tech_park,2026-05-30 06:00:00,24,23,1,38,4.66,1.05
TECH-03,tech_park,2026-05-30 07:00:00,51,50,1,53,3.14,1.04
TECH-03,tech_park,2026-05-30 08:00:00,95,93,2,69,2.86,1.06
TECH-03,tech_park,2026-05-30 09:00:00,104,102,2,73,4.75,1.0
TECH-03,tech_park,2026-05-30 10:00:00,74,72,2,83,3.75,1.11
TECH-03,tech_park,2026-05-30 11:00:00,40,39,1,40,2.28,1.0
TECH-03,tech_park,2026-05-30 12:00:00,33,32,1,34,4.31,1.02
TECH-03,tech_park,2026-05-30 13:00:00,23,22,1,15,4.68,1.02
TECH-03,tech_park,2026-05-30 14:00:00,24,23,1,24,3.73,1.0
TECH-03,tech_park,2026-05-30 15:00:00,21,20,1,32,4.54,1.0
TECH-03,tech_park,2026-05-30 16:00:00,35,34,1,40,3.4,1.0
TECH-03,tech_park,2026-05-30 17:00:00,65,64,1,64,4.2,1.02
TECH-03,tech_park,2026-05-30 18:00:00,83,81,2,76,4.82,1.0
TECH-03,tech_park,2026-05-30 19:00:00,89,87,2,98,4.64,1.01
TECH-03,tech_park,2026-05-30 20:00:00,69,67,2,79,3.78,1.0
TECH-03,tech_park,2026-05-30 21:00:00,55,54,1,58,5.79,1.09
TECH-03,tech_park,2026-05-30 22:00:00,45,44,1,58,4.52,1.03
TECH-03,tech_park,2026-05-30 23:00:00,21,20,1,29,3.48,1.03
TECH-03,tech_park,2026-05-31 00:00:00,27,26,1,20,4.09,1.09
TECH-03,tech_park,2026-05-31 01:00:00,20,19,1,16,3.54,1.11
TECH-03,tech_park,2026-05-31 02:00:00,19,18,1,17,5.03,1.09
TECH-03,tech_park,2026-05-31 03:00:00,20,19,1,21,3.67,1.0
TECH-03,tech_park,2026-05-31 04:00:00,25,24,1,21,3.77,1.0
TECH-03,tech_park,2026-05-31 05:00:00,17,16,1,30,2.68,1.04
TECH-03,tech_park,2026-05-31 06:00:00,25,24,1,23,4.39,1.03
TECH-03,tech_park,2026-05-31 07:00:00,49,48,1,37,4.23,1.06
TECH-03,tech_park,2026-05-31 08:00:00,83,81,2,70,3.25,1.0
TECH-03,tech_park,2026-05-31 09:00:00,84,82,2,64,5.14,1.02
TECH-03,tech_park,2026-05-31 10:00:00,64,63,1,65,3.76,1.05
TECH-03,tech_park,2026-05-31 11:00:00,43,42,1,45,3.63,1.02
TECH-03,tech_park,2026-05-31 12:00:00,29,28,1,29,3.01,1.01
TECH-03,tech_park,2026-05-31 13:00:00,17,16,1,26,3.56,1.02
TECH-03,tech_park,2026-05-31 14:00:00,15,14,1,23,4.83,1.04
TECH-03,tech_park,2026-05-31 15:00:00,23,22,1,36,3.72,1.05
TECH-03,tech_park,2026-05-31 16:00:00,36,35,1,36,4.09,1.0
TECH-03,tech_park,2026-05-31 17:00:00,62,61,1,37,3.14,1.0
TECH-03,tech_park,2026-05-31 18:00:00,92,90,2,80,3.61,1.0
TECH-03,tech_park,2026-05-31 19:00:00,70,68,2,66,3.21,1.03
TECH-03,tech_park,2026-05-31 20:00:00,68,66,2,64,3.28,1.06
TECH-03,tech_park,2026-05-31 21:00:00,52,51,1,52,5.22,1.0
TECH-03,tech_park,2026-05-31 22:00:00,18,17,1,37,3.31,1.06
TECH-03,tech_park,2026-05-31 23:00:00,20,19,1,32,3.7,1.01
TECH-03,tech_park,2026-06-01 00:00:00,18,17,1,22,4.01,1.0
TECH-03,tech_park,2026-06-01 01:00:00,14,13,1,19,3.95,1.01
TECH-03,tech_park,2026-06-01 02:00:00,14,13,1,16,3.51,1.06
TECH-03,tech_park,2026-06-01 03:00:00,25,24,1,17,3.93,1.16
TECH-03,tech_park,2026-06-01 04:00:00,9,8,1,27,3.97,1.05
TECH-03,tech_park,2026-06-01 05:00:00,19,18,1,21,4.16,1.0
TECH-03,tech_park,2026-06-01 06:00:00,27,26,1,20,2.25,1.05
TECH-03,tech_park,2026-06-01 07:00:00,45,44,1,30,4.34,1.0
TECH-03,tech_park,2026-06-01 08:00:00,64,63,1,61,3.1,1.07
TECH-03,tech_park,2026-06-01 09:00:00,102,100,2,79,3.26,1.0
TECH-03,tech_park,2026-06-01 10:00:00,85,83,2,56,3.28,1.08
TECH-03,tech_park,2026-06-01 11:00:00,41,40,1,54,3.81,1.05
TECH-03,tech_park,2026-06-01 12:00:00,30,29,1,27,3.87,1.02
TECH-03,tech_park,2026-06-01 13:00:00,22,21,1,30,4.32,1.03
TECH-03,tech_park,2026-06-01 14:00:00,19,18,1,26,4.47,1.1
TECH-03,tech_park,2026-06-01 15:00:00,17,16,1,28,4.46,1.01
TECH-03,tech_park,2026-06-01 16:00:00,32,31,1,29,2.87,1.13
TECH-03,tech_park,2026-06-01 17:00:00,63,62,1,46,3.77,1.09
TECH-03,tech_park,2026-06-01 18:00:00,70,68,2,66,3.44,1.12
TECH-03,tech_park,2026-06-01 19:00:00,75,73,2,73,2.66,1.04
TECH-03,tech_park,2026-06-01 20:00:00,94,92,2,75,2.34,1.05
TECH-03,tech_park,2026-06-01 21:00:00,53,52,1,43,4.48,1.04
TECH-03,tech_park,2026-06-01 22:00:00,40,39,1,45,4.67,1.03
TECH-03,tech_park,2026-06-01 23:00:00,22,21,1,25,3.26,1.07
TECH-03,tech_park,2026-06-02 00:00:00,13,12,1,17,4.68,1.0
TECH-03,tech_park,2026-06-02 01:00:00,13,12,1,20,3.52,1.0
TECH-03,tech_park,2026-06-02 02:00:00,18,17,1,22,4.83,1.1
TECH-03,tech_park,2026-06-02 03:00:00,13,12,1,14,4.62,1.06
TECH-03,tech_park,2026-06-02 04:00:00,17,16,1,23,4.97,1.0
TECH-03,tech_park,2026-06-02 05:00:00,24,23,1,23,3.39,1.0
TECH-03,tech_park,2026-06-02 06:00:00,24,23,1,25,2.36,1.07
TECH-03,tech_park,2026-06-02 07:00:00,40,39,1,37,2.92,1.09
TECH-03,tech_park,2026-06-02 08:00:00,77,75,2,56,2.1,1.03
TECH-03,tech_park,2026-06-02 09:00:00,87,85,2,62,3.38,1.07
TECH-03,tech_park,2026-06-02 10:00:00,71,69,2,51,5.35,1.05
TECH-03,tech_park,2026-06-02 11:00:00,51,50,1,38,3.63,1.0
TECH-03,tech_park,2026-06-02 12:00:00,27,26,1,31,3.8,1.04
TECH-03,tech_park,2026-06-02 13:00:00,20,19,1,24,3.05,1.08
TECH-03,tech_park,2026-06-02 14:00:00,16,15,1,35,2.95,1.0
TECH-03,tech_park,2026-06-02 15:00:00,22,21,1,30,4.01,1.03
TECH-03,tech_park,2026-06-02 16:00:00,33,32,1,35,4.19,1.02
TECH-03,tech_park,2026-06-02 17:00:00,62,61,1,56,3.67,1.01
TECH-03,tech_park,2026-06-02 18:00:00,69,67,2,59,3.37,1.1
TECH-03,tech_park,2026-06-02 19:00:00,75,73,2,84,4.48,1.02
TECH-03,tech_park,2026-06-02 20:00:00,84,82,2,59,5.11,1.03
TECH-03,tech_park,2026-06-02 21:00:00,53,52,1,45,5.01,1.05
TECH-03,tech_park,2026-06-02 22:00:00,37,36,1,32,4.24,1.02
TECH-03,tech_park,2026-06-02 23:00:00,28,27,1,17,3.65,1.07
TECH-03,tech_park,2026-06-03 00:00:00,14,13,1,21,4.17,1.09
TECH-03,tech_park,2026-06-03 01:00:00,16,15,1,14,3.77,1.08
TECH-03,tech_park,2026-06-03 02:00:00,13,12,1,37,5.56,1.0
TECH-03,tech_park,2026-06-03 03:00:00,18,17,1,25,3.78,1.0
TECH-03,tech_park,2026-06-03 04:00:00,14,13,1,28,2.84,1.0
TECH-03,tech_park,2026-06-03 05:00:00,10,9,1,28,3.29,1.0
TECH-03,tech_park,2026-06-03 06:00:00,32,31,1,37,4.22,1.0
TECH-03,tech_park,2026-06-03 07:00:00,43,42,1,43,2.73,1.06
TECH-03,tech_park,2026-06-03 08:00:00,68,66,2,51,4.85,1.02
TECH-03,tech_park,2026-06-03 09:00:00,80,78,2,68,2.58,1.01
TECH-03,tech_park,2026-06-03 10:00:00,55,54,1,63,3.58,1.06
TECH-03,tech_park,2026-06-03 11:00:00,51,50,1,36,3.94,1.03
TECH-03,tech_park,2026-06-03 12:00:00,33,32,1,28,2.58,1.0
TECH-03,tech_park,2026-06-03 13:00:00,14,13,1,23,3.04,1.03
TECH-03,tech_park,2026-06-03 14:00:00,21,20,1,18,3.45,1.0
TECH-03,tech_park,2026-06-03 15:00:00,16,15,1,31,4.53,1.23
TECH-03,tech_park,2026-06-03 16:00:00,34,33,1,32,4.14,1.0
TECH-03,tech_park,2026-06-03 17:00:00,57,56,1,58,4.27,1.0
TECH-03,tech_park,2026-06-03 18:00:00,85,83,2,79,2.95,1.05
TECH-03,tech_park,2026-06-03 19:00:00,84,82,2,86,4.2,1.09
TECH-03,tech_park,2026-06-03 20:00:00,67,65,2,53,3.88,1.04
TECH-03,tech_park,2026-06-03 21:00:00,47,46,1,55,2.83,1.06
TECH-03,tech_park,2026-06-03 22:00:00,25,24,1,36,3.67,1.0
TECH-03,tech_park,2026-06-03 23:00:00,26,25,1,31,3.86,1.0
TECH-03,tech_park,2026-06-04 00:00:00,17,16,1,20,3.68,1.06
TECH-03,tech_park,2026-06-04 01:00:00,13,12,1,25,2.16,1.01
TECH-03,tech_park,2026-06-04 02:00:00,18,17,1,31,3.67,1.06
TECH-03,tech_park,2026-06-04 03:00:00,17,16,1,26,3.97,1.03
TECH-03,tech_park,2026-06-04 04:00:00,19,18,1,27,2.91,1.0
TECH-03,tech_park,2026-06-04 05:00:00,15,14,1,20,3.95,1.09
TECH-03,tech_park,2026-06-04 06:00:00,22,21,1,29,2.66,1.02
TECH-03,tech_park,2026-06-04 07:00:00,40,39,1,41,3.0,1.0
TECH-03,tech_park,2026-06-04 08:00:00,66,65,1,68,2.67,1.11
TECH-03,tech_park,2026-06-04 09:00:00,71,69,2,74,4.04,1.01
TECH-03,tech_park,2026-06-04 10:00:00,61,60,1,64,2.85,1.0
TECH-03,tech_park,2026-06-04 11:00:00,43,42,1,38,3.57,1.01
TECH-03,tech_park,2026-06-04 12:00:00,30,29,1,35,5.2,1.0
TECH-03,tech_park,2026-06-04 13:00:00,27,26,1,34,3.87,1.09
TECH-03,tech_park,2026-06-04 14:00:00,21,20,1,25,3.97,1.03
TECH-03,tech_park,2026-06-04 15:00:00,25,24,1,33,2.44,1.1
TECH-03,tech_park,2026-06-04 16:00:00,30,29,1,35,4.26,1.0
TECH-03,tech_park,2026-06-04 17:00:00,42,41,1,62,3.31,1.09
TECH-03,tech_park,2026-06-04 18:00:00,71,69,2,60,5.11,1.04
TECH-03,tech_park,2026-06-04 19:00:00,81,79,2,82,2.67,1.03
TECH-03,tech_park,2026-06-04 20:00:00,86,84,2,73,3.39,1.08
TECH-03,tech_park,2026-06-04 21:00:00,58,57,1,54,3.0,1.0
TECH-03,tech_park,2026-06-04 22:00:00,25,24,1,28,4.47,1.0
TECH-03,tech_park,2026-06-04 23:00:00,25,24,1,20,2.88,1.0
TECH-03,tech_park,2026-06-05 00:00:00,19,18,1,17,3.81,1.0
TECH-03,tech_park,2026-06-05 01:00:00,18,17,1,28,4.47,1.05
TECH-03,tech_park,2026-06-05 02:00:00,21,20,1,29,4.62,1.01
TECH-03,tech_park,2026-06-05 03:00:00,24,23,1,31,2.2,1.0
TECH-03,tech_park,2026-06-05 04:00:00,19,18,1,29,3.17,1.0
TECH-03,tech_park,2026-06-05 05:00:00,28,27,1,30,5.19,1.0
TECH-03,tech_park,2026-06-05 06:00:00,28,27,1,39,4.51,1.0
TECH-03,tech_park,2026-06-05 07:00:00,41,40,1,59,4.07,1.07
TECH-03,tech_park,2026-06-05 08:00:00,85,83,2,85,3.42,1.03
TECH-03,tech_park,2026-06-05 09:00:00,98,96,2,78,4.24,1.06
TECH-03,tech_park,2026-06-05 10:00:00,80,78,2,61,2.98,1.04
TECH-03,tech_park,2026-06-05 11:00:00,50,49,1,55,3.6,1.18
TECH-03,tech_park,2026-06-05 12:00:00,22,21,1,31,2.8,1.04
TECH-03,tech_park,2026-06-05 13:00:00,25,24,1,27,2.92,1.04
TECH-03,tech_park,2026-06-05 14:00:00,19,18,1,28,2.93,1.08
TECH-03,tech_park,2026-06-05 15:00:00,31,30,1,23,3.2,1.13
TECH-03,tech_park,2026-06-05 16:00:00,37,36,1,37,3.6,1.15
TECH-03,tech_park,2026-06-05 17:00:00,73,71,2,64,4.71,1.08
TECH-03,tech_park,2026-06-05 18:00:00,95,93,2,74,4.62,1.05
TECH-03,tech_park,2026-06-05 19:00:00,96,94,2,79,3.23,1.0
TECH-03,tech_park,2026-06-05 20:00:00,91,89,2,87,3.25,1.05
TECH-03,tech_park,2026-06-05 21:00:00,55,54,1,55,3.71,1.05
TECH-03,tech_park,2026-06-05 22:00:00,28,27,1,43,4.31,1.0
TECH-03,tech_park,2026-06-05 23:00:00,22,21,1,18,4.42,1.02
TECH-03,tech_park,2026-06-06 00:00:00,18,17,1,29,3.45,1.1
TECH-03,tech_park,2026-06-06 01:00:00,18,17,1,25,3.78,1.09
TECH-03,tech_park,2026-06-06 02:00:00,13,12,1,32,4.06,1.02
TECH-03,tech_park,2026-06-06 03:00:00,21,20,1,32,2.59,1.01
TECH-03,tech_park,2026-06-06 04:00:00,20,19,1,33,3.25,1.04
TECH-03,tech_park,2026-06-06 05:00:00,19,18,1,31,5.26,1.0
TECH-03,tech_park,2026-06-06 06:00:00,21,20,1,34,3.49,1.0
TECH-03,tech_park,2026-06-06 07:00:00,47,46,1,45,4.07,1.09
TECH-03,tech_park,2026-06-06 08:00:00,85,83,2,68,2.79,1.13
TECH-03,tech_park,2026-06-06 09:00:00,75,73,2,86,2.0,1.02
TECH-03,tech_park,2026-06-06 10:00:00,66,65,1,81,5.59,1.04
TECH-03,tech_park,2026-06-06 11:00:00,35,34,1,48,3.96,1.0
TECH-03,tech_park,2026-06-06 12:00:00,36,35,1,21,4.14,1.03
TECH-03,tech_park,2026-06-06 13:00:00,28,27,1,27,3.46,1.03
TECH-03,tech_park,2026-06-06 14:00:00,13,12,1,24,2.42,1.0
TECH-03,tech_park,2026-06-06 15:00:00,22,21,1,29,4.13,1.14
TECH-03,tech_park,2026-06-06 16:00:00,38,37,1,46,3.47,1.2
TECH-03,tech_park,2026-06-06 17:00:00,64,63,1,54,3.09,1.09
TECH-03,tech_park,2026-06-06 18:00:00,84,82,2,66,3.48,1.0
TECH-03,tech_park,2026-06-06 19:00:00,92,90,2,97,2.92,1.0
TECH-03,tech_park,2026-06-06 20:00:00,73,71,2,72,4.42,1.05
TECH-03,tech_park,2026-06-06 21:00:00,61,60,1,53,3.33,1.06
TECH-03,tech_park,2026-06-06 22:00:00,38,37,1,36,3.72,1.06
TECH-03,tech_park,2026-06-06 23:00:00,24,23,1,37,3.81,1.0
TECH-03,tech_park,2026-06-07 00:00:00,12,11,1,28,3.55,1.0
TECH-03,tech_park,2026-06-07 01:00:00,13,12,1,18,2.31,1.0
TECH-03,tech_park,2026-06-07 02:00:00,13,12,1,29,2.82,1.01
TECH-03,tech_park,2026-06-07 03:00:00,16,15,1,11,3.16,1.01
TECH-03,tech_park,2026-06-07 04:00:00,19,18,1,31,3.28,1.08
TECH-03,tech_park,2026-06-07 05:00:00,20,19,1,23,4.05,1.07
TECH-03,tech_park,2026-06-07 06:00:00,20,19,1,35,2.71,1.1
TECH-03,tech_park,2026-06-07 07:00:00,56,55,1,38,3.55,1.08
TECH-03,tech_park,2026-06-07 08:00:00,62,61,1,64,3.2,1.02
TECH-03,tech_park,2026-06-07 09:00:00,70,68,2,62,3.17,1.09
TECH-03,tech_park,2026-06-07 10:00:00,65,64,1,72,3.53,1.04
TECH-03,tech_park,2026-06-07 11:00:00,39,38,1,40,2.9,1.04
TECH-03,tech_park,2026-06-07 12:00:00,35,34,1,25,4.61,1.0
TECH-03,tech_park,2026-06-07 13:00:00,17,16,1,30,4.56,1.06
TECH-03,tech_park,2026-06-07 14:00:00,23,22,1,31,4.07,1.13
TECH-03,tech_park,2026-06-07 15:00:00,25,24,1,29,3.82,1.14
TECH-03,tech_park,2026-06-07 16:00:00,30,29,1,30,4.18,1.0
TECH-03,tech_park,2026-06-07 17:00:00,47,46,1,54,5.24,1.07
TECH-03,tech_park,2026-06-07 18:00:00,79,77,2,75,2.6,1.0
TECH-03,tech_park,2026-06-07 19:00:00,77,75,2,79,3.38,1.06
TECH-03,tech_park,2026-06-07 20:00:00,85,83,2,71,3.86,1.02
TECH-03,tech_park,2026-06-07 21:00:00,63,62,1,48,2.94,1.05
TECH-03,tech_park,2026-06-07 22:00:00,36,35,1,42,3.45,1.05
TECH-03,tech_park,2026-06-07 23:00:00,20,19,1,26,3.99,1.03
TECH-03,tech_park,2026-06-08 00:00:00,30,29,1,20,4.67,1.02
TECH-03,tech_park,2026-06-08 01:00:00,19,18,1,27,4.43,1.07
TECH-03,tech_park,2026-06-08 02:00:00,24,23,1,17,2.56,1.0
TECH-03,tech_park,2026-06-08 03:00:00,12,11,1,18,2.67,1.07
TECH-03,tech_park,2026-06-08 04:00:00,18,17,1,16,3.28,1.05
TECH-03,tech_park,2026-06-08 05:00:00,18,17,1,16,4.31,1.12
TECH-03,tech_park,2026-06-08 06:00:00,17,16,1,25,2.92,1.0
TECH-03,tech_park,2026-06-08 07:00:00,52,50,2,31,3.05,1.01
TECH-03,tech_park,2026-06-08 08:00:00,69,67,2,69,2.72,1.0
TECH-03,tech_park,2026-06-08 09:00:00,61,60,1,66,2.88,1.05
TECH-03,tech_park,2026-06-08 10:00:00,75,73,2,51,3.75,1.0
TECH-03,tech_park,2026-06-08 11:00:00,42,41,1,46,2.88,1.0
TECH-03,tech_park,2026-06-08 12:00:00,42,41,1,35,4.21,1.06
TECH-03,tech_park,2026-06-08 13:00:00,19,18,1,20,3.27,1.01
TECH-03,tech_park,2026-06-08 14:00:00,15,14,1,24,3.5,1.0
TECH-03,tech_park,2026-06-08 15:00:00,26,25,1,23,5.12,1.03
TECH-03,tech_park,2026-06-08 16:00:00,26,25,1,34,4.37,1.05
TECH-03,tech_park,2026-06-08 17:00:00,44,43,1,51,2.62,1.0
TECH-03,tech_park,2026-06-08 18:00:00,72,70,2,64,4.82,1.03
TECH-03,tech_park,2026-06-08 19:00:00,84,82,2,71,2.89,1.0
TECH-03,tech_park,2026-06-08 20:00:00,84,82,2,60,3.36,1.09
TECH-03,tech_park,2026-06-08 21:00:00,49,48,1,50,4.24,1.08
TECH-03,tech_park,2026-06-08 22:00:00,28,27,1,34,2.63,1.05
TECH-03,tech_park,2026-06-08 23:00:00,32,31,1,26,3.3,1.03
TECH-03,tech_park,2026-06-09 00:00:00,12,11,1,20,4.36,1.0
TECH-03,tech_park,2026-06-09 01:00:00,12,11,1,20,2.88,1.07
TECH-03,tech_park,2026-06-09 02:00:00,16,15,1,24,3.65,1.0
TECH-03,tech_park,2026-06-09 03:00:00,16,15,1,24,4.23,1.0
TECH-03,tech_park,2026-06-09 04:00:00,18,17,1,19,3.42,1.0
TECH-03,tech_park,2026-06-09 05:00:00,23,22,1,28,2.81,1.1
TECH-03,tech_park,2026-06-09 06:00:00,36,35,1,30,3.28,1.0
TECH-03,tech_park,2026-06-09 07:00:00,47,46,1,48,4.62,1.03
TECH-03,tech_park,2026-06-09 08:00:00,67,65,2,70,4.36,1.08
TECH-03,tech_park,2026-06-09 09:00:00,97,95,2,68,4.34,1.0
TECH-03,tech_park,2026-06-09 10:00:00,71,69,2,61,3.8,1.05
TECH-03,tech_park,2026-06-09 11:00:00,30,29,1,43,3.56,1.05
TECH-03,tech_park,2026-06-09 12:00:00,29,28,1,32,3.49,1.1
TECH-03,tech_park,2026-06-09 13:00:00,20,19,1,32,3.97,1.07
TECH-03,tech_park,2026-06-09 14:00:00,18,17,1,22,2.77,1.0
TECH-03,tech_park,2026-06-09 15:00:00,22,21,1,33,2.58,1.21
TECH-03,tech_park,2026-06-09 16:00:00,35,34,1,47,2.66,1.05
TECH-03,tech_park,2026-06-09 17:00:00,60,59,1,59,4.08,1.0
TECH-03,tech_park,2026-06-09 18:00:00,89,87,2,76,3.01,1.0
TECH-03,tech_park,2026-06-09 19:00:00,82,80,2,82,4.38,1.09
TECH-03,tech_park,2026-06-09 20:00:00,96,83,13,55,5.15,1.25
TECH-03,tech_park,2026-06-09 21:00:00,58,57,1,60,3.59,1.16
TECH-03,tech_park,2026-06-09 22:00:00,26,25,1,25,4.45,1.07
TECH-03,tech_park,2026-06-09 23:00:00,15,14,1,37,3.15,1.0
TECH-03,tech_park,2026-06-10 00:00:00,16,15,1,28,4.08,1.0
TECH-03,tech_park,2026-06-10 01:00:00,18,17,1,28,3.92,1.0
TECH-03,tech_park,2026-06-10 02:00:00,15,14,1,26,3.8,1.04
TECH-03,tech_park,2026-06-10 03:00:00,19,18,1,18,2.39,1.0
TECH-03,tech_park,2026-06-10 04:00:00,23,22,1,18,3.02,1.0
TECH-03,tech_park,2026-06-10 05:00:00,17,16,1,15,3.63,1.02
TECH-03,tech_park,2026-06-10 06:00:00,26,25,1,35,3.45,1.06
TECH-03,tech_park,2026-06-10 07:00:00,39,38,1,54,2.12,1.08
TECH-03,tech_park,2026-06-10 08:00:00,66,65,1,46,3.54,1.01
TECH-03,tech_park,2026-06-10 09:00:00,92,90,2,70,3.97,1.0
TECH-03,tech_park,2026-06-10 10:00:00,56,55,1,69,3.22,1.04
TECH-03,tech_park,2026-06-10 11:00:00,44,43,1,43,3.82,1.0
TECH-03,tech_park,2026-06-10 12:00:00,18,17,1,28,4.31,1.05
TECH-03,tech_park,2026-06-10 13:00:00,19,18,1,22,4.06,1.07
TECH-03,tech_park,2026-06-10 14:00:00,20,19,1,22,3.71,1.0
TECH-03,tech_park,2026-06-10 15:00:00,24,23,1,27,4.09,1.05
TECH-03,tech_park,2026-06-10 16:00:00,30,29,1,38,5.52,1.09
TECH-03,tech_park,2026-06-10 17:00:00,69,67,2,57,4.52,1.0
TECH-03,tech_park,2026-06-10 18:00:00,94,92,2,73,2.7,1.07
TECH-03,tech_park,2026-06-10 19:00:00,79,77,2,68,3.27,1.02
TECH-03,tech_park,2026-06-10 20:00:00,83,81,2,69,3.7,1.02
TECH-03,tech_park,2026-06-10 21:00:00,47,46,1,40,3.46,1.04
TECH-03,tech_park,2026-06-10 22:00:00,42,41,1,37,4.25,1.0
TECH-03,tech_park,2026-06-10 23:00:00,28,27,1,28,4.59,1.0
TECH-03,tech_park,2026-06-11 00:00:00,13,12,1,23,2.38,1.07
TECH-03,tech_park,2026-06-11 01:00:00,17,16,1,31,3.52,1.0
TECH-03,tech_park,2026-06-11 02:00:00,18,17,1,22,4.76,1.12
TECH-03,tech_park,2026-06-11 03:00:00,15,14,1,23,3.8,1.0
TECH-03,tech_park,2026-06-11 04:00:00,22,21,1,28,3.68,1.0
TECH-03,tech_park,2026-06-11 05:00:00,23,22,1,24,4.2,1.0
TECH-03,tech_park,2026-06-11 06:00:00,29,28,1,26,3.63,1.13
TECH-03,tech_park,2026-06-11 07:00:00,49,48,1,34,4.01,1.03
TECH-03,tech_park,2026-06-11 08:00:00,65,64,1,43,3.81,1.0
TECH-03,tech_park,2026-06-11 09:00:00,67,65,2,61,2.07,1.03
TECH-03,tech_park,2026-06-11 10:00:00,70,68,2,57,3.97,1.07
TECH-03,tech_park,2026-06-11 11:00:00,50,49,1,39,3.4,1.0
TECH-03,tech_park,2026-06-11 12:00:00,27,26,1,28,3.76,1.06
TECH-03,tech_park,2026-06-11 13:00:00,12,11,1,23,3.52,1.02
TECH-03,tech_park,2026-06-11 14:00:00,17,16,1,17,4.08,1.04
TECH-03,tech_park,2026-06-11 15:00:00,23,22,1,28,4.41,1.0
TECH-03,tech_park,2026-06-11 16:00:00,35,34,1,32,2.29,1.0
TECH-03,tech_park,2026-06-11 17:00:00,59,58,1,41,3.09,1.11
TECH-03,tech_park,2026-06-11 18:00:00,77,75,2,82,5.5,1.03
TECH-03,tech_park,2026-06-11 19:00:00,108,106,2,70,3.11,1.04
TECH-03,tech_park,2026-06-11 20:00:00,78,76,2,63,2.84,1.03
TECH-03,tech_park,2026-06-11 21:00:00,56,55,1,44,4.89,1.0
TECH-03,tech_park,2026-06-11 22:00:00,26,25,1,26,4.49,1.0
TECH-03,tech_park,2026-06-11 23:00:00,25,24,1,27,4.71,1.0
TECH-03,tech_park,2026-06-12 00:00:00,27,26,1,23,3.13,1.02
TECH-03,tech_park,2026-06-12 01:00:00,15,14,1,32,2.69,1.0
TECH-03,tech_park,2026-06-12 02:00:00,21,20,1,25,2.62,1.02
TECH-03,tech_park,2026-06-12 03:00:00,18,17,1,24,4.22,1.0
TECH-03,tech_park,2026-06-12 04:00:00,13,12,1,32,3.62,1.1
TECH-03,tech_park,2026-06-12 05:00:00,16,15,1,28,3.03,1.18
TECH-03,tech_park,2026-06-12 06:00:00,26,25,1,30,4.36,1.0
TECH-03,tech_park,2026-06-12 07:00:00,65,64,1,47,2.31,1.0
TECH-03,tech_park,2026-06-12 08:00:00,86,84,2,53,3.32,1.05
TECH-03,tech_park,2026-06-12 09:00:00,80,78,2,77,2.96,1.0
TECH-03,tech_park,2026-06-12 10:00:00,88,86,2,67,3.23,1.16
TECH-03,tech_park,2026-06-12 11:00:00,47,46,1,44,3.15,1.0
TECH-03,tech_park,2026-06-12 12:00:00,36,35,1,32,3.75,1.0
TECH-03,tech_park,2026-06-12 13:00:00,14,13,1,25,3.45,1.0
TECH-03,tech_park,2026-06-12 14:00:00,23,22,1,32,4.6,1.0
TECH-03,tech_park,2026-06-12 15:00:00,27,26,1,18,3.92,1.0
TECH-03,tech_park,2026-06-12 16:00:00,43,42,1,34,3.66,1.12
TECH-03,tech_park,2026-06-12 17:00:00,60,59,1,65,4.67,1.09
TECH-03,tech_park,2026-06-12 18:00:00,89,87,2,61,3.13,1.08
TECH-03,tech_park,2026-06-12 19:00:00,90,88,2,78,3.65,1.11
TECH-03,tech_park,2026-06-12 20:00:00,103,101,2,83,3.65,1.05
TECH-03,tech_park,2026-06-12 21:00:00,71,69,2,57,4.65,1.1
TECH-03,tech_park,2026-06-12 22:00:00,40,39,1,34,3.53,1.03
TECH-03,tech_park,2026-06-12 23:00:00,22,21,1,31,3.82,1.06
TECH-03,tech_park,2026-06-13 00:00:00,19,18,1,34,3.45,1.05
TECH-03,tech_park,2026-06-13 01:00:00,18,17,1,23,3.04,1.0
TECH-03,tech_park,2026-06-13 02:00:00,20,19,1,35,2.61,1.0
TECH-03,tech_park,2026-06-13 03:00:00,18,17,1,26,2.0,1.02
TECH-03,tech_park,2026-06-13 04:00:00,12,11,1,20,3.5,1.04
TECH-03,tech_park,2026-06-13 05:00:00,18,17,1,31,2.87,1.02
TECH-03,tech_park,2026-06-13 06:00:00,27,26,1,35,2.0,1.0
TECH-03,tech_park,2026-06-13 07:00:00,57,56,1,50,3.97,1.06
TECH-03,tech_park,2026-06-13 08:00:00,68,66,2,90,4.41,1.0
TECH-03,tech_park,2026-06-13 09:00:00,100,98,2,77,2.34,1.0
TECH-03,tech_park,2026-06-13 10:00:00,72,70,2,62,3.17,1.14
TECH-03,tech_park,2026-06-13 11:00:00,52,51,1,53,2.87,1.01
TECH-03,tech_park,2026-06-13 12:00:00,35,34,1,33,3.12,1.12
TECH-03,tech_park,2026-06-13 13:00:00,22,21,1,28,5.49,1.08
TECH-03,tech_park,2026-06-13 14:00:00,22,21,1,31,4.46,1.12
TECH-03,tech_park,2026-06-13 15:00:00,25,24,1,41,2.71,1.14
TECH-03,tech_park,2026-06-13 16:00:00,43,42,1,36,2.83,1.0
TECH-03,tech_park,2026-06-13 17:00:00,59,58,1,56,2.77,1.06
TECH-03,tech_park,2026-06-13 18:00:00,74,72,2,81,2.45,1.08
TECH-03,tech_park,2026-06-13 19:00:00,113,111,2,94,3.31,1.11
TECH-03,tech_park,2026-06-13 20:00:00,94,92,2,69,3.97,1.04
TECH-03,tech_park,2026-06-13 21:00:00,54,53,1,71,4.06,1.11
TECH-03,tech_park,2026-06-13 22:00:00,40,39,1,40,2.83,1.05
TECH-03,tech_park,2026-06-13 23:00:00,34,33,1,29,4.16,1.09
TECH-03,tech_park,2026-06-14 00:00:00,17,16,1,19,4.12,1.12
TECH-03,tech_park,2026-06-14 01:00:00,19,18,1,24,4.42,1.07
TECH-03,tech_park,2026-06-14 02:00:00,21,20,1,28,3.55,1.12
TECH-03,tech_park,2026-06-14 03:00:00,14,13,1,24,3.76,1.06
TECH-03,tech_park,2026-06-14 04:00:00,19,18,1,16,5.0,1.0
TECH-03,tech_park,2026-06-14 05:00:00,18,17,1,22,3.79,1.02
TECH-03,tech_park,2026-06-14 06:00:00,41,40,1,30,4.73,1.0
TECH-03,tech_park,2026-06-14 07:00:00,42,41,1,41,3.15,1.0
TECH-03,tech_park,2026-06-14 08:00:00,70,68,2,65,4.04,1.02
TECH-03,tech_park,2026-06-14 09:00:00,87,85,2,62,4.12,1.05
TECH-03,tech_park,2026-06-14 10:00:00,78,76,2,72,2.82,1.0
TECH-03,tech_park,2026-06-14 11:00:00,39,38,1,42,4.5,1.01
TECH-03,tech_park,2026-06-14 12:00:00,30,29,1,30,4.29,1.0
TECH-03,tech_park,2026-06-14 13:00:00,21,20,1,24,4.21,1.03
TECH-03,tech_park,2026-06-14 14:00:00,20,19,1,19,3.74,1.0
TECH-03,tech_park,2026-06-14 15:00:00,20,19,1,27,5.36,1.0
TECH-03,tech_park,2026-06-14 16:00:00,38,37,1,30,4.59,1.01
TECH-03,tech_park,2026-06-14 17:00:00,65,64,1,49,3.53,1.08
TECH-03,tech_park,2026-06-14 18:00:00,85,83,2,59,3.43,1.0
TECH-03,tech_park,2026-06-14 19:00:00,104,102,2,76,3.51,1.01
TECH-03,tech_park,2026-06-14 20:00:00,72,70,2,59,2.57,1.0
TECH-03,tech_park,2026-06-14 21:00:00,45,44,1,66,4.05,1.0
TECH-03,tech_park,2026-06-14 22:00:00,35,34,1,39,3.19,1.09
TECH-03,tech_park,2026-06-14 23:00:00,18,17,1,26,3.15,1.0
TECH-03,tech_park,2026-06-15 00:00:00,18,17,1,18,2.61,1.0
TECH-03,tech_park,2026-06-15 01:00:00,19,18,1,23,3.02,1.0
TECH-03,tech_park,2026-06-15 02:00:00,12,11,1,25,3.09,1.15
TECH-03,tech_park,2026-06-15 03:00:00,20,19,1,28,4.73,1.0
TECH-03,tech_park,2026-06-15 04:00:00,21,20,1,20,3.59,1.0
TECH-03,tech_park,2026-06-15 05:00:00,23,22,1,25,3.97,1.03
TECH-03,tech_park,2026-06-15 06:00:00,18,17,1,18,2.37,1.14
TECH-03,tech_park,2026-06-15 07:00:00,48,47,1,38,4.22,1.07
TECH-03,tech_park,2026-06-15 08:00:00,59,58,1,76,3.38,1.0
TECH-03,tech_park,2026-06-15 09:00:00,75,73,2,54,4.07,1.0
TECH-03,tech_park,2026-06-15 10:00:00,86,84,2,58,3.59,1.0
TECH-03,tech_park,2026-06-15 11:00:00,37,36,1,35,3.93,1.0
TECH-03,tech_park,2026-06-15 12:00:00,35,34,1,18,3.91,1.0
TECH-03,tech_park,2026-06-15 13:00:00,28,27,1,19,4.33,1.15
TECH-03,tech_park,2026-06-15 14:00:00,21,20,1,28,4.5,1.08
TECH-03,tech_park,2026-06-15 15:00:00,21,20,1,22,3.71,1.01
TECH-03,tech_park,2026-06-15 16:00:00,33,32,1,36,2.76,1.0
TECH-03,tech_park,2026-06-15 17:00:00,66,65,1,53,3.96,1.0
TECH-03,tech_park,2026-06-15 18:00:00,68,66,2,77,3.9,1.05
TECH-03,tech_park,2026-06-15 19:00:00,93,91,2,60,4.08,1.0
TECH-03,tech_park,2026-06-15 20:00:00,72,70,2,56,4.45,1.0
TECH-03,tech_park,2026-06-15 21:00:00,61,60,1,51,4.04,1.1
TECH-03,tech_park,2026-06-15 22:00:00,28,27,1,34,3.56,1.04
TECH-03,tech_park,2026-06-15 23:00:00,21,20,1,18,4.2,1.0
TECH-03,tech_park,2026-06-16 00:00:00,24,23,1,26,4.19,1.0
TECH-03,tech_park,2026-06-16 01:00:00,16,15,1,31,3.52,1.05
TECH-03,tech_park,2026-06-16 02:00:00,13,12,1,21,2.0,1.05
TECH-03,tech_park,2026-06-16 03:00:00,18,17,1,24,3.82,1.0
TECH-03,tech_park,2026-06-16 04:00:00,16,15,1,22,3.86,1.05
TECH-03,tech_park,2026-06-16 05:00:00,18,17,1,23,4.87,1.06
TECH-03,tech_park,2026-06-16 06:00:00,31,30,1,27,5.09,1.04
TECH-03,tech_park,2026-06-16 07:00:00,57,56,1,39,3.74,1.06
TECH-03,tech_park,2026-06-16 08:00:00,72,70,2,57,4.42,1.05
TECH-03,tech_park,2026-06-16 09:00:00,78,76,2,72,3.41,1.0
TECH-03,tech_park,2026-06-16 10:00:00,51,50,1,45,2.89,1.16
TECH-03,tech_park,2026-06-16 11:00:00,48,47,1,45,3.7,1.0
TECH-03,tech_park,2026-06-16 12:00:00,34,33,1,30,4.46,1.06
TECH-03,tech_park,2026-06-16 13:00:00,23,22,1,17,4.54,1.0
TECH-03,tech_park,2026-06-16 14:00:00,16,15,1,19,3.52,1.01
TECH-03,tech_park,2026-06-16 15:00:00,21,20,1,29,3.65,1.0
TECH-03,tech_park,2026-06-16 16:00:00,42,41,1,29,3.21,1.0
TECH-03,tech_park,2026-06-16 17:00:00,69,67,2,46,3.18,1.04
TECH-03,tech_park,2026-06-16 18:00:00,83,81,2,66,3.82,1.0
TECH-03,tech_park,2026-06-16 19:00:00,89,87,2,74,3.33,1.0
TECH-03,tech_park,2026-06-16 20:00:00,71,69,2,55,3.32,1.07
TECH-03,tech_park,2026-06-16 21:00:00,55,54,1,51,3.25,1.13
TECH-03,tech_park,2026-06-16 22:00:00,44,43,1,36,3.29,1.01
TECH-03,tech_park,2026-06-16 23:00:00,23,22,1,14,4.28,1.0
TECH-03,tech_park,2026-06-17 00:00:00,21,20,1,33,2.71,1.0
TECH-03,tech_park,2026-06-17 01:00:00,12,11,1,22,4.26,1.06
TECH-03,tech_park,2026-06-17 02:00:00,18,17,1,21,4.79,1.0
TECH-03,tech_park,2026-06-17 03:00:00,15,14,1,28,4.48,1.0
TECH-03,tech_park,2026-06-17 04:00:00,23,22,1,38,2.38,1.02
TECH-03,tech_park,2026-06-17 05:00:00,14,13,1,25,4.56,1.03
TECH-03,tech_park,2026-06-17 06:00:00,26,25,1,30,3.57,1.05
TECH-03,tech_park,2026-06-17 07:00:00,44,43,1,41,4.72,1.03
TECH-03,tech_park,2026-06-17 08:00:00,82,80,2,53,3.68,1.08
TECH-03,tech_park,2026-06-17 09:00:00,76,74,2,65,3.55,1.0
TECH-03,tech_park,2026-06-17 10:00:00,62,61,1,48,3.21,1.03
TECH-03,tech_park,2026-06-17 11:00:00,38,37,1,42,4.53,1.03
TECH-03,tech_park,2026-06-17 12:00:00,22,21,1,24,3.11,1.0
TECH-03,tech_park,2026-06-17 13:00:00,19,18,1,19,4.35,1.09
TECH-03,tech_park,2026-06-17 14:00:00,14,13,1,26,2.83,1.0
TECH-03,tech_park,2026-06-17 15:00:00,21,20,1,26,2.79,1.0
TECH-03,tech_park,2026-06-17 16:00:00,55,49,6,29,3.07,1.14
TECH-03,tech_park,2026-06-17 17:00:00,51,50,1,60,3.28,1.02
TECH-03,tech_park,2026-06-17 18:00:00,68,66,2,68,3.53,1.05
TECH-03,tech_park,2026-06-17 19:00:00,88,86,2,79,4.75,1.07
TECH-03,tech_park,2026-06-17 20:00:00,81,79,2,63,4.14,1.09
TECH-03,tech_park,2026-06-17 21:00:00,44,43,1,41,3.64,1.13
TECH-03,tech_park,2026-06-17 22:00:00,35,34,1,35,3.54,1.05
TECH-03,tech_park,2026-06-17 23:00:00,16,15,1,25,3.54,1.0
TECH-03,tech_park,2026-06-18 00:00:00,13,12,1,31,4.09,1.0
TECH-03,tech_park,2026-06-18 01:00:00,14,13,1,26,3.8,1.01
TECH-03,tech_park,2026-06-18 02:00:00,20,19,1,14,3.3,1.0
TECH-03,tech_park,2026-06-18 03:00:00,18,17,1,20,3.2,1.0
TECH-03,tech_park,2026-06-18 04:00:00,16,15,1,24,3.66,1.14
TECH-03,tech_park,2026-06-18 05:00:00,23,22,1,33,3.19,1.0
TECH-03,tech_park,2026-06-18 06:00:00,26,25,1,35,3.52,1.0
TECH-03,tech_park,2026-06-18 07:00:00,38,37,1,41,2.53,1.0
TECH-03,tech_park,2026-06-18 08:00:00,70,68,2,76,3.3,1.02
TECH-03,tech_park,2026-06-18 09:00:00,90,88,2,77,3.98,1.0
TECH-03,tech_park,2026-06-18 10:00:00,76,74,2,58,3.53,1.06
TECH-03,tech_park,2026-06-18 11:00:00,37,36,1,34,2.58,1.08
TECH-03,tech_park,2026-06-18 12:00:00,36,35,1,27,3.18,1.0
TECH-03,tech_park,2026-06-18 13:00:00,17,16,1,25,5.14,1.07
TECH-03,tech_park,2026-06-18 14:00:00,16,15,1,24,3.15,1.04
TECH-03,tech_park,2026-06-18 15:00:00,15,14,1,31,4.54,1.07
TECH-03,tech_park,2026-06-18 16:00:00,38,37,1,35,3.23,1.05
TECH-03,tech_park,2026-06-18 17:00:00,41,40,1,56,3.53,1.02
TECH-03,tech_park,2026-06-18 18:00:00,71,69,2,72,4.31,1.03
TECH-03,tech_park,2026-06-18 19:00:00,98,96,2,66,5.42,1.12
TECH-03,tech_park,2026-06-18 20:00:00,65,64,1,78,2.49,1.0
TECH-03,tech_park,2026-06-18 21:00:00,55,54,1,48,4.57,1.05
TECH-03,tech_park,2026-06-18 22:00:00,31,30,1,24,4.29,1.0
TECH-03,tech_park,2026-06-18 23:00:00,20,19,1,19,3.2,1.08
TECH-03,tech_park,2026-06-19 00:00:00,19,18,1,25,2.27,1.06
TECH-03,tech_park,2026-06-19 01:00:00,16,15,1,23,3.93,1.0
TECH-03,tech_park,2026-06-19 02:00:00,21,20,1,22,2.41,1.0
TECH-03,tech_park,2026-06-19 03:00:00,17,16,1,41,3.14,1.0
TECH-03,tech_park,2026-06-19 04:00:00,17,16,1,21,3.57,1.0
TECH-03,tech_park,2026-06-19 05:00:00,17,16,1,28,3.01,1.0
TECH-03,tech_park,2026-06-19 06:00:00,38,37,1,34,3.96,1.0
TECH-03,tech_park,2026-06-19 07:00:00,42,41,1,47,3.93,1.13
TECH-03,tech_park,2026-06-19 08:00:00,80,78,2,62,3.25,1.07
TECH-03,tech_park,2026-06-19 09:00:00,79,77,2,87,4.09,1.04
TECH-03,tech_park,2026-06-19 10:00:00,79,77,2,65,2.59,1.07
TECH-03,tech_park,2026-06-19 11:00:00,45,44,1,42,3.92,1.0
TECH-03,tech_park,2026-06-19 12:00:00,27,26,1,39,3.02,1.08
TECH-03,tech_park,2026-06-19 13:00:00,19,18,1,29,2.4,1.04
TECH-03,tech_park,2026-06-19 14:00:00,15,14,1,33,2.4,1.0
TECH-03,tech_park,2026-06-19 15:00:00,18,17,1,20,3.93,1.01
TECH-03,tech_park,2026-06-19 16:00:00,43,42,1,32,4.54,1.0
TECH-03,tech_park,2026-06-19 17:00:00,44,43,1,57,3.95,1.0
TECH-03,tech_park,2026-06-19 18:00:00,97,95,2,59,5.38,1.06
TECH-03,tech_park,2026-06-19 19:00:00,90,88,2,87,2.23,1.05
TECH-03,tech_park,2026-06-19 20:00:00,95,93,2,74,4.89,1.08
TECH-03,tech_park,2026-06-19 21:00:00,75,73,2,69,3.93,1.0
TECH-03,tech_park,2026-06-19 22:00:00,42,41,1,43,3.51,1.07
TECH-03,tech_park,2026-06-19 23:00:00,25,24,1,30,4.8,1.0
TECH-03,tech_park,2026-06-20 00:00:00,19,18,1,25,2.0,1.0
TECH-03,tech_park,2026-06-20 01:00:00,21,20,1,18,4.5,1.0
TECH-03,tech_park,2026-06-20 02:00:00,24,23,1,23,3.52,1.11
TECH-03,tech_park,2026-06-20 03:00:00,19,18,1,31,4.12,1.04
TECH-03,tech_park,2026-06-20 04:00:00,16,15,1,30,3.45,1.0
TECH-03,tech_park,2026-06-20 05:00:00,16,15,1,33,2.44,1.07
TECH-03,tech_park,2026-06-20 06:00:00,30,29,1,37,2.65,1.0
TECH-03,tech_park,2026-06-20 07:00:00,41,40,1,55,2.0,1.0
TECH-03,tech_park,2026-06-20 08:00:00,94,92,2,65,4.1,1.0
TECH-03,tech_park,2026-06-20 09:00:00,99,97,2,91,4.45,1.0
TECH-03,tech_park,2026-06-20 10:00:00,79,77,2,88,2.62,1.0
TECH-03,tech_park,2026-06-20 11:00:00,47,46,1,59,3.46,1.03
TECH-03,tech_park,2026-06-20 12:00:00,30,29,1,28,4.28,1.0
TECH-03,tech_park,2026-06-20 13:00:00,21,20,1,28,6.04,1.05
TECH-03,tech_park,2026-06-20 14:00:00,27,26,1,27,3.34,1.04
TECH-03,tech_park,2026-06-20 15:00:00,28,27,1,35,3.48,1.06
TECH-03,tech_park,2026-06-20 16:00:00,31,30,1,48,4.39,1.02
TECH-03,tech_park,2026-06-20 17:00:00,49,48,1,64,4.0,1.0
TECH-03,tech_park,2026-06-20 18:00:00,107,105,2,76,2.65,1.09
TECH-03,tech_park,2026-06-20 19:00:00,94,92,2,87,4.79,1.03
TECH-03,tech_park,2026-06-20 20:00:00,96,94,2,77,3.35,1.01
TECH-03,tech_park,2026-06-20 21:00:00,69,67,2,56,3.28,1.0
TECH-03,tech_park,2026-06-20 22:00:00,41,40,1,51,3.48,1.0
TECH-03,tech_park,2026-06-20 23:00:00,26,25,1,30,2.59,1.08
TECH-03,tech_park,2026-06-21 00:00:00,22,21,1,16,2.99,1.07
TECH-03,tech_park,2026-06-21 01:00:00,24,23,1,28,3.45,1.0
TECH-03,tech_park,2026-06-21 02:00:00,16,15,1,20,3.57,1.04
TECH-03,tech_park,2026-06-21 03:00:00,21,20,1,27,3.74,1.0
TECH-03,tech_park,2026-06-21 04:00:00,21,20,1,18,3.25,1.04
TECH-03,tech_park,2026-06-21 05:00:00,15,14,1,25,3.35,1.08
TECH-03,tech_park,2026-06-21 06:00:00,16,15,1,26,3.5,1.05
TECH-03,tech_park,2026-06-21 07:00:00,45,44,1,37,3.34,1.01
TECH-03,tech_park,2026-06-21 08:00:00,62,61,1,76,3.03,1.0
TECH-03,tech_park,2026-06-21 09:00:00,73,71,2,57,3.09,1.0
TECH-03,tech_park,2026-06-21 10:00:00,72,70,2,65,3.41,1.06
TECH-03,tech_park,2026-06-21 11:00:00,53,52,1,46,3.21,1.0
TECH-03,tech_park,2026-06-21 12:00:00,30,29,1,23,2.98,1.0
TECH-03,tech_park,2026-06-21 13:00:00,19,18,1,21,3.36,1.03
TECH-03,tech_park,2026-06-21 14:00:00,17,16,1,26,4.74,1.0
TECH-03,tech_park,2026-06-21 15:00:00,23,22,1,26,4.06,1.12
TECH-03,tech_park,2026-06-21 16:00:00,26,25,1,32,4.19,1.05
TECH-03,tech_park,2026-06-21 17:00:00,60,59,1,46,3.76,1.09
TECH-03,tech_park,2026-06-21 18:00:00,67,65,2,66,2.8,1.1
TECH-03,tech_park,2026-06-21 19:00:00,81,79,2,81,4.21,1.03
TECH-03,tech_park,2026-06-21 20:00:00,61,60,1,62,4.29,1.07
TECH-03,tech_park,2026-06-21 21:00:00,40,39,1,58,2.81,1.0
TECH-03,tech_park,2026-06-21 22:00:00,33,32,1,33,4.64,1.08
TECH-03,tech_park,2026-06-21 23:00:00,24,23,1,24,3.24,1.15
TECH-03,tech_park,2026-06-22 00:00:00,20,19,1,34,2.87,1.01
TECH-03,tech_park,2026-06-22 01:00:00,12,11,1,20,3.89,1.01
TECH-03,tech_park,2026-06-22 02:00:00,12,11,1,18,2.08,1.04
TECH-03,tech_park,2026-06-22 03:00:00,14,13,1,26,3.84,1.08
TECH-03,tech_park,2026-06-22 04:00:00,17,16,1,24,3.69,1.05
TECH-03,tech_park,2026-06-22 05:00:00,18,17,1,22,3.68,1.01
TECH-03,tech_park,2026-06-22 06:00:00,35,34,1,32,5.11,1.0
TECH-03,tech_park,2026-06-22 07:00:00,44,43,1,53,3.69,1.03
TECH-03,tech_park,2026-06-22 08:00:00,64,63,1,59,4.05,1.0
TECH-03,tech_park,2026-06-22 09:00:00,75,73,2,68,2.0,1.0
TECH-03,tech_park,2026-06-22 10:00:00,56,55,1,74,5.36,1.02
TECH-03,tech_park,2026-06-22 11:00:00,48,47,1,53,4.61,1.03
TECH-03,tech_park,2026-06-22 12:00:00,32,31,1,31,4.05,1.0
TECH-03,tech_park,2026-06-22 13:00:00,13,12,1,28,4.37,1.01
TECH-03,tech_park,2026-06-22 14:00:00,22,21,1,20,4.69,1.0
TECH-03,tech_park,2026-06-22 15:00:00,27,26,1,24,2.46,1.08
TECH-03,tech_park,2026-06-22 16:00:00,34,33,1,30,3.41,1.01
TECH-03,tech_park,2026-06-22 17:00:00,43,42,1,57,3.13,1.0
TECH-03,tech_park,2026-06-22 18:00:00,80,78,2,56,3.53,1.03
TECH-03,tech_park,2026-06-22 19:00:00,90,88,2,63,4.55,1.04
TECH-03,tech_park,2026-06-22 20:00:00,79,77,2,64,4.4,1.0
TECH-03,tech_park,2026-06-22 21:00:00,40,39,1,67,3.13,1.01
TECH-03,tech_park,2026-06-22 22:00:00,41,40,1,36,4.43,1.01
TECH-03,tech_park,2026-06-22 23:00:00,22,21,1,25,3.42,1.04
TECH-03,tech_park,2026-06-23 00:00:00,22,21,1,16,4.11,1.02
TECH-03,tech_park,2026-06-23 01:00:00,16,15,1,31,3.01,1.01
TECH-03,tech_park,2026-06-23 02:00:00,20,19,1,29,3.49,1.0
TECH-03,tech_park,2026-06-23 03:00:00,20,19,1,26,3.76,1.07
TECH-03,tech_park,2026-06-23 04:00:00,23,22,1,26,3.7,1.0
TECH-03,tech_park,2026-06-23 05:00:00,16,15,1,29,3.0,1.06
TECH-03,tech_park,2026-06-23 06:00:00,22,21,1,24,4.27,1.1
TECH-03,tech_park,2026-06-23 07:00:00,48,47,1,45,3.06,1.0
TECH-03,tech_park,2026-06-23 08:00:00,70,68,2,55,2.64,1.06
TECH-03,tech_park,2026-06-23 09:00:00,69,67,2,83,4.83,1.0
TECH-03,tech_park,2026-06-23 10:00:00,60,59,1,59,4.42,1.0
TECH-03,tech_park,2026-06-23 11:00:00,38,37,1,45,3.46,1.0
TECH-03,tech_park,2026-06-23 12:00:00,33,32,1,30,2.48,1.07
TECH-03,tech_park,2026-06-23 13:00:00,15,14,1,25,5.03,1.02
TECH-03,tech_park,2026-06-23 14:00:00,16,15,1,19,3.0,1.0
TECH-03,tech_park,2026-06-23 15:00:00,14,13,1,33,4.19,1.06
TECH-03,tech_park,2026-06-23 16:00:00,37,36,1,32,4.32,1.05
TECH-03,tech_park,2026-06-23 17:00:00,52,51,1,58,2.65,1.02
TECH-03,tech_park,2026-06-23 18:00:00,56,55,1,65,4.81,1.0
TECH-03,tech_park,2026-06-23 19:00:00,85,83,2,82,3.5,1.03
TECH-03,tech_park,2026-06-23 20:00:00,79,77,2,62,4.15,1.0
TECH-03,tech_park,2026-06-23 21:00:00,51,50,1,45,3.06,1.0
TECH-03,tech_park,2026-06-23 22:00:00,24,23,1,29,4.78,1.0
TECH-03,tech_park,2026-06-23 23:00:00,22,21,1,37,3.19,1.15
TECH-03,tech_park,2026-06-24 00:00:00,12,11,1,22,5.0,1.08
TECH-03,tech_park,2026-06-24 01:00:00,15,14,1,25,4.73,1.0
TECH-03,tech_park,2026-06-24 02:00:00,15,14,1,17,5.26,1.01
TECH-03,tech_park,2026-06-24 03:00:00,22,21,1,27,3.05,1.0
TECH-03,tech_park,2026-06-24 04:00:00,22,21,1,20,3.34,1.0
TECH-03,tech_park,2026-06-24 05:00:00,17,16,1,31,3.01,1.0
TECH-03,tech_park,2026-06-24 06:00:00,28,27,1,31,2.66,1.08
TECH-03,tech_park,2026-06-24 07:00:00,43,42,1,29,4.78,1.05
TECH-03,tech_park,2026-06-24 08:00:00,79,77,2,65,2.54,1.0
TECH-03,tech_park,2026-06-24 09:00:00,92,90,2,63,2.89,1.1
TECH-03,tech_park,2026-06-24 10:00:00,62,61,1,55,3.03,1.1
TECH-03,tech_park,2026-06-24 11:00:00,43,42,1,38,4.1,1.0
TECH-03,tech_park,2026-06-24 12:00:00,37,36,1,32,4.48,1.04
TECH-03,tech_park,2026-06-24 13:00:00,15,14,1,25,5.21,1.0
TECH-03,tech_park,2026-06-24 14:00:00,18,17,1,24,4.56,1.06
TECH-03,tech_park,2026-06-24 15:00:00,21,20,1,27,3.06,1.0
TECH-03,tech_park,2026-06-24 16:00:00,33,32,1,31,2.97,1.0
TECH-03,tech_park,2026-06-24 17:00:00,45,44,1,53,3.42,1.01
TECH-03,tech_park,2026-06-24 18:00:00,83,81,2,57,3.13,1.02
TECH-03,tech_park,2026-06-24 19:00:00,87,85,2,91,2.26,1.0
TECH-03,tech_park,2026-06-24 20:00:00,71,69,2,63,4.07,1.0
TECH-03,tech_park,2026-06-24 21:00:00,58,57,1,54,3.41,1.0
TECH-03,tech_park,2026-06-24 22:00:00,34,33,1,36,3.61,1.0
TECH-03,tech_park,2026-06-24 23:00:00,25,24,1,31,3.36,1.07
TECH-03,tech_park,2026-06-25 00:00:00,20,19,1,15,4.15,1.11
TECH-03,tech_park,2026-06-25 01:00:00,17,16,1,21,4.1,1.0
TECH-03,tech_park,2026-06-25 02:00:00,21,20,1,17,2.98,1.04
TECH-03,tech_park,2026-06-25 03:00:00,15,14,1,23,4.72,1.06
TECH-03,tech_park,2026-06-25 04:00:00,18,17,1,27,3.91,1.04
TECH-03,tech_park,2026-06-25 05:00:00,13,12,1,20,4.3,1.1
TECH-03,tech_park,2026-06-25 06:00:00,29,28,1,27,3.31,1.03
TECH-03,tech_park,2026-06-25 07:00:00,51,50,1,36,2.8,1.04
TECH-03,tech_park,2026-06-25 08:00:00,70,68,2,61,3.3,1.0
TECH-03,tech_park,2026-06-25 09:00:00,91,89,2,58,3.41,1.09
TECH-03,tech_park,2026-06-25 10:00:00,89,87,2,55,3.41,1.0
TECH-03,tech_park,2026-06-25 11:00:00,48,47,1,42,3.83,1.04
TECH-03,tech_park,2026-06-25 12:00:00,29,28,1,37,2.63,1.0
TECH-03,tech_park,2026-06-25 13:00:00,19,18,1,22,3.02,1.02
TECH-03,tech_park,2026-06-25 14:00:00,19,18,1,27,4.08,1.01
TECH-03,tech_park,2026-06-25 15:00:00,22,21,1,25,3.72,1.0
TECH-03,tech_park,2026-06-25 16:00:00,36,35,1,37,3.35,1.03
TECH-03,tech_park,2026-06-25 17:00:00,57,56,1,44,2.19,1.0
TECH-03,tech_park,2026-06-25 18:00:00,74,72,2,43,2.0,1.03
TECH-03,tech_park,2026-06-25 19:00:00,91,89,2,62,3.4,1.12
TECH-03,tech_park,2026-06-25 20:00:00,73,71,2,70,3.45,1.0
TECH-03,tech_park,2026-06-25 21:00:00,53,52,1,41,3.67,1.0
TECH-03,tech_park,2026-06-25 22:00:00,35,34,1,29,3.37,1.12
TECH-03,tech_park,2026-06-25 23:00:00,22,21,1,21,3.31,1.08
TECH-03,tech_park,2026-06-26 00:00:00,20,19,1,21,4.18,1.0
TECH-03,tech_park,2026-06-26 01:00:00,21,20,1,22,3.15,1.06
TECH-03,tech_park,2026-06-26 02:00:00,19,18,1,33,4.42,1.0
TECH-03,tech_park,2026-06-26 03:00:00,25,24,1,18,4.46,1.06
TECH-03,tech_park,2026-06-26 04:00:00,12,11,1,16,3.09,1.07
TECH-03,tech_park,2026-06-26 05:00:00,32,31,1,26,4.75,1.0
TECH-03,tech_park,2026-06-26 06:00:00,33,32,1,33,4.29,1.05
TECH-03,tech_park,2026-06-26 07:00:00,56,55,1,47,4.57,1.0
TECH-03,tech_park,2026-06-26 08:00:00,71,69,2,72,3.34,1.0
TECH-03,tech_park,2026-06-26 09:00:00,88,86,2,82,4.28,1.06
TECH-03,tech_park,2026-06-26 10:00:00,91,89,2,65,2.96,1.06
TECH-03,tech_park,2026-06-26 11:00:00,49,48,1,48,3.33,1.1
TECH-03,tech_park,2026-06-26 12:00:00,28,27,1,34,2.0,1.1
TECH-03,tech_park,2026-06-26 13:00:00,19,18,1,25,4.17,1.03
TECH-03,tech_park,2026-06-26 14:00:00,22,21,1,32,3.21,1.0
TECH-03,tech_park,2026-06-26 15:00:00,35,34,1,37,3.17,1.06
TECH-03,tech_park,2026-06-26 16:00:00,37,36,1,35,4.62,1.04
TECH-03,tech_park,2026-06-26 17:00:00,61,60,1,60,3.01,1.0
TECH-03,tech_park,2026-06-26 18:00:00,94,92,2,84,2.97,1.17
TECH-03,tech_park,2026-06-26 19:00:00,92,90,2,71,4.77,1.0
TECH-03,tech_park,2026-06-26 20:00:00,77,75,2,63,3.34,1.0
TECH-03,tech_park,2026-06-26 21:00:00,83,81,2,52,4.62,1.12
TECH-03,tech_park,2026-06-26 22:00:00,38,37,1,44,5.08,1.03
TECH-03,tech_park,2026-06-26 23:00:00,22,21,1,21,3.49,1.01
TECH-03,tech_park,2026-06-27 00:00:00,19,18,1,31,3.09,1.0
TECH-03,tech_park,2026-06-27 01:00:00,17,16,1,23,3.59,1.03
TECH-03,tech_park,2026-06-27 02:00:00,19,18,1,37,4.9,1.01
TECH-03,tech_park,2026-06-27 03:00:00,19,18,1,17,2.52,1.0
TECH-03,tech_park,2026-06-27 04:00:00,20,19,1,19,4.2,1.0
TECH-03,tech_park,2026-06-27 05:00:00,20,19,1,31,2.53,1.04
TECH-03,tech_park,2026-06-27 06:00:00,18,17,1,29,4.09,1.08
TECH-03,tech_park,2026-06-27 07:00:00,49,48,1,46,3.22,1.08
TECH-03,tech_park,2026-06-27 08:00:00,76,74,2,87,2.9,1.09
TECH-03,tech_park,2026-06-27 09:00:00,98,96,2,81,3.56,1.08
TECH-03,tech_park,2026-06-27 10:00:00,67,65,2,72,2.4,1.11
TECH-03,tech_park,2026-06-27 11:00:00,47,46,1,47,5.43,1.0
TECH-03,tech_park,2026-06-27 12:00:00,31,30,1,49,4.59,1.0
TECH-03,tech_park,2026-06-27 13:00:00,23,22,1,30,3.49,1.02
TECH-03,tech_park,2026-06-27 14:00:00,18,17,1,38,2.57,1.03
TECH-03,tech_park,2026-06-27 15:00:00,22,21,1,33,3.8,1.0
TECH-03,tech_park,2026-06-27 16:00:00,33,32,1,34,2.32,1.0
TECH-03,tech_park,2026-06-27 17:00:00,63,62,1,71,4.47,1.0
TECH-03,tech_park,2026-06-27 18:00:00,86,84,2,74,4.88,1.0
TECH-03,tech_park,2026-06-27 19:00:00,106,104,2,106,3.66,1.04
TECH-03,tech_park,2026-06-27 20:00:00,93,91,2,75,3.9,1.0
TECH-03,tech_park,2026-06-27 21:00:00,65,64,1,59,4.89,1.06
TECH-03,tech_park,2026-06-27 22:00:00,30,29,1,47,3.28,1.05
TECH-03,tech_park,2026-06-27 23:00:00,31,30,1,27,3.56,1.03
TECH-03,tech_park,2026-06-28 00:00:00,18,17,1,17,2.32,1.0
TECH-03,tech_park,2026-06-28 01:00:00,15,14,1,24,4.3,1.07
TECH-03,tech_park,2026-06-28 02:00:00,18,17,1,21,2.99,1.0
TECH-03,tech_park,2026-06-28 03:00:00,20,19,1,14,3.6,1.07
TECH-03,tech_park,2026-06-28 04:00:00,15,14,1,21,3.22,1.05
TECH-03,tech_park,2026-06-28 05:00:00,16,15,1,23,4.64,1.0
TECH-03,tech_park,2026-06-28 06:00:00,27,26,1,31,3.75,1.01
TECH-03,tech_park,2026-06-28 07:00:00,58,57,1,42,4.34,1.1
TECH-03,tech_park,2026-06-28 08:00:00,74,72,2,61,3.71,1.13
TECH-03,tech_park,2026-06-28 09:00:00,80,78,2,68,4.06,1.0
TECH-03,tech_park,2026-06-28 10:00:00,73,71,2,63,5.37,1.14
TECH-03,tech_park,2026-06-28 11:00:00,41,40,1,31,4.98,1.01
TECH-03,tech_park,2026-06-28 12:00:00,29,28,1,24,3.31,1.0
TECH-03,tech_park,2026-06-28 13:00:00,27,26,1,21,3.78,1.04
TECH-03,tech_park,2026-06-28 14:00:00,11,10,1,24,2.8,1.0
TECH-03,tech_park,2026-06-28 15:00:00,15,14,1,27,3.44,1.0
TECH-03,tech_park,2026-06-28 16:00:00,27,26,1,41,4.85,1.01
TECH-03,tech_park,2026-06-28 17:00:00,61,60,1,54,4.34,1.0
TECH-03,tech_park,2026-06-28 18:00:00,69,67,2,71,2.6,1.0
TECH-03,tech_park,2026-06-28 19:00:00,118,88,30,50,5.36,1.43
TECH-03,tech_park,2026-06-28 20:00:00,70,68,2,69,4.75,1.0
TECH-03,tech_park,2026-06-28 21:00:00,58,57,1,45,2.26,1.06
TECH-03,tech_park,2026-06-28 22:00:00,32,31,1,29,3.21,1.0
TECH-03,tech_park,2026-06-28 23:00:00,16,15,1,28,2.79,1.05
TECH-03,tech_park,2026-06-29 00:00:00,12,11,1,16,4.11,1.0
TECH-03,tech_park,2026-06-29 01:00:00,24,23,1,14,3.69,1.0
TECH-03,tech_park,2026-06-29 02:00:00,18,17,1,14,3.11,1.11
TECH-03,tech_park,2026-06-29 03:00:00,18,17,1,24,4.25,1.0
TECH-03,tech_park,2026-06-29 04:00:00,13,12,1,24,5.32,1.0
TECH-03,tech_park,2026-06-29 05:00:00,18,17,1,31,3.7,1.0
TECH-03,tech_park,2026-06-29 06:00:00,32,31,1,29,4.56,1.1
TECH-03,tech_park,2026-06-29 07:00:00,38,37,1,42,2.38,1.0
TECH-03,tech_park,2026-06-29 08:00:00,71,69,2,56,5.09,1.0
TECH-03,tech_park,2026-06-29 09:00:00,100,92,8,60,4.27,1.17
TECH-03,tech_park,2026-06-29 10:00:00,58,57,1,66,2.68,1.0
TECH-03,tech_park,2026-06-29 11:00:00,47,46,1,44,4.87,1.0
TECH-03,tech_park,2026-06-29 12:00:00,23,22,1,36,4.8,1.06
TECH-03,tech_park,2026-06-29 13:00:00,22,21,1,37,4.02,1.1
TECH-03,tech_park,2026-06-29 14:00:00,19,18,1,24,3.96,1.0
TECH-03,tech_park,2026-06-29 15:00:00,24,23,1,27,4.6,1.19
TECH-03,tech_park,2026-06-29 16:00:00,39,38,1,43,3.69,1.03
TECH-03,tech_park,2026-06-29 17:00:00,42,41,1,56,2.83,1.0
TECH-03,tech_park,2026-06-29 18:00:00,78,76,2,79,2.96,1.04
TECH-03,tech_park,2026-06-29 19:00:00,88,86,2,84,2.38,1.03
TECH-03,tech_park,2026-06-29 20:00:00,78,76,2,68,2.21,1.0
TECH-03,tech_park,2026-06-29 21:00:00,50,49,1,49,3.67,1.0
TECH-03,tech_park,2026-06-29 22:00:00,33,32,1,41,3.43,1.0
TECH-03,tech_park,2026-06-29 23:00:00,19,18,1,25,2.49,1.1
TECH-03,tech_park,2026-06-30 00:00:00,18,17,1,23,3.46,1.03
TECH-03,tech_park,2026-06-30 01:00:00,12,11,1,14,3.3,1.06
TECH-03,tech_park,2026-06-30 02:00:00,10,9,1,18,2.39,1.01
TECH-03,tech_park,2026-06-30 03:00:00,12,11,1,30,3.26,1.0
TECH-03,tech_park,2026-06-30 04:00:00,22,21,1,23,4.55,1.0
TECH-03,tech_park,2026-06-30 05:00:00,15,14,1,30,5.01,1.05
TECH-03,tech_park,2026-06-30 06:00:00,25,24,1,26,3.74,1.05
TECH-03,tech_park,2026-06-30 07:00:00,34,33,1,48,3.87,1.05
TECH-03,tech_park,2026-06-30 08:00:00,74,72,2,82,4.65,1.06
TECH-03,tech_park,2026-06-30 09:00:00,84,82,2,60,4.94,1.1
TECH-03,tech_park,2026-06-30 10:00:00,76,74,2,49,3.69,1.03
TECH-03,tech_park,2026-06-30 11:00:00,50,49,1,45,2.79,1.04
TECH-03,tech_park,2026-06-30 12:00:00,29,28,1,22,3.72,1.0
TECH-03,tech_park,2026-06-30 13:00:00,31,30,1,28,3.56,1.0
TECH-03,tech_park,2026-06-30 14:00:00,16,15,1,32,3.04,1.06
TECH-03,tech_park,2026-06-30 15:00:00,23,22,1,22,2.76,1.01
TECH-03,tech_park,2026-06-30 16:00:00,42,41,1,44,5.07,1.08
TECH-03,tech_park,2026-06-30 17:00:00,45,44,1,47,3.13,1.07
TECH-03,tech_park,2026-06-30 18:00:00,66,65,1,71,2.99,1.0
TECH-03,tech_park,2026-06-30 19:00:00,95,93,2,85,4.2,1.0
TECH-03,tech_park,2026-06-30 20:00:00,92,90,2,62,2.72,1.05
TECH-03,tech_park,2026-06-30 21:00:00,54,53,1,57,4.16,1.01
TECH-03,tech_park,2026-06-30 22:00:00,34,33,1,32,3.81,1.02
TECH-03,tech_park,2026-06-30 23:00:00,28,27,1,24,4.1,1.07
