captain_id,decision_ts,final_status,last_stage_reached,docs_cleared
CPT104359,2026-01-06 08:11:48.775157583,approved,,6
CPT120008,,dropped_in_docs,AADHAAR,2
CPT102049,,dropped_in_docs,PERMIT,3
CPT123006,,dropped_in_docs,INSURANCE,5
CPT102642,,dropped_in_docs,PERMIT,3
CPT105916,2026-01-07 09:40:02.632133424,approved,,6
CPT123016,,dropped_in_docs,RC,1
CPT103410,,dropped_in_docs,INSURANCE,5
CPT107181,2026-01-08 21:10:39.912791885,rejected,background_check_failed,6
CPT122385,,dropped_in_docs,FITNESS,4
CPT100037,,dropped_in_docs,RC,1
CPT110674,,dropped_in_docs,FITNESS,4
CPT123379,,dropped_in_docs,DL,0
CPT122382,,dropped_in_docs,AADHAAR,2
CPT112371,,dropped_in_docs,RC,1
CPT115782,2026-01-07 21:52:09.682255462,approved,,5
CPT115990,,dropped_in_docs,PERMIT,3
CPT117042,,dropped_in_docs,RC,1
CPT124093,2026-01-08 05:26:43.331649227,approved,,6
CPT108545,,dropped_in_docs,FITNESS,4
CPT118819,,dropped_in_docs,RC,1
CPT117473,,dropped_in_docs,FITNESS,4
CPT122490,,dropped_in_docs,FITNESS,4
CPT108728,,dropped_in_docs,FITNESS,4
CPT111180,,dropped_in_docs,DL,0
CPT104874,,dropped_in_docs,RC,1
CPT112334,,dropped_in_docs,DL,0
CPT100614,,dropped_in_docs,DL,0
CPT121214,,dropped_in_docs,FITNESS,4
CPT119518,,dropped_in_docs,RC,1
CPT104764,,dropped_in_docs,PERMIT,3
CPT101207,2026-01-07 20:41:13.575135833,approved,,5
CPT103242,2026-01-05 21:40:24.347261353,approved,,6
CPT122017,,dropped_in_docs,DL,0
CPT116706,,dropped_in_docs,INSURANCE,5
CPT121842,,dropped_in_docs,INSURANCE,5
CPT115555,,dropped_in_docs,INSURANCE,5
CPT124771,,dropped_in_docs,DL,0
CPT123806,,dropped_in_docs,RC,1
CPT103112,,dropped_in_docs,RC,1
CPT124911,,dropped_in_docs,AADHAAR,2
CPT117151,,dropped_in_docs,AADHAAR,2
CPT114694,2026-01-06 23:38:02.951913831,approved,,6
CPT105361,2026-01-08 03:04:24.548968195,approved,,6
CPT122754,2026-01-07 04:37:31.812711483,approved,,6
CPT119361,,dropped_in_docs,FITNESS,4
CPT106310,,dropped_in_docs,PERMIT,3
CPT114983,2026-01-08 12:42:25.654189302,approved,,6
CPT104354,,dropped_in_docs,DL,0
CPT124428,,dropped_in_docs,RC,1
CPT118169,,dropped_in_docs,PERMIT,3
CPT108086,,dropped_in_docs,FITNESS,4
CPT100865,,dropped_in_docs,RC,1
CPT121574,,dropped_in_docs,AADHAAR,2
CPT104246,,dropped_in_docs,INSURANCE,5
CPT105732,,dropped_in_docs,RC,1
CPT118244,2026-01-08 15:56:23.234484889,approved,,6
CPT116214,,dropped_in_docs,RC,1
CPT111071,,dropped_in_docs,RC,1
CPT118384,,dropped_in_docs,PERMIT,3
CPT111710,,dropped_in_docs,RC,1
CPT105603,,dropped_in_docs,INSURANCE,5
CPT112135,,dropped_in_docs,RC,1
CPT113441,,dropped_in_docs,INSURANCE,5
CPT122638,,dropped_in_docs,INSURANCE,5
CPT121448,2026-01-07 20:26:59.380871068,approved,,6
CPT103424,,dropped_in_docs,INSURANCE,5
CPT123958,,dropped_in_docs,RC,1
CPT104054,,dropped_in_docs,PERMIT,3
CPT113494,2026-01-08 04:34:03.530973387,approved,,6
CPT108255,,dropped_in_docs,AADHAAR,2
CPT113903,,dropped_in_docs,FITNESS,4
CPT102544,,dropped_in_docs,AADHAAR,2
CPT101585,,dropped_in_docs,FITNESS,4
CPT117717,,dropped_in_docs,RC,1
CPT124627,,dropped_in_docs,DL,0
CPT102803,,dropped_in_docs,PERMIT,3
CPT113889,,dropped_in_docs,PERMIT,3
CPT115779,2026-01-08 14:32:33.162801767,rejected,duplicate_captain,6
CPT112620,,dropped_in_docs,FITNESS,4
CPT103397,,dropped_in_docs,PERMIT,3
CPT115021,,dropped_in_docs,PERMIT,3
CPT102749,,dropped_in_docs,RC,1
CPT103928,,dropped_in_docs,FITNESS,4
CPT101520,,dropped_in_docs,RC,1
CPT122425,,dropped_in_docs,INSURANCE,5
CPT113968,2026-01-10 08:34:48.851873154,approved,,6
CPT106306,,dropped_in_docs,INSURANCE,5
CPT114854,,dropped_in_docs,RC,1
CPT107824,,dropped_in_docs,PERMIT,3
CPT123305,,dropped_in_docs,RC,1
CPT110483,,dropped_in_docs,RC,1
CPT118023,,dropped_in_docs,RC,1
CPT104960,,dropped_in_docs,RC,1
CPT105466,,dropped_in_docs,RC,1
CPT120812,,dropped_in_docs,PERMIT,3
CPT118479,,dropped_in_docs,DL,0
CPT109776,2026-01-07 08:58:02.076310511,approved,,5
CPT105349,,dropped_in_docs,FITNESS,4
CPT110504,,dropped_in_docs,INSURANCE,5
CPT115765,2026-01-09 09:04:42.738280452,approved,,5
CPT116547,,dropped_in_docs,PERMIT,3
CPT117008,,dropped_in_docs,FITNESS,4
CPT109242,,dropped_in_docs,FITNESS,4
CPT106452,,dropped_in_docs,FITNESS,4
CPT119558,,dropped_in_docs,DL,0
CPT118211,,dropped_in_docs,INSURANCE,5
CPT104234,,dropped_in_docs,INSURANCE,5
CPT117393,2026-01-07 11:50:28.755079901,approved,,6
CPT117491,,dropped_in_docs,RC,1
CPT100006,2026-01-09 13:35:30.632632771,approved,,6
CPT113894,,dropped_in_docs,PERMIT,3
CPT107399,2026-01-10 16:30:18.772030273,rejected,doc_authenticity_flag,6
CPT115497,,dropped_in_docs,RC,1
CPT121430,,dropped_in_docs,DL,0
CPT120845,2026-01-09 10:58:01.773583248,rejected,doc_authenticity_flag,6
CPT105175,,dropped_in_docs,RC,1
CPT103730,,dropped_in_docs,PERMIT,3
CPT108347,,dropped_in_docs,RC,1
CPT123063,,dropped_in_docs,RC,1
CPT102281,2026-01-11 20:28:47.026487964,rejected,background_check_failed,6
CPT109629,,dropped_in_docs,FITNESS,4
CPT121627,,dropped_in_docs,PERMIT,3
CPT104495,,dropped_in_docs,PERMIT,3
CPT119837,,dropped_in_docs,PERMIT,3
CPT105626,,dropped_in_docs,INSURANCE,5
CPT104855,,dropped_in_docs,FITNESS,4
CPT116831,2026-01-06 22:24:34.813774911,approved,,6
CPT109728,,dropped_in_docs,INSURANCE,5
CPT107888,,dropped_in_docs,INSURANCE,5
CPT109496,,dropped_in_docs,INSURANCE,5
CPT121120,,dropped_in_docs,INSURANCE,5
CPT123965,,dropped_in_docs,PERMIT,3
CPT115644,,dropped_in_docs,FITNESS,4
CPT111476,,dropped_in_docs,PERMIT,3
CPT121838,,dropped_in_docs,INSURANCE,5
CPT103916,,dropped_in_docs,FITNESS,4
CPT108072,,dropped_in_docs,INSURANCE,5
CPT123810,,dropped_in_docs,RC,1
CPT122115,,dropped_in_docs,RC,1
CPT115637,,dropped_in_docs,INSURANCE,5
CPT121573,,dropped_in_docs,PERMIT,3
CPT118733,,dropped_in_docs,RC,1
CPT124471,,dropped_in_docs,INSURANCE,5
CPT105584,2026-01-09 06:52:15.998839528,approved,,6
CPT111257,,dropped_in_docs,RC,1
CPT106570,,dropped_in_docs,RC,1
CPT122016,,dropped_in_docs,FITNESS,4
CPT116477,,dropped_in_docs,RC,1
CPT115347,2026-01-10 02:11:24.337482417,approved,,5
CPT106655,,dropped_in_docs,INSURANCE,5
CPT106216,,dropped_in_docs,AADHAAR,2
CPT102236,,dropped_in_docs,DL,0
CPT107562,,dropped_in_docs,DL,0
CPT108557,,dropped_in_docs,RC,1
CPT101879,,dropped_in_docs,AADHAAR,2
CPT110494,,dropped_in_docs,PERMIT,3
CPT122322,,dropped_in_docs,RC,1
CPT115213,2026-01-06 19:14:57.648967333,approved,,5
CPT109023,,dropped_in_docs,RC,1
CPT113985,,dropped_in_docs,RC,1
CPT118467,2026-01-07 18:52:04.324941162,approved,,6
CPT120645,,dropped_in_docs,FITNESS,4
CPT111221,,dropped_in_docs,INSURANCE,5
CPT113637,2026-01-08 08:22:32.974270892,approved,,6
CPT116142,,dropped_in_docs,RC,1
CPT107742,,dropped_in_docs,PERMIT,3
CPT107899,,dropped_in_docs,PERMIT,3
CPT103100,,dropped_in_docs,DL,0
CPT100680,,dropped_in_docs,INSURANCE,5
CPT106121,,dropped_in_docs,PERMIT,3
CPT115180,2026-01-07 17:49:14.390041133,approved,,5
CPT103276,,dropped_in_docs,AADHAAR,2
CPT115743,,dropped_in_docs,RC,1
CPT108209,2026-01-08 17:53:35.507831258,approved,,5
CPT105674,2026-01-08 07:51:20.711549150,approved,,6
CPT101759,,dropped_in_docs,INSURANCE,5
CPT117697,,dropped_in_docs,DL,0
CPT101235,2026-01-08 18:44:32.659663529,approved,,6
CPT119887,,dropped_in_docs,DL,0
CPT105230,,dropped_in_docs,RC,1
CPT102972,,dropped_in_docs,RC,1
CPT119337,2026-01-10 01:35:33.473059263,approved,,5
CPT124576,,dropped_in_docs,RC,1
CPT122111,,dropped_in_docs,INSURANCE,5
CPT100877,2026-01-08 12:11:20.168869415,approved,,6
CPT103290,2026-01-10 20:42:10.234261842,approved,,5
CPT123113,,dropped_in_docs,FITNESS,4
CPT111878,,dropped_in_docs,AADHAAR,2
CPT100114,,dropped_in_docs,AADHAAR,2
CPT114082,2026-01-08 12:15:09.040170113,approved,,5
CPT108303,,dropped_in_docs,PERMIT,3
CPT121312,2026-01-06 19:43:54.485087463,approved,,6
CPT107583,,dropped_in_docs,PERMIT,3
CPT112336,,dropped_in_docs,AADHAAR,2
CPT101592,,dropped_in_docs,DL,0
CPT107395,,dropped_in_docs,PERMIT,3
CPT120594,,dropped_in_docs,RC,1
CPT102942,,dropped_in_docs,RC,1
CPT109370,2026-01-10 21:07:11.446111227,approved,,6
CPT117186,,dropped_in_docs,FITNESS,4
CPT103465,2026-01-09 21:53:52.386273833,approved,,6
CPT122011,,dropped_in_docs,AADHAAR,2
CPT120100,2026-01-11 14:16:28.020599864,approved,,6
CPT105383,,dropped_in_docs,INSURANCE,5
CPT109233,,dropped_in_docs,INSURANCE,5
CPT112369,,dropped_in_docs,PERMIT,3
CPT115233,,dropped_in_docs,RC,1
CPT100923,2026-01-12 19:00:25.192901154,approved,,6
CPT122921,2026-01-09 03:31:03.576967780,rejected,doc_authenticity_flag,6
CPT112318,,dropped_in_docs,PERMIT,3
CPT105945,,dropped_in_docs,AADHAAR,2
CPT111088,,dropped_in_docs,FITNESS,4
CPT107578,,dropped_in_docs,RC,1
CPT106989,,dropped_in_docs,FITNESS,4
CPT105764,2026-01-07 16:51:56.097075517,approved,,6
CPT101096,,dropped_in_docs,RC,1
CPT101793,,dropped_in_docs,FITNESS,4
CPT105796,,dropped_in_docs,RC,1
CPT118861,,dropped_in_docs,RC,1
CPT114111,2026-01-09 14:12:53.395804799,approved,,6
CPT105918,,dropped_in_docs,AADHAAR,2
CPT102032,2026-01-11 02:15:33.805992726,approved,,5
CPT124055,2026-01-10 13:48:32.028604915,approved,,6
CPT106150,,dropped_in_docs,PERMIT,3
CPT121960,,dropped_in_docs,PERMIT,3
CPT110096,,dropped_in_docs,RC,1
CPT109517,2026-01-08 06:38:36.844105006,approved,,5
CPT115968,,dropped_in_docs,DL,0
CPT114311,,dropped_in_docs,RC,1
CPT101135,,dropped_in_docs,RC,1
CPT105952,,dropped_in_docs,RC,1
CPT115952,,dropped_in_docs,INSURANCE,5
CPT123614,,dropped_in_docs,PERMIT,3
CPT115833,,dropped_in_docs,PERMIT,3
CPT104219,,dropped_in_docs,INSURANCE,5
CPT123973,,dropped_in_docs,PERMIT,3
CPT106468,,dropped_in_docs,RC,1
CPT113666,,dropped_in_docs,PERMIT,3
CPT110417,,dropped_in_docs,DL,0
CPT117956,,dropped_in_docs,INSURANCE,5
CPT120238,,dropped_in_docs,DL,0
CPT105091,,dropped_in_docs,PERMIT,3
CPT121072,,dropped_in_docs,FITNESS,4
CPT105404,,dropped_in_docs,DL,0
CPT119612,2026-01-08 14:26:21.609514130,approved,,6
CPT123143,,dropped_in_docs,RC,1
CPT107995,,dropped_in_docs,RC,1
CPT108575,,dropped_in_docs,RC,1
CPT117259,,dropped_in_docs,AADHAAR,2
CPT103230,,dropped_in_docs,INSURANCE,5
CPT100747,,dropped_in_docs,PERMIT,3
CPT114903,,dropped_in_docs,FITNESS,4
CPT105491,,dropped_in_docs,FITNESS,4
CPT123453,2026-01-09 19:49:23.843760750,approved,,5
CPT104052,,dropped_in_docs,PERMIT,3
CPT104100,,dropped_in_docs,PERMIT,3
CPT110507,,dropped_in_docs,PERMIT,3
CPT102508,,dropped_in_docs,FITNESS,4
CPT120546,,dropped_in_docs,DL,0
CPT115936,,dropped_in_docs,RC,1
CPT111427,,dropped_in_docs,AADHAAR,2
CPT102995,,dropped_in_docs,DL,0
CPT124765,,dropped_in_docs,DL,0
CPT115822,,dropped_in_docs,RC,1
CPT118564,,dropped_in_docs,RC,1
CPT101762,,dropped_in_docs,AADHAAR,2
CPT109113,,dropped_in_docs,INSURANCE,5
CPT107313,,dropped_in_docs,FITNESS,4
CPT118656,2026-01-11 09:30:16.300187425,approved,,6
CPT100032,,dropped_in_docs,AADHAAR,2
CPT121649,2026-01-08 13:00:50.643725259,approved,,6
CPT115676,,dropped_in_docs,INSURANCE,5
CPT108988,2026-01-11 06:50:43.472638479,approved,,5
CPT103055,,dropped_in_docs,AADHAAR,2
CPT110128,,dropped_in_docs,RC,1
CPT112428,,dropped_in_docs,RC,1
CPT102341,2026-01-09 13:55:14.827056758,rejected,background_check_failed,6
CPT114765,,dropped_in_docs,INSURANCE,5
CPT114217,,dropped_in_docs,RC,1
CPT109172,,dropped_in_docs,DL,0
CPT103255,,dropped_in_docs,RC,1
CPT122706,,dropped_in_docs,PERMIT,3
CPT113655,,dropped_in_docs,DL,0
CPT119726,2026-01-09 12:22:53.755728343,approved,,5
CPT114356,,dropped_in_docs,AADHAAR,2
CPT101012,2026-01-13 05:33:42.578758984,approved,,6
CPT101667,,dropped_in_docs,INSURANCE,5
CPT108190,,dropped_in_docs,DL,0
CPT109593,2026-01-11 18:08:51.771642605,approved,,6
CPT120322,,dropped_in_docs,FITNESS,4
CPT113925,,dropped_in_docs,AADHAAR,2
CPT120618,2026-01-12 01:36:23.110671220,approved,,6
CPT121087,,dropped_in_docs,AADHAAR,2
CPT109620,,dropped_in_docs,RC,1
CPT111006,,dropped_in_docs,DL,0
CPT105836,,dropped_in_docs,INSURANCE,5
CPT103534,,dropped_in_docs,RC,1
CPT117680,,dropped_in_docs,AADHAAR,2
CPT108329,,dropped_in_docs,DL,0
CPT106737,,dropped_in_docs,INSURANCE,5
CPT108665,,dropped_in_docs,FITNESS,4
CPT122296,,dropped_in_docs,DL,0
CPT122376,,dropped_in_docs,FITNESS,4
CPT106823,,dropped_in_docs,DL,0
CPT113564,,dropped_in_docs,PERMIT,3
CPT109996,,dropped_in_docs,RC,1
CPT108973,2026-01-09 20:23:41.588411690,approved,,6
CPT109721,2026-01-11 03:14:47.558135441,approved,,6
CPT118012,2026-01-10 20:13:42.217666659,approved,,6
CPT111462,,dropped_in_docs,DL,0
CPT104547,,dropped_in_docs,FITNESS,4
CPT118635,,dropped_in_docs,DL,0
CPT101470,,dropped_in_docs,FITNESS,4
CPT113838,,dropped_in_docs,FITNESS,4
CPT103940,2026-01-08 20:39:09.817874410,approved,,5
CPT105226,,dropped_in_docs,RC,1
CPT103140,,dropped_in_docs,RC,1
CPT119062,,dropped_in_docs,RC,1
CPT114999,,dropped_in_docs,RC,1
CPT115809,,dropped_in_docs,FITNESS,4
CPT123307,,dropped_in_docs,RC,1
CPT103921,,dropped_in_docs,RC,1
CPT104587,,dropped_in_docs,DL,0
CPT112119,,dropped_in_docs,RC,1
CPT122012,,dropped_in_docs,INSURANCE,5
CPT107713,,dropped_in_docs,RC,1
CPT115475,2026-01-10 13:31:36.397929174,approved,,5
CPT106381,,dropped_in_docs,RC,1
CPT120752,2026-01-11 17:58:07.735074258,approved,,6
CPT117998,,dropped_in_docs,AADHAAR,2
CPT110972,,dropped_in_docs,RC,1
CPT115988,,dropped_in_docs,DL,0
CPT122442,,dropped_in_docs,PERMIT,3
CPT117706,,dropped_in_docs,DL,0
CPT115879,,dropped_in_docs,PERMIT,3
CPT115934,2026-01-10 09:17:04.849161915,approved,,6
CPT108484,2026-01-09 23:00:20.446283202,approved,,6
CPT111078,,dropped_in_docs,FITNESS,4
CPT101683,,dropped_in_docs,RC,1
CPT112022,,dropped_in_docs,RC,1
CPT100906,,dropped_in_docs,FITNESS,4
CPT117307,,dropped_in_docs,INSURANCE,5
CPT124337,,dropped_in_docs,DL,0
CPT107459,,dropped_in_docs,FITNESS,4
CPT109246,,dropped_in_docs,PERMIT,3
CPT119218,,dropped_in_docs,PERMIT,3
CPT104912,,dropped_in_docs,FITNESS,4
CPT119132,,dropped_in_docs,PERMIT,3
CPT121130,,dropped_in_docs,RC,1
CPT105521,,dropped_in_docs,FITNESS,4
CPT118553,2026-01-11 17:56:08.915144804,approved,,5
CPT100120,,dropped_in_docs,INSURANCE,5
CPT109329,,dropped_in_docs,AADHAAR,2
CPT110737,,dropped_in_docs,PERMIT,3
CPT110217,,dropped_in_docs,AADHAAR,2
CPT120720,2026-01-12 10:31:22.452642664,approved,,6
CPT116873,,dropped_in_docs,AADHAAR,2
CPT101835,,dropped_in_docs,FITNESS,4
CPT109544,2026-01-12 04:37:53.336338968,approved,,6
CPT107072,,dropped_in_docs,RC,1
CPT123128,2026-01-08 05:48:11.128030471,approved,,5
CPT113323,,dropped_in_docs,RC,1
CPT110280,,dropped_in_docs,PERMIT,3
CPT101265,,dropped_in_docs,AADHAAR,2
CPT120925,,dropped_in_docs,RC,1
CPT104096,,dropped_in_docs,RC,1
CPT122563,2026-01-11 13:49:01.282240136,approved,,6
CPT121955,2026-01-11 18:12:29.502451369,approved,,6
CPT105643,,dropped_in_docs,INSURANCE,5
CPT108653,,dropped_in_docs,PERMIT,3
CPT105041,,dropped_in_docs,AADHAAR,2
CPT100561,2026-01-13 01:49:15.551240173,approved,,6
CPT110063,,dropped_in_docs,PERMIT,3
CPT108368,,dropped_in_docs,RC,1
CPT124870,,dropped_in_docs,RC,1
CPT101344,,dropped_in_docs,RC,1
CPT117273,,dropped_in_docs,INSURANCE,5
CPT102672,,dropped_in_docs,PERMIT,3
CPT104801,,dropped_in_docs,RC,1
CPT118484,2026-01-13 08:09:42.048571136,approved,,6
CPT121157,,dropped_in_docs,PERMIT,3
CPT104229,,dropped_in_docs,FITNESS,4
CPT107591,,dropped_in_docs,RC,1
CPT106130,,dropped_in_docs,AADHAAR,2
CPT108423,,dropped_in_docs,PERMIT,3
CPT118888,2026-01-13 15:58:25.325932132,rejected,background_check_failed,6
CPT100424,2026-01-10 17:49:34.345973571,approved,,6
CPT111108,,dropped_in_docs,PERMIT,3
CPT123408,,dropped_in_docs,FITNESS,4
CPT106840,,dropped_in_docs,RC,1
CPT113307,,dropped_in_docs,FITNESS,4
CPT101039,2026-01-08 21:17:25.691982783,approved,,5
CPT107762,,dropped_in_docs,INSURANCE,5
CPT103892,,dropped_in_docs,DL,0
CPT124359,,dropped_in_docs,RC,1
CPT103760,,dropped_in_docs,INSURANCE,5
CPT121263,,dropped_in_docs,INSURANCE,5
CPT102943,2026-01-12 22:09:50.309728752,approved,,6
CPT119122,,dropped_in_docs,FITNESS,4
CPT122799,,dropped_in_docs,RC,1
CPT100953,,dropped_in_docs,RC,1
CPT117296,,dropped_in_docs,RC,1
CPT121687,,dropped_in_docs,FITNESS,4
CPT109670,2026-01-10 02:11:16.836510626,approved,,6
CPT124331,,dropped_in_docs,AADHAAR,2
CPT106925,2026-01-11 08:42:48.704088078,approved,,6
CPT112260,,dropped_in_docs,FITNESS,4
CPT104153,,dropped_in_docs,INSURANCE,5
CPT123840,2026-01-09 01:54:18.944148259,approved,,5
CPT120677,,dropped_in_docs,RC,1
CPT102635,,dropped_in_docs,FITNESS,4
CPT119586,,dropped_in_docs,DL,0
CPT121644,,dropped_in_docs,FITNESS,4
CPT123721,2026-01-11 21:57:12.096939997,approved,,6
CPT112286,,dropped_in_docs,FITNESS,4
CPT107780,,dropped_in_docs,PERMIT,3
CPT102096,2026-01-09 21:33:04.026804246,approved,,6
CPT104195,,dropped_in_docs,DL,0
CPT102396,2026-01-13 11:53:41.029442343,approved,,6
CPT124595,,dropped_in_docs,RC,1
CPT112787,,dropped_in_docs,RC,1
CPT113482,,dropped_in_docs,RC,1
CPT103497,,dropped_in_docs,INSURANCE,5
CPT102052,,dropped_in_docs,INSURANCE,5
CPT118714,2026-01-15 05:59:39.768834918,approved,,6
CPT104879,,dropped_in_docs,FITNESS,4
CPT115956,,dropped_in_docs,FITNESS,4
CPT108975,,dropped_in_docs,RC,1
CPT122068,,dropped_in_docs,RC,1
CPT120968,,dropped_in_docs,RC,1
CPT114390,,dropped_in_docs,FITNESS,4
CPT116876,,dropped_in_docs,FITNESS,4
CPT106064,,dropped_in_docs,PERMIT,3
CPT111760,,dropped_in_docs,RC,1
CPT110497,,dropped_in_docs,AADHAAR,2
CPT122289,,dropped_in_docs,AADHAAR,2
CPT117554,,dropped_in_docs,INSURANCE,5
CPT119324,,dropped_in_docs,RC,1
CPT123697,,dropped_in_docs,RC,1
CPT101631,2026-01-12 15:12:12.062654931,approved,,6
CPT122347,,dropped_in_docs,FITNESS,4
CPT121380,,dropped_in_docs,AADHAAR,2
CPT103451,2026-01-09 09:24:17.040066104,approved,,6
CPT113949,,dropped_in_docs,INSURANCE,5
CPT119192,,dropped_in_docs,INSURANCE,5
CPT121569,,dropped_in_docs,AADHAAR,2
CPT121329,2026-01-13 11:55:59.384245730,approved,,6
CPT116741,,dropped_in_docs,DL,0
CPT102206,,dropped_in_docs,RC,1
CPT102757,,dropped_in_docs,RC,1
CPT108409,2026-01-15 10:08:43.626551628,approved,,5
CPT109866,,dropped_in_docs,PERMIT,3
CPT100964,,dropped_in_docs,AADHAAR,2
CPT118172,,dropped_in_docs,RC,1
CPT124687,2026-01-11 08:01:00.912016212,approved,,6
CPT115495,2026-01-11 03:18:22.379989231,approved,,6
CPT114451,,dropped_in_docs,DL,0
CPT111782,,dropped_in_docs,PERMIT,3
CPT120413,,dropped_in_docs,PERMIT,3
CPT115650,,dropped_in_docs,PERMIT,3
CPT121720,,dropped_in_docs,AADHAAR,2
CPT115613,2026-01-10 07:35:01.633570867,approved,,6
CPT110162,,dropped_in_docs,FITNESS,4
CPT118057,2026-01-13 11:00:59.837010316,approved,,6
CPT113024,,dropped_in_docs,PERMIT,3
CPT120174,,dropped_in_docs,RC,1
CPT118357,2026-01-12 17:27:07.406506821,approved,,5
CPT120947,,dropped_in_docs,RC,1
CPT110983,,dropped_in_docs,RC,1
CPT111585,,dropped_in_docs,DL,0
CPT120213,,dropped_in_docs,INSURANCE,5
CPT112686,,dropped_in_docs,PERMIT,3
CPT108460,2026-01-14 16:21:50.169636522,approved,,6
CPT121365,,dropped_in_docs,RC,1
CPT107472,,dropped_in_docs,FITNESS,4
CPT101387,,dropped_in_docs,RC,1
CPT102376,,dropped_in_docs,PERMIT,3
CPT118540,,dropped_in_docs,RC,1
CPT118367,,dropped_in_docs,DL,0
CPT124404,,dropped_in_docs,FITNESS,4
CPT114770,,dropped_in_docs,RC,1
CPT108147,2026-01-11 09:42:27.359805039,rejected,duplicate_captain,6
CPT102527,,dropped_in_docs,PERMIT,3
CPT109538,2026-01-10 05:43:43.994352313,approved,,6
CPT112324,,dropped_in_docs,RC,1
CPT117525,2026-01-13 19:58:29.469745447,rejected,background_check_failed,6
CPT114640,,dropped_in_docs,FITNESS,4
CPT100596,,dropped_in_docs,INSURANCE,5
CPT112591,,dropped_in_docs,RC,1
CPT115293,2026-01-14 15:29:01.901782888,approved,,6
CPT120032,,dropped_in_docs,RC,1
CPT120929,,dropped_in_docs,DL,0
CPT109911,,dropped_in_docs,RC,1
CPT111650,,dropped_in_docs,DL,0
CPT115104,2026-01-12 02:20:17.684957017,approved,,6
CPT101548,,dropped_in_docs,RC,1
CPT110567,,dropped_in_docs,INSURANCE,5
CPT111851,2026-01-10 13:29:18.638108429,approved,,5
CPT115865,,dropped_in_docs,PERMIT,3
CPT105651,,dropped_in_docs,RC,1
CPT104068,2026-01-12 00:46:32.977842271,approved,,6
CPT114345,2026-01-11 03:19:58.888893856,approved,,5
CPT113103,,dropped_in_docs,RC,1
CPT102795,,dropped_in_docs,PERMIT,3
CPT113569,2026-01-12 22:08:11.694664728,approved,,6
CPT119270,,dropped_in_docs,DL,0
CPT100196,,dropped_in_docs,INSURANCE,5
CPT121664,,dropped_in_docs,FITNESS,4
CPT122194,,dropped_in_docs,RC,1
CPT111685,,dropped_in_docs,AADHAAR,2
CPT100187,,dropped_in_docs,DL,0
CPT108066,,dropped_in_docs,RC,1
CPT103097,,dropped_in_docs,DL,0
CPT112287,2026-01-13 02:29:13.390502968,approved,,6
CPT108267,2026-01-12 03:06:03.415673738,approved,,6
CPT118493,,dropped_in_docs,AADHAAR,2
CPT122730,,dropped_in_docs,DL,0
CPT108723,,dropped_in_docs,AADHAAR,2
CPT106887,,dropped_in_docs,INSURANCE,5
CPT104402,,dropped_in_docs,FITNESS,4
CPT108671,2026-01-11 13:32:24.112345690,approved,,5
CPT102323,2026-01-11 22:59:50.639425409,approved,,6
CPT101985,,dropped_in_docs,PERMIT,3
CPT107071,,dropped_in_docs,INSURANCE,5
CPT111236,,dropped_in_docs,RC,1
CPT111574,,dropped_in_docs,DL,0
CPT112126,2026-01-13 02:03:12.168500299,approved,,6
CPT105184,,dropped_in_docs,PERMIT,3
CPT105131,,dropped_in_docs,RC,1
CPT114222,,dropped_in_docs,INSURANCE,5
CPT114172,,dropped_in_docs,PERMIT,3
CPT109576,2026-01-11 05:03:10.657047697,rejected,duplicate_captain,5
CPT107842,,dropped_in_docs,RC,1
CPT108866,,dropped_in_docs,PERMIT,3
CPT106416,,dropped_in_docs,PERMIT,3
CPT113794,,dropped_in_docs,FITNESS,4
CPT105856,,dropped_in_docs,RC,1
CPT104586,,dropped_in_docs,RC,1
CPT116309,,dropped_in_docs,INSURANCE,5
CPT102124,,dropped_in_docs,INSURANCE,5
CPT114025,,dropped_in_docs,RC,1
CPT108382,2026-01-12 16:30:10.496203491,approved,,6
CPT113424,2026-01-13 04:32:33.781496491,approved,,5
CPT124316,,dropped_in_docs,RC,1
CPT112721,,dropped_in_docs,AADHAAR,2
CPT120072,,dropped_in_docs,RC,1
CPT114200,,dropped_in_docs,DL,0
CPT106313,,dropped_in_docs,FITNESS,4
CPT106243,,dropped_in_docs,INSURANCE,5
CPT118122,,dropped_in_docs,RC,1
CPT117122,,dropped_in_docs,AADHAAR,2
CPT122396,,dropped_in_docs,RC,1
CPT102271,,dropped_in_docs,RC,1
CPT115736,,dropped_in_docs,RC,1
CPT109179,,dropped_in_docs,FITNESS,4
CPT121755,,dropped_in_docs,FITNESS,4
CPT105743,2026-01-09 18:51:09.977195379,approved,,6
CPT113195,2026-01-12 17:23:47.763452398,approved,,5
CPT117722,,dropped_in_docs,PERMIT,3
CPT124188,,dropped_in_docs,FITNESS,4
CPT121856,,dropped_in_docs,RC,1
CPT115015,,dropped_in_docs,RC,1
CPT120710,,dropped_in_docs,PERMIT,3
CPT116849,,dropped_in_docs,DL,0
CPT118940,2026-01-14 20:53:27.829814677,approved,,6
CPT113231,,dropped_in_docs,PERMIT,3
CPT120685,,dropped_in_docs,RC,1
CPT123618,,dropped_in_docs,RC,1
CPT119260,2026-01-12 16:50:27.744786900,approved,,6
CPT110239,,dropped_in_docs,RC,1
CPT122361,,dropped_in_docs,RC,1
CPT117323,2026-01-13 10:10:17.637986386,approved,,6
CPT113049,,dropped_in_docs,DL,0
CPT119997,,dropped_in_docs,FITNESS,4
CPT115313,,dropped_in_docs,DL,0
CPT105645,,dropped_in_docs,INSURANCE,5
CPT118653,2026-01-12 13:40:12.501099915,approved,,6
CPT112451,,dropped_in_docs,RC,1
CPT105734,,dropped_in_docs,DL,0
CPT123583,,dropped_in_docs,FITNESS,4
CPT103530,,dropped_in_docs,INSURANCE,5
CPT115431,,dropped_in_docs,RC,1
CPT120142,,dropped_in_docs,RC,1
CPT114427,,dropped_in_docs,FITNESS,4
CPT108688,,dropped_in_docs,FITNESS,4
CPT119918,,dropped_in_docs,FITNESS,4
CPT109394,,dropped_in_docs,PERMIT,3
CPT107021,2026-01-13 23:48:10.637994499,approved,,5
CPT117230,,dropped_in_docs,RC,1
CPT114734,,dropped_in_docs,PERMIT,3
CPT116003,,dropped_in_docs,FITNESS,4
CPT116267,,dropped_in_docs,RC,1
CPT105470,,dropped_in_docs,INSURANCE,5
CPT119616,,dropped_in_docs,AADHAAR,2
CPT103388,2026-01-12 09:09:35.164799639,approved,,5
CPT122223,,dropped_in_docs,RC,1
CPT114426,,dropped_in_docs,DL,0
CPT120707,2026-01-13 21:05:08.169696568,rejected,background_check_failed,5
CPT119608,,dropped_in_docs,RC,1
CPT105523,,dropped_in_docs,DL,0
CPT111653,2026-01-12 07:19:14.195032460,rejected,duplicate_captain,6
CPT117030,2026-01-12 03:18:30.840723434,approved,,5
CPT124258,,dropped_in_docs,DL,0
CPT123704,2026-01-12 01:33:48.106222940,approved,,6
CPT111598,,dropped_in_docs,RC,1
CPT115516,,dropped_in_docs,AADHAAR,2
CPT110694,,dropped_in_docs,PERMIT,3
CPT105119,,dropped_in_docs,DL,0
CPT109611,2026-01-11 14:24:39.205527294,approved,,6
CPT124121,,dropped_in_docs,PERMIT,3
CPT110606,,dropped_in_docs,PERMIT,3
CPT113911,,dropped_in_docs,DL,0
CPT107325,2026-01-12 07:45:30.870843566,approved,,6
CPT102358,,dropped_in_docs,INSURANCE,5
CPT110747,,dropped_in_docs,FITNESS,4
CPT107815,2026-01-11 02:57:30.408976092,approved,,6
CPT122898,,dropped_in_docs,FITNESS,4
CPT107850,,dropped_in_docs,RC,1
CPT102652,,dropped_in_docs,INSURANCE,5
CPT122783,2026-01-13 08:08:18.380968188,approved,,6
CPT121277,,dropped_in_docs,PERMIT,3
CPT104291,,dropped_in_docs,INSURANCE,5
CPT118786,,dropped_in_docs,AADHAAR,2
CPT104624,,dropped_in_docs,FITNESS,4
CPT122183,,dropped_in_docs,FITNESS,4
CPT111960,,dropped_in_docs,RC,1
CPT117120,,dropped_in_docs,PERMIT,3
CPT112792,,dropped_in_docs,FITNESS,4
CPT117799,,dropped_in_docs,RC,1
CPT103915,,dropped_in_docs,INSURANCE,5
CPT114448,,dropped_in_docs,PERMIT,3
CPT112402,,dropped_in_docs,INSURANCE,5
CPT109849,,dropped_in_docs,RC,1
CPT121375,,dropped_in_docs,RC,1
CPT100096,2026-01-12 00:01:39.272851371,approved,,5
CPT103538,2026-01-12 06:00:32.752807508,approved,,6
CPT117366,,dropped_in_docs,INSURANCE,5
CPT100884,,dropped_in_docs,DL,0
CPT100235,,dropped_in_docs,PERMIT,3
CPT111946,,dropped_in_docs,RC,1
CPT121857,,dropped_in_docs,DL,0
CPT118191,,dropped_in_docs,RC,1
CPT113722,2026-01-14 02:23:10.263385190,approved,,6
CPT113912,,dropped_in_docs,FITNESS,4
CPT101559,,dropped_in_docs,DL,0
CPT116677,,dropped_in_docs,AADHAAR,2
CPT103856,,dropped_in_docs,FITNESS,4
CPT121386,,dropped_in_docs,INSURANCE,5
CPT118710,,dropped_in_docs,RC,1
CPT105220,,dropped_in_docs,FITNESS,4
CPT112561,,dropped_in_docs,RC,1
CPT124198,,dropped_in_docs,RC,1
CPT121066,,dropped_in_docs,RC,1
CPT100557,,dropped_in_docs,AADHAAR,2
CPT110683,,dropped_in_docs,RC,1
CPT100648,,dropped_in_docs,FITNESS,4
CPT124692,,dropped_in_docs,AADHAAR,2
CPT112541,,dropped_in_docs,PERMIT,3
CPT116243,,dropped_in_docs,RC,1
CPT100886,,dropped_in_docs,FITNESS,4
CPT118983,,dropped_in_docs,RC,1
CPT109937,,dropped_in_docs,RC,1
CPT101690,,dropped_in_docs,RC,1
CPT108393,2026-01-12 11:48:47.257771216,approved,,6
CPT107931,,dropped_in_docs,AADHAAR,2
CPT109528,,dropped_in_docs,INSURANCE,5
CPT109486,,dropped_in_docs,INSURANCE,5
CPT119420,,dropped_in_docs,RC,1
CPT108572,2026-01-12 21:49:54.992328792,approved,,5
CPT116317,,dropped_in_docs,FITNESS,4
CPT104646,,dropped_in_docs,INSURANCE,5
CPT114139,,dropped_in_docs,RC,1
CPT123346,,dropped_in_docs,PERMIT,3
CPT104729,,dropped_in_docs,INSURANCE,5
CPT112191,,dropped_in_docs,AADHAAR,2
CPT108681,,dropped_in_docs,RC,1
CPT115203,,dropped_in_docs,INSURANCE,5
CPT120427,,dropped_in_docs,DL,0
CPT116730,,dropped_in_docs,RC,1
CPT101990,,dropped_in_docs,RC,1
CPT105770,,dropped_in_docs,PERMIT,3
CPT112208,,dropped_in_docs,FITNESS,4
CPT100584,,dropped_in_docs,RC,1
CPT113851,,dropped_in_docs,PERMIT,3
CPT119037,,dropped_in_docs,DL,0
CPT112637,,dropped_in_docs,FITNESS,4
CPT108627,,dropped_in_docs,AADHAAR,2
CPT105515,,dropped_in_docs,RC,1
CPT122060,,dropped_in_docs,FITNESS,4
CPT113101,,dropped_in_docs,RC,1
CPT111199,2026-01-12 18:58:04.823927313,rejected,duplicate_captain,6
CPT113389,,dropped_in_docs,PERMIT,3
CPT113409,,dropped_in_docs,PERMIT,3
CPT118198,2026-01-13 20:54:08.786312202,approved,,6
CPT105915,,dropped_in_docs,AADHAAR,2
CPT113647,2026-01-12 16:16:23.504561563,approved,,5
CPT112029,2026-01-12 01:09:10.587162379,approved,,5
CPT124049,,dropped_in_docs,RC,1
CPT117335,2026-01-14 16:16:08.227653258,approved,,6
CPT107061,,dropped_in_docs,PERMIT,3
CPT107195,,dropped_in_docs,RC,1
CPT123007,,dropped_in_docs,FITNESS,4
CPT101755,,dropped_in_docs,FITNESS,4
CPT118348,,dropped_in_docs,FITNESS,4
CPT122811,,dropped_in_docs,RC,1
CPT111030,2026-01-15 12:40:11.776192379,approved,,6
CPT112211,,dropped_in_docs,INSURANCE,5
CPT112007,,dropped_in_docs,RC,1
CPT109121,2026-01-11 19:50:38.262267380,approved,,5
CPT112767,,dropped_in_docs,FITNESS,4
CPT100872,,dropped_in_docs,DL,0
CPT124169,2026-01-16 14:58:31.133036751,rejected,vehicle_age_policy,6
CPT124493,,dropped_in_docs,RC,1
CPT103661,,dropped_in_docs,INSURANCE,5
CPT118452,,dropped_in_docs,INSURANCE,5
CPT108895,,dropped_in_docs,FITNESS,4
CPT116307,,dropped_in_docs,DL,0
CPT113704,2026-01-13 16:49:17.498635684,approved,,6
CPT101081,,dropped_in_docs,RC,1
CPT124162,,dropped_in_docs,INSURANCE,5
CPT116897,,dropped_in_docs,RC,1
CPT116957,2026-01-13 06:12:07.880503027,approved,,5
CPT119102,,dropped_in_docs,RC,1
CPT104992,,dropped_in_docs,RC,1
CPT116339,,dropped_in_docs,RC,1
CPT117280,2026-01-14 02:13:40.465982733,approved,,6
CPT121131,2026-01-13 18:00:38.491851802,approved,,5
CPT108499,,dropped_in_docs,DL,0
CPT108452,,dropped_in_docs,INSURANCE,5
CPT115357,2026-01-12 09:04:54.431662631,approved,,5
CPT120323,,dropped_in_docs,PERMIT,3
CPT112051,,dropped_in_docs,RC,1
CPT111473,,dropped_in_docs,DL,0
CPT102649,2026-01-13 00:28:11.990104450,approved,,5
CPT102495,,dropped_in_docs,PERMIT,3
CPT107803,,dropped_in_docs,FITNESS,4
CPT121498,,dropped_in_docs,RC,1
CPT101509,,dropped_in_docs,INSURANCE,5
CPT121367,2026-01-13 03:42:44.719664850,approved,,6
CPT123621,,dropped_in_docs,INSURANCE,5
CPT118318,,dropped_in_docs,PERMIT,3
CPT123139,,dropped_in_docs,INSURANCE,5
CPT115827,2026-01-15 00:59:21.962693619,approved,,6
CPT121456,2026-01-13 20:17:00.548421034,approved,,6
CPT104221,,dropped_in_docs,FITNESS,4
CPT108263,2026-01-15 07:04:28.525943479,approved,,6
CPT122168,,dropped_in_docs,RC,1
CPT107885,2026-01-13 14:24:26.503504276,approved,,6
CPT104109,,dropped_in_docs,RC,1
CPT116625,,dropped_in_docs,AADHAAR,2
CPT103275,,dropped_in_docs,FITNESS,4
CPT123140,,dropped_in_docs,RC,1
CPT119853,,dropped_in_docs,FITNESS,4
CPT112383,,dropped_in_docs,DL,0
CPT114656,,dropped_in_docs,RC,1
CPT115339,,dropped_in_docs,AADHAAR,2
CPT100791,2026-01-14 03:54:40.324849440,approved,,6
CPT121553,,dropped_in_docs,RC,1
CPT123997,,dropped_in_docs,PERMIT,3
CPT116490,,dropped_in_docs,RC,1
CPT122174,,dropped_in_docs,INSURANCE,5
CPT100352,,dropped_in_docs,AADHAAR,2
CPT103878,2026-01-12 03:43:56.628246007,approved,,6
CPT100339,,dropped_in_docs,PERMIT,3
CPT112177,,dropped_in_docs,DL,0
CPT119307,,dropped_in_docs,FITNESS,4
CPT110118,,dropped_in_docs,RC,1
CPT113933,,dropped_in_docs,PERMIT,3
CPT106410,,dropped_in_docs,FITNESS,4
CPT122273,,dropped_in_docs,FITNESS,4
CPT114969,,dropped_in_docs,INSURANCE,5
CPT114731,2026-01-14 00:58:44.466878972,approved,,6
CPT116721,2026-01-14 05:51:22.085183669,approved,,6
CPT108876,,dropped_in_docs,DL,0
CPT102471,2026-01-16 00:29:42.497482985,approved,,6
CPT118661,,dropped_in_docs,RC,1
CPT107100,,dropped_in_docs,DL,0
CPT115243,2026-01-12 20:33:49.939991357,approved,,5
CPT107767,,dropped_in_docs,RC,1
CPT120832,,dropped_in_docs,RC,1
CPT104205,,dropped_in_docs,RC,1
CPT112597,,dropped_in_docs,RC,1
CPT112131,2026-01-14 20:42:02.899241959,approved,,5
CPT107643,,dropped_in_docs,RC,1
CPT122826,,dropped_in_docs,DL,0
CPT107041,,dropped_in_docs,DL,0
CPT123714,,dropped_in_docs,DL,0
CPT108771,,dropped_in_docs,RC,1
CPT123646,,dropped_in_docs,FITNESS,4
CPT108100,2026-01-14 01:48:47.258156213,approved,,6
CPT122295,,dropped_in_docs,DL,0
CPT109983,,dropped_in_docs,FITNESS,4
CPT115386,,dropped_in_docs,PERMIT,3
CPT105911,,dropped_in_docs,RC,1
CPT112077,,dropped_in_docs,RC,1
CPT100186,,dropped_in_docs,PERMIT,3
CPT121961,,dropped_in_docs,RC,1
CPT115073,,dropped_in_docs,DL,0
CPT106394,,dropped_in_docs,INSURANCE,5
CPT117326,,dropped_in_docs,PERMIT,3
CPT120338,,dropped_in_docs,INSURANCE,5
CPT117219,,dropped_in_docs,RC,1
CPT107279,,dropped_in_docs,RC,1
CPT119319,,dropped_in_docs,AADHAAR,2
CPT104424,,dropped_in_docs,RC,1
CPT100098,,dropped_in_docs,PERMIT,3
CPT116059,2026-01-15 06:53:49.669563901,approved,,6
CPT106686,,dropped_in_docs,RC,1
CPT101036,,dropped_in_docs,PERMIT,3
CPT114623,,dropped_in_docs,DL,0
CPT117419,,dropped_in_docs,PERMIT,3
CPT106880,,dropped_in_docs,RC,1
CPT103876,2026-01-15 09:58:49.918850446,approved,,6
CPT113568,,dropped_in_docs,FITNESS,4
CPT111249,2026-01-15 02:07:16.686163265,approved,,6
CPT113142,,dropped_in_docs,INSURANCE,5
CPT108059,2026-01-16 15:17:58.709649628,approved,,6
CPT108782,,dropped_in_docs,INSURANCE,5
CPT110395,,dropped_in_docs,RC,1
CPT117190,,dropped_in_docs,FITNESS,4
CPT123169,2026-01-17 20:09:12.163273358,rejected,background_check_failed,6
CPT113446,,dropped_in_docs,PERMIT,3
CPT118355,,dropped_in_docs,RC,1
CPT111830,,dropped_in_docs,RC,1
CPT101925,2026-01-15 14:44:16.104081553,approved,,6
CPT107138,,dropped_in_docs,DL,0
CPT115035,,dropped_in_docs,PERMIT,3
CPT104426,,dropped_in_docs,PERMIT,3
CPT112319,,dropped_in_docs,RC,1
CPT104487,,dropped_in_docs,RC,1
CPT103138,2026-01-14 05:10:39.298246279,approved,,6
CPT124808,2026-01-14 15:41:21.622207867,approved,,6
CPT120206,,dropped_in_docs,RC,1
CPT124457,,dropped_in_docs,RC,1
CPT123569,,dropped_in_docs,RC,1
CPT115177,,dropped_in_docs,INSURANCE,5
CPT108889,,dropped_in_docs,RC,1
CPT112151,,dropped_in_docs,AADHAAR,2
CPT103129,2026-01-17 13:01:35.191831574,approved,,6
CPT100763,,dropped_in_docs,INSURANCE,5
CPT123200,2026-01-16 09:40:27.193497162,rejected,background_check_failed,6
CPT111592,,dropped_in_docs,INSURANCE,5
CPT103791,,dropped_in_docs,INSURANCE,5
CPT109642,,dropped_in_docs,FITNESS,4
CPT119310,,dropped_in_docs,FITNESS,4
CPT106612,,dropped_in_docs,RC,1
CPT100024,,dropped_in_docs,AADHAAR,2
CPT102662,2026-01-14 11:35:51.486817041,approved,,6
CPT115760,,dropped_in_docs,FITNESS,4
CPT112278,2026-01-14 08:22:22.497724183,approved,,6
CPT103352,,dropped_in_docs,RC,1
CPT109446,,dropped_in_docs,AADHAAR,2
CPT120189,,dropped_in_docs,FITNESS,4
CPT108875,2026-01-14 20:33:52.482075544,approved,,6
CPT111758,2026-01-13 10:13:02.881214902,rejected,doc_authenticity_flag,6
CPT104403,,dropped_in_docs,PERMIT,3
CPT108374,,dropped_in_docs,FITNESS,4
CPT118194,,dropped_in_docs,PERMIT,3
CPT114117,2026-01-17 17:06:51.547872716,approved,,6
CPT107730,,dropped_in_docs,PERMIT,3
CPT111362,,dropped_in_docs,DL,0
CPT121239,,dropped_in_docs,RC,1
CPT113840,,dropped_in_docs,PERMIT,3
CPT109787,,dropped_in_docs,FITNESS,4
CPT100866,2026-01-14 13:14:10.371035698,approved,,6
CPT107693,,dropped_in_docs,PERMIT,3
CPT115162,,dropped_in_docs,FITNESS,4
CPT120775,2026-01-16 12:47:58.164919075,approved,,6
CPT124960,,dropped_in_docs,FITNESS,4
CPT111614,,dropped_in_docs,AADHAAR,2
CPT100308,,dropped_in_docs,INSURANCE,5
CPT122570,,dropped_in_docs,DL,0
CPT113519,,dropped_in_docs,PERMIT,3
CPT110385,,dropped_in_docs,AADHAAR,2
CPT123839,,dropped_in_docs,PERMIT,3
CPT124314,,dropped_in_docs,DL,0
CPT120580,2026-01-13 20:21:23.838138378,approved,,6
CPT114348,,dropped_in_docs,RC,1
CPT107974,2026-01-13 04:42:52.150028227,approved,,6
CPT110131,,dropped_in_docs,INSURANCE,5
CPT104737,,dropped_in_docs,DL,0
CPT100915,,dropped_in_docs,RC,1
CPT113436,,dropped_in_docs,INSURANCE,5
CPT122487,,dropped_in_docs,AADHAAR,2
CPT107881,,dropped_in_docs,PERMIT,3
CPT122482,2026-01-11 19:20:03.661084995,approved,,5
CPT120856,,dropped_in_docs,RC,1
CPT107210,,dropped_in_docs,RC,1
CPT100840,,dropped_in_docs,INSURANCE,5
CPT105150,,dropped_in_docs,RC,1
CPT110206,,dropped_in_docs,RC,1
CPT100629,,dropped_in_docs,DL,0
CPT116256,,dropped_in_docs,RC,1
CPT109796,2026-01-12 23:16:09.647999774,approved,,5
CPT107672,,dropped_in_docs,RC,1
CPT105231,,dropped_in_docs,AADHAAR,2
CPT113594,,dropped_in_docs,RC,1
CPT117685,,dropped_in_docs,INSURANCE,5
CPT113204,,dropped_in_docs,PERMIT,3
CPT116641,,dropped_in_docs,INSURANCE,5
CPT111465,,dropped_in_docs,PERMIT,3
CPT113820,2026-01-14 22:21:36.098515274,approved,,6
CPT101860,,dropped_in_docs,PERMIT,3
CPT124851,,dropped_in_docs,RC,1
CPT121542,,dropped_in_docs,RC,1
CPT101638,,dropped_in_docs,RC,1
CPT123698,,dropped_in_docs,PERMIT,3
CPT100090,,dropped_in_docs,PERMIT,3
CPT106109,,dropped_in_docs,DL,0
CPT105750,2026-01-15 14:14:39.855170834,approved,,6
CPT119647,,dropped_in_docs,DL,0
CPT119114,,dropped_in_docs,INSURANCE,5
CPT102467,,dropped_in_docs,RC,1
CPT114454,,dropped_in_docs,AADHAAR,2
CPT118748,,dropped_in_docs,INSURANCE,5
CPT104669,,dropped_in_docs,RC,1
CPT113740,,dropped_in_docs,INSURANCE,5
CPT100470,2026-01-16 19:28:58.002374117,approved,,6
CPT121440,2026-01-15 09:39:24.183806365,approved,,6
CPT112429,,dropped_in_docs,INSURANCE,5
CPT106519,,dropped_in_docs,FITNESS,4
CPT118826,,dropped_in_docs,RC,1
CPT106545,,dropped_in_docs,RC,1
CPT121933,,dropped_in_docs,FITNESS,4
CPT120224,,dropped_in_docs,RC,1
CPT116473,,dropped_in_docs,AADHAAR,2
CPT123749,,dropped_in_docs,FITNESS,4
CPT120237,,dropped_in_docs,RC,1
CPT116537,,dropped_in_docs,RC,1
CPT105870,2026-01-13 08:07:09.907361852,rejected,background_check_failed,6
CPT101664,2026-01-17 00:41:10.865617577,approved,,5
CPT114605,,dropped_in_docs,INSURANCE,5
CPT106888,2026-01-21 01:59:08.920269058,rejected,duplicate_captain,6
CPT124812,2026-01-17 22:59:19.594721352,approved,,6
CPT117572,2026-01-15 17:18:02.426114676,approved,,5
CPT100859,2026-01-16 13:15:57.884499241,approved,,6
CPT110690,,dropped_in_docs,FITNESS,4
CPT120902,,dropped_in_docs,RC,1
CPT100192,,dropped_in_docs,AADHAAR,2
CPT115951,,dropped_in_docs,RC,1
CPT121354,,dropped_in_docs,INSURANCE,5
CPT111625,,dropped_in_docs,FITNESS,4
CPT107752,,dropped_in_docs,INSURANCE,5
CPT119696,,dropped_in_docs,AADHAAR,2
CPT121032,2026-01-15 03:57:52.969789454,rejected,doc_authenticity_flag,5
CPT106562,,dropped_in_docs,RC,1
CPT107736,,dropped_in_docs,AADHAAR,2
CPT117060,,dropped_in_docs,PERMIT,3
CPT114776,,dropped_in_docs,FITNESS,4
CPT120692,2026-01-15 04:49:17.579987718,approved,,6
CPT103726,,dropped_in_docs,INSURANCE,5
CPT102040,,dropped_in_docs,RC,1
CPT121595,2026-01-16 05:05:04.433188333,approved,,6
CPT113250,,dropped_in_docs,PERMIT,3
CPT105717,,dropped_in_docs,PERMIT,3
CPT120799,2026-01-15 12:16:24.087726321,approved,,5
CPT112285,,dropped_in_docs,FITNESS,4
CPT106276,,dropped_in_docs,PERMIT,3
CPT110729,,dropped_in_docs,PERMIT,3
CPT115623,,dropped_in_docs,RC,1
CPT109277,,dropped_in_docs,RC,1
CPT103221,,dropped_in_docs,RC,1
CPT105157,,dropped_in_docs,RC,1
CPT106982,,dropped_in_docs,RC,1
CPT122534,,dropped_in_docs,DL,0
CPT118109,2026-01-15 22:35:04.210525669,approved,,6
CPT107696,,dropped_in_docs,INSURANCE,5
CPT109423,,dropped_in_docs,RC,1
CPT106439,,dropped_in_docs,DL,0
CPT108839,,dropped_in_docs,DL,0
CPT102352,,dropped_in_docs,AADHAAR,2
CPT113352,,dropped_in_docs,DL,0
CPT119203,,dropped_in_docs,PERMIT,3
CPT109269,,dropped_in_docs,INSURANCE,5
CPT110448,,dropped_in_docs,PERMIT,3
CPT117306,2026-01-17 18:31:44.673308961,approved,,6
CPT115754,2026-01-14 20:39:10.542711784,approved,,6
CPT113353,,dropped_in_docs,PERMIT,3
CPT122559,2026-01-16 10:53:26.123041803,approved,,6
CPT116431,,dropped_in_docs,RC,1
CPT113089,2026-01-15 06:13:55.717950225,approved,,6
CPT113194,2026-01-15 00:58:19.520049914,rejected,duplicate_captain,6
CPT118937,,dropped_in_docs,RC,1
CPT100205,,dropped_in_docs,PERMIT,3
CPT105162,2026-01-16 03:29:39.284969563,approved,,6
CPT116162,2026-01-15 15:46:49.745673130,approved,,6
CPT112193,,dropped_in_docs,RC,1
CPT120844,,dropped_in_docs,PERMIT,3
CPT120563,,dropped_in_docs,INSURANCE,5
CPT102084,2026-01-13 20:08:35.112312744,approved,,6
CPT113710,,dropped_in_docs,RC,1
CPT124938,,dropped_in_docs,RC,1
CPT116855,,dropped_in_docs,PERMIT,3
CPT108455,,dropped_in_docs,PERMIT,3
CPT106386,2026-01-14 18:05:56.656736559,approved,,6
CPT101463,,dropped_in_docs,FITNESS,4
CPT117986,,dropped_in_docs,RC,1
CPT104498,2026-01-14 23:22:29.476108673,approved,,6
CPT118149,,dropped_in_docs,FITNESS,4
CPT110838,,dropped_in_docs,AADHAAR,2
CPT100691,,dropped_in_docs,AADHAAR,2
CPT113830,,dropped_in_docs,DL,0
CPT121052,,dropped_in_docs,RC,1
CPT100380,,dropped_in_docs,RC,1
CPT108492,,dropped_in_docs,PERMIT,3
CPT121831,,dropped_in_docs,PERMIT,3
CPT107434,,dropped_in_docs,RC,1
CPT122551,,dropped_in_docs,DL,0
CPT112574,,dropped_in_docs,AADHAAR,2
CPT120916,,dropped_in_docs,INSURANCE,5
CPT120505,2026-01-14 04:19:19.673376732,rejected,duplicate_captain,5
CPT118064,,dropped_in_docs,INSURANCE,5
CPT106308,,dropped_in_docs,RC,1
CPT103215,2026-01-16 23:10:31.990162240,approved,,6
CPT115798,2026-01-14 19:04:14.230432631,approved,,5
CPT115006,,dropped_in_docs,DL,0
CPT123466,,dropped_in_docs,PERMIT,3
CPT119530,,dropped_in_docs,FITNESS,4
CPT102936,,dropped_in_docs,RC,1
CPT110557,,dropped_in_docs,DL,0
CPT108751,,dropped_in_docs,RC,1
CPT104991,2026-01-18 07:33:27.310097409,approved,,6
CPT102984,,dropped_in_docs,PERMIT,3
CPT114960,,dropped_in_docs,DL,0
CPT119834,,dropped_in_docs,INSURANCE,5
CPT122964,,dropped_in_docs,RC,1
CPT103389,,dropped_in_docs,AADHAAR,2
CPT102876,2026-01-14 01:35:55.654768273,approved,,5
CPT114129,,dropped_in_docs,RC,1
CPT121568,,dropped_in_docs,RC,1
CPT101240,,dropped_in_docs,DL,0
CPT109974,,dropped_in_docs,AADHAAR,2
CPT103045,,dropped_in_docs,FITNESS,4
CPT121869,,dropped_in_docs,RC,1
CPT105489,,dropped_in_docs,AADHAAR,2
CPT110767,,dropped_in_docs,RC,1
CPT108603,2026-01-15 17:21:16.586335890,approved,,6
CPT100435,,dropped_in_docs,DL,0
CPT101787,,dropped_in_docs,DL,0
CPT115665,2026-01-14 18:54:45.325916303,approved,,6
CPT112525,,dropped_in_docs,PERMIT,3
CPT113279,,dropped_in_docs,RC,1
CPT121357,,dropped_in_docs,PERMIT,3
CPT109403,,dropped_in_docs,PERMIT,3
CPT101248,,dropped_in_docs,PERMIT,3
CPT115540,2026-01-17 08:50:53.197851827,approved,,6
CPT100728,,dropped_in_docs,RC,1
CPT124934,,dropped_in_docs,RC,1
CPT110069,,dropped_in_docs,DL,0
CPT106848,,dropped_in_docs,FITNESS,4
CPT114881,2026-01-17 03:31:25.683060939,approved,,6
CPT117719,2026-01-14 20:26:42.737253698,approved,,5
CPT119823,2026-01-19 00:42:02.672006892,approved,,5
CPT119135,2026-01-16 00:10:56.352596025,approved,,6
CPT104239,2026-01-15 20:45:48.423181872,approved,,6
CPT122421,,dropped_in_docs,INSURANCE,5
CPT118917,,dropped_in_docs,RC,1
CPT116284,,dropped_in_docs,INSURANCE,5
CPT113563,,dropped_in_docs,RC,1
CPT118029,,dropped_in_docs,RC,1
CPT108974,,dropped_in_docs,PERMIT,3
CPT105458,,dropped_in_docs,DL,0
CPT119164,,dropped_in_docs,FITNESS,4
CPT116402,,dropped_in_docs,RC,1
CPT109442,,dropped_in_docs,FITNESS,4
CPT123432,,dropped_in_docs,RC,1
CPT109578,,dropped_in_docs,PERMIT,3
CPT108090,,dropped_in_docs,PERMIT,3
CPT105207,,dropped_in_docs,RC,1
CPT102969,,dropped_in_docs,DL,0
CPT100023,,dropped_in_docs,RC,1
CPT110312,,dropped_in_docs,DL,0
CPT104038,2026-01-17 08:43:52.878112061,approved,,5
CPT110355,,dropped_in_docs,FITNESS,4
CPT114985,,dropped_in_docs,PERMIT,3
CPT105439,,dropped_in_docs,INSURANCE,5
CPT104127,,dropped_in_docs,RC,1
CPT109874,2026-01-17 23:13:59.335363062,approved,,6
CPT123633,,dropped_in_docs,AADHAAR,2
CPT104398,,dropped_in_docs,RC,1
CPT115962,2026-01-17 01:48:59.657983972,approved,,6
CPT109995,,dropped_in_docs,PERMIT,3
CPT120343,,dropped_in_docs,RC,1
CPT124566,,dropped_in_docs,RC,1
CPT124357,,dropped_in_docs,PERMIT,3
CPT102014,2026-01-17 02:09:13.109153197,approved,,5
CPT105105,,dropped_in_docs,DL,0
CPT103854,,dropped_in_docs,FITNESS,4
CPT119663,,dropped_in_docs,INSURANCE,5
CPT118968,2026-01-17 01:51:23.760101123,approved,,6
CPT115762,,dropped_in_docs,DL,0
CPT108820,,dropped_in_docs,RC,1
CPT104164,,dropped_in_docs,AADHAAR,2
CPT111450,,dropped_in_docs,RC,1
CPT122163,,dropped_in_docs,RC,1
CPT117511,,dropped_in_docs,AADHAAR,2
CPT107659,,dropped_in_docs,RC,1
CPT106885,2026-01-16 07:56:01.887554867,approved,,6
CPT123032,,dropped_in_docs,INSURANCE,5
CPT100935,2026-01-24 18:47:02.722577797,approved,,6
CPT123786,,dropped_in_docs,DL,0
CPT106170,,dropped_in_docs,RC,1
CPT100185,2026-01-16 13:12:38.303630829,approved,,6
CPT119534,,dropped_in_docs,DL,0
CPT103446,,dropped_in_docs,PERMIT,3
CPT102306,,dropped_in_docs,RC,1
CPT103137,2026-01-14 10:39:53.810206815,approved,,5
CPT116484,,dropped_in_docs,INSURANCE,5
CPT105125,,dropped_in_docs,RC,1
CPT124740,,dropped_in_docs,RC,1
CPT104182,2026-01-17 13:14:40.336518025,approved,,6
CPT111912,,dropped_in_docs,DL,0
CPT120631,,dropped_in_docs,RC,1
CPT110657,,dropped_in_docs,DL,0
CPT115768,,dropped_in_docs,PERMIT,3
CPT121394,,dropped_in_docs,PERMIT,3
CPT107829,,dropped_in_docs,PERMIT,3
CPT122996,,dropped_in_docs,FITNESS,4
CPT106427,,dropped_in_docs,RC,1
CPT116763,2026-01-17 05:52:45.811327565,rejected,background_check_failed,6
CPT101695,2026-01-17 05:18:16.537513239,approved,,5
CPT107902,,dropped_in_docs,RC,1
CPT115411,,dropped_in_docs,DL,0
CPT102628,,dropped_in_docs,AADHAAR,2
CPT104420,,dropped_in_docs,PERMIT,3
CPT102948,,dropped_in_docs,RC,1
CPT122715,2026-01-15 16:05:37.882338597,approved,,6
CPT102099,,dropped_in_docs,RC,1
CPT114269,,dropped_in_docs,RC,1
CPT108142,,dropped_in_docs,DL,0
CPT111042,2026-01-17 13:35:32.086782659,approved,,6
CPT106931,2026-01-15 13:04:51.601858798,rejected,doc_authenticity_flag,5
CPT119748,,dropped_in_docs,DL,0
CPT116697,,dropped_in_docs,RC,1
CPT124190,,dropped_in_docs,INSURANCE,5
CPT118099,,dropped_in_docs,PERMIT,3
CPT118887,,dropped_in_docs,DL,0
CPT123451,,dropped_in_docs,AADHAAR,2
CPT107070,,dropped_in_docs,RC,1
CPT107365,2026-01-19 03:48:27.000541165,approved,,6
CPT104080,,dropped_in_docs,RC,1
CPT120943,,dropped_in_docs,FITNESS,4
CPT119856,,dropped_in_docs,PERMIT,3
CPT116457,,dropped_in_docs,DL,0
CPT119638,,dropped_in_docs,RC,1
CPT122955,,dropped_in_docs,PERMIT,3
CPT111944,,dropped_in_docs,INSURANCE,5
CPT104392,,dropped_in_docs,AADHAAR,2
CPT110394,,dropped_in_docs,AADHAAR,2
CPT124817,,dropped_in_docs,FITNESS,4
CPT124619,,dropped_in_docs,DL,0
CPT109406,,dropped_in_docs,PERMIT,3
CPT121192,,dropped_in_docs,INSURANCE,5
CPT107321,,dropped_in_docs,RC,1
CPT104473,,dropped_in_docs,DL,0
CPT120481,,dropped_in_docs,INSURANCE,5
CPT119665,2026-01-17 12:47:09.666580918,approved,,6
CPT111532,,dropped_in_docs,DL,0
CPT110918,,dropped_in_docs,INSURANCE,5
CPT105969,2026-01-17 08:02:42.795341785,approved,,5
CPT113246,,dropped_in_docs,PERMIT,3
CPT104130,,dropped_in_docs,PERMIT,3
CPT115605,,dropped_in_docs,PERMIT,3
CPT104090,,dropped_in_docs,RC,1
CPT101243,,dropped_in_docs,PERMIT,3
CPT107396,,dropped_in_docs,DL,0
CPT113576,,dropped_in_docs,PERMIT,3
CPT113055,,dropped_in_docs,RC,1
CPT121609,,dropped_in_docs,RC,1
CPT106627,,dropped_in_docs,FITNESS,4
CPT113675,,dropped_in_docs,AADHAAR,2
CPT110371,,dropped_in_docs,RC,1
CPT102599,,dropped_in_docs,INSURANCE,5
CPT101086,,dropped_in_docs,PERMIT,3
CPT113254,,dropped_in_docs,RC,1
CPT102233,,dropped_in_docs,RC,1
CPT120989,,dropped_in_docs,FITNESS,4
CPT105530,,dropped_in_docs,PERMIT,3
CPT123908,,dropped_in_docs,RC,1
CPT111339,,dropped_in_docs,RC,1
CPT120476,2026-01-17 12:02:12.969331190,approved,,6
CPT121399,,dropped_in_docs,DL,0
CPT109958,,dropped_in_docs,INSURANCE,5
CPT105270,,dropped_in_docs,PERMIT,3
CPT120461,,dropped_in_docs,RC,1
CPT109879,,dropped_in_docs,RC,1
CPT115727,,dropped_in_docs,RC,1
CPT113957,,dropped_in_docs,PERMIT,3
CPT106895,,dropped_in_docs,INSURANCE,5
CPT102866,,dropped_in_docs,DL,0
CPT119848,2026-01-18 21:49:59.859609249,approved,,6
CPT102627,,dropped_in_docs,DL,0
CPT104470,2026-01-16 09:19:21.619525636,approved,,5
CPT100159,,dropped_in_docs,RC,1
CPT114562,,dropped_in_docs,RC,1
CPT120233,,dropped_in_docs,INSURANCE,5
CPT113011,2026-01-20 03:11:45.358381149,approved,,6
CPT108283,,dropped_in_docs,INSURANCE,5
CPT115377,,dropped_in_docs,PERMIT,3
CPT117566,2026-01-18 19:47:52.738883369,approved,,6
CPT118976,,dropped_in_docs,PERMIT,3
CPT124537,2026-01-18 00:27:08.703185964,approved,,6
CPT120365,2026-01-17 12:26:46.090251277,approved,,6
CPT112479,,dropped_in_docs,INSURANCE,5
CPT104650,,dropped_in_docs,PERMIT,3
CPT113328,,dropped_in_docs,RC,1
CPT115392,,dropped_in_docs,INSURANCE,5
CPT103914,,dropped_in_docs,RC,1
CPT122473,,dropped_in_docs,AADHAAR,2
CPT110180,,dropped_in_docs,PERMIT,3
CPT122637,,dropped_in_docs,INSURANCE,5
CPT107652,,dropped_in_docs,FITNESS,4
CPT100209,,dropped_in_docs,RC,1
CPT112910,,dropped_in_docs,DL,0
CPT101869,,dropped_in_docs,RC,1
CPT121106,2026-01-17 04:09:24.989852049,approved,,5
CPT117270,,dropped_in_docs,DL,0
CPT116524,,dropped_in_docs,INSURANCE,5
CPT110170,,dropped_in_docs,INSURANCE,5
CPT101253,,dropped_in_docs,RC,1
CPT106727,,dropped_in_docs,DL,0
CPT117663,,dropped_in_docs,AADHAAR,2
CPT118605,,dropped_in_docs,DL,0
CPT102209,,dropped_in_docs,RC,1
CPT112783,,dropped_in_docs,PERMIT,3
CPT119660,,dropped_in_docs,RC,1
CPT100575,,dropped_in_docs,AADHAAR,2
CPT114778,,dropped_in_docs,FITNESS,4
CPT108354,,dropped_in_docs,FITNESS,4
CPT123535,,dropped_in_docs,INSURANCE,5
CPT118972,,dropped_in_docs,RC,1
CPT104731,2026-01-17 09:16:26.144924086,approved,,5
CPT113037,,dropped_in_docs,RC,1
CPT113282,,dropped_in_docs,PERMIT,3
CPT122066,,dropped_in_docs,RC,1
CPT118143,,dropped_in_docs,AADHAAR,2
CPT114532,,dropped_in_docs,INSURANCE,5
CPT107281,2026-01-17 10:44:47.944706188,approved,,6
CPT115078,,dropped_in_docs,FITNESS,4
CPT102748,,dropped_in_docs,PERMIT,3
CPT116883,,dropped_in_docs,AADHAAR,2
CPT106710,,dropped_in_docs,RC,1
CPT121318,,dropped_in_docs,PERMIT,3
CPT113026,,dropped_in_docs,PERMIT,3
CPT117152,2026-01-20 21:00:22.728183955,approved,,6
CPT111426,,dropped_in_docs,PERMIT,3
CPT117292,,dropped_in_docs,INSURANCE,5
CPT114542,2026-01-18 10:44:30.271321722,approved,,6
CPT112332,2026-01-20 02:10:46.681322825,approved,,6
CPT111183,,dropped_in_docs,DL,0
CPT116526,2026-01-16 16:38:03.576263203,approved,,5
CPT118876,2026-01-18 09:23:46.996562801,approved,,6
CPT106158,2026-01-20 19:42:34.771590974,approved,,6
CPT102855,,dropped_in_docs,DL,0
CPT118988,,dropped_in_docs,FITNESS,4
CPT107428,,dropped_in_docs,RC,1
CPT107331,2026-01-18 16:28:58.318244777,approved,,5
CPT119965,,dropped_in_docs,RC,1
CPT100756,,dropped_in_docs,DL,0
CPT115449,2026-01-18 04:52:44.640719791,approved,,6
CPT105518,,dropped_in_docs,FITNESS,4
CPT111502,,dropped_in_docs,RC,1
CPT120826,,dropped_in_docs,FITNESS,4
CPT120007,,dropped_in_docs,RC,1
CPT101148,2026-01-19 10:53:42.022922167,approved,,6
CPT112929,2026-01-17 12:49:06.407577729,approved,,5
CPT102898,,dropped_in_docs,RC,1
CPT118728,,dropped_in_docs,INSURANCE,5
CPT118006,,dropped_in_docs,PERMIT,3
CPT108247,,dropped_in_docs,INSURANCE,5
CPT108176,2026-01-17 23:47:51.094769064,approved,,5
CPT110759,,dropped_in_docs,AADHAAR,2
CPT123526,,dropped_in_docs,RC,1
CPT109062,,dropped_in_docs,DL,0
CPT100938,,dropped_in_docs,AADHAAR,2
CPT123709,,dropped_in_docs,RC,1
CPT117649,,dropped_in_docs,FITNESS,4
CPT121000,,dropped_in_docs,PERMIT,3
CPT119550,,dropped_in_docs,RC,1
CPT120636,2026-01-21 11:26:41.735345294,approved,,6
CPT113174,,dropped_in_docs,PERMIT,3
CPT120763,,dropped_in_docs,PERMIT,3
CPT119327,,dropped_in_docs,RC,1
CPT120849,,dropped_in_docs,FITNESS,4
CPT115146,,dropped_in_docs,DL,0
CPT115100,,dropped_in_docs,INSURANCE,5
CPT113999,,dropped_in_docs,PERMIT,3
CPT114718,,dropped_in_docs,INSURANCE,5
CPT108790,,dropped_in_docs,RC,1
CPT123733,,dropped_in_docs,FITNESS,4
CPT112697,,dropped_in_docs,PERMIT,3
CPT113176,,dropped_in_docs,RC,1
CPT116292,,dropped_in_docs,RC,1
CPT109383,2026-01-18 15:16:18.182338309,approved,,5
CPT120342,,dropped_in_docs,RC,1
CPT109503,,dropped_in_docs,DL,0
CPT113051,2026-01-21 02:25:32.370788053,approved,,6
CPT113910,,dropped_in_docs,DL,0
CPT122640,,dropped_in_docs,FITNESS,4
CPT122457,,dropped_in_docs,AADHAAR,2
CPT122439,,dropped_in_docs,FITNESS,4
CPT107256,2026-01-19 08:22:53.298603769,approved,,6
CPT108908,2026-01-21 02:52:07.462048097,approved,,6
CPT103101,,dropped_in_docs,RC,1
CPT123425,2026-01-21 18:37:23.040940017,approved,,6
CPT103182,,dropped_in_docs,PERMIT,3
CPT104673,,dropped_in_docs,DL,0
CPT106785,,dropped_in_docs,RC,1
CPT110102,,dropped_in_docs,INSURANCE,5
CPT123548,,dropped_in_docs,FITNESS,4
CPT123736,,dropped_in_docs,RC,1
CPT116875,2026-01-19 12:39:53.283509798,approved,,6
CPT105921,,dropped_in_docs,AADHAAR,2
CPT106927,,dropped_in_docs,PERMIT,3
CPT112881,,dropped_in_docs,DL,0
CPT100983,,dropped_in_docs,DL,0
CPT118442,,dropped_in_docs,FITNESS,4
CPT118879,,dropped_in_docs,INSURANCE,5
CPT109468,,dropped_in_docs,RC,1
CPT102880,2026-01-22 13:27:36.831291674,approved,,6
CPT116025,,dropped_in_docs,RC,1
CPT121452,,dropped_in_docs,RC,1
CPT117149,,dropped_in_docs,RC,1
CPT104107,,dropped_in_docs,DL,0
CPT114329,,dropped_in_docs,FITNESS,4
CPT116650,2026-01-16 10:37:46.530464386,approved,,5
CPT111751,,dropped_in_docs,RC,1
CPT111597,,dropped_in_docs,INSURANCE,5
CPT106973,,dropped_in_docs,FITNESS,4
CPT105968,,dropped_in_docs,INSURANCE,5
CPT108940,,dropped_in_docs,DL,0
CPT116409,,dropped_in_docs,RC,1
CPT119476,,dropped_in_docs,RC,1
CPT120094,,dropped_in_docs,PERMIT,3
CPT115897,,dropped_in_docs,RC,1
CPT102914,,dropped_in_docs,DL,0
CPT103910,,dropped_in_docs,PERMIT,3
CPT107393,,dropped_in_docs,FITNESS,4
CPT109734,,dropped_in_docs,INSURANCE,5
CPT108166,2026-01-19 11:57:53.359982769,approved,,6
CPT123001,,dropped_in_docs,PERMIT,3
CPT101672,,dropped_in_docs,RC,1
CPT114339,,dropped_in_docs,INSURANCE,5
CPT116885,,dropped_in_docs,RC,1
CPT119344,,dropped_in_docs,PERMIT,3
CPT122098,,dropped_in_docs,PERMIT,3
CPT118060,,dropped_in_docs,INSURANCE,5
CPT109459,,dropped_in_docs,PERMIT,3
CPT116217,,dropped_in_docs,INSURANCE,5
CPT120817,,dropped_in_docs,RC,1
CPT102614,,dropped_in_docs,FITNESS,4
CPT109097,,dropped_in_docs,INSURANCE,5
CPT118883,,dropped_in_docs,INSURANCE,5
CPT122518,,dropped_in_docs,RC,1
CPT112665,,dropped_in_docs,RC,1
CPT115084,,dropped_in_docs,RC,1
CPT119488,2026-01-19 04:31:33.976291782,approved,,6
CPT111232,2026-01-16 21:03:10.198236869,rejected,background_check_failed,5
CPT109841,,dropped_in_docs,PERMIT,3
CPT109011,,dropped_in_docs,PERMIT,3
CPT116436,,dropped_in_docs,AADHAAR,2
CPT120332,2026-01-19 15:13:28.628184695,approved,,6
CPT107600,,dropped_in_docs,DL,0
CPT116888,,dropped_in_docs,AADHAAR,2
CPT115462,,dropped_in_docs,AADHAAR,2
CPT123979,,dropped_in_docs,PERMIT,3
CPT105215,2026-01-18 12:37:25.679087065,approved,,6
CPT111624,,dropped_in_docs,RC,1
CPT123476,,dropped_in_docs,RC,1
CPT121021,,dropped_in_docs,FITNESS,4
CPT111437,,dropped_in_docs,RC,1
CPT124317,2026-01-18 18:39:01.215972226,approved,,6
CPT119537,,dropped_in_docs,RC,1
CPT116388,,dropped_in_docs,RC,1
CPT103731,,dropped_in_docs,DL,0
CPT107470,,dropped_in_docs,FITNESS,4
CPT120171,,dropped_in_docs,DL,0
CPT102533,,dropped_in_docs,INSURANCE,5
CPT109738,,dropped_in_docs,PERMIT,3
CPT105232,,dropped_in_docs,PERMIT,3
CPT118176,,dropped_in_docs,AADHAAR,2
CPT109520,,dropped_in_docs,RC,1
CPT122794,,dropped_in_docs,FITNESS,4
CPT110703,,dropped_in_docs,RC,1
CPT115718,2026-01-21 06:49:48.962296906,approved,,6
CPT120138,,dropped_in_docs,RC,1
CPT123270,,dropped_in_docs,FITNESS,4
CPT124697,,dropped_in_docs,PERMIT,3
CPT124175,,dropped_in_docs,DL,0
CPT116651,,dropped_in_docs,FITNESS,4
CPT105468,,dropped_in_docs,FITNESS,4
CPT117843,,dropped_in_docs,FITNESS,4
CPT109255,2026-01-18 07:04:11.734417962,approved,,6
CPT109164,,dropped_in_docs,INSURANCE,5
CPT117961,,dropped_in_docs,DL,0
CPT124203,,dropped_in_docs,FITNESS,4
CPT115869,,dropped_in_docs,INSURANCE,5
CPT117275,,dropped_in_docs,FITNESS,4
CPT112857,,dropped_in_docs,INSURANCE,5
CPT107403,,dropped_in_docs,RC,1
CPT120015,,dropped_in_docs,DL,0
CPT117867,,dropped_in_docs,RC,1
CPT105708,,dropped_in_docs,INSURANCE,5
CPT111324,,dropped_in_docs,RC,1
CPT112455,2026-01-22 16:24:21.375532004,approved,,6
CPT104645,,dropped_in_docs,RC,1
CPT100821,,dropped_in_docs,RC,1
CPT107691,,dropped_in_docs,RC,1
CPT104869,,dropped_in_docs,PERMIT,3
CPT110226,2026-01-18 05:43:07.618708292,approved,,6
CPT110693,,dropped_in_docs,AADHAAR,2
CPT117869,,dropped_in_docs,DL,0
CPT122434,,dropped_in_docs,DL,0
CPT113146,,dropped_in_docs,INSURANCE,5
CPT104249,,dropped_in_docs,INSURANCE,5
CPT122593,,dropped_in_docs,PERMIT,3
CPT101211,,dropped_in_docs,DL,0
CPT101306,2026-01-18 05:12:57.483956048,rejected,vehicle_age_policy,5
CPT111037,,dropped_in_docs,PERMIT,3
CPT116768,,dropped_in_docs,DL,0
CPT118547,,dropped_in_docs,INSURANCE,5
CPT105839,2026-01-18 19:54:37.907074301,approved,,6
CPT111617,,dropped_in_docs,PERMIT,3
CPT102885,,dropped_in_docs,INSURANCE,5
CPT123415,,dropped_in_docs,AADHAAR,2
CPT106999,,dropped_in_docs,AADHAAR,2
CPT121598,,dropped_in_docs,RC,1
CPT101327,,dropped_in_docs,RC,1
CPT120783,,dropped_in_docs,RC,1
CPT123448,2026-01-19 05:05:01.183096031,approved,,5
CPT121176,,dropped_in_docs,RC,1
CPT102789,,dropped_in_docs,DL,0
CPT115866,,dropped_in_docs,INSURANCE,5
CPT112298,,dropped_in_docs,INSURANCE,5
CPT108614,,dropped_in_docs,RC,1
CPT121186,,dropped_in_docs,PERMIT,3
CPT100962,2026-01-24 06:10:27.479979494,approved,,6
CPT119993,,dropped_in_docs,RC,1
CPT101127,,dropped_in_docs,FITNESS,4
CPT115260,,dropped_in_docs,RC,1
CPT116538,,dropped_in_docs,PERMIT,3
CPT118537,,dropped_in_docs,INSURANCE,5
CPT116268,,dropped_in_docs,RC,1
CPT102730,,dropped_in_docs,INSURANCE,5
CPT112936,2026-01-20 00:18:19.839768320,approved,,6
CPT124487,,dropped_in_docs,INSURANCE,5
CPT121049,,dropped_in_docs,RC,1
CPT120095,,dropped_in_docs,INSURANCE,5
CPT109902,,dropped_in_docs,DL,0
CPT106175,,dropped_in_docs,RC,1
CPT119152,,dropped_in_docs,PERMIT,3
CPT116372,2026-01-20 08:22:39.045997952,approved,,6
CPT100959,,dropped_in_docs,INSURANCE,5
CPT123391,,dropped_in_docs,RC,1
CPT109194,,dropped_in_docs,FITNESS,4
CPT104719,,dropped_in_docs,PERMIT,3
CPT114181,,dropped_in_docs,RC,1
CPT113474,2026-01-18 06:05:40.228344525,approved,,6
CPT100344,,dropped_in_docs,AADHAAR,2
CPT109839,,dropped_in_docs,FITNESS,4
CPT108156,,dropped_in_docs,AADHAAR,2
CPT105154,,dropped_in_docs,INSURANCE,5
CPT104959,,dropped_in_docs,RC,1
CPT118340,,dropped_in_docs,FITNESS,4
CPT116494,2026-01-21 06:40:12.542076221,approved,,6
CPT107705,,dropped_in_docs,AADHAAR,2
CPT120401,2026-01-20 11:10:29.238642046,approved,,6
CPT123831,,dropped_in_docs,INSURANCE,5
CPT112141,,dropped_in_docs,FITNESS,4
CPT103121,,dropped_in_docs,DL,0
CPT108144,2026-01-19 12:41:21.874254312,approved,,5
CPT100512,,dropped_in_docs,INSURANCE,5
CPT103466,,dropped_in_docs,RC,1
CPT113090,,dropped_in_docs,RC,1
CPT108993,,dropped_in_docs,INSURANCE,5
CPT101606,2026-01-18 15:44:59.785595231,approved,,5
CPT121607,,dropped_in_docs,INSURANCE,5
CPT100052,,dropped_in_docs,FITNESS,4
CPT110723,,dropped_in_docs,DL,0
CPT117109,,dropped_in_docs,RC,1
CPT105655,,dropped_in_docs,PERMIT,3
CPT103790,,dropped_in_docs,AADHAAR,2
CPT110889,,dropped_in_docs,PERMIT,3
CPT118350,,dropped_in_docs,RC,1
CPT104926,,dropped_in_docs,DL,0
CPT101116,,dropped_in_docs,RC,1
CPT119554,2026-01-18 18:05:51.392718051,approved,,5
CPT124298,2026-01-20 18:06:31.344601155,approved,,5
CPT104363,,dropped_in_docs,RC,1
CPT101172,2026-01-19 19:29:05.971750090,approved,,5
CPT111161,,dropped_in_docs,FITNESS,4
CPT112447,,dropped_in_docs,FITNESS,4
CPT116608,,dropped_in_docs,PERMIT,3
CPT110338,,dropped_in_docs,FITNESS,4
CPT106726,,dropped_in_docs,FITNESS,4
CPT111022,,dropped_in_docs,RC,1
CPT116145,,dropped_in_docs,RC,1
CPT124962,,dropped_in_docs,RC,1
CPT121605,,dropped_in_docs,INSURANCE,5
CPT117187,,dropped_in_docs,PERMIT,3
CPT120191,,dropped_in_docs,PERMIT,3
CPT102482,,dropped_in_docs,RC,1
CPT105148,,dropped_in_docs,RC,1
CPT116129,,dropped_in_docs,RC,1
CPT102301,2026-01-17 18:23:36.904550143,approved,,6
CPT118593,,dropped_in_docs,FITNESS,4
CPT123260,,dropped_in_docs,AADHAAR,2
CPT121355,,dropped_in_docs,DL,0
CPT115242,,dropped_in_docs,RC,1
CPT117751,,dropped_in_docs,AADHAAR,2
CPT103880,,dropped_in_docs,DL,0
CPT105251,,dropped_in_docs,INSURANCE,5
CPT116276,,dropped_in_docs,PERMIT,3
CPT110125,,dropped_in_docs,RC,1
CPT123102,,dropped_in_docs,FITNESS,4
CPT102110,,dropped_in_docs,AADHAAR,2
CPT124745,,dropped_in_docs,PERMIT,3
CPT105387,,dropped_in_docs,RC,1
CPT101757,,dropped_in_docs,DL,0
CPT107536,,dropped_in_docs,INSURANCE,5
CPT107179,,dropped_in_docs,RC,1
CPT103593,2026-01-19 04:48:16.671422301,approved,,6
CPT102261,,dropped_in_docs,DL,0
CPT123968,2026-01-22 06:25:44.864780578,rejected,background_check_failed,6
CPT100676,,dropped_in_docs,INSURANCE,5
CPT123173,,dropped_in_docs,INSURANCE,5
CPT120399,,dropped_in_docs,RC,1
CPT107298,2026-01-19 23:26:54.287991068,approved,,6
CPT119265,2026-01-22 14:18:42.215485322,rejected,background_check_failed,6
CPT108756,,dropped_in_docs,PERMIT,3
CPT114378,2026-01-20 06:16:43.427072816,rejected,duplicate_captain,6
CPT119274,,dropped_in_docs,AADHAAR,2
CPT111421,,dropped_in_docs,PERMIT,3
CPT116048,2026-01-19 01:02:38.085779151,approved,,6
CPT102930,,dropped_in_docs,DL,0
CPT103707,,dropped_in_docs,RC,1
CPT101541,2026-01-18 17:49:40.865987076,approved,,5
CPT105165,,dropped_in_docs,INSURANCE,5
CPT114357,,dropped_in_docs,FITNESS,4
CPT109184,,dropped_in_docs,RC,1
CPT112573,,dropped_in_docs,INSURANCE,5
CPT124465,,dropped_in_docs,RC,1
CPT116817,,dropped_in_docs,PERMIT,3
CPT100663,,dropped_in_docs,RC,1
CPT107976,,dropped_in_docs,AADHAAR,2
CPT104410,2026-01-21 04:07:17.496186516,approved,,6
CPT113659,2026-01-20 13:33:52.167173198,approved,,5
CPT111928,2026-01-19 15:39:19.780410677,approved,,5
CPT107049,,dropped_in_docs,DL,0
CPT113477,,dropped_in_docs,DL,0
CPT120161,,dropped_in_docs,FITNESS,4
CPT120635,,dropped_in_docs,FITNESS,4
CPT123765,,dropped_in_docs,PERMIT,3
CPT105224,2026-01-22 11:23:13.132749612,approved,,6
CPT104515,,dropped_in_docs,RC,1
CPT109437,,dropped_in_docs,RC,1
CPT108818,,dropped_in_docs,PERMIT,3
CPT121633,,dropped_in_docs,INSURANCE,5
CPT123496,,dropped_in_docs,AADHAAR,2
CPT120116,,dropped_in_docs,PERMIT,3
CPT101999,,dropped_in_docs,DL,0
CPT106234,,dropped_in_docs,INSURANCE,5
CPT103418,,dropped_in_docs,RC,1
CPT115955,,dropped_in_docs,FITNESS,4
CPT120800,2026-01-18 19:26:02.583993861,approved,,5
CPT114089,,dropped_in_docs,RC,1
CPT120406,,dropped_in_docs,RC,1
CPT115529,,dropped_in_docs,RC,1
CPT105380,,dropped_in_docs,DL,0
CPT121776,,dropped_in_docs,PERMIT,3
CPT103581,,dropped_in_docs,RC,1
CPT124963,,dropped_in_docs,PERMIT,3
CPT104160,,dropped_in_docs,FITNESS,4
CPT107255,,dropped_in_docs,AADHAAR,2
CPT106636,,dropped_in_docs,RC,1
CPT105051,,dropped_in_docs,DL,0
CPT101918,,dropped_in_docs,RC,1
CPT100174,,dropped_in_docs,RC,1
CPT100516,,dropped_in_docs,RC,1
CPT113988,,dropped_in_docs,DL,0
CPT106104,,dropped_in_docs,DL,0
CPT112985,,dropped_in_docs,DL,0
CPT118424,,dropped_in_docs,RC,1
CPT101529,2026-01-18 21:24:30.550494685,approved,,5
CPT107320,,dropped_in_docs,INSURANCE,5
CPT104243,,dropped_in_docs,RC,1
CPT124952,,dropped_in_docs,RC,1
CPT107516,2026-01-25 22:15:15.667459656,approved,,6
CPT114935,,dropped_in_docs,INSURANCE,5
CPT121366,,dropped_in_docs,INSURANCE,5
CPT124173,,dropped_in_docs,FITNESS,4
CPT121056,,dropped_in_docs,FITNESS,4
CPT107877,2026-01-22 06:04:25.795699830,approved,,6
CPT118785,,dropped_in_docs,RC,1
CPT117695,,dropped_in_docs,AADHAAR,2
CPT112893,,dropped_in_docs,RC,1
CPT101967,,dropped_in_docs,INSURANCE,5
CPT100383,2026-01-23 09:34:10.577295537,approved,,6
CPT116163,,dropped_in_docs,RC,1
CPT104261,,dropped_in_docs,PERMIT,3
CPT122538,,dropped_in_docs,RC,1
CPT111793,,dropped_in_docs,AADHAAR,2
CPT105894,,dropped_in_docs,DL,0
CPT102222,2026-01-20 16:06:56.975935522,approved,,6
CPT123313,,dropped_in_docs,RC,1
CPT119106,,dropped_in_docs,RC,1
CPT103911,,dropped_in_docs,RC,1
CPT102965,,dropped_in_docs,PERMIT,3
CPT100282,,dropped_in_docs,DL,0
CPT100422,,dropped_in_docs,RC,1
CPT114766,,dropped_in_docs,PERMIT,3
CPT124731,,dropped_in_docs,RC,1
CPT108636,2026-01-20 20:00:22.559275465,approved,,6
CPT107796,,dropped_in_docs,INSURANCE,5
CPT102340,,dropped_in_docs,INSURANCE,5
CPT105300,,dropped_in_docs,INSURANCE,5
CPT115937,,dropped_in_docs,DL,0
CPT124874,,dropped_in_docs,RC,1
CPT117667,,dropped_in_docs,AADHAAR,2
CPT105414,,dropped_in_docs,FITNESS,4
CPT103254,,dropped_in_docs,FITNESS,4
CPT116661,2026-01-20 13:44:42.924300631,approved,,5
CPT113773,,dropped_in_docs,FITNESS,4
CPT121833,,dropped_in_docs,DL,0
CPT116042,,dropped_in_docs,FITNESS,4
CPT108925,,dropped_in_docs,INSURANCE,5
CPT118595,2026-01-20 08:08:57.721581837,approved,,6
CPT120273,,dropped_in_docs,INSURANCE,5
CPT114407,,dropped_in_docs,INSURANCE,5
CPT120004,,dropped_in_docs,AADHAAR,2
CPT110929,2026-01-23 03:17:55.896922082,rejected,duplicate_captain,6
CPT107190,,dropped_in_docs,RC,1
CPT122809,,dropped_in_docs,INSURANCE,5
CPT104484,,dropped_in_docs,DL,0
CPT101480,,dropped_in_docs,DL,0
CPT115004,,dropped_in_docs,PERMIT,3
CPT107781,,dropped_in_docs,RC,1
CPT118746,2026-01-22 13:51:49.209789406,approved,,6
CPT123502,,dropped_in_docs,RC,1
CPT122554,,dropped_in_docs,FITNESS,4
CPT108028,,dropped_in_docs,DL,0
CPT112632,,dropped_in_docs,DL,0
CPT123652,,dropped_in_docs,PERMIT,3
CPT105253,,dropped_in_docs,DL,0
CPT111470,,dropped_in_docs,INSURANCE,5
CPT111460,,dropped_in_docs,RC,1
CPT120992,,dropped_in_docs,FITNESS,4
CPT123251,2026-01-22 00:42:11.151567273,approved,,6
CPT100794,,dropped_in_docs,PERMIT,3
CPT104562,2026-01-22 10:14:42.400811348,approved,,6
CPT104194,,dropped_in_docs,FITNESS,4
CPT103715,,dropped_in_docs,RC,1
CPT108870,,dropped_in_docs,RC,1
CPT110230,,dropped_in_docs,FITNESS,4
CPT109268,,dropped_in_docs,DL,0
CPT101652,2026-01-21 14:04:20.290501739,rejected,duplicate_captain,6
CPT111715,,dropped_in_docs,DL,0
CPT105348,,dropped_in_docs,FITNESS,4
CPT104143,2026-01-24 02:37:47.630339781,approved,,6
CPT111720,2026-01-22 06:20:25.001439038,approved,,5
CPT107178,,dropped_in_docs,FITNESS,4
CPT113435,,dropped_in_docs,RC,1
CPT121234,,dropped_in_docs,AADHAAR,2
CPT103894,,dropped_in_docs,RC,1
CPT100337,,dropped_in_docs,FITNESS,4
CPT108938,,dropped_in_docs,PERMIT,3
CPT110067,2026-01-22 04:58:42.716832910,rejected,vehicle_age_policy,5
CPT110964,,dropped_in_docs,DL,0
CPT104474,2026-01-21 07:51:12.627435082,approved,,6
CPT113797,,dropped_in_docs,RC,1
CPT124564,,dropped_in_docs,PERMIT,3
CPT121989,,dropped_in_docs,PERMIT,3
CPT118151,,dropped_in_docs,INSURANCE,5
CPT121227,,dropped_in_docs,PERMIT,3
CPT109600,,dropped_in_docs,INSURANCE,5
CPT124386,2026-01-21 06:06:42.069111578,approved,,6
CPT121889,,dropped_in_docs,FITNESS,4
CPT121511,,dropped_in_docs,INSURANCE,5
CPT114658,,dropped_in_docs,DL,0
CPT102370,,dropped_in_docs,DL,0
CPT108773,2026-01-20 22:23:11.100107941,approved,,6
CPT124044,,dropped_in_docs,RC,1
CPT122884,,dropped_in_docs,INSURANCE,5
CPT117574,,dropped_in_docs,RC,1
CPT100733,2026-01-21 08:33:05.320618480,approved,,6
CPT111344,,dropped_in_docs,RC,1
CPT104496,,dropped_in_docs,DL,0
CPT104917,2026-01-23 17:31:15.916224940,approved,,6
CPT123420,,dropped_in_docs,FITNESS,4
CPT118769,,dropped_in_docs,INSURANCE,5
CPT118790,2026-01-20 22:38:54.571021872,rejected,background_check_failed,5
CPT115007,,dropped_in_docs,DL,0
CPT107383,,dropped_in_docs,PERMIT,3
CPT103012,,dropped_in_docs,RC,1
CPT111375,,dropped_in_docs,RC,1
CPT108277,,dropped_in_docs,AADHAAR,2
CPT100146,,dropped_in_docs,RC,1
CPT113657,2026-01-20 04:50:00.419789141,approved,,6
CPT118643,,dropped_in_docs,FITNESS,4
CPT115346,,dropped_in_docs,DL,0
CPT102858,2026-01-20 11:01:50.232100523,approved,,6
CPT104718,,dropped_in_docs,RC,1
CPT105817,,dropped_in_docs,AADHAAR,2
CPT108437,,dropped_in_docs,PERMIT,3
CPT124818,,dropped_in_docs,INSURANCE,5
CPT121275,2026-01-21 01:57:38.078537749,approved,,6
CPT117637,,dropped_in_docs,FITNESS,4
CPT104704,,dropped_in_docs,RC,1
CPT104969,,dropped_in_docs,RC,1
CPT106477,,dropped_in_docs,FITNESS,4
CPT105934,2026-01-20 07:08:33.983849896,approved,,6
CPT110272,,dropped_in_docs,RC,1
CPT115535,,dropped_in_docs,RC,1
CPT110531,,dropped_in_docs,FITNESS,4
CPT104095,,dropped_in_docs,FITNESS,4
CPT114344,,dropped_in_docs,RC,1
CPT104757,,dropped_in_docs,RC,1
CPT102690,,dropped_in_docs,RC,1
CPT112305,,dropped_in_docs,FITNESS,4
CPT106909,,dropped_in_docs,RC,1
CPT123440,2026-01-23 12:27:02.858841868,approved,,6
CPT124132,,dropped_in_docs,PERMIT,3
CPT111286,,dropped_in_docs,RC,1
CPT118963,,dropped_in_docs,DL,0
CPT101525,,dropped_in_docs,INSURANCE,5
CPT120754,2026-01-21 21:18:24.577676811,approved,,6
CPT122908,,dropped_in_docs,FITNESS,4
CPT109290,,dropped_in_docs,PERMIT,3
CPT117979,,dropped_in_docs,PERMIT,3
CPT102053,,dropped_in_docs,RC,1
CPT118881,,dropped_in_docs,INSURANCE,5
CPT100908,2026-01-21 21:17:49.253172343,approved,,6
CPT110344,,dropped_in_docs,DL,0
CPT118603,2026-01-23 22:03:46.881256381,approved,,6
CPT102790,,dropped_in_docs,PERMIT,3
CPT100988,2026-01-21 11:13:04.621224447,approved,,5
CPT117405,2026-01-25 05:28:29.914828282,approved,,5
CPT105970,,dropped_in_docs,PERMIT,3
CPT104352,,dropped_in_docs,AADHAAR,2
CPT104899,2026-01-18 11:24:09.280168192,approved,,5
CPT100531,,dropped_in_docs,PERMIT,3
CPT124016,,dropped_in_docs,INSURANCE,5
CPT105687,2026-01-24 01:01:27.213459576,approved,,6
CPT121766,,dropped_in_docs,RC,1
CPT117720,,dropped_in_docs,RC,1
CPT116429,,dropped_in_docs,RC,1
CPT100871,2026-01-24 02:05:05.400963635,approved,,6
CPT112388,,dropped_in_docs,FITNESS,4
CPT101738,,dropped_in_docs,INSURANCE,5
CPT113850,,dropped_in_docs,FITNESS,4
CPT118956,,dropped_in_docs,FITNESS,4
CPT108558,,dropped_in_docs,PERMIT,3
CPT102608,,dropped_in_docs,PERMIT,3
CPT114094,,dropped_in_docs,FITNESS,4
CPT111802,,dropped_in_docs,FITNESS,4
CPT115576,,dropped_in_docs,FITNESS,4
CPT105399,,dropped_in_docs,FITNESS,4
CPT110018,,dropped_in_docs,DL,0
CPT117518,,dropped_in_docs,INSURANCE,5
CPT116417,,dropped_in_docs,FITNESS,4
CPT122367,,dropped_in_docs,INSURANCE,5
CPT115051,,dropped_in_docs,RC,1
CPT111434,,dropped_in_docs,RC,1
CPT100671,,dropped_in_docs,DL,0
CPT105793,,dropped_in_docs,PERMIT,3
CPT100659,,dropped_in_docs,PERMIT,3
CPT105217,,dropped_in_docs,FITNESS,4
CPT101348,2026-01-24 01:45:47.223441425,approved,,6
CPT101262,,dropped_in_docs,INSURANCE,5
CPT110870,,dropped_in_docs,RC,1
CPT102026,2026-01-21 05:16:12.621380131,approved,,6
CPT114058,2026-01-25 21:23:13.763106801,approved,,6
CPT121752,,dropped_in_docs,RC,1
CPT110500,,dropped_in_docs,INSURANCE,5
CPT118104,,dropped_in_docs,FITNESS,4
CPT118860,,dropped_in_docs,PERMIT,3
CPT121316,,dropped_in_docs,AADHAAR,2
CPT115698,,dropped_in_docs,RC,1
CPT122726,,dropped_in_docs,DL,0
CPT115031,,dropped_in_docs,FITNESS,4
CPT111289,,dropped_in_docs,AADHAAR,2
CPT114672,,dropped_in_docs,PERMIT,3
CPT120967,,dropped_in_docs,RC,1
CPT105263,,dropped_in_docs,PERMIT,3
CPT115434,2026-01-22 20:33:10.205339125,approved,,6
CPT105081,,dropped_in_docs,INSURANCE,5
CPT102696,,dropped_in_docs,INSURANCE,5
CPT100684,,dropped_in_docs,INSURANCE,5
CPT119231,,dropped_in_docs,FITNESS,4
CPT119475,,dropped_in_docs,PERMIT,3
CPT119716,,dropped_in_docs,AADHAAR,2
CPT110924,2026-01-21 10:01:54.373747760,approved,,5
CPT104701,,dropped_in_docs,INSURANCE,5
CPT117724,,dropped_in_docs,PERMIT,3
CPT119463,,dropped_in_docs,PERMIT,3
CPT101764,,dropped_in_docs,RC,1
CPT112188,,dropped_in_docs,PERMIT,3
CPT123819,,dropped_in_docs,INSURANCE,5
CPT104375,,dropped_in_docs,FITNESS,4
CPT118637,,dropped_in_docs,INSURANCE,5
CPT122679,,dropped_in_docs,FITNESS,4
CPT116985,,dropped_in_docs,FITNESS,4
CPT115455,,dropped_in_docs,DL,0
CPT115276,,dropped_in_docs,PERMIT,3
CPT112283,,dropped_in_docs,INSURANCE,5
CPT100868,,dropped_in_docs,INSURANCE,5
CPT121763,,dropped_in_docs,INSURANCE,5
CPT108270,2026-01-22 07:46:34.150867660,approved,,6
CPT109112,,dropped_in_docs,INSURANCE,5
CPT111656,,dropped_in_docs,RC,1
CPT121293,,dropped_in_docs,DL,0
CPT115342,2026-01-23 02:28:01.367850040,approved,,5
CPT118654,,dropped_in_docs,RC,1
CPT116062,,dropped_in_docs,RC,1
CPT109392,,dropped_in_docs,RC,1
CPT112559,,dropped_in_docs,RC,1
CPT102276,,dropped_in_docs,INSURANCE,5
CPT118692,,dropped_in_docs,RC,1
CPT104829,,dropped_in_docs,RC,1
CPT119390,,dropped_in_docs,PERMIT,3
CPT110631,,dropped_in_docs,INSURANCE,5
CPT108381,2026-01-25 01:23:27.703634550,approved,,6
CPT115175,,dropped_in_docs,RC,1
CPT114946,,dropped_in_docs,DL,0
CPT110930,2026-01-22 21:09:08.409540110,approved,,6
CPT113165,,dropped_in_docs,FITNESS,4
CPT113348,,dropped_in_docs,AADHAAR,2
CPT118669,,dropped_in_docs,AADHAAR,2
CPT113802,,dropped_in_docs,PERMIT,3
CPT115919,,dropped_in_docs,AADHAAR,2
CPT104972,,dropped_in_docs,DL,0
CPT124795,,dropped_in_docs,PERMIT,3
CPT117205,,dropped_in_docs,FITNESS,4
CPT114007,,dropped_in_docs,DL,0
CPT107492,,dropped_in_docs,INSURANCE,5
CPT105046,,dropped_in_docs,PERMIT,3
CPT101084,,dropped_in_docs,INSURANCE,5
CPT119882,,dropped_in_docs,PERMIT,3
CPT112586,,dropped_in_docs,PERMIT,3
CPT106525,2026-01-21 12:35:41.986365515,rejected,doc_authenticity_flag,6
CPT111804,,dropped_in_docs,RC,1
CPT111036,,dropped_in_docs,DL,0
CPT117921,2026-01-24 12:24:47.827410302,approved,,6
CPT101496,,dropped_in_docs,FITNESS,4
CPT122513,,dropped_in_docs,INSURANCE,5
CPT121097,,dropped_in_docs,RC,1
CPT119506,2026-01-25 18:57:19.481149208,approved,,6
CPT105296,,dropped_in_docs,DL,0
CPT117272,2026-01-23 17:13:06.288257505,approved,,6
CPT102892,2026-01-23 14:00:37.487856880,approved,,6
CPT100439,,dropped_in_docs,RC,1
CPT108569,,dropped_in_docs,FITNESS,4
CPT122991,,dropped_in_docs,RC,1
CPT108767,2026-01-24 02:04:42.061702599,rejected,background_check_failed,6
CPT113831,,dropped_in_docs,INSURANCE,5
CPT120909,2026-01-22 08:04:44.948839980,approved,,5
CPT102751,,dropped_in_docs,FITNESS,4
CPT122753,,dropped_in_docs,INSURANCE,5
CPT114146,,dropped_in_docs,RC,1
CPT117614,,dropped_in_docs,RC,1
CPT123730,,dropped_in_docs,FITNESS,4
CPT115742,2026-01-21 18:05:09.437512316,approved,,5
CPT120457,,dropped_in_docs,AADHAAR,2
CPT103643,,dropped_in_docs,FITNESS,4
CPT100495,,dropped_in_docs,RC,1
CPT116039,2026-01-22 01:05:42.682682738,approved,,6
CPT123674,,dropped_in_docs,DL,0
CPT103863,2026-01-22 11:09:32.287928241,approved,,6
CPT108881,,dropped_in_docs,PERMIT,3
CPT111013,,dropped_in_docs,DL,0
CPT102548,,dropped_in_docs,RC,1
CPT103851,,dropped_in_docs,FITNESS,4
CPT124429,2026-01-24 11:22:56.248180012,approved,,5
CPT114958,,dropped_in_docs,INSURANCE,5
CPT116919,,dropped_in_docs,RC,1
CPT114945,,dropped_in_docs,RC,1
CPT120630,,dropped_in_docs,RC,1
CPT118392,,dropped_in_docs,AADHAAR,2
CPT117172,,dropped_in_docs,PERMIT,3
CPT105514,,dropped_in_docs,DL,0
CPT123297,,dropped_in_docs,RC,1
CPT118835,,dropped_in_docs,RC,1
CPT110233,2026-01-24 18:44:24.761231376,approved,,6
CPT115757,,dropped_in_docs,PERMIT,3
CPT106623,,dropped_in_docs,RC,1
CPT113592,2026-01-25 16:49:55.094557548,approved,,6
CPT105794,,dropped_in_docs,FITNESS,4
CPT117594,,dropped_in_docs,RC,1
CPT102320,,dropped_in_docs,RC,1
CPT104222,,dropped_in_docs,FITNESS,4
CPT112207,,dropped_in_docs,AADHAAR,2
CPT105183,,dropped_in_docs,RC,1
CPT119235,,dropped_in_docs,PERMIT,3
CPT108120,,dropped_in_docs,PERMIT,3
CPT106279,,dropped_in_docs,PERMIT,3
CPT122358,,dropped_in_docs,RC,1
CPT104455,,dropped_in_docs,PERMIT,3
CPT110339,,dropped_in_docs,INSURANCE,5
CPT111980,,dropped_in_docs,RC,1
CPT110995,,dropped_in_docs,PERMIT,3
CPT107267,,dropped_in_docs,DL,0
CPT108054,,dropped_in_docs,PERMIT,3
CPT116470,,dropped_in_docs,PERMIT,3
CPT101539,,dropped_in_docs,DL,0
CPT106556,,dropped_in_docs,RC,1
CPT103567,,dropped_in_docs,INSURANCE,5
CPT119968,,dropped_in_docs,INSURANCE,5
CPT106857,,dropped_in_docs,INSURANCE,5
CPT118021,,dropped_in_docs,RC,1
CPT121561,,dropped_in_docs,DL,0
CPT121248,,dropped_in_docs,RC,1
CPT124614,2026-01-24 08:31:56.509811711,approved,,6
CPT112695,,dropped_in_docs,RC,1
CPT124722,2026-01-23 08:11:13.438797626,approved,,5
CPT104511,,dropped_in_docs,FITNESS,4
CPT100603,2026-01-22 12:54:27.644757642,approved,,6
CPT108864,2026-01-24 23:40:25.296000104,approved,,5
CPT119353,,dropped_in_docs,FITNESS,4
CPT100260,,dropped_in_docs,DL,0
CPT120801,2026-01-21 23:10:47.032189550,approved,,6
CPT117981,,dropped_in_docs,PERMIT,3
CPT121525,,dropped_in_docs,RC,1
CPT108913,,dropped_in_docs,PERMIT,3
CPT118794,2026-01-24 06:30:03.284113714,approved,,6
CPT117631,2026-01-24 23:48:45.977077628,rejected,vehicle_age_policy,5
CPT115107,,dropped_in_docs,FITNESS,4
CPT117808,,dropped_in_docs,FITNESS,4
CPT116393,,dropped_in_docs,RC,1
CPT124238,,dropped_in_docs,INSURANCE,5
CPT107763,,dropped_in_docs,PERMIT,3
CPT107699,,dropped_in_docs,RC,1
CPT110577,,dropped_in_docs,RC,1
CPT112983,2026-01-24 10:47:31.957060375,approved,,6
CPT105506,,dropped_in_docs,INSURANCE,5
CPT114157,,dropped_in_docs,FITNESS,4
CPT110633,,dropped_in_docs,FITNESS,4
CPT117279,,dropped_in_docs,PERMIT,3
CPT123798,2026-01-24 23:42:03.862019340,approved,,6
CPT106207,,dropped_in_docs,RC,1
CPT114877,,dropped_in_docs,RC,1
CPT120521,,dropped_in_docs,DL,0
CPT110842,,dropped_in_docs,RC,1
CPT113878,2026-01-20 07:29:52.116450415,approved,,5
CPT113890,,dropped_in_docs,PERMIT,3
CPT106111,,dropped_in_docs,DL,0
CPT115248,,dropped_in_docs,DL,0
CPT124634,,dropped_in_docs,DL,0
CPT114902,,dropped_in_docs,RC,1
CPT121014,2026-01-24 23:11:23.597583548,approved,,6
CPT117520,,dropped_in_docs,FITNESS,4
CPT117350,,dropped_in_docs,RC,1
CPT117116,,dropped_in_docs,RC,1
CPT106480,,dropped_in_docs,DL,0
CPT119907,2026-01-24 11:19:49.839841262,approved,,6
CPT122854,,dropped_in_docs,RC,1
CPT112581,,dropped_in_docs,DL,0
CPT124082,,dropped_in_docs,RC,1
CPT104425,,dropped_in_docs,AADHAAR,2
CPT118130,,dropped_in_docs,PERMIT,3
CPT112556,,dropped_in_docs,FITNESS,4
CPT115556,,dropped_in_docs,FITNESS,4
CPT107711,,dropped_in_docs,RC,1
CPT124714,2026-01-24 01:34:50.498907459,approved,,6
CPT108497,,dropped_in_docs,RC,1
CPT108426,,dropped_in_docs,FITNESS,4
CPT101588,,dropped_in_docs,RC,1
CPT115932,,dropped_in_docs,FITNESS,4
CPT124177,,dropped_in_docs,PERMIT,3
CPT123457,,dropped_in_docs,AADHAAR,2
CPT123255,,dropped_in_docs,PERMIT,3
CPT112358,,dropped_in_docs,AADHAAR,2
CPT107873,,dropped_in_docs,PERMIT,3
CPT107354,,dropped_in_docs,DL,0
CPT100849,,dropped_in_docs,DL,0
CPT108245,,dropped_in_docs,PERMIT,3
CPT116053,,dropped_in_docs,DL,0
CPT121253,2026-01-22 21:20:25.434581698,approved,,6
CPT120892,,dropped_in_docs,PERMIT,3
CPT110440,,dropped_in_docs,RC,1
CPT120158,,dropped_in_docs,RC,1
CPT124701,,dropped_in_docs,RC,1
CPT110144,,dropped_in_docs,RC,1
CPT110074,,dropped_in_docs,PERMIT,3
CPT112106,,dropped_in_docs,RC,1
CPT116809,,dropped_in_docs,INSURANCE,5
CPT104429,,dropped_in_docs,RC,1
CPT109418,,dropped_in_docs,FITNESS,4
CPT123680,2026-01-26 13:16:07.079726242,approved,,6
CPT109960,,dropped_in_docs,DL,0
CPT113973,2026-01-23 15:22:45.272850327,approved,,6
CPT104518,,dropped_in_docs,INSURANCE,5
CPT109678,,dropped_in_docs,FITNESS,4
CPT104338,,dropped_in_docs,DL,0
CPT114764,,dropped_in_docs,PERMIT,3
CPT103956,,dropped_in_docs,PERMIT,3
CPT104834,,dropped_in_docs,DL,0
CPT119760,,dropped_in_docs,PERMIT,3
CPT102277,,dropped_in_docs,INSURANCE,5
CPT104611,,dropped_in_docs,FITNESS,4
CPT117355,2026-01-23 08:34:57.121275830,approved,,6
CPT116559,,dropped_in_docs,RC,1
CPT117930,,dropped_in_docs,RC,1
CPT117191,,dropped_in_docs,INSURANCE,5
CPT112146,,dropped_in_docs,INSURANCE,5
CPT107636,,dropped_in_docs,FITNESS,4
CPT120632,,dropped_in_docs,RC,1
CPT108987,,dropped_in_docs,RC,1
CPT109946,,dropped_in_docs,PERMIT,3
CPT122472,2026-01-25 02:35:25.142384405,approved,,6
CPT101200,,dropped_in_docs,RC,1
CPT102705,2026-01-24 21:40:19.055137707,approved,,6
CPT122868,,dropped_in_docs,RC,1
CPT103694,,dropped_in_docs,RC,1
CPT117404,,dropped_in_docs,DL,0
CPT120200,,dropped_in_docs,PERMIT,3
CPT103141,,dropped_in_docs,RC,1
CPT117916,,dropped_in_docs,RC,1
CPT106498,,dropped_in_docs,DL,0
CPT123269,,dropped_in_docs,RC,1
CPT119894,,dropped_in_docs,FITNESS,4
CPT120222,2026-01-24 15:21:12.853657501,rejected,duplicate_captain,6
CPT106638,,dropped_in_docs,INSURANCE,5
CPT116589,,dropped_in_docs,FITNESS,4
CPT124588,,dropped_in_docs,RC,1
CPT124362,2026-01-24 09:03:08.473950506,approved,,6
CPT108745,2026-01-26 01:29:00.007179355,approved,,6
CPT109136,,dropped_in_docs,PERMIT,3
CPT124886,2026-01-23 03:27:46.746858317,approved,,5
CPT120694,,dropped_in_docs,AADHAAR,2
CPT111165,,dropped_in_docs,RC,1
CPT107686,,dropped_in_docs,DL,0
CPT121654,,dropped_in_docs,RC,1
CPT100431,,dropped_in_docs,RC,1
CPT115974,,dropped_in_docs,INSURANCE,5
CPT101198,,dropped_in_docs,AADHAAR,2
CPT109123,,dropped_in_docs,DL,0
CPT116663,,dropped_in_docs,INSURANCE,5
CPT101106,,dropped_in_docs,DL,0
CPT110199,2026-01-24 15:57:25.365259145,approved,,6
CPT111394,,dropped_in_docs,PERMIT,3
CPT123168,2026-01-23 21:37:51.860938923,approved,,5
CPT102265,2026-01-23 10:43:43.226183987,approved,,6
CPT110401,2026-01-25 23:39:04.768324555,approved,,6
CPT117278,,dropped_in_docs,RC,1
CPT106994,,dropped_in_docs,PERMIT,3
CPT122577,2026-01-24 22:15:35.960449241,approved,,6
CPT105595,,dropped_in_docs,RC,1
CPT116610,,dropped_in_docs,FITNESS,4
CPT102807,,dropped_in_docs,DL,0
CPT106979,,dropped_in_docs,RC,1
CPT107207,,dropped_in_docs,PERMIT,3
CPT120452,,dropped_in_docs,INSURANCE,5
CPT101831,2026-01-22 22:06:03.481015540,approved,,5
CPT103742,,dropped_in_docs,RC,1
CPT122207,,dropped_in_docs,RC,1
CPT103550,2026-01-26 10:07:25.254532645,approved,,5
CPT114012,,dropped_in_docs,RC,1
CPT109444,2026-01-24 21:40:57.316944697,approved,,6
CPT108213,,dropped_in_docs,DL,0
CPT107733,,dropped_in_docs,PERMIT,3
CPT118866,2026-01-24 06:02:11.671689373,approved,,6
CPT121937,,dropped_in_docs,FITNESS,4
CPT100256,2026-01-23 14:05:20.227357331,approved,,6
CPT104351,,dropped_in_docs,RC,1
CPT110770,,dropped_in_docs,INSURANCE,5
CPT108739,2026-01-25 02:29:21.973126020,approved,,6
CPT112638,2026-01-24 05:04:49.394410045,rejected,doc_authenticity_flag,6
CPT105160,2026-01-22 18:35:59.793216377,approved,,6
CPT100265,,dropped_in_docs,INSURANCE,5
CPT110275,,dropped_in_docs,INSURANCE,5
CPT116935,,dropped_in_docs,PERMIT,3
CPT111021,,dropped_in_docs,PERMIT,3
CPT108555,,dropped_in_docs,AADHAAR,2
CPT105077,,dropped_in_docs,PERMIT,3
CPT103953,,dropped_in_docs,FITNESS,4
CPT101312,2026-01-23 15:47:49.664754969,approved,,6
CPT115813,,dropped_in_docs,RC,1
CPT118321,,dropped_in_docs,RC,1
CPT119411,,dropped_in_docs,RC,1
CPT110568,,dropped_in_docs,RC,1
CPT123061,,dropped_in_docs,AADHAAR,2
CPT100632,,dropped_in_docs,FITNESS,4
CPT110237,2026-01-23 11:02:21.598891828,approved,,5
CPT105510,,dropped_in_docs,RC,1
CPT100694,,dropped_in_docs,INSURANCE,5
CPT121015,,dropped_in_docs,DL,0
CPT103648,,dropped_in_docs,RC,1
CPT116790,,dropped_in_docs,PERMIT,3
CPT124176,,dropped_in_docs,PERMIT,3
CPT107332,,dropped_in_docs,FITNESS,4
CPT103795,,dropped_in_docs,FITNESS,4
CPT121684,,dropped_in_docs,FITNESS,4
CPT106200,,dropped_in_docs,DL,0
CPT105776,,dropped_in_docs,AADHAAR,2
CPT110478,,dropped_in_docs,RC,1
CPT124159,,dropped_in_docs,RC,1
CPT102915,,dropped_in_docs,RC,1
CPT104616,,dropped_in_docs,FITNESS,4
CPT121044,,dropped_in_docs,RC,1
CPT111486,,dropped_in_docs,PERMIT,3
CPT117297,,dropped_in_docs,DL,0
CPT111471,2026-01-26 14:54:36.122288277,approved,,6
CPT102176,,dropped_in_docs,FITNESS,4
CPT116988,2026-01-26 09:52:40.112168278,approved,,6
CPT107244,,dropped_in_docs,DL,0
CPT109034,,dropped_in_docs,RC,1
CPT113879,,dropped_in_docs,RC,1
CPT114322,,dropped_in_docs,AADHAAR,2
CPT103896,,dropped_in_docs,FITNESS,4
CPT105787,2026-01-23 02:55:19.427730916,approved,,5
CPT115513,,dropped_in_docs,FITNESS,4
CPT109467,,dropped_in_docs,FITNESS,4
CPT123508,,dropped_in_docs,RC,1
CPT102125,,dropped_in_docs,AADHAAR,2
CPT117039,,dropped_in_docs,INSURANCE,5
CPT103035,,dropped_in_docs,RC,1
CPT110463,,dropped_in_docs,PERMIT,3
CPT120097,2026-01-27 16:15:47.665240426,approved,,6
CPT124125,,dropped_in_docs,AADHAAR,2
CPT124592,,dropped_in_docs,AADHAAR,2
CPT117549,,dropped_in_docs,FITNESS,4
CPT110860,,dropped_in_docs,PERMIT,3
CPT123679,,dropped_in_docs,AADHAAR,2
CPT124365,,dropped_in_docs,RC,1
CPT108642,,dropped_in_docs,PERMIT,3
CPT121539,,dropped_in_docs,PERMIT,3
CPT102661,,dropped_in_docs,DL,0
CPT119055,,dropped_in_docs,RC,1
CPT103971,,dropped_in_docs,AADHAAR,2
CPT105434,,dropped_in_docs,PERMIT,3
CPT122756,,dropped_in_docs,RC,1
CPT117110,,dropped_in_docs,DL,0
CPT120025,,dropped_in_docs,FITNESS,4
CPT116199,,dropped_in_docs,RC,1
CPT122704,,dropped_in_docs,PERMIT,3
CPT102976,,dropped_in_docs,RC,1
CPT108651,,dropped_in_docs,RC,1
CPT103144,,dropped_in_docs,PERMIT,3
CPT107000,2026-01-26 20:36:24.181776086,approved,,6
CPT122337,2026-01-22 09:39:32.599848347,approved,,5
CPT111886,,dropped_in_docs,RC,1
CPT109595,,dropped_in_docs,AADHAAR,2
CPT119998,,dropped_in_docs,PERMIT,3
CPT104440,2026-01-23 03:45:16.847352127,approved,,6
CPT112470,,dropped_in_docs,FITNESS,4
CPT123543,2026-01-25 03:54:20.582470008,approved,,6
CPT120753,,dropped_in_docs,RC,1
CPT111676,,dropped_in_docs,FITNESS,4
CPT119416,,dropped_in_docs,DL,0
CPT105264,,dropped_in_docs,RC,1
CPT119676,,dropped_in_docs,AADHAAR,2
CPT103737,,dropped_in_docs,RC,1
CPT124415,,dropped_in_docs,INSURANCE,5
CPT102062,,dropped_in_docs,FITNESS,4
CPT109109,,dropped_in_docs,RC,1
CPT115993,,dropped_in_docs,INSURANCE,5
CPT107491,,dropped_in_docs,FITNESS,4
CPT101778,,dropped_in_docs,RC,1
CPT110475,,dropped_in_docs,INSURANCE,5
CPT104322,,dropped_in_docs,DL,0
CPT121809,,dropped_in_docs,DL,0
CPT124242,,dropped_in_docs,INSURANCE,5
CPT108656,,dropped_in_docs,FITNESS,4
CPT103714,,dropped_in_docs,PERMIT,3
CPT108965,2026-01-24 04:11:24.033898447,approved,,6
CPT121166,,dropped_in_docs,INSURANCE,5
CPT115826,,dropped_in_docs,INSURANCE,5
CPT104667,,dropped_in_docs,PERMIT,3
CPT101431,,dropped_in_docs,PERMIT,3
CPT124953,,dropped_in_docs,FITNESS,4
CPT112196,2026-01-26 16:27:36.934103795,approved,,6
CPT100894,,dropped_in_docs,RC,1
CPT116929,,dropped_in_docs,RC,1
CPT111323,,dropped_in_docs,DL,0
CPT103590,2026-01-24 20:28:03.484376558,approved,,6
CPT114720,,dropped_in_docs,PERMIT,3
CPT105113,,dropped_in_docs,RC,1
CPT123197,,dropped_in_docs,DL,0
CPT117517,,dropped_in_docs,AADHAAR,2
CPT105174,,dropped_in_docs,PERMIT,3
CPT107315,,dropped_in_docs,RC,1
CPT101905,,dropped_in_docs,INSURANCE,5
CPT118030,2026-01-26 15:25:46.198058227,approved,,5
CPT121829,,dropped_in_docs,DL,0
CPT113487,,dropped_in_docs,RC,1
CPT101170,2026-01-26 21:41:53.342007361,approved,,6
CPT101399,,dropped_in_docs,PERMIT,3
CPT124850,,dropped_in_docs,INSURANCE,5
CPT111542,2026-01-24 14:16:49.559358969,approved,,6
CPT110847,,dropped_in_docs,RC,1
CPT121241,,dropped_in_docs,FITNESS,4
CPT101897,,dropped_in_docs,PERMIT,3
CPT110210,2026-01-26 21:51:07.215059300,approved,,6
CPT124569,,dropped_in_docs,PERMIT,3
CPT114372,2026-01-24 11:27:48.034177398,approved,,5
CPT120079,,dropped_in_docs,INSURANCE,5
CPT109875,2026-01-24 01:10:30.611809466,approved,,6
CPT122231,,dropped_in_docs,RC,1
CPT101322,,dropped_in_docs,PERMIT,3
CPT109322,,dropped_in_docs,DL,0
CPT104730,,dropped_in_docs,AADHAAR,2
CPT109029,,dropped_in_docs,RC,1
CPT110594,2026-01-26 13:09:17.631912395,approved,,6
CPT119566,,dropped_in_docs,RC,1
CPT115291,,dropped_in_docs,FITNESS,4
CPT122467,,dropped_in_docs,RC,1
CPT111144,,dropped_in_docs,INSURANCE,5
CPT109552,2026-01-26 16:59:58.320867404,approved,,6
CPT110977,,dropped_in_docs,RC,1
CPT105019,,dropped_in_docs,DL,0
CPT118600,,dropped_in_docs,FITNESS,4
CPT115195,,dropped_in_docs,PERMIT,3
CPT101190,,dropped_in_docs,DL,0
CPT119439,,dropped_in_docs,FITNESS,4
CPT106568,,dropped_in_docs,DL,0
CPT101144,,dropped_in_docs,PERMIT,3
CPT101042,,dropped_in_docs,RC,1
CPT104345,,dropped_in_docs,RC,1
CPT113243,,dropped_in_docs,PERMIT,3
CPT107372,,dropped_in_docs,INSURANCE,5
CPT108342,,dropped_in_docs,DL,0
CPT105730,,dropped_in_docs,RC,1
CPT116381,,dropped_in_docs,RC,1
CPT120181,,dropped_in_docs,RC,1
CPT117792,,dropped_in_docs,INSURANCE,5
CPT106388,,dropped_in_docs,PERMIT,3
CPT121717,2026-01-26 16:32:26.983059696,approved,,6
CPT122489,,dropped_in_docs,RC,1
CPT107480,,dropped_in_docs,RC,1
CPT113764,,dropped_in_docs,INSURANCE,5
CPT120689,,dropped_in_docs,FITNESS,4
CPT117656,2026-01-25 09:47:02.638829223,approved,,6
CPT116401,,dropped_in_docs,FITNESS,4
CPT107430,,dropped_in_docs,FITNESS,4
CPT109591,,dropped_in_docs,FITNESS,4
CPT107507,,dropped_in_docs,DL,0
CPT106579,,dropped_in_docs,PERMIT,3
CPT124113,,dropped_in_docs,AADHAAR,2
CPT104828,,dropped_in_docs,DL,0
CPT114075,,dropped_in_docs,DL,0
CPT121303,,dropped_in_docs,FITNESS,4
CPT105279,,dropped_in_docs,RC,1
CPT115980,,dropped_in_docs,PERMIT,3
CPT120314,,dropped_in_docs,PERMIT,3
CPT100326,,dropped_in_docs,DL,0
CPT111643,,dropped_in_docs,FITNESS,4
CPT115588,,dropped_in_docs,FITNESS,4
CPT100788,,dropped_in_docs,FITNESS,4
CPT104697,2026-01-26 07:26:11.871624322,approved,,5
CPT123694,,dropped_in_docs,FITNESS,4
CPT118735,,dropped_in_docs,DL,0
CPT116160,,dropped_in_docs,RC,1
CPT102283,2026-01-28 11:28:24.999499483,approved,,6
CPT107765,,dropped_in_docs,INSURANCE,5
CPT119557,2026-01-28 08:39:47.341986053,approved,,6
CPT115027,,dropped_in_docs,RC,1
CPT105896,,dropped_in_docs,RC,1
CPT117412,,dropped_in_docs,AADHAAR,2
CPT109569,,dropped_in_docs,FITNESS,4
CPT108659,,dropped_in_docs,INSURANCE,5
CPT106695,,dropped_in_docs,DL,0
CPT118185,,dropped_in_docs,INSURANCE,5
CPT119342,,dropped_in_docs,FITNESS,4
CPT112168,,dropped_in_docs,PERMIT,3
CPT123323,,dropped_in_docs,RC,1
CPT106273,2026-01-28 05:55:43.095528666,rejected,background_check_failed,6
CPT112648,,dropped_in_docs,RC,1
CPT112614,2026-01-25 01:31:37.453619206,rejected,vehicle_age_policy,5
CPT102830,,dropped_in_docs,RC,1
CPT108798,,dropped_in_docs,INSURANCE,5
CPT103884,2026-01-25 10:06:09.527431552,approved,,6
CPT115940,,dropped_in_docs,DL,0
CPT107096,,dropped_in_docs,INSURANCE,5
CPT119188,2026-01-27 19:50:20.855587298,approved,,5
CPT119607,,dropped_in_docs,FITNESS,4
CPT115970,2026-01-29 05:44:54.809129603,approved,,6
CPT123275,,dropped_in_docs,DL,0
CPT103317,2026-01-28 01:49:43.155493881,approved,,6
CPT114149,2026-01-29 14:53:57.373492482,rejected,vehicle_age_policy,6
CPT108371,,dropped_in_docs,PERMIT,3
CPT122734,,dropped_in_docs,FITNESS,4
CPT107808,,dropped_in_docs,RC,1
CPT121137,,dropped_in_docs,DL,0
CPT124001,,dropped_in_docs,FITNESS,4
CPT118567,,dropped_in_docs,RC,1
CPT124876,,dropped_in_docs,FITNESS,4
CPT111781,,dropped_in_docs,RC,1
CPT117810,2026-01-25 17:24:00.677870794,approved,,5
CPT107941,,dropped_in_docs,RC,1
CPT124680,,dropped_in_docs,FITNESS,4
CPT103521,,dropped_in_docs,DL,0
CPT112457,,dropped_in_docs,RC,1
CPT101746,,dropped_in_docs,DL,0
CPT116182,,dropped_in_docs,FITNESS,4
CPT107936,,dropped_in_docs,FITNESS,4
CPT108949,2026-01-27 10:04:11.330139768,approved,,6
CPT114162,,dropped_in_docs,INSURANCE,5
CPT124977,,dropped_in_docs,RC,1
CPT102598,,dropped_in_docs,FITNESS,4
CPT124513,,dropped_in_docs,RC,1
CPT115305,,dropped_in_docs,RC,1
CPT112594,,dropped_in_docs,AADHAAR,2
CPT100046,2026-01-29 06:34:02.759573181,approved,,6
CPT110790,2026-01-28 00:26:04.514202459,approved,,6
CPT103396,2026-01-27 10:14:21.140912654,approved,,5
CPT116076,2026-01-28 02:39:04.684345554,approved,,6
CPT122960,,dropped_in_docs,FITNESS,4
CPT111765,,dropped_in_docs,FITNESS,4
CPT108351,,dropped_in_docs,DL,0
CPT122741,,dropped_in_docs,AADHAAR,2
CPT115241,,dropped_in_docs,PERMIT,3
CPT103814,,dropped_in_docs,RC,1
CPT103419,,dropped_in_docs,AADHAAR,2
CPT100404,2026-01-27 20:24:26.938656207,approved,,6
CPT122954,,dropped_in_docs,RC,1
CPT109044,2026-01-26 16:19:40.628563423,approved,,6
CPT109931,,dropped_in_docs,RC,1
CPT102009,,dropped_in_docs,PERMIT,3
CPT112127,,dropped_in_docs,RC,1
CPT109731,,dropped_in_docs,AADHAAR,2
CPT118235,,dropped_in_docs,DL,0
CPT102727,2026-01-26 08:51:21.041094296,approved,,6
CPT121701,,dropped_in_docs,AADHAAR,2
CPT105350,,dropped_in_docs,AADHAAR,2
CPT121904,,dropped_in_docs,DL,0
CPT111858,2026-01-28 10:40:55.510583708,approved,,6
CPT121824,2026-01-25 17:05:47.944411512,approved,,5
CPT104653,,dropped_in_docs,DL,0
CPT108016,,dropped_in_docs,AADHAAR,2
CPT112928,,dropped_in_docs,AADHAAR,2
CPT100882,,dropped_in_docs,AADHAAR,2
CPT101708,2026-01-26 22:16:22.512268854,approved,,6
CPT121879,,dropped_in_docs,AADHAAR,2
CPT123046,,dropped_in_docs,FITNESS,4
CPT106173,2026-01-27 10:51:38.351177645,approved,,6
CPT115139,,dropped_in_docs,RC,1
CPT101241,,dropped_in_docs,INSURANCE,5
CPT122520,,dropped_in_docs,RC,1
CPT108392,,dropped_in_docs,FITNESS,4
CPT111527,,dropped_in_docs,DL,0
CPT111747,,dropped_in_docs,RC,1
CPT101428,,dropped_in_docs,RC,1
CPT110211,2026-01-25 20:56:03.553362539,approved,,6
CPT105122,,dropped_in_docs,RC,1
CPT109605,,dropped_in_docs,DL,0
CPT101033,,dropped_in_docs,DL,0
CPT105879,,dropped_in_docs,RC,1
CPT120204,,dropped_in_docs,FITNESS,4
CPT112540,,dropped_in_docs,FITNESS,4
CPT107047,,dropped_in_docs,INSURANCE,5
CPT109518,,dropped_in_docs,DL,0
CPT121903,,dropped_in_docs,FITNESS,4
CPT106179,2026-01-27 16:21:03.278482962,approved,,5
CPT103493,,dropped_in_docs,AADHAAR,2
CPT115086,,dropped_in_docs,PERMIT,3
CPT105180,,dropped_in_docs,PERMIT,3
CPT121424,,dropped_in_docs,FITNESS,4
CPT107771,,dropped_in_docs,RC,1
CPT115122,2026-01-26 12:28:14.221598021,approved,,6
CPT119015,,dropped_in_docs,RC,1
CPT117020,,dropped_in_docs,PERMIT,3
CPT101121,,dropped_in_docs,INSURANCE,5
CPT124080,2026-01-27 05:06:03.122805056,approved,,5
CPT103732,,dropped_in_docs,RC,1
CPT124775,,dropped_in_docs,INSURANCE,5
CPT100067,2026-01-26 01:03:58.331079447,approved,,6
CPT108217,,dropped_in_docs,DL,0
CPT109623,,dropped_in_docs,RC,1
CPT114370,,dropped_in_docs,DL,0
CPT112687,,dropped_in_docs,AADHAAR,2
CPT110099,,dropped_in_docs,INSURANCE,5
CPT120878,2026-01-28 13:26:28.817799417,approved,,6
CPT106945,2026-01-26 09:11:54.351264160,approved,,6
CPT115864,,dropped_in_docs,DL,0
CPT111463,,dropped_in_docs,DL,0
CPT108021,,dropped_in_docs,INSURANCE,5
CPT116200,,dropped_in_docs,RC,1
CPT116782,,dropped_in_docs,INSURANCE,5
CPT124524,,dropped_in_docs,INSURANCE,5
CPT100991,,dropped_in_docs,INSURANCE,5
CPT116936,,dropped_in_docs,INSURANCE,5
CPT124949,,dropped_in_docs,RC,1
CPT117250,,dropped_in_docs,FITNESS,4
CPT100899,,dropped_in_docs,INSURANCE,5
CPT124048,,dropped_in_docs,RC,1
CPT116804,,dropped_in_docs,RC,1
CPT108488,,dropped_in_docs,RC,1
CPT120867,,dropped_in_docs,PERMIT,3
CPT124936,,dropped_in_docs,FITNESS,4
CPT106902,,dropped_in_docs,RC,1
CPT115280,2026-01-27 20:55:56.382031376,approved,,6
CPT101796,2026-01-26 11:53:36.186672004,approved,,5
CPT102175,,dropped_in_docs,FITNESS,4
CPT122926,,dropped_in_docs,RC,1
CPT124799,2026-01-26 04:52:03.263294716,approved,,6
CPT116265,,dropped_in_docs,INSURANCE,5
CPT119452,2026-01-28 15:20:52.782010663,approved,,6
CPT102289,,dropped_in_docs,DL,0
CPT109562,2026-01-26 01:21:58.135439171,approved,,6
CPT119362,,dropped_in_docs,DL,0
CPT106117,,dropped_in_docs,PERMIT,3
CPT102203,,dropped_in_docs,RC,1
CPT112500,2026-01-28 00:35:15.921470721,approved,,6
CPT119225,,dropped_in_docs,PERMIT,3
CPT120317,,dropped_in_docs,FITNESS,4
CPT108849,,dropped_in_docs,FITNESS,4
CPT100225,,dropped_in_docs,FITNESS,4
CPT104974,2026-01-26 09:03:36.833398884,approved,,6
CPT102794,,dropped_in_docs,RC,1
CPT113778,,dropped_in_docs,FITNESS,4
CPT109718,,dropped_in_docs,PERMIT,3
CPT112542,,dropped_in_docs,INSURANCE,5
CPT119570,2026-01-25 11:34:56.014039120,approved,,6
CPT116191,2026-01-27 15:17:03.954491903,approved,,6
CPT110880,,dropped_in_docs,PERMIT,3
CPT114047,,dropped_in_docs,INSURANCE,5
CPT117287,,dropped_in_docs,FITNESS,4
CPT122998,,dropped_in_docs,FITNESS,4
CPT121622,,dropped_in_docs,AADHAAR,2
CPT120662,,dropped_in_docs,RC,1
CPT109036,,dropped_in_docs,INSURANCE,5
CPT100934,,dropped_in_docs,RC,1
CPT108525,2026-01-26 16:09:02.203529224,approved,,6
CPT106709,,dropped_in_docs,RC,1
CPT118729,,dropped_in_docs,RC,1
CPT102747,,dropped_in_docs,AADHAAR,2
CPT107113,,dropped_in_docs,RC,1
CPT122270,,dropped_in_docs,RC,1
CPT102287,,dropped_in_docs,AADHAAR,2
CPT103978,2026-01-25 12:34:50.192779369,approved,,6
CPT100889,,dropped_in_docs,RC,1
CPT108160,,dropped_in_docs,RC,1
CPT117904,2026-01-28 10:12:53.167658019,approved,,6
CPT111874,,dropped_in_docs,FITNESS,4
CPT114304,,dropped_in_docs,PERMIT,3
CPT117914,,dropped_in_docs,PERMIT,3
CPT109606,,dropped_in_docs,DL,0
CPT119251,2026-01-26 21:04:08.585213390,approved,,6
CPT113821,2026-01-29 19:18:38.949476568,approved,,6
CPT116557,2026-01-25 06:06:21.477167286,approved,,6
CPT102906,,dropped_in_docs,RC,1
CPT103319,2026-01-27 22:00:03.885018648,approved,,6
CPT107042,,dropped_in_docs,RC,1
CPT121221,2026-01-29 04:38:09.241810218,approved,,6
CPT111936,,dropped_in_docs,RC,1
CPT102951,,dropped_in_docs,FITNESS,4
CPT124369,,dropped_in_docs,DL,0
CPT110643,,dropped_in_docs,FITNESS,4
CPT113257,,dropped_in_docs,DL,0
CPT114732,,dropped_in_docs,RC,1
CPT105412,,dropped_in_docs,AADHAAR,2
CPT103311,,dropped_in_docs,RC,1
CPT121834,,dropped_in_docs,RC,1
CPT100276,,dropped_in_docs,DL,0
CPT107182,2026-01-27 04:17:46.194548905,approved,,5
CPT105519,,dropped_in_docs,FITNESS,4
CPT116412,,dropped_in_docs,FITNESS,4
CPT107163,,dropped_in_docs,RC,1
CPT105441,,dropped_in_docs,DL,0
CPT122368,,dropped_in_docs,PERMIT,3
CPT110156,,dropped_in_docs,FITNESS,4
CPT103366,,dropped_in_docs,RC,1
CPT111577,,dropped_in_docs,DL,0
CPT123917,,dropped_in_docs,RC,1
CPT124077,,dropped_in_docs,PERMIT,3
CPT107955,2026-01-27 06:39:56.324688538,approved,,6
CPT110308,,dropped_in_docs,DL,0
CPT105007,2026-01-26 14:36:39.828268712,approved,,6
CPT115649,,dropped_in_docs,FITNESS,4
CPT103102,,dropped_in_docs,RC,1
CPT124453,,dropped_in_docs,FITNESS,4
CPT112769,,dropped_in_docs,DL,0
CPT115130,2026-01-28 07:26:25.019711424,approved,,6
CPT102430,,dropped_in_docs,DL,0
CPT120886,2026-01-28 04:31:35.429932767,approved,,6
CPT101219,,dropped_in_docs,DL,0
CPT112884,,dropped_in_docs,RC,1
CPT106879,2026-01-27 12:10:24.129661101,approved,,5
CPT103327,,dropped_in_docs,AADHAAR,2
CPT115334,,dropped_in_docs,AADHAAR,2
CPT110787,,dropped_in_docs,FITNESS,4
CPT102850,,dropped_in_docs,RC,1
CPT102308,,dropped_in_docs,FITNESS,4
CPT122999,,dropped_in_docs,PERMIT,3
CPT121223,,dropped_in_docs,FITNESS,4
CPT102075,,dropped_in_docs,PERMIT,3
CPT119512,,dropped_in_docs,RC,1
CPT102814,,dropped_in_docs,DL,0
CPT105600,,dropped_in_docs,DL,0
CPT123304,,dropped_in_docs,RC,1
CPT107886,,dropped_in_docs,DL,0
CPT100723,,dropped_in_docs,PERMIT,3
CPT107183,,dropped_in_docs,RC,1
CPT114641,2026-01-29 12:37:56.753584369,approved,,5
CPT113971,,dropped_in_docs,PERMIT,3
CPT103509,,dropped_in_docs,INSURANCE,5
CPT122773,,dropped_in_docs,RC,1
CPT121084,,dropped_in_docs,RC,1
CPT117424,,dropped_in_docs,RC,1
CPT100787,,dropped_in_docs,INSURANCE,5
CPT123079,,dropped_in_docs,RC,1
CPT110285,,dropped_in_docs,AADHAAR,2
CPT118234,,dropped_in_docs,INSURANCE,5
CPT118171,,dropped_in_docs,RC,1
CPT121508,,dropped_in_docs,PERMIT,3
CPT103968,,dropped_in_docs,INSURANCE,5
CPT114795,2026-01-30 10:23:35.630628298,approved,,6
CPT108500,2026-01-26 11:44:26.277591164,approved,,5
CPT113562,,dropped_in_docs,PERMIT,3
CPT120246,,dropped_in_docs,PERMIT,3
CPT122401,,dropped_in_docs,DL,0
CPT109597,,dropped_in_docs,FITNESS,4
CPT124274,,dropped_in_docs,INSURANCE,5
CPT106147,,dropped_in_docs,FITNESS,4
CPT106153,,dropped_in_docs,FITNESS,4
CPT115991,,dropped_in_docs,RC,1
CPT117623,,dropped_in_docs,PERMIT,3
CPT102131,,dropped_in_docs,RC,1
CPT111713,,dropped_in_docs,DL,0
CPT119743,,dropped_in_docs,PERMIT,3
CPT118094,,dropped_in_docs,AADHAAR,2
CPT112659,,dropped_in_docs,DL,0
CPT113530,,dropped_in_docs,RC,1
CPT104548,2026-01-30 20:35:21.130898807,approved,,6
CPT122192,,dropped_in_docs,RC,1
CPT119461,,dropped_in_docs,PERMIT,3
CPT115361,,dropped_in_docs,RC,1
CPT105607,,dropped_in_docs,DL,0
CPT115110,,dropped_in_docs,DL,0
CPT108108,,dropped_in_docs,DL,0
CPT117752,,dropped_in_docs,INSURANCE,5
CPT101352,,dropped_in_docs,DL,0
CPT102256,,dropped_in_docs,RC,1
CPT120239,2026-01-29 10:40:31.475738382,rejected,doc_authenticity_flag,6
CPT107112,,dropped_in_docs,INSURANCE,5
CPT124553,2026-01-28 22:02:57.802308513,approved,,6
CPT117708,2026-01-28 06:43:42.088625445,approved,,6
CPT100244,,dropped_in_docs,DL,0
CPT123240,,dropped_in_docs,DL,0
CPT106347,,dropped_in_docs,PERMIT,3
CPT103683,,dropped_in_docs,FITNESS,4
CPT103118,,dropped_in_docs,PERMIT,3
CPT115491,,dropped_in_docs,DL,0
CPT102783,,dropped_in_docs,FITNESS,4
CPT111334,,dropped_in_docs,RC,1
CPT117363,2026-01-27 21:34:46.091966310,approved,,6
CPT111969,,dropped_in_docs,INSURANCE,5
CPT116757,,dropped_in_docs,RC,1
CPT113131,,dropped_in_docs,RC,1
CPT118296,,dropped_in_docs,RC,1
CPT115220,,dropped_in_docs,RC,1
CPT121230,,dropped_in_docs,PERMIT,3
CPT122762,2026-01-30 08:36:52.302692298,rejected,background_check_failed,6
CPT106731,,dropped_in_docs,RC,1
CPT112158,2026-01-28 01:58:26.101388838,approved,,6
CPT113980,,dropped_in_docs,INSURANCE,5
CPT117579,,dropped_in_docs,FITNESS,4
CPT101467,,dropped_in_docs,AADHAAR,2
CPT105037,,dropped_in_docs,FITNESS,4
CPT106491,,dropped_in_docs,DL,0
CPT111137,,dropped_in_docs,AADHAAR,2
CPT122827,,dropped_in_docs,PERMIT,3
CPT111967,,dropped_in_docs,RC,1
CPT102591,,dropped_in_docs,INSURANCE,5
CPT101453,,dropped_in_docs,DL,0
CPT110407,,dropped_in_docs,INSURANCE,5
CPT119752,,dropped_in_docs,DL,0
CPT122056,2026-01-27 02:21:36.265672716,approved,,6
CPT105851,,dropped_in_docs,FITNESS,4
CPT119880,2026-01-28 03:08:06.818070226,rejected,background_check_failed,5
CPT115014,,dropped_in_docs,PERMIT,3
CPT120954,,dropped_in_docs,INSURANCE,5
CPT109470,,dropped_in_docs,INSURANCE,5
CPT115072,,dropped_in_docs,RC,1
CPT122686,,dropped_in_docs,PERMIT,3
CPT105285,,dropped_in_docs,FITNESS,4
CPT115788,,dropped_in_docs,INSURANCE,5
CPT116127,,dropped_in_docs,DL,0
CPT116152,,dropped_in_docs,INSURANCE,5
CPT123710,,dropped_in_docs,PERMIT,3
CPT101483,,dropped_in_docs,RC,1
CPT112364,,dropped_in_docs,DL,0
CPT116518,,dropped_in_docs,RC,1
CPT105029,,dropped_in_docs,INSURANCE,5
CPT124746,,dropped_in_docs,DL,0
CPT103939,,dropped_in_docs,RC,1
CPT114362,,dropped_in_docs,INSURANCE,5
CPT109155,,dropped_in_docs,PERMIT,3
CPT110771,2026-01-27 03:55:21.023214864,approved,,6
CPT101549,,dropped_in_docs,PERMIT,3
CPT114894,,dropped_in_docs,DL,0
CPT121847,2026-01-27 01:02:14.620607689,approved,,6
CPT101748,,dropped_in_docs,DL,0
CPT109957,2026-01-30 20:14:27.222289949,approved,,6
CPT101502,,dropped_in_docs,RC,1
CPT111405,,dropped_in_docs,INSURANCE,5
CPT117372,,dropped_in_docs,RC,1
CPT110387,,dropped_in_docs,RC,1
CPT119139,,dropped_in_docs,RC,1
CPT114848,,dropped_in_docs,PERMIT,3
CPT115144,,dropped_in_docs,PERMIT,3
CPT120357,2026-01-29 12:01:26.991983223,approved,,6
CPT122515,,dropped_in_docs,DL,0
CPT124847,,dropped_in_docs,INSURANCE,5
CPT104830,,dropped_in_docs,RC,1
CPT111164,2026-01-28 17:34:17.586241695,approved,,6
CPT103943,,dropped_in_docs,RC,1
CPT121391,,dropped_in_docs,RC,1
CPT110127,,dropped_in_docs,PERMIT,3
CPT115469,,dropped_in_docs,RC,1
CPT117087,2026-01-31 06:37:19.320676773,approved,,6
CPT109151,,dropped_in_docs,DL,0
CPT106753,,dropped_in_docs,RC,1
CPT119994,,dropped_in_docs,RC,1
CPT107171,,dropped_in_docs,RC,1
CPT120900,,dropped_in_docs,INSURANCE,5
CPT121154,,dropped_in_docs,RC,1
CPT116554,,dropped_in_docs,RC,1
CPT115294,,dropped_in_docs,INSURANCE,5
CPT123450,2026-01-27 17:46:52.429957677,approved,,6
CPT107517,2026-01-28 19:55:06.500927805,approved,,6
CPT113567,,dropped_in_docs,RC,1
CPT122873,,dropped_in_docs,RC,1
CPT112700,,dropped_in_docs,RC,1
CPT100835,,dropped_in_docs,INSURANCE,5
CPT121631,,dropped_in_docs,DL,0
CPT112800,2026-01-27 07:22:36.490177590,approved,,5
CPT111271,,dropped_in_docs,FITNESS,4
CPT122832,,dropped_in_docs,RC,1
CPT121105,,dropped_in_docs,RC,1
CPT111639,,dropped_in_docs,RC,1
CPT109815,,dropped_in_docs,RC,1
CPT124172,,dropped_in_docs,PERMIT,3
CPT113745,,dropped_in_docs,PERMIT,3
CPT103488,,dropped_in_docs,FITNESS,4
CPT124256,,dropped_in_docs,INSURANCE,5
CPT108286,,dropped_in_docs,PERMIT,3
CPT114723,,dropped_in_docs,RC,1
CPT117643,,dropped_in_docs,INSURANCE,5
CPT103706,,dropped_in_docs,RC,1
CPT117192,,dropped_in_docs,FITNESS,4
CPT113148,,dropped_in_docs,INSURANCE,5
CPT118091,,dropped_in_docs,RC,1
CPT109712,,dropped_in_docs,INSURANCE,5
CPT124556,,dropped_in_docs,RC,1
CPT116928,,dropped_in_docs,FITNESS,4
CPT122752,,dropped_in_docs,RC,1
CPT118268,,dropped_in_docs,PERMIT,3
CPT116652,,dropped_in_docs,FITNESS,4
CPT102691,,dropped_in_docs,DL,0
CPT111442,,dropped_in_docs,PERMIT,3
CPT102094,,dropped_in_docs,RC,1
CPT123380,,dropped_in_docs,PERMIT,3
CPT117475,,dropped_in_docs,PERMIT,3
CPT120829,2026-01-30 06:57:41.670659896,approved,,5
CPT124717,,dropped_in_docs,RC,1
CPT110190,,dropped_in_docs,FITNESS,4
CPT117610,,dropped_in_docs,PERMIT,3
CPT124578,,dropped_in_docs,FITNESS,4
CPT119661,,dropped_in_docs,DL,0
CPT112678,,dropped_in_docs,INSURANCE,5
CPT119975,,dropped_in_docs,RC,1
CPT107192,2026-01-30 10:16:48.326062466,approved,,6
CPT114927,2026-01-29 19:35:55.159935343,approved,,6
CPT100720,,dropped_in_docs,INSURANCE,5
CPT101857,,dropped_in_docs,RC,1
CPT105858,,dropped_in_docs,FITNESS,4
CPT101452,,dropped_in_docs,INSURANCE,5
CPT111191,,dropped_in_docs,RC,1
CPT108926,2026-02-01 18:50:24.326155292,approved,,6
CPT103077,,dropped_in_docs,RC,1
CPT109820,,dropped_in_docs,PERMIT,3
CPT119328,,dropped_in_docs,RC,1
CPT110551,,dropped_in_docs,DL,0
CPT105733,,dropped_in_docs,RC,1
CPT108339,,dropped_in_docs,RC,1
CPT109064,2026-01-28 07:30:16.055838217,approved,,6
CPT111077,2026-01-29 08:18:24.085580355,approved,,6
CPT105652,,dropped_in_docs,AADHAAR,2
CPT122598,,dropped_in_docs,DL,0
CPT112743,,dropped_in_docs,RC,1
CPT122313,,dropped_in_docs,DL,0
CPT102989,,dropped_in_docs,RC,1
CPT115532,2026-01-30 06:47:20.002881227,rejected,doc_authenticity_flag,6
CPT123182,2026-01-28 13:10:50.468691727,approved,,6
CPT105110,2026-01-29 10:28:35.570838922,approved,,5
CPT101882,,dropped_in_docs,AADHAAR,2
CPT115986,,dropped_in_docs,RC,1
CPT122674,2026-01-27 23:35:46.752025897,approved,,5
CPT116325,,dropped_in_docs,RC,1
CPT110038,2026-01-31 04:59:05.398796410,approved,,5
CPT124944,,dropped_in_docs,DL,0
CPT110687,,dropped_in_docs,FITNESS,4
CPT107707,,dropped_in_docs,INSURANCE,5
CPT124666,,dropped_in_docs,DL,0
CPT110021,,dropped_in_docs,RC,1
CPT104177,,dropped_in_docs,INSURANCE,5
CPT104232,,dropped_in_docs,INSURANCE,5
CPT124299,,dropped_in_docs,INSURANCE,5
CPT110419,,dropped_in_docs,AADHAAR,2
CPT109797,2026-01-30 21:18:46.533071137,approved,,5
CPT107339,2026-01-29 18:22:24.504453227,approved,,6
CPT119185,,dropped_in_docs,PERMIT,3
CPT108397,2026-01-27 08:16:10.804875783,approved,,6
CPT106026,2026-01-30 04:39:40.746798602,approved,,6
CPT120211,2026-01-29 12:52:52.972338779,rejected,background_check_failed,6
CPT110201,2026-01-31 10:02:33.748560514,rejected,vehicle_age_policy,5
CPT102697,,dropped_in_docs,INSURANCE,5
CPT112489,2026-01-28 09:20:15.887681509,approved,,6
CPT111319,,dropped_in_docs,DL,0
CPT105964,,dropped_in_docs,FITNESS,4
CPT104020,,dropped_in_docs,FITNESS,4
CPT124867,2026-01-30 16:42:05.864964632,approved,,5
CPT102828,,dropped_in_docs,RC,1
CPT120883,,dropped_in_docs,FITNESS,4
CPT122583,,dropped_in_docs,RC,1
CPT115573,,dropped_in_docs,PERMIT,3
CPT101046,,dropped_in_docs,PERMIT,3
CPT109315,,dropped_in_docs,RC,1
CPT112198,2026-01-30 22:16:58.750163283,approved,,6
CPT109755,,dropped_in_docs,PERMIT,3
CPT118138,,dropped_in_docs,PERMIT,3
CPT102258,,dropped_in_docs,INSURANCE,5
CPT118557,,dropped_in_docs,FITNESS,4
CPT111445,,dropped_in_docs,INSURANCE,5
CPT121196,2026-01-29 10:35:00.555404110,approved,,6
CPT104093,2026-01-30 06:59:54.818125742,approved,,6
CPT107330,,dropped_in_docs,AADHAAR,2
CPT108604,,dropped_in_docs,RC,1
CPT124846,2026-01-31 12:37:05.654567872,approved,,6
CPT103039,2026-01-28 22:39:13.414721777,approved,,6
CPT121587,,dropped_in_docs,PERMIT,3
CPT116622,,dropped_in_docs,RC,1
CPT118404,,dropped_in_docs,RC,1
CPT120985,2026-01-31 08:10:06.892101701,approved,,6
CPT111575,2026-01-28 17:45:23.349545621,approved,,6
CPT118289,,dropped_in_docs,RC,1
CPT124407,,dropped_in_docs,DL,0
CPT119078,2026-02-03 21:03:06.463703414,approved,,6
CPT119730,2026-02-04 03:31:34.330473487,approved,,6
CPT106844,,dropped_in_docs,DL,0
CPT102060,2026-02-02 14:31:45.791364912,approved,,6
CPT120430,,dropped_in_docs,FITNESS,4
CPT104060,,dropped_in_docs,DL,0
CPT117729,,dropped_in_docs,INSURANCE,5
CPT110214,2026-01-31 21:53:10.789018554,approved,,6
CPT124213,,dropped_in_docs,PERMIT,3
CPT101821,,dropped_in_docs,PERMIT,3
CPT109929,,dropped_in_docs,AADHAAR,2
CPT117331,,dropped_in_docs,INSURANCE,5
CPT119480,2026-02-01 03:54:59.538087316,approved,,5
CPT109714,,dropped_in_docs,RC,1
CPT121564,,dropped_in_docs,FITNESS,4
CPT104329,,dropped_in_docs,PERMIT,3
CPT119947,,dropped_in_docs,PERMIT,3
CPT103811,,dropped_in_docs,FITNESS,4
CPT109868,,dropped_in_docs,INSURANCE,5
CPT103640,,dropped_in_docs,FITNESS,4
CPT114133,2026-02-03 12:16:54.634828894,approved,,6
CPT124311,,dropped_in_docs,INSURANCE,5
CPT103342,,dropped_in_docs,RC,1
CPT111354,,dropped_in_docs,RC,1
CPT106983,,dropped_in_docs,RC,1
CPT114659,,dropped_in_docs,RC,1
CPT122821,2026-01-29 19:31:26.239313961,approved,,6
CPT113636,,dropped_in_docs,AADHAAR,2
CPT109827,,dropped_in_docs,FITNESS,4
CPT119795,,dropped_in_docs,PERMIT,3
CPT104997,2026-01-29 13:51:15.489235122,approved,,6
CPT113615,,dropped_in_docs,RC,1
CPT122567,,dropped_in_docs,RC,1
CPT103066,,dropped_in_docs,PERMIT,3
CPT122107,,dropped_in_docs,RC,1
CPT120373,,dropped_in_docs,RC,1
CPT100179,,dropped_in_docs,RC,1
CPT120093,,dropped_in_docs,FITNESS,4
CPT108360,,dropped_in_docs,FITNESS,4
CPT104921,,dropped_in_docs,PERMIT,3
CPT115628,,dropped_in_docs,INSURANCE,5
CPT110911,,dropped_in_docs,INSURANCE,5
CPT117048,2026-01-29 17:25:50.189825525,approved,,5
CPT112157,2026-02-01 04:19:58.705580738,rejected,duplicate_captain,6
CPT110392,2026-01-30 13:10:27.121314201,rejected,background_check_failed,6
CPT108450,,dropped_in_docs,RC,1
CPT112882,,dropped_in_docs,PERMIT,3
CPT108479,,dropped_in_docs,RC,1
CPT107783,,dropped_in_docs,RC,1
CPT117128,,dropped_in_docs,AADHAAR,2
CPT109505,,dropped_in_docs,FITNESS,4
CPT122426,,dropped_in_docs,RC,1
CPT118806,,dropped_in_docs,PERMIT,3
CPT115056,2026-02-01 06:29:13.793703008,approved,,6
CPT110505,2026-01-30 02:06:39.799822529,approved,,6
CPT105938,,dropped_in_docs,RC,1
CPT101723,2026-01-30 15:45:43.756683425,approved,,5
CPT118858,2026-01-29 20:25:33.537757036,approved,,6
CPT123220,,dropped_in_docs,AADHAAR,2
CPT102528,2026-01-30 12:48:43.598962385,rejected,vehicle_age_policy,6
CPT117119,,dropped_in_docs,RC,1
CPT123306,2026-01-31 10:01:01.830002511,approved,,5
CPT122722,,dropped_in_docs,PERMIT,3
CPT105432,,dropped_in_docs,DL,0
CPT113241,,dropped_in_docs,FITNESS,4
CPT110476,,dropped_in_docs,RC,1
CPT112502,,dropped_in_docs,PERMIT,3
CPT121768,,dropped_in_docs,RC,1
CPT118482,,dropped_in_docs,INSURANCE,5
CPT100582,,dropped_in_docs,PERMIT,3
CPT120149,,dropped_in_docs,AADHAAR,2
CPT100212,,dropped_in_docs,FITNESS,4
CPT118345,2026-01-31 07:00:41.058727829,approved,,6
CPT110587,,dropped_in_docs,FITNESS,4
CPT123581,,dropped_in_docs,INSURANCE,5
CPT111491,,dropped_in_docs,FITNESS,4
CPT120962,,dropped_in_docs,INSURANCE,5
CPT107080,,dropped_in_docs,DL,0
CPT121841,,dropped_in_docs,PERMIT,3
CPT117911,,dropped_in_docs,DL,0
CPT112696,,dropped_in_docs,RC,1
CPT111789,2026-01-30 21:33:18.230677186,approved,,5
CPT100163,,dropped_in_docs,RC,1
CPT112676,,dropped_in_docs,RC,1
CPT113580,2026-02-03 14:45:04.818637796,approved,,6
CPT110583,,dropped_in_docs,FITNESS,4
CPT110830,,dropped_in_docs,DL,0
CPT110043,,dropped_in_docs,RC,1
CPT105628,,dropped_in_docs,DL,0
CPT121446,,dropped_in_docs,INSURANCE,5
CPT107137,,dropped_in_docs,RC,1
CPT119639,2026-01-30 10:27:57.937371993,approved,,6
CPT100371,,dropped_in_docs,RC,1
CPT120939,,dropped_in_docs,DL,0
CPT117703,,dropped_in_docs,FITNESS,4
CPT106465,,dropped_in_docs,RC,1
CPT102074,,dropped_in_docs,FITNESS,4
CPT106080,,dropped_in_docs,INSURANCE,5
CPT101057,2026-02-03 13:30:03.683500702,approved,,6
CPT124043,2026-01-29 23:18:39.493694077,approved,,6
CPT108748,2026-01-31 11:14:31.047938985,approved,,6
CPT111678,,dropped_in_docs,INSURANCE,5
CPT105637,,dropped_in_docs,DL,0
CPT120279,,dropped_in_docs,AADHAAR,2
CPT107972,2026-01-28 21:27:58.687497374,rejected,duplicate_captain,5
CPT118114,,dropped_in_docs,DL,0
CPT124505,,dropped_in_docs,PERMIT,3
CPT108199,,dropped_in_docs,FITNESS,4
CPT116918,,dropped_in_docs,DL,0
CPT118173,,dropped_in_docs,INSURANCE,5
CPT112957,,dropped_in_docs,INSURANCE,5
CPT116121,,dropped_in_docs,INSURANCE,5
CPT111395,,dropped_in_docs,FITNESS,4
CPT101099,,dropped_in_docs,PERMIT,3
CPT122521,,dropped_in_docs,DL,0
CPT123491,,dropped_in_docs,INSURANCE,5
CPT113738,,dropped_in_docs,PERMIT,3
CPT112032,,dropped_in_docs,RC,1
CPT118290,2026-02-01 05:16:30.645948130,approved,,6
CPT119659,,dropped_in_docs,RC,1
CPT115208,,dropped_in_docs,AADHAAR,2
CPT114156,2026-02-02 06:50:40.432570365,approved,,6
CPT121738,,dropped_in_docs,FITNESS,4
CPT121055,,dropped_in_docs,PERMIT,3
CPT119276,,dropped_in_docs,INSURANCE,5
CPT112445,,dropped_in_docs,RC,1
CPT109930,,dropped_in_docs,RC,1
CPT112039,,dropped_in_docs,INSURANCE,5
CPT107849,,dropped_in_docs,AADHAAR,2
CPT112205,,dropped_in_docs,FITNESS,4
CPT117345,,dropped_in_docs,RC,1
CPT115001,,dropped_in_docs,RC,1
CPT118588,,dropped_in_docs,DL,0
CPT107546,,dropped_in_docs,RC,1
CPT122524,,dropped_in_docs,PERMIT,3
CPT105292,,dropped_in_docs,RC,1
CPT103698,,dropped_in_docs,AADHAAR,2
CPT104360,,dropped_in_docs,AADHAAR,2
CPT109137,2026-01-29 06:57:22.520646001,approved,,5
CPT119619,,dropped_in_docs,RC,1
CPT121237,,dropped_in_docs,RC,1
CPT117770,,dropped_in_docs,DL,0
CPT117875,,dropped_in_docs,AADHAAR,2
CPT111304,2026-01-31 12:22:44.914393103,approved,,6
CPT105090,2026-01-31 15:50:35.843831091,rejected,background_check_failed,6
CPT122415,,dropped_in_docs,PERMIT,3
CPT116868,,dropped_in_docs,INSURANCE,5
CPT114230,,dropped_in_docs,FITNESS,4
CPT119166,2026-01-30 23:20:08.041711993,approved,,6
CPT101359,,dropped_in_docs,DL,0
CPT100328,,dropped_in_docs,RC,1
CPT112848,,dropped_in_docs,PERMIT,3
CPT102957,,dropped_in_docs,FITNESS,4
CPT109959,,dropped_in_docs,RC,1
CPT103691,,dropped_in_docs,FITNESS,4
CPT100627,,dropped_in_docs,RC,1
CPT121054,,dropped_in_docs,DL,0
CPT119652,,dropped_in_docs,INSURANCE,5
CPT109095,2026-02-02 04:28:15.993856840,approved,,6
CPT120405,,dropped_in_docs,DL,0
CPT104435,,dropped_in_docs,RC,1
CPT102071,,dropped_in_docs,RC,1
CPT116967,,dropped_in_docs,RC,1
CPT105844,,dropped_in_docs,RC,1
CPT114923,,dropped_in_docs,RC,1
CPT103184,2026-01-30 07:38:33.506494368,rejected,vehicle_age_policy,6
CPT106783,,dropped_in_docs,FITNESS,4
CPT101107,2026-02-02 06:18:25.709332558,approved,,6
CPT116640,,dropped_in_docs,PERMIT,3
CPT107046,,dropped_in_docs,FITNESS,4
CPT117959,,dropped_in_docs,DL,0
CPT123815,,dropped_in_docs,RC,1
CPT106283,,dropped_in_docs,PERMIT,3
CPT107615,,dropped_in_docs,PERMIT,3
CPT110637,,dropped_in_docs,RC,1
CPT112420,,dropped_in_docs,RC,1
CPT105571,,dropped_in_docs,RC,1
CPT106750,,dropped_in_docs,RC,1
CPT113376,,dropped_in_docs,RC,1
CPT104622,,dropped_in_docs,INSURANCE,5
CPT105593,,dropped_in_docs,DL,0
CPT123726,,dropped_in_docs,AADHAAR,2
CPT122925,2026-02-01 11:54:24.140080816,approved,,5
CPT108946,,dropped_in_docs,INSURANCE,5
CPT110695,,dropped_in_docs,FITNESS,4
CPT113110,,dropped_in_docs,DL,0
CPT114660,,dropped_in_docs,AADHAAR,2
CPT100743,,dropped_in_docs,PERMIT,3
CPT120935,,dropped_in_docs,RC,1
CPT111248,,dropped_in_docs,PERMIT,3
CPT121117,2026-01-29 07:21:11.562691901,approved,,5
CPT109305,,dropped_in_docs,INSURANCE,5
CPT123224,,dropped_in_docs,FITNESS,4
CPT104145,,dropped_in_docs,PERMIT,3
CPT110670,,dropped_in_docs,AADHAAR,2
CPT122272,2026-01-31 21:25:00.422497031,approved,,6
CPT123468,2026-01-31 23:45:04.107304432,approved,,5
CPT123308,,dropped_in_docs,RC,1
CPT114880,,dropped_in_docs,DL,0
CPT118157,,dropped_in_docs,RC,1
CPT109165,,dropped_in_docs,RC,1
CPT113324,,dropped_in_docs,RC,1
CPT111701,,dropped_in_docs,AADHAAR,2
CPT102665,,dropped_in_docs,PERMIT,3
CPT108125,2026-02-04 03:45:27.613201489,approved,,6
CPT118187,,dropped_in_docs,DL,0
CPT109051,,dropped_in_docs,PERMIT,3
CPT113806,,dropped_in_docs,FITNESS,4
CPT117385,2026-01-31 18:31:48.470417494,approved,,6
CPT103023,,dropped_in_docs,FITNESS,4
CPT111923,,dropped_in_docs,PERMIT,3
CPT117184,2026-02-03 23:08:19.646329050,approved,,6
CPT118610,,dropped_in_docs,DL,0
CPT106201,,dropped_in_docs,RC,1
CPT118939,,dropped_in_docs,INSURANCE,5
CPT114252,,dropped_in_docs,INSURANCE,5
CPT115474,,dropped_in_docs,RC,1
CPT108942,,dropped_in_docs,AADHAAR,2
CPT113134,,dropped_in_docs,DL,0
CPT101629,,dropped_in_docs,DL,0
CPT112865,2026-01-30 19:46:19.543761470,approved,,5
CPT124945,2026-01-31 21:49:42.936943520,approved,,5
CPT100099,,dropped_in_docs,RC,1
CPT117324,2026-02-04 00:54:02.271635437,approved,,6
CPT124013,2026-01-30 18:15:04.855371205,approved,,6
CPT116389,,dropped_in_docs,RC,1
CPT101251,2026-02-03 13:43:07.167973865,approved,,6
CPT117309,2026-02-03 15:01:21.360424561,approved,,6
CPT120876,,dropped_in_docs,DL,0
CPT104278,,dropped_in_docs,PERMIT,3
CPT119804,,dropped_in_docs,PERMIT,3
CPT120490,,dropped_in_docs,DL,0
CPT105900,,dropped_in_docs,DL,0
CPT115510,,dropped_in_docs,FITNESS,4
CPT102688,,dropped_in_docs,AADHAAR,2
CPT111435,,dropped_in_docs,DL,0
CPT104641,2026-02-02 02:48:46.677150659,approved,,6
CPT119578,,dropped_in_docs,FITNESS,4
CPT122291,,dropped_in_docs,RC,1
CPT115668,,dropped_in_docs,DL,0
CPT113688,,dropped_in_docs,PERMIT,3
CPT101356,,dropped_in_docs,RC,1
CPT120045,,dropped_in_docs,RC,1
CPT116246,,dropped_in_docs,RC,1
CPT124941,,dropped_in_docs,RC,1
CPT105548,2026-02-01 23:25:03.031046236,approved,,6
CPT123727,,dropped_in_docs,RC,1
CPT117848,,dropped_in_docs,FITNESS,4
CPT100354,,dropped_in_docs,FITNESS,4
CPT109918,,dropped_in_docs,FITNESS,4
CPT118013,,dropped_in_docs,RC,1
CPT110474,,dropped_in_docs,INSURANCE,5
CPT103858,,dropped_in_docs,PERMIT,3
CPT110559,,dropped_in_docs,PERMIT,3
CPT118103,,dropped_in_docs,DL,0
CPT123659,,dropped_in_docs,DL,0
CPT117232,2026-02-02 13:33:33.946716514,approved,,6
CPT102441,,dropped_in_docs,FITNESS,4
CPT114465,,dropped_in_docs,FITNESS,4
CPT113418,,dropped_in_docs,FITNESS,4
CPT119829,,dropped_in_docs,RC,1
CPT120368,,dropped_in_docs,RC,1
CPT120663,,dropped_in_docs,FITNESS,4
CPT110421,2026-02-01 18:05:49.493412459,approved,,6
CPT103415,2026-01-31 11:41:40.261139779,approved,,6
CPT119808,,dropped_in_docs,PERMIT,3
CPT107875,,dropped_in_docs,AADHAAR,2
CPT113354,,dropped_in_docs,RC,1
CPT112398,,dropped_in_docs,DL,0
CPT106316,,dropped_in_docs,RC,1
CPT113063,,dropped_in_docs,PERMIT,3
CPT114045,2026-02-03 02:20:57.395396952,approved,,6
CPT102111,2026-02-01 23:00:19.228765666,approved,,6
CPT106947,,dropped_in_docs,INSURANCE,5
CPT104117,,dropped_in_docs,INSURANCE,5
CPT114033,,dropped_in_docs,FITNESS,4
CPT118237,,dropped_in_docs,FITNESS,4
CPT114569,,dropped_in_docs,RC,1
CPT114846,,dropped_in_docs,RC,1
CPT106839,,dropped_in_docs,PERMIT,3
CPT106274,,dropped_in_docs,RC,1
CPT105930,,dropped_in_docs,INSURANCE,5
CPT112069,,dropped_in_docs,INSURANCE,5
CPT102692,,dropped_in_docs,PERMIT,3
CPT107606,,dropped_in_docs,RC,1
CPT102031,,dropped_in_docs,RC,1
CPT108753,,dropped_in_docs,INSURANCE,5
CPT124903,2026-02-02 10:46:24.589072525,approved,,6
CPT107014,,dropped_in_docs,RC,1
CPT112184,,dropped_in_docs,RC,1
CPT122350,,dropped_in_docs,DL,0
CPT102974,,dropped_in_docs,RC,1
CPT124854,,dropped_in_docs,PERMIT,3
CPT103586,,dropped_in_docs,RC,1
CPT107845,2026-02-04 12:56:16.244537198,approved,,6
CPT110343,,dropped_in_docs,RC,1
CPT104331,,dropped_in_docs,RC,1
CPT100325,,dropped_in_docs,RC,1
CPT110599,,dropped_in_docs,RC,1
CPT114083,,dropped_in_docs,RC,1
CPT111548,,dropped_in_docs,INSURANCE,5
CPT118970,,dropped_in_docs,PERMIT,3
CPT111572,,dropped_in_docs,RC,1
CPT109994,,dropped_in_docs,INSURANCE,5
CPT107114,,dropped_in_docs,RC,1
CPT104390,2026-02-01 13:08:19.437881937,approved,,5
CPT116716,,dropped_in_docs,RC,1
CPT121611,,dropped_in_docs,INSURANCE,5
CPT101998,,dropped_in_docs,FITNESS,4
CPT107587,,dropped_in_docs,RC,1
CPT104388,,dropped_in_docs,AADHAAR,2
CPT107505,,dropped_in_docs,FITNESS,4
CPT124191,,dropped_in_docs,RC,1
CPT109844,2026-02-01 04:32:38.660044291,approved,,6
CPT118719,2026-02-02 06:40:26.462578365,approved,,6
CPT117096,,dropped_in_docs,INSURANCE,5
CPT106099,2026-02-02 11:18:43.161553782,approved,,6
CPT108462,,dropped_in_docs,RC,1
CPT108951,,dropped_in_docs,RC,1
CPT110108,,dropped_in_docs,INSURANCE,5
CPT110892,,dropped_in_docs,FITNESS,4
CPT114403,2026-02-07 01:16:39.271945533,approved,,6
CPT106285,,dropped_in_docs,RC,1
CPT122286,,dropped_in_docs,PERMIT,3
CPT109024,,dropped_in_docs,RC,1
CPT121971,2026-02-01 18:29:56.253774606,approved,,5
CPT120927,,dropped_in_docs,FITNESS,4
CPT109157,2026-02-03 13:32:59.634361019,rejected,vehicle_age_policy,6
CPT109209,,dropped_in_docs,FITNESS,4
CPT122222,,dropped_in_docs,DL,0
CPT124204,,dropped_in_docs,DL,0
CPT104287,,dropped_in_docs,RC,1
CPT116487,,dropped_in_docs,RC,1
CPT104659,,dropped_in_docs,FITNESS,4
CPT115524,,dropped_in_docs,FITNESS,4
CPT119908,2026-02-03 01:26:45.624071069,approved,,6
CPT112870,,dropped_in_docs,RC,1
CPT114591,,dropped_in_docs,RC,1
CPT100909,,dropped_in_docs,PERMIT,3
CPT112255,,dropped_in_docs,FITNESS,4
CPT124616,,dropped_in_docs,PERMIT,3
CPT121497,,dropped_in_docs,RC,1
CPT115190,,dropped_in_docs,RC,1
CPT120290,,dropped_in_docs,AADHAAR,2
CPT116881,,dropped_in_docs,PERMIT,3
CPT114535,,dropped_in_docs,DL,0
CPT113056,2026-02-01 09:24:58.394519287,approved,,6
CPT111552,,dropped_in_docs,FITNESS,4
CPT115577,,dropped_in_docs,RC,1
CPT103515,,dropped_in_docs,FITNESS,4
CPT101232,,dropped_in_docs,RC,1
CPT121467,,dropped_in_docs,PERMIT,3
CPT105654,,dropped_in_docs,RC,1
CPT111098,,dropped_in_docs,PERMIT,3
CPT107425,,dropped_in_docs,INSURANCE,5
CPT108169,,dropped_in_docs,PERMIT,3
CPT121461,,dropped_in_docs,INSURANCE,5
CPT111283,,dropped_in_docs,INSURANCE,5
CPT124658,,dropped_in_docs,PERMIT,3
CPT115997,,dropped_in_docs,DL,0
CPT120344,,dropped_in_docs,AADHAAR,2
CPT105043,,dropped_in_docs,RC,1
CPT121996,,dropped_in_docs,RC,1
CPT119020,,dropped_in_docs,INSURANCE,5
CPT116137,,dropped_in_docs,RC,1
CPT118521,,dropped_in_docs,PERMIT,3
CPT119302,2026-02-05 04:57:11.676330399,approved,,6
CPT121894,,dropped_in_docs,DL,0
CPT108398,,dropped_in_docs,PERMIT,3
CPT124610,2026-02-03 16:16:45.634520197,approved,,6
CPT110271,,dropped_in_docs,PERMIT,3
CPT111177,,dropped_in_docs,RC,1
CPT100944,,dropped_in_docs,FITNESS,4
CPT110823,,dropped_in_docs,INSURANCE,5
CPT101179,2026-02-02 16:20:12.833833446,approved,,6
CPT117927,,dropped_in_docs,PERMIT,3
CPT108168,2026-02-03 04:56:28.738590289,approved,,6
CPT108115,,dropped_in_docs,DL,0
CPT104371,,dropped_in_docs,FITNESS,4
CPT107814,,dropped_in_docs,PERMIT,3
CPT108652,,dropped_in_docs,RC,1
CPT113953,,dropped_in_docs,RC,1
CPT118008,,dropped_in_docs,INSURANCE,5
CPT123605,,dropped_in_docs,AADHAAR,2
CPT101635,,dropped_in_docs,FITNESS,4
CPT101354,,dropped_in_docs,RC,1
CPT112714,,dropped_in_docs,PERMIT,3
CPT114667,,dropped_in_docs,PERMIT,3
CPT114284,2026-02-04 00:51:33.643205795,approved,,6
CPT117015,2026-02-01 01:47:06.560310427,approved,,5
CPT122581,,dropped_in_docs,RC,1
CPT124777,,dropped_in_docs,DL,0
CPT105511,,dropped_in_docs,PERMIT,3
CPT121643,2026-02-02 11:56:58.292704177,approved,,6
CPT107518,,dropped_in_docs,RC,1
CPT118361,,dropped_in_docs,PERMIT,3
CPT115182,2026-02-03 01:06:33.079232071,approved,,5
CPT100672,,dropped_in_docs,AADHAAR,2
CPT121286,,dropped_in_docs,RC,1
CPT100351,,dropped_in_docs,DL,0
CPT101176,2026-02-05 16:37:30.537072872,approved,,6
CPT100887,2026-02-02 09:43:18.802244539,approved,,6
CPT101863,,dropped_in_docs,INSURANCE,5
CPT119485,,dropped_in_docs,FITNESS,4
CPT103536,2026-02-05 02:14:26.512020475,approved,,6
CPT101164,,dropped_in_docs,PERMIT,3
CPT104909,2026-02-02 20:57:44.379449431,approved,,6
CPT103579,,dropped_in_docs,RC,1
CPT124689,,dropped_in_docs,FITNESS,4
CPT122889,,dropped_in_docs,INSURANCE,5
CPT103485,,dropped_in_docs,RC,1
CPT114792,,dropped_in_docs,INSURANCE,5
CPT100218,,dropped_in_docs,DL,0
CPT116944,,dropped_in_docs,RC,1
CPT110411,,dropped_in_docs,DL,0
CPT101945,,dropped_in_docs,DL,0
CPT101008,2026-02-03 01:08:47.275267349,approved,,6
CPT118226,,dropped_in_docs,PERMIT,3
CPT116124,,dropped_in_docs,PERMIT,3
CPT100290,,dropped_in_docs,RC,1
CPT103717,,dropped_in_docs,PERMIT,3
CPT112592,2026-02-03 18:54:35.353504912,approved,,5
CPT107035,,dropped_in_docs,FITNESS,4
CPT112231,,dropped_in_docs,PERMIT,3
CPT124443,,dropped_in_docs,DL,0
CPT120302,,dropped_in_docs,FITNESS,4
CPT114812,,dropped_in_docs,RC,1
CPT101007,,dropped_in_docs,FITNESS,4
CPT120809,,dropped_in_docs,FITNESS,4
CPT123399,2026-02-06 18:36:38.687666701,approved,,6
CPT100625,,dropped_in_docs,PERMIT,3
CPT109216,,dropped_in_docs,PERMIT,3
CPT120608,,dropped_in_docs,RC,1
CPT106078,,dropped_in_docs,RC,1
CPT102161,,dropped_in_docs,FITNESS,4
CPT116956,,dropped_in_docs,INSURANCE,5
CPT112835,,dropped_in_docs,INSURANCE,5
CPT119816,,dropped_in_docs,INSURANCE,5
CPT124601,2026-02-04 18:40:04.808588554,approved,,5
CPT114369,,dropped_in_docs,DL,0
CPT111934,,dropped_in_docs,DL,0
CPT106411,2026-02-01 04:36:42.645468961,rejected,vehicle_age_policy,6
CPT100785,,dropped_in_docs,RC,1
CPT105758,,dropped_in_docs,INSURANCE,5
CPT113498,,dropped_in_docs,INSURANCE,5
CPT121128,,dropped_in_docs,RC,1
CPT105709,2026-02-01 10:42:01.156001591,approved,,6
CPT109330,,dropped_in_docs,DL,0
CPT117654,2026-02-02 12:52:56.081495225,approved,,5
CPT120464,,dropped_in_docs,FITNESS,4
CPT105967,,dropped_in_docs,INSURANCE,5
CPT111818,,dropped_in_docs,PERMIT,3
CPT121683,,dropped_in_docs,INSURANCE,5
CPT120077,,dropped_in_docs,RC,1
CPT104739,,dropped_in_docs,RC,1
CPT102102,,dropped_in_docs,FITNESS,4
CPT120326,,dropped_in_docs,PERMIT,3
CPT105857,,dropped_in_docs,DL,0
CPT109364,,dropped_in_docs,RC,1
CPT118313,,dropped_in_docs,RC,1
CPT112933,,dropped_in_docs,INSURANCE,5
CPT118545,,dropped_in_docs,DL,0
CPT116638,2026-02-01 10:32:19.065463151,approved,,5
CPT104427,,dropped_in_docs,PERMIT,3
CPT104990,,dropped_in_docs,RC,1
CPT102375,,dropped_in_docs,FITNESS,4
CPT110560,,dropped_in_docs,PERMIT,3
CPT108646,,dropped_in_docs,RC,1
CPT121046,,dropped_in_docs,RC,1
CPT119047,,dropped_in_docs,PERMIT,3
CPT104409,,dropped_in_docs,PERMIT,3
CPT108300,,dropped_in_docs,FITNESS,4
CPT100074,,dropped_in_docs,AADHAAR,2
CPT100711,,dropped_in_docs,DL,0
CPT124844,,dropped_in_docs,PERMIT,3
CPT100246,,dropped_in_docs,INSURANCE,5
CPT123040,,dropped_in_docs,RC,1
CPT122080,,dropped_in_docs,DL,0
CPT118481,2026-02-05 02:06:28.991366182,approved,,5
CPT113620,,dropped_in_docs,INSURANCE,5
CPT107263,,dropped_in_docs,RC,1
CPT116796,,dropped_in_docs,RC,1
CPT100264,,dropped_in_docs,RC,1
CPT106714,2026-02-01 17:32:35.679869831,approved,,6
CPT101372,,dropped_in_docs,RC,1
CPT107775,,dropped_in_docs,FITNESS,4
CPT109387,,dropped_in_docs,RC,1
CPT105014,,dropped_in_docs,AADHAAR,2
CPT121612,,dropped_in_docs,DL,0
CPT115205,,dropped_in_docs,RC,1
CPT122430,,dropped_in_docs,DL,0
CPT111020,,dropped_in_docs,AADHAAR,2
CPT115855,,dropped_in_docs,INSURANCE,5
CPT113682,2026-02-03 20:03:54.989024382,approved,,5
CPT117883,,dropped_in_docs,RC,1
CPT105068,,dropped_in_docs,RC,1
CPT109872,,dropped_in_docs,RC,1
CPT113833,,dropped_in_docs,RC,1
CPT116612,,dropped_in_docs,FITNESS,4
CPT110188,,dropped_in_docs,INSURANCE,5
CPT117198,,dropped_in_docs,DL,0
CPT103654,,dropped_in_docs,RC,1
CPT120426,,dropped_in_docs,FITNESS,4
CPT115135,2026-02-03 01:49:18.927027939,approved,,6
CPT107544,,dropped_in_docs,AADHAAR,2
CPT100263,,dropped_in_docs,RC,1
CPT108252,,dropped_in_docs,RC,1
CPT113825,,dropped_in_docs,RC,1
CPT113643,,dropped_in_docs,RC,1
CPT119280,,dropped_in_docs,FITNESS,4
CPT110879,,dropped_in_docs,INSURANCE,5
CPT109054,2026-02-07 12:17:29.469511414,approved,,6
CPT106438,,dropped_in_docs,AADHAAR,2
CPT116607,2026-02-03 14:02:51.704240220,approved,,5
CPT109962,,dropped_in_docs,PERMIT,3
CPT120718,2026-02-03 13:29:57.648799192,approved,,6
CPT122493,2026-02-06 03:19:11.585191609,approved,,6
CPT105409,,dropped_in_docs,DL,0
CPT122424,,dropped_in_docs,INSURANCE,5
CPT119438,,dropped_in_docs,PERMIT,3
CPT103652,,dropped_in_docs,RC,1
CPT103332,,dropped_in_docs,INSURANCE,5
CPT113393,,dropped_in_docs,DL,0
CPT102675,2026-02-04 15:06:45.395072231,approved,,6
CPT114868,,dropped_in_docs,RC,1
CPT124819,,dropped_in_docs,FITNESS,4
CPT117002,,dropped_in_docs,RC,1
CPT120827,,dropped_in_docs,FITNESS,4
CPT104258,,dropped_in_docs,INSURANCE,5
CPT124653,,dropped_in_docs,RC,1
CPT123410,,dropped_in_docs,PERMIT,3
CPT111133,2026-02-04 05:07:37.830370312,approved,,6
CPT121258,,dropped_in_docs,RC,1
CPT105355,2026-02-07 23:30:32.689025888,rejected,doc_authenticity_flag,6
CPT102027,,dropped_in_docs,RC,1
CPT114116,,dropped_in_docs,PERMIT,3
CPT105390,,dropped_in_docs,PERMIT,3
CPT100758,,dropped_in_docs,RC,1
CPT104916,,dropped_in_docs,FITNESS,4
CPT111606,2026-02-06 10:53:08.523764183,approved,,6
CPT119397,,dropped_in_docs,FITNESS,4
CPT113623,,dropped_in_docs,INSURANCE,5
CPT105030,,dropped_in_docs,INSURANCE,5
CPT105332,,dropped_in_docs,FITNESS,4
CPT111414,,dropped_in_docs,FITNESS,4
CPT108434,2026-02-06 13:06:23.368326942,approved,,6
CPT112154,,dropped_in_docs,PERMIT,3
CPT106203,,dropped_in_docs,RC,1
CPT100262,,dropped_in_docs,PERMIT,3
CPT121197,,dropped_in_docs,RC,1
CPT114032,,dropped_in_docs,INSURANCE,5
CPT112218,,dropped_in_docs,FITNESS,4
CPT118696,,dropped_in_docs,DL,0
CPT106261,2026-02-01 10:41:01.616708182,approved,,5
CPT112264,,dropped_in_docs,INSURANCE,5
CPT115862,,dropped_in_docs,INSURANCE,5
CPT113319,,dropped_in_docs,INSURANCE,5
CPT121745,,dropped_in_docs,RC,1
CPT110477,,dropped_in_docs,FITNESS,4
CPT120012,,dropped_in_docs,PERMIT,3
CPT120751,,dropped_in_docs,AADHAAR,2
CPT103231,,dropped_in_docs,PERMIT,3
CPT105822,,dropped_in_docs,RC,1
CPT104033,,dropped_in_docs,INSURANCE,5
CPT107848,,dropped_in_docs,RC,1
CPT108674,,dropped_in_docs,DL,0
CPT100604,,dropped_in_docs,PERMIT,3
CPT123419,,dropped_in_docs,AADHAAR,2
CPT114767,2026-02-04 08:29:45.872263437,approved,,6
CPT112020,,dropped_in_docs,PERMIT,3
CPT108030,,dropped_in_docs,DL,0
CPT110420,,dropped_in_docs,DL,0
CPT113445,,dropped_in_docs,INSURANCE,5
CPT120984,,dropped_in_docs,DL,0
CPT119283,2026-02-03 11:26:36.349690073,approved,,6
CPT123947,,dropped_in_docs,FITNESS,4
CPT110638,,dropped_in_docs,AADHAAR,2
CPT103302,2026-02-03 11:33:47.641527213,approved,,5
CPT124859,2026-02-03 05:28:03.326793973,approved,,6
CPT111729,,dropped_in_docs,RC,1
CPT119347,,dropped_in_docs,FITNESS,4
CPT106354,,dropped_in_docs,DL,0
CPT118752,,dropped_in_docs,RC,1
CPT100782,,dropped_in_docs,RC,1
CPT123783,,dropped_in_docs,FITNESS,4
CPT121736,,dropped_in_docs,PERMIT,3
CPT104740,,dropped_in_docs,FITNESS,4
CPT121871,,dropped_in_docs,AADHAAR,2
CPT107624,,dropped_in_docs,RC,1
CPT101014,,dropped_in_docs,DL,0
CPT124880,2026-02-05 02:29:36.128637763,approved,,6
CPT114883,2026-02-02 07:21:48.944910724,approved,,5
CPT111759,,dropped_in_docs,FITNESS,4
CPT117360,2026-02-03 04:27:06.293716019,approved,,6
CPT115286,,dropped_in_docs,PERMIT,3
CPT105219,,dropped_in_docs,DL,0
CPT104314,,dropped_in_docs,RC,1
CPT119118,,dropped_in_docs,DL,0
CPT108696,,dropped_in_docs,FITNESS,4
CPT116691,,dropped_in_docs,AADHAAR,2
CPT123851,2026-02-07 05:14:12.751527565,approved,,6
CPT122395,2026-02-04 09:51:08.176144071,rejected,doc_authenticity_flag,5
CPT109093,,dropped_in_docs,INSURANCE,5
CPT120587,,dropped_in_docs,FITNESS,4
CPT119224,,dropped_in_docs,RC,1
CPT110447,2026-02-06 18:16:38.797957650,approved,,6
CPT113993,,dropped_in_docs,DL,0
CPT109071,2026-02-05 18:15:15.275652387,approved,,5
CPT110145,,dropped_in_docs,FITNESS,4
CPT100318,2026-02-05 21:34:31.249460369,rejected,duplicate_captain,6
CPT115930,,dropped_in_docs,AADHAAR,2
CPT101050,,dropped_in_docs,PERMIT,3
CPT111848,,dropped_in_docs,FITNESS,4
CPT121268,,dropped_in_docs,RC,1
CPT112938,,dropped_in_docs,DL,0
CPT101034,,dropped_in_docs,RC,1
CPT123644,,dropped_in_docs,FITNESS,4
CPT109332,,dropped_in_docs,RC,1
CPT113341,,dropped_in_docs,RC,1
CPT100117,,dropped_in_docs,RC,1
CPT104035,,dropped_in_docs,PERMIT,3
CPT113025,,dropped_in_docs,AADHAAR,2
CPT101521,,dropped_in_docs,RC,1
CPT119372,,dropped_in_docs,RC,1
CPT103477,,dropped_in_docs,DL,0
CPT104461,,dropped_in_docs,AADHAAR,2
CPT117070,,dropped_in_docs,DL,0
CPT101221,,dropped_in_docs,RC,1
CPT113674,,dropped_in_docs,INSURANCE,5
CPT111637,,dropped_in_docs,PERMIT,3
CPT113584,2026-02-05 00:06:52.914003480,approved,,6
CPT119989,,dropped_in_docs,DL,0
CPT112265,2026-02-05 01:44:52.049530477,approved,,6
CPT105397,,dropped_in_docs,INSURANCE,5
CPT118863,,dropped_in_docs,RC,1
CPT122062,,dropped_in_docs,AADHAAR,2
CPT104372,,dropped_in_docs,RC,1
CPT101446,2026-02-05 04:57:43.821557535,approved,,6
CPT116111,,dropped_in_docs,DL,0
CPT105993,,dropped_in_docs,FITNESS,4
CPT103918,,dropped_in_docs,PERMIT,3
CPT102327,,dropped_in_docs,DL,0
CPT106641,,dropped_in_docs,DL,0
CPT103513,,dropped_in_docs,RC,1
CPT100553,,dropped_in_docs,PERMIT,3
CPT119144,,dropped_in_docs,DL,0
CPT104755,,dropped_in_docs,PERMIT,3
CPT115253,,dropped_in_docs,INSURANCE,5
CPT111027,,dropped_in_docs,AADHAAR,2
CPT111767,,dropped_in_docs,FITNESS,4
CPT123156,,dropped_in_docs,DL,0
CPT104110,2026-02-03 16:04:17.732450177,rejected,background_check_failed,6
CPT100775,,dropped_in_docs,RC,1
CPT123780,,dropped_in_docs,PERMIT,3
CPT114499,,dropped_in_docs,RC,1
CPT115133,,dropped_in_docs,FITNESS,4
CPT108776,,dropped_in_docs,INSURANCE,5
CPT116463,2026-02-02 09:39:48.323462001,approved,,5
CPT110115,,dropped_in_docs,FITNESS,4
CPT121334,,dropped_in_docs,DL,0
CPT105456,,dropped_in_docs,RC,1
CPT100370,,dropped_in_docs,RC,1
CPT103178,,dropped_in_docs,RC,1
CPT122021,,dropped_in_docs,RC,1
CPT114769,2026-02-07 08:16:00.571443468,approved,,6
CPT106165,2026-02-04 23:55:15.233919003,rejected,vehicle_age_policy,6
CPT112651,,dropped_in_docs,INSURANCE,5
CPT108580,2026-02-07 22:49:37.701048101,approved,,6
CPT105073,,dropped_in_docs,INSURANCE,5
CPT100552,,dropped_in_docs,DL,0
CPT115303,2026-02-04 04:05:53.703927141,rejected,vehicle_age_policy,6
CPT103070,2026-02-05 11:15:06.316288154,approved,,5
CPT124292,,dropped_in_docs,INSURANCE,5
CPT116348,,dropped_in_docs,RC,1
CPT112166,,dropped_in_docs,INSURANCE,5
CPT122199,,dropped_in_docs,RC,1
CPT109158,,dropped_in_docs,FITNESS,4
CPT109296,,dropped_in_docs,PERMIT,3
CPT107613,2026-02-05 14:33:32.098426431,approved,,6
CPT100820,2026-02-04 07:24:08.037306576,approved,,6
CPT118074,,dropped_in_docs,INSURANCE,5
CPT108419,,dropped_in_docs,FITNESS,4
CPT123037,,dropped_in_docs,RC,1
CPT118974,,dropped_in_docs,FITNESS,4
CPT101366,,dropped_in_docs,RC,1
CPT109027,,dropped_in_docs,RC,1
CPT118398,,dropped_in_docs,RC,1
CPT123039,,dropped_in_docs,RC,1
CPT108867,,dropped_in_docs,AADHAAR,2
CPT118068,,dropped_in_docs,DL,0
CPT121444,,dropped_in_docs,FITNESS,4
CPT102435,,dropped_in_docs,FITNESS,4
CPT109084,,dropped_in_docs,FITNESS,4
CPT109372,,dropped_in_docs,PERMIT,3
CPT113725,,dropped_in_docs,PERMIT,3
CPT110311,,dropped_in_docs,RC,1
CPT100754,2026-02-05 08:14:13.965287862,approved,,6
CPT123447,,dropped_in_docs,RC,1
CPT120514,,dropped_in_docs,PERMIT,3
CPT105558,,dropped_in_docs,INSURANCE,5
CPT119767,2026-02-03 20:53:18.522613641,approved,,6
CPT121559,,dropped_in_docs,INSURANCE,5
CPT105843,,dropped_in_docs,INSURANCE,5
CPT112924,,dropped_in_docs,INSURANCE,5
CPT103189,,dropped_in_docs,INSURANCE,5
CPT108702,,dropped_in_docs,RC,1
CPT106841,,dropped_in_docs,PERMIT,3
CPT108611,2026-02-04 03:53:34.742950546,approved,,6
CPT121145,,dropped_in_docs,PERMIT,3
CPT111203,,dropped_in_docs,DL,0
CPT118053,2026-02-04 14:00:07.608512429,approved,,6
CPT106169,,dropped_in_docs,PERMIT,3
CPT105396,2026-02-05 18:22:27.493654769,approved,,6
CPT119843,,dropped_in_docs,INSURANCE,5
CPT107983,,dropped_in_docs,RC,1
CPT100536,,dropped_in_docs,FITNESS,4
CPT109686,,dropped_in_docs,RC,1
CPT123554,,dropped_in_docs,RC,1
CPT122606,,dropped_in_docs,RC,1
CPT115219,,dropped_in_docs,RC,1
CPT116070,2026-02-04 02:53:30.041402983,approved,,6
CPT116010,,dropped_in_docs,RC,1
CPT110711,,dropped_in_docs,PERMIT,3
CPT101294,2026-02-02 23:39:00.229207709,approved,,5
CPT102366,,dropped_in_docs,RC,1
CPT106334,,dropped_in_docs,PERMIT,3
CPT121628,,dropped_in_docs,FITNESS,4
CPT104683,,dropped_in_docs,FITNESS,4
CPT103623,,dropped_in_docs,DL,0
CPT112345,,dropped_in_docs,INSURANCE,5
CPT124605,,dropped_in_docs,PERMIT,3
CPT103457,,dropped_in_docs,DL,0
CPT122512,2026-02-03 21:41:01.040393715,approved,,5
CPT118036,,dropped_in_docs,DL,0
CPT119320,2026-02-06 12:20:00.738251703,approved,,5
CPT109952,,dropped_in_docs,DL,0
CPT107716,,dropped_in_docs,PERMIT,3
CPT111378,2026-02-06 15:45:50.155199820,approved,,6
CPT121635,2026-02-03 06:12:49.405518340,approved,,5
CPT123336,,dropped_in_docs,AADHAAR,2
CPT109563,2026-02-06 06:38:48.736679670,rejected,vehicle_age_policy,6
CPT107323,,dropped_in_docs,AADHAAR,2
CPT123779,,dropped_in_docs,DL,0
CPT112275,,dropped_in_docs,INSURANCE,5
CPT108097,2026-02-04 10:39:04.306300183,approved,,6
CPT122150,,dropped_in_docs,FITNESS,4
CPT104086,,dropped_in_docs,INSURANCE,5
CPT118807,,dropped_in_docs,FITNESS,4
CPT111671,,dropped_in_docs,RC,1
CPT114197,,dropped_in_docs,AADHAAR,2
CPT100779,,dropped_in_docs,DL,0
CPT110887,,dropped_in_docs,FITNESS,4
CPT106097,,dropped_in_docs,RC,1
CPT116107,,dropped_in_docs,DL,0
CPT109720,2026-02-05 03:44:26.123031010,approved,,6
CPT109860,,dropped_in_docs,AADHAAR,2
CPT105437,,dropped_in_docs,INSURANCE,5
CPT109907,2026-02-08 21:53:59.390095206,approved,,6
CPT117725,,dropped_in_docs,DL,0
CPT102164,,dropped_in_docs,DL,0
CPT108121,2026-02-03 11:43:27.733454092,rejected,background_check_failed,5
CPT122095,2026-02-05 19:23:04.107047035,approved,,6
CPT101954,,dropped_in_docs,RC,1
CPT119504,,dropped_in_docs,DL,0
CPT104508,,dropped_in_docs,AADHAAR,2
CPT122031,,dropped_in_docs,PERMIT,3
CPT120098,,dropped_in_docs,PERMIT,3
CPT117878,,dropped_in_docs,FITNESS,4
CPT104302,,dropped_in_docs,RC,1
CPT115771,,dropped_in_docs,DL,0
CPT116810,,dropped_in_docs,INSURANCE,5
CPT116321,,dropped_in_docs,RC,1
CPT115958,,dropped_in_docs,INSURANCE,5
CPT100617,,dropped_in_docs,AADHAAR,2
CPT107608,,dropped_in_docs,INSURANCE,5
CPT107883,,dropped_in_docs,FITNESS,4
CPT116594,,dropped_in_docs,AADHAAR,2
CPT122303,2026-02-03 20:45:37.496929188,approved,,5
CPT117835,2026-02-09 19:52:48.658289468,approved,,6
CPT109664,,dropped_in_docs,DL,0
CPT121104,,dropped_in_docs,FITNESS,4
CPT120818,2026-02-07 04:54:35.898854687,rejected,vehicle_age_policy,6
CPT110696,,dropped_in_docs,FITNESS,4
CPT111872,,dropped_in_docs,FITNESS,4
CPT120031,,dropped_in_docs,INSURANCE,5
CPT112849,,dropped_in_docs,PERMIT,3
CPT123236,,dropped_in_docs,INSURANCE,5
CPT117716,,dropped_in_docs,PERMIT,3
CPT119386,,dropped_in_docs,FITNESS,4
CPT119536,,dropped_in_docs,RC,1
CPT112504,2026-02-07 02:47:58.339442554,approved,,6
CPT114488,,dropped_in_docs,PERMIT,3
CPT116092,,dropped_in_docs,DL,0
CPT108471,,dropped_in_docs,DL,0
CPT123123,2026-02-04 09:46:52.327883270,approved,,5
CPT117474,2026-02-05 12:21:30.549223150,approved,,6
CPT123891,,dropped_in_docs,RC,1
CPT103406,,dropped_in_docs,AADHAAR,2
CPT106532,,dropped_in_docs,FITNESS,4
CPT116750,,dropped_in_docs,DL,0
CPT118049,,dropped_in_docs,FITNESS,4
CPT114417,,dropped_in_docs,INSURANCE,5
CPT119329,,dropped_in_docs,RC,1
CPT123734,2026-02-05 14:32:08.335494052,approved,,6
CPT112228,,dropped_in_docs,RC,1
CPT120574,,dropped_in_docs,DL,0
CPT114509,2026-02-07 05:14:44.835698756,approved,,5
CPT110738,,dropped_in_docs,FITNESS,4
CPT115839,,dropped_in_docs,INSURANCE,5
CPT118570,,dropped_in_docs,RC,1
CPT116139,,dropped_in_docs,RC,1
CPT101011,,dropped_in_docs,FITNESS,4
CPT111514,,dropped_in_docs,PERMIT,3
CPT107290,,dropped_in_docs,DL,0
CPT119079,,dropped_in_docs,RC,1
CPT110898,,dropped_in_docs,AADHAAR,2
CPT117982,,dropped_in_docs,INSURANCE,5
CPT104042,2026-02-07 10:26:16.825225611,approved,,6
CPT122104,,dropped_in_docs,INSURANCE,5
CPT114679,,dropped_in_docs,FITNESS,4
CPT115648,2026-02-07 06:24:09.155754162,approved,,6
CPT120002,,dropped_in_docs,RC,1
CPT107827,,dropped_in_docs,RC,1
CPT121433,,dropped_in_docs,INSURANCE,5
CPT101951,,dropped_in_docs,RC,1
CPT117083,,dropped_in_docs,PERMIT,3
CPT100739,,dropped_in_docs,FITNESS,4
CPT112866,,dropped_in_docs,PERMIT,3
CPT112840,,dropped_in_docs,RC,1
CPT110600,,dropped_in_docs,RC,1
CPT116274,,dropped_in_docs,RC,1
CPT109625,,dropped_in_docs,RC,1
CPT106194,,dropped_in_docs,INSURANCE,5
CPT109706,,dropped_in_docs,PERMIT,3
CPT115657,,dropped_in_docs,RC,1
CPT100079,,dropped_in_docs,FITNESS,4
CPT105424,,dropped_in_docs,RC,1
CPT114003,2026-02-06 16:38:00.391932977,approved,,6
CPT118767,,dropped_in_docs,RC,1
CPT123395,,dropped_in_docs,RC,1
CPT111063,,dropped_in_docs,AADHAAR,2
CPT113247,,dropped_in_docs,RC,1
CPT110811,,dropped_in_docs,INSURANCE,5
CPT119311,,dropped_in_docs,RC,1
CPT100549,,dropped_in_docs,PERMIT,3
CPT123515,,dropped_in_docs,INSURANCE,5
CPT109185,,dropped_in_docs,PERMIT,3
CPT101574,,dropped_in_docs,RC,1
CPT113989,2026-02-05 17:54:26.265498459,approved,,5
CPT113073,2026-02-07 02:12:11.638125786,approved,,6
CPT124587,,dropped_in_docs,FITNESS,4
CPT110068,,dropped_in_docs,FITNESS,4
CPT122188,2026-02-07 13:28:36.764712089,approved,,6
CPT106886,,dropped_in_docs,RC,1
CPT112001,,dropped_in_docs,DL,0
CPT116387,,dropped_in_docs,RC,1
CPT122241,,dropped_in_docs,PERMIT,3
CPT123482,,dropped_in_docs,RC,1
CPT101799,,dropped_in_docs,PERMIT,3
CPT117480,,dropped_in_docs,RC,1
CPT108274,,dropped_in_docs,FITNESS,4
CPT120543,,dropped_in_docs,RC,1
CPT117516,,dropped_in_docs,PERMIT,3
CPT117548,,dropped_in_docs,RC,1
CPT111808,,dropped_in_docs,FITNESS,4
CPT120205,,dropped_in_docs,FITNESS,4
CPT106001,,dropped_in_docs,INSURANCE,5
CPT109082,,dropped_in_docs,PERMIT,3
CPT102557,,dropped_in_docs,PERMIT,3
CPT114351,2026-02-05 04:16:58.860352209,approved,,5
CPT105551,,dropped_in_docs,RC,1
CPT104734,2026-02-06 09:43:17.913865933,approved,,6
CPT113293,,dropped_in_docs,RC,1
CPT119376,2026-02-04 23:33:29.630152563,approved,,5
CPT119590,,dropped_in_docs,RC,1
CPT102912,,dropped_in_docs,AADHAAR,2
CPT103844,,dropped_in_docs,RC,1
CPT110090,2026-02-06 02:34:11.949553064,approved,,5
CPT107270,,dropped_in_docs,INSURANCE,5
CPT111940,2026-02-05 19:00:31.223903039,approved,,5
CPT114330,,dropped_in_docs,PERMIT,3
CPT111839,,dropped_in_docs,RC,1
CPT114531,,dropped_in_docs,FITNESS,4
CPT120124,,dropped_in_docs,PERMIT,3
CPT111954,,dropped_in_docs,FITNESS,4
CPT104209,2026-02-06 20:55:46.070445298,approved,,6
CPT107422,,dropped_in_docs,INSURANCE,5
CPT123112,2026-02-07 16:30:55.216850252,rejected,vehicle_age_policy,5
CPT120345,,dropped_in_docs,DL,0
CPT112357,,dropped_in_docs,RC,1
CPT119807,,dropped_in_docs,PERMIT,3
CPT117072,,dropped_in_docs,DL,0
CPT108542,,dropped_in_docs,DL,0
CPT120055,,dropped_in_docs,PERMIT,3
CPT120404,,dropped_in_docs,DL,0
CPT113735,2026-02-06 06:53:47.562223200,approved,,6
CPT120485,,dropped_in_docs,DL,0
CPT119284,,dropped_in_docs,RC,1
CPT114596,2026-02-04 20:05:45.050907973,approved,,5
CPT108332,,dropped_in_docs,FITNESS,4
CPT106713,2026-02-03 22:21:28.327882926,approved,,5
CPT106856,,dropped_in_docs,PERMIT,3
CPT124096,2026-02-04 20:49:34.782322283,rejected,doc_authenticity_flag,5
CPT120918,,dropped_in_docs,FITNESS,4
CPT113481,,dropped_in_docs,RC,1
CPT103850,,dropped_in_docs,RC,1
CPT108957,,dropped_in_docs,PERMIT,3
CPT122755,,dropped_in_docs,RC,1
CPT109381,2026-02-05 02:44:11.716980770,approved,,5
CPT108695,,dropped_in_docs,FITNESS,4
CPT119074,,dropped_in_docs,RC,1
CPT113589,2026-02-04 03:33:41.623567046,rejected,vehicle_age_policy,5
CPT117325,2026-02-08 06:01:48.531794634,approved,,6
CPT115805,,dropped_in_docs,PERMIT,3
CPT106450,2026-02-04 19:02:50.814551875,approved,,5
CPT105522,2026-02-07 12:20:12.696231826,approved,,5
CPT107540,,dropped_in_docs,DL,0
CPT108527,,dropped_in_docs,RC,1
CPT113372,,dropped_in_docs,PERMIT,3
CPT102168,,dropped_in_docs,DL,0
CPT102836,,dropped_in_docs,PERMIT,3
CPT116480,,dropped_in_docs,DL,0
CPT121741,,dropped_in_docs,FITNESS,4
CPT107592,2026-02-06 01:00:37.566904019,approved,,6
CPT120607,,dropped_in_docs,RC,1
CPT112385,,dropped_in_docs,RC,1
CPT123663,2026-02-06 13:47:22.048623658,approved,,5
CPT105721,,dropped_in_docs,DL,0
CPT105659,,dropped_in_docs,AADHAAR,2
CPT116365,,dropped_in_docs,PERMIT,3
CPT119250,,dropped_in_docs,INSURANCE,5
CPT116915,,dropped_in_docs,PERMIT,3
CPT107493,,dropped_in_docs,PERMIT,3
CPT105428,,dropped_in_docs,DL,0
CPT118798,,dropped_in_docs,RC,1
CPT118382,,dropped_in_docs,AADHAAR,2
CPT111314,2026-02-07 13:49:57.911985049,approved,,6
CPT101110,2026-02-08 00:34:05.896701358,approved,,6
CPT101460,,dropped_in_docs,INSURANCE,5
CPT114279,2026-02-07 14:57:09.584236216,approved,,6
CPT104012,,dropped_in_docs,FITNESS,4
CPT122888,,dropped_in_docs,AADHAAR,2
CPT113816,,dropped_in_docs,PERMIT,3
CPT113443,,dropped_in_docs,DL,0
CPT118097,2026-02-10 16:21:43.057555541,approved,,6
CPT106850,,dropped_in_docs,AADHAAR,2
CPT120802,2026-02-10 13:26:31.514516317,approved,,6
CPT100321,,dropped_in_docs,FITNESS,4
CPT101281,,dropped_in_docs,DL,0
CPT117021,,dropped_in_docs,RC,1
CPT119415,,dropped_in_docs,AADHAAR,2
CPT117283,,dropped_in_docs,RC,1
CPT115033,,dropped_in_docs,AADHAAR,2
CPT114518,,dropped_in_docs,RC,1
CPT110825,,dropped_in_docs,AADHAAR,2
CPT122036,,dropped_in_docs,RC,1
CPT106773,,dropped_in_docs,INSURANCE,5
CPT108171,,dropped_in_docs,PERMIT,3
CPT122392,,dropped_in_docs,RC,1
CPT104142,2026-02-05 21:52:45.418399420,approved,,6
CPT110480,,dropped_in_docs,DL,0
CPT104051,,dropped_in_docs,DL,0
CPT103882,,dropped_in_docs,PERMIT,3
CPT111308,,dropped_in_docs,FITNESS,4
CPT111039,,dropped_in_docs,DL,0
CPT118556,,dropped_in_docs,DL,0
CPT103482,,dropped_in_docs,RC,1
CPT113097,,dropped_in_docs,DL,0
CPT123045,,dropped_in_docs,AADHAAR,2
CPT123820,,dropped_in_docs,INSURANCE,5
CPT123948,2026-02-06 08:46:39.135080608,approved,,6
CPT117311,,dropped_in_docs,PERMIT,3
CPT108990,,dropped_in_docs,DL,0
CPT123898,,dropped_in_docs,FITNESS,4
CPT116666,,dropped_in_docs,DL,0
CPT109735,,dropped_in_docs,RC,1
CPT111741,,dropped_in_docs,DL,0
CPT120042,,dropped_in_docs,DL,0
CPT100693,,dropped_in_docs,FITNESS,4
CPT119615,2026-02-08 00:30:00.656323063,approved,,6
CPT102338,,dropped_in_docs,RC,1
CPT104379,,dropped_in_docs,PERMIT,3
CPT124408,2026-02-07 11:23:18.155118294,approved,,6
CPT117951,,dropped_in_docs,PERMIT,3
CPT122883,,dropped_in_docs,DL,0
CPT113842,,dropped_in_docs,RC,1
CPT117202,,dropped_in_docs,INSURANCE,5
CPT109897,,dropped_in_docs,PERMIT,3
CPT122499,,dropped_in_docs,DL,0
CPT100063,,dropped_in_docs,AADHAAR,2
CPT118328,,dropped_in_docs,RC,1
CPT123538,,dropped_in_docs,FITNESS,4
CPT103820,,dropped_in_docs,RC,1
CPT123354,,dropped_in_docs,DL,0
CPT114199,,dropped_in_docs,RC,1
CPT105840,,dropped_in_docs,RC,1
CPT111094,,dropped_in_docs,FITNESS,4
CPT100945,,dropped_in_docs,RC,1
CPT107166,,dropped_in_docs,AADHAAR,2
CPT115169,2026-02-08 19:16:45.942900093,approved,,6
CPT115181,,dropped_in_docs,RC,1
CPT110058,,dropped_in_docs,DL,0
CPT113249,,dropped_in_docs,PERMIT,3
CPT120297,2026-02-07 04:27:47.102966021,approved,,6
CPT118282,,dropped_in_docs,RC,1
CPT122891,,dropped_in_docs,AADHAAR,2
CPT106629,2026-02-07 04:34:29.124446973,approved,,5
CPT113488,,dropped_in_docs,DL,0
CPT124294,,dropped_in_docs,FITNESS,4
CPT111807,,dropped_in_docs,DL,0
CPT115746,2026-02-08 12:45:33.822138826,approved,,6
CPT116046,,dropped_in_docs,DL,0
CPT122782,,dropped_in_docs,INSURANCE,5
CPT119237,,dropped_in_docs,FITNESS,4
CPT103995,,dropped_in_docs,PERMIT,3
CPT109751,,dropped_in_docs,INSURANCE,5
CPT113784,,dropped_in_docs,PERMIT,3
CPT108738,,dropped_in_docs,INSURANCE,5
CPT112090,,dropped_in_docs,RC,1
CPT122274,,dropped_in_docs,AADHAAR,2
CPT118544,,dropped_in_docs,RC,1
CPT109490,,dropped_in_docs,DL,0
CPT122114,,dropped_in_docs,RC,1
CPT121620,,dropped_in_docs,RC,1
CPT124662,,dropped_in_docs,DL,0
CPT111407,2026-02-08 19:06:16.725963102,rejected,doc_authenticity_flag,6
CPT100055,2026-02-10 01:43:13.209739178,approved,,6
CPT110363,,dropped_in_docs,DL,0
CPT107211,,dropped_in_docs,DL,0
CPT114629,,dropped_in_docs,FITNESS,4
CPT102669,2026-02-06 01:35:26.091140458,rejected,duplicate_captain,6
CPT105408,,dropped_in_docs,INSURANCE,5
CPT113188,,dropped_in_docs,FITNESS,4
CPT112425,,dropped_in_docs,FITNESS,4
CPT102629,,dropped_in_docs,INSURANCE,5
CPT121921,2026-02-09 06:22:35.838011029,approved,,6
CPT124923,,dropped_in_docs,RC,1
CPT106891,2026-02-08 22:22:18.790621371,approved,,6
CPT112061,,dropped_in_docs,RC,1
CPT104782,,dropped_in_docs,FITNESS,4
CPT118640,2026-02-06 21:11:26.795075882,approved,,6
CPT110238,,dropped_in_docs,PERMIT,3
CPT117182,,dropped_in_docs,PERMIT,3
CPT112621,,dropped_in_docs,FITNESS,4
CPT100112,,dropped_in_docs,DL,0
CPT114738,,dropped_in_docs,DL,0
CPT107375,,dropped_in_docs,FITNESS,4
CPT102804,,dropped_in_docs,PERMIT,3
CPT102400,,dropped_in_docs,DL,0
CPT123586,,dropped_in_docs,RC,1
CPT116978,,dropped_in_docs,INSURANCE,5
CPT103639,2026-02-08 18:47:21.606031885,rejected,vehicle_age_policy,5
CPT118943,,dropped_in_docs,AADHAAR,2
CPT101698,,dropped_in_docs,DL,0
CPT105433,,dropped_in_docs,PERMIT,3
CPT115853,,dropped_in_docs,RC,1
CPT104011,,dropped_in_docs,RC,1
CPT102137,,dropped_in_docs,RC,1
CPT114251,,dropped_in_docs,PERMIT,3
CPT114642,,dropped_in_docs,RC,1
CPT123149,,dropped_in_docs,INSURANCE,5
CPT115543,,dropped_in_docs,PERMIT,3
CPT111545,,dropped_in_docs,DL,0
CPT124305,,dropped_in_docs,RC,1
CPT112023,,dropped_in_docs,DL,0
CPT114122,,dropped_in_docs,DL,0
CPT116705,,dropped_in_docs,AADHAAR,2
CPT118011,,dropped_in_docs,PERMIT,3
CPT117514,,dropped_in_docs,DL,0
CPT108626,,dropped_in_docs,RC,1
CPT113270,,dropped_in_docs,INSURANCE,5
CPT121369,,dropped_in_docs,FITNESS,4
CPT119750,,dropped_in_docs,PERMIT,3
CPT106087,,dropped_in_docs,INSURANCE,5
CPT110455,,dropped_in_docs,PERMIT,3
CPT103817,,dropped_in_docs,DL,0
CPT111965,,dropped_in_docs,RC,1
CPT110149,2026-02-07 10:57:48.438745212,approved,,6
CPT115965,,dropped_in_docs,RC,1
CPT116028,,dropped_in_docs,RC,1
CPT105731,,dropped_in_docs,INSURANCE,5
CPT114785,,dropped_in_docs,PERMIT,3
CPT115074,,dropped_in_docs,PERMIT,3
CPT101625,,dropped_in_docs,FITNESS,4
CPT111628,,dropped_in_docs,DL,0
CPT118935,,dropped_in_docs,PERMIT,3
CPT117206,,dropped_in_docs,DL,0
CPT107060,,dropped_in_docs,PERMIT,3
CPT103585,,dropped_in_docs,RC,1
CPT113158,2026-02-10 09:27:37.864257747,approved,,6
CPT105599,,dropped_in_docs,INSURANCE,5
CPT109705,,dropped_in_docs,RC,1
CPT114264,2026-02-08 20:37:14.077445134,approved,,6
CPT113460,2026-02-09 22:44:32.082402369,approved,,5
CPT111997,2026-02-12 21:59:00.359770464,approved,,6
CPT115318,,dropped_in_docs,PERMIT,3
CPT122319,,dropped_in_docs,AADHAAR,2
CPT105130,,dropped_in_docs,RC,1
CPT103758,,dropped_in_docs,DL,0
CPT113444,,dropped_in_docs,AADHAAR,2
CPT111025,,dropped_in_docs,RC,1
CPT100801,,dropped_in_docs,PERMIT,3
CPT110736,,dropped_in_docs,RC,1
CPT121770,2026-02-11 16:42:51.459659847,approved,,6
CPT123076,,dropped_in_docs,AADHAAR,2
CPT112073,,dropped_in_docs,INSURANCE,5
CPT113624,,dropped_in_docs,DL,0
CPT119104,2026-02-08 23:12:21.049586256,approved,,6
CPT110730,,dropped_in_docs,RC,1
CPT118033,,dropped_in_docs,FITNESS,4
CPT123337,,dropped_in_docs,PERMIT,3
CPT117842,2026-02-10 05:11:34.005743554,approved,,6
CPT113034,,dropped_in_docs,PERMIT,3
CPT110537,,dropped_in_docs,FITNESS,4
CPT111998,,dropped_in_docs,DL,0
CPT105566,,dropped_in_docs,INSURANCE,5
CPT122394,2026-02-09 03:56:30.853118164,approved,,6
CPT114467,,dropped_in_docs,FITNESS,4
CPT113453,,dropped_in_docs,DL,0
CPT117829,,dropped_in_docs,RC,1
CPT120065,,dropped_in_docs,RC,1
CPT112948,,dropped_in_docs,RC,1
CPT121067,,dropped_in_docs,PERMIT,3
CPT121460,,dropped_in_docs,PERMIT,3
CPT114966,,dropped_in_docs,PERMIT,3
CPT111833,,dropped_in_docs,FITNESS,4
CPT104866,,dropped_in_docs,PERMIT,3
CPT111084,,dropped_in_docs,PERMIT,3
CPT118874,,dropped_in_docs,FITNESS,4
CPT111738,,dropped_in_docs,FITNESS,4
CPT104949,,dropped_in_docs,FITNESS,4
CPT120163,,dropped_in_docs,AADHAAR,2
CPT115484,,dropped_in_docs,DL,0
CPT109523,,dropped_in_docs,PERMIT,3
CPT124958,,dropped_in_docs,RC,1
CPT124597,,dropped_in_docs,FITNESS,4
CPT118632,,dropped_in_docs,FITNESS,4
CPT108096,,dropped_in_docs,RC,1
CPT121674,,dropped_in_docs,RC,1
CPT123853,,dropped_in_docs,PERMIT,3
CPT109293,,dropped_in_docs,FITNESS,4
CPT114669,2026-02-09 09:18:32.944413841,rejected,duplicate_captain,6
CPT111812,,dropped_in_docs,INSURANCE,5
CPT115860,,dropped_in_docs,PERMIT,3
CPT120838,,dropped_in_docs,INSURANCE,5
CPT100890,,dropped_in_docs,INSURANCE,5
CPT116675,,dropped_in_docs,PERMIT,3
CPT124280,,dropped_in_docs,FITNESS,4
CPT120975,,dropped_in_docs,PERMIT,3
CPT115436,,dropped_in_docs,DL,0
CPT120727,,dropped_in_docs,INSURANCE,5
CPT122508,2026-02-09 20:52:36.791131696,approved,,6
CPT115477,,dropped_in_docs,DL,0
CPT124036,,dropped_in_docs,FITNESS,4
CPT100039,,dropped_in_docs,RC,1
CPT116289,,dropped_in_docs,PERMIT,3
CPT118905,,dropped_in_docs,FITNESS,4
CPT106298,,dropped_in_docs,RC,1
CPT116687,,dropped_in_docs,FITNESS,4
CPT109227,,dropped_in_docs,PERMIT,3
CPT119094,,dropped_in_docs,FITNESS,4
CPT105478,2026-02-08 22:41:30.536951569,approved,,6
CPT114549,,dropped_in_docs,PERMIT,3
CPT114290,2026-02-08 06:46:09.745177576,approved,,5
CPT113209,,dropped_in_docs,FITNESS,4
CPT106222,,dropped_in_docs,DL,0
CPT113331,2026-02-07 16:35:46.333617485,approved,,5
CPT101418,,dropped_in_docs,AADHAAR,2
CPT115804,,dropped_in_docs,INSURANCE,5
CPT124250,,dropped_in_docs,PERMIT,3
CPT116336,,dropped_in_docs,RC,1
CPT111014,,dropped_in_docs,PERMIT,3
CPT103986,2026-02-08 03:02:10.523377078,rejected,background_check_failed,5
CPT123713,,dropped_in_docs,DL,0
CPT113067,,dropped_in_docs,FITNESS,4
CPT109679,,dropped_in_docs,FITNESS,4
CPT121206,,dropped_in_docs,FITNESS,4
CPT117362,2026-02-07 07:37:22.900719545,approved,,5
CPT100402,,dropped_in_docs,RC,1
CPT115081,,dropped_in_docs,RC,1
CPT123231,,dropped_in_docs,RC,1
CPT123055,,dropped_in_docs,FITNESS,4
CPT107199,,dropped_in_docs,RC,1
CPT102185,,dropped_in_docs,RC,1
CPT108363,,dropped_in_docs,DL,0
CPT107621,,dropped_in_docs,INSURANCE,5
CPT124860,,dropped_in_docs,DL,0
CPT104887,,dropped_in_docs,RC,1
CPT102023,,dropped_in_docs,FITNESS,4
CPT105594,,dropped_in_docs,DL,0
CPT110080,,dropped_in_docs,AADHAAR,2
CPT100847,,dropped_in_docs,INSURANCE,5
CPT118088,2026-02-06 23:11:53.048455351,approved,,5
CPT123625,,dropped_in_docs,FITNESS,4
CPT117434,,dropped_in_docs,FITNESS,4
CPT120646,2026-02-09 07:49:30.471118106,approved,,6
CPT124669,,dropped_in_docs,PERMIT,3
CPT105204,,dropped_in_docs,INSURANCE,5
CPT105464,2026-02-07 13:57:39.554535726,approved,,5
CPT110122,,dropped_in_docs,PERMIT,3
CPT108427,2026-02-09 08:44:58.525443200,approved,,6
CPT120284,,dropped_in_docs,INSURANCE,5
CPT103932,,dropped_in_docs,RC,1
CPT121250,,dropped_in_docs,RC,1
CPT113023,,dropped_in_docs,RC,1
CPT113897,2026-02-10 04:32:42.659760080,approved,,6
CPT108692,2026-02-09 15:58:40.128206356,approved,,5
CPT122801,,dropped_in_docs,PERMIT,3
CPT115410,2026-02-09 04:40:22.723795711,approved,,6
CPT121954,2026-02-10 04:46:47.489364377,approved,,6
CPT123915,,dropped_in_docs,INSURANCE,5
CPT100234,,dropped_in_docs,INSURANCE,5
CPT105739,,dropped_in_docs,RC,1
CPT109908,,dropped_in_docs,PERMIT,3
CPT110415,2026-02-07 14:10:20.472956575,approved,,5
CPT101186,,dropped_in_docs,RC,1
CPT106254,,dropped_in_docs,FITNESS,4
CPT106768,,dropped_in_docs,DL,0
CPT124081,,dropped_in_docs,RC,1
CPT107951,,dropped_in_docs,DL,0
CPT115445,,dropped_in_docs,DL,0
CPT108952,,dropped_in_docs,INSURANCE,5
CPT105829,,dropped_in_docs,PERMIT,3
CPT111209,,dropped_in_docs,AADHAAR,2
CPT108539,,dropped_in_docs,AADHAAR,2
CPT107644,,dropped_in_docs,PERMIT,3
CPT113233,2026-02-09 07:11:52.927372720,approved,,6
CPT111615,,dropped_in_docs,FITNESS,4
CPT104299,,dropped_in_docs,AADHAAR,2
CPT122597,,dropped_in_docs,FITNESS,4
CPT106244,2026-02-07 08:22:33.047801287,approved,,5
CPT122177,2026-02-10 18:20:14.895936643,approved,,5
CPT103244,2026-02-10 06:47:16.536011678,approved,,6
CPT110329,,dropped_in_docs,RC,1
CPT104936,,dropped_in_docs,DL,0
CPT101040,,dropped_in_docs,FITNESS,4
CPT103528,,dropped_in_docs,PERMIT,3
CPT102934,,dropped_in_docs,RC,1
CPT124708,,dropped_in_docs,RC,1
CPT101718,2026-02-11 01:20:30.747280583,approved,,6
CPT122716,,dropped_in_docs,RC,1
CPT106845,,dropped_in_docs,RC,1
CPT121392,,dropped_in_docs,RC,1
CPT105713,,dropped_in_docs,PERMIT,3
CPT122547,,dropped_in_docs,INSURANCE,5
CPT115266,2026-02-11 23:56:40.268952770,approved,,6
CPT105116,,dropped_in_docs,RC,1
CPT105550,2026-02-09 12:59:49.030519258,approved,,6
CPT115752,,dropped_in_docs,PERMIT,3
CPT123821,,dropped_in_docs,PERMIT,3
CPT117628,,dropped_in_docs,RC,1
CPT122164,,dropped_in_docs,INSURANCE,5
CPT107533,,dropped_in_docs,INSURANCE,5
CPT113787,2026-02-08 09:17:05.936528143,approved,,5
CPT104115,,dropped_in_docs,FITNESS,4
CPT107121,,dropped_in_docs,DL,0
CPT115666,,dropped_in_docs,AADHAAR,2
CPT120981,,dropped_in_docs,RC,1
CPT107258,,dropped_in_docs,AADHAAR,2
CPT103079,,dropped_in_docs,RC,1
CPT109933,,dropped_in_docs,DL,0
CPT108854,,dropped_in_docs,INSURANCE,5
CPT119680,,dropped_in_docs,RC,1
CPT117318,,dropped_in_docs,RC,1
CPT105971,,dropped_in_docs,PERMIT,3
CPT108170,2026-02-09 20:49:17.241481331,rejected,doc_authenticity_flag,6
CPT106013,,dropped_in_docs,PERMIT,3
CPT103992,,dropped_in_docs,RC,1
CPT102445,,dropped_in_docs,RC,1
CPT108505,2026-02-08 14:31:45.740590236,approved,,6
CPT113619,,dropped_in_docs,FITNESS,4
CPT116692,2026-02-09 13:34:04.611538210,approved,,6
CPT124998,2026-02-10 00:04:33.189469757,rejected,background_check_failed,6
CPT110658,2026-02-07 01:22:47.746096559,approved,,6
CPT106324,2026-02-12 18:22:18.446607578,approved,,6
CPT115682,,dropped_in_docs,INSURANCE,5
CPT124579,,dropped_in_docs,RC,1
CPT117397,,dropped_in_docs,RC,1
CPT123062,2026-02-08 20:53:47.689083630,approved,,5
CPT119381,2026-02-10 00:00:09.446280910,approved,,6
CPT116974,2026-02-11 07:05:42.344072027,approved,,6
CPT101702,,dropped_in_docs,PERMIT,3
CPT123289,,dropped_in_docs,FITNESS,4
CPT123610,,dropped_in_docs,RC,1
CPT100563,2026-02-08 06:36:51.983809604,approved,,5
CPT124253,,dropped_in_docs,PERMIT,3
CPT115981,,dropped_in_docs,INSURANCE,5
CPT117616,2026-02-10 10:27:08.145853606,approved,,5
CPT121640,,dropped_in_docs,PERMIT,3
CPT115272,,dropped_in_docs,RC,1
CPT108703,,dropped_in_docs,INSURANCE,5
CPT117535,,dropped_in_docs,FITNESS,4
CPT102744,,dropped_in_docs,FITNESS,4
CPT116940,,dropped_in_docs,RC,1
CPT117825,,dropped_in_docs,AADHAAR,2
CPT115868,,dropped_in_docs,RC,1
CPT101965,,dropped_in_docs,PERMIT,3
CPT102464,,dropped_in_docs,PERMIT,3
CPT114424,2026-02-13 04:23:21.401976250,approved,,6
CPT119819,,dropped_in_docs,AADHAAR,2
CPT118252,,dropped_in_docs,RC,1
CPT123022,,dropped_in_docs,PERMIT,3
CPT115911,,dropped_in_docs,FITNESS,4
CPT106625,,dropped_in_docs,RC,1
CPT118242,,dropped_in_docs,INSURANCE,5
CPT120358,,dropped_in_docs,RC,1
CPT100021,,dropped_in_docs,RC,1
CPT102195,,dropped_in_docs,FITNESS,4
CPT111518,2026-02-09 05:58:22.191241205,approved,,6
CPT104779,,dropped_in_docs,INSURANCE,5
CPT100749,2026-02-10 13:43:16.155041666,approved,,6
CPT122083,,dropped_in_docs,RC,1
CPT117769,,dropped_in_docs,FITNESS,4
CPT116437,,dropped_in_docs,PERMIT,3
CPT122331,2026-02-10 04:21:53.550622850,approved,,6
CPT111958,,dropped_in_docs,FITNESS,4
CPT123066,2026-02-07 16:14:48.841204010,approved,,6
CPT101462,2026-02-09 13:11:57.978326142,approved,,5
CPT121387,2026-02-08 21:15:37.046456956,approved,,5
CPT116337,,dropped_in_docs,RC,1
CPT107132,,dropped_in_docs,DL,0
CPT100571,2026-02-10 14:40:19.059225597,approved,,6
CPT104061,,dropped_in_docs,FITNESS,4
CPT101575,,dropped_in_docs,PERMIT,3
CPT107755,,dropped_in_docs,FITNESS,4
CPT113428,,dropped_in_docs,AADHAAR,2
CPT124515,,dropped_in_docs,RC,1
CPT110608,,dropped_in_docs,RC,1
CPT105881,,dropped_in_docs,INSURANCE,5
CPT122463,,dropped_in_docs,RC,1
CPT104520,,dropped_in_docs,INSURANCE,5
CPT117530,2026-02-09 10:01:37.322147611,approved,,6
CPT122579,,dropped_in_docs,RC,1
CPT110362,,dropped_in_docs,PERMIT,3
CPT110758,,dropped_in_docs,PERMIT,3
CPT121040,,dropped_in_docs,INSURANCE,5
CPT101602,,dropped_in_docs,RC,1
CPT111519,,dropped_in_docs,AADHAAR,2
CPT120123,2026-02-09 02:45:30.945300148,approved,,6
CPT104908,,dropped_in_docs,FITNESS,4
CPT100194,,dropped_in_docs,INSURANCE,5
CPT122329,,dropped_in_docs,FITNESS,4
CPT114287,,dropped_in_docs,RC,1
CPT114552,,dropped_in_docs,FITNESS,4
CPT105134,,dropped_in_docs,RC,1
CPT100559,,dropped_in_docs,RC,1
CPT105127,,dropped_in_docs,RC,1
CPT124490,2026-02-09 12:09:05.219355906,approved,,6
CPT123335,,dropped_in_docs,PERMIT,3
CPT114884,,dropped_in_docs,RC,1
CPT124703,,dropped_in_docs,DL,0
CPT116447,,dropped_in_docs,INSURANCE,5
CPT105768,,dropped_in_docs,RC,1
CPT113159,,dropped_in_docs,RC,1
CPT103033,,dropped_in_docs,PERMIT,3
CPT114573,,dropped_in_docs,PERMIT,3
CPT114155,,dropped_in_docs,DL,0
CPT121074,2026-02-10 21:13:06.994961954,approved,,6
CPT104675,,dropped_in_docs,INSURANCE,5
CPT122757,2026-02-07 01:26:16.914219192,approved,,5
CPT112006,,dropped_in_docs,PERMIT,3
CPT109129,,dropped_in_docs,FITNESS,4
CPT115202,,dropped_in_docs,PERMIT,3
CPT119922,,dropped_in_docs,DL,0
CPT103218,2026-02-10 02:27:23.361229131,approved,,6
CPT110772,,dropped_in_docs,INSURANCE,5
CPT103325,,dropped_in_docs,INSURANCE,5
CPT119333,,dropped_in_docs,PERMIT,3
CPT111724,,dropped_in_docs,INSURANCE,5
CPT108102,,dropped_in_docs,PERMIT,3
CPT110745,,dropped_in_docs,AADHAAR,2
CPT121902,2026-02-10 03:09:45.795789132,approved,,5
CPT103866,,dropped_in_docs,RC,1
CPT110227,,dropped_in_docs,PERMIT,3
CPT109094,2026-02-08 07:47:42.238245253,approved,,6
CPT100708,,dropped_in_docs,AADHAAR,2
CPT116812,2026-02-13 18:27:11.289842214,approved,,6
CPT100395,,dropped_in_docs,RC,1
CPT115716,,dropped_in_docs,RC,1
CPT106552,,dropped_in_docs,FITNESS,4
CPT104693,,dropped_in_docs,DL,0
CPT112862,,dropped_in_docs,INSURANCE,5
CPT107788,,dropped_in_docs,INSURANCE,5
CPT109188,2026-02-10 15:28:48.728501869,approved,,5
CPT122985,,dropped_in_docs,FITNESS,4
CPT103605,,dropped_in_docs,AADHAAR,2
CPT113412,,dropped_in_docs,RC,1
CPT109619,,dropped_in_docs,INSURANCE,5
CPT105547,,dropped_in_docs,RC,1
CPT121038,,dropped_in_docs,RC,1
CPT108486,2026-02-11 12:25:00.321291435,approved,,6
CPT108101,2026-02-13 06:06:37.641722181,approved,,5
CPT114413,,dropped_in_docs,PERMIT,3
CPT107110,2026-02-09 11:44:05.721657818,approved,,6
CPT122893,,dropped_in_docs,DL,0
CPT116816,,dropped_in_docs,PERMIT,3
CPT108237,,dropped_in_docs,INSURANCE,5
CPT108369,,dropped_in_docs,INSURANCE,5
CPT103323,,dropped_in_docs,RC,1
CPT108311,,dropped_in_docs,RC,1
CPT103769,,dropped_in_docs,RC,1
CPT106930,,dropped_in_docs,RC,1
CPT105222,,dropped_in_docs,FITNESS,4
CPT116186,,dropped_in_docs,FITNESS,4
CPT108914,,dropped_in_docs,PERMIT,3
CPT119644,2026-02-10 10:32:53.667616435,approved,,6
CPT104863,,dropped_in_docs,PERMIT,3
CPT105088,,dropped_in_docs,PERMIT,3
CPT118683,,dropped_in_docs,FITNESS,4
CPT105978,,dropped_in_docs,RC,1
CPT110012,,dropped_in_docs,FITNESS,4
CPT101946,,dropped_in_docs,DL,0
CPT118948,,dropped_in_docs,RC,1
CPT115337,2026-02-12 05:42:04.917612684,approved,,6
CPT120512,,dropped_in_docs,RC,1
CPT103133,2026-02-09 13:06:02.730482893,approved,,6
CPT116997,,dropped_in_docs,RC,1
CPT112277,,dropped_in_docs,RC,1
CPT106861,2026-02-12 05:20:36.929200110,approved,,5
CPT115207,,dropped_in_docs,PERMIT,3
CPT121344,2026-02-10 09:29:33.686582017,approved,,5
CPT115003,,dropped_in_docs,PERMIT,3
CPT103563,,dropped_in_docs,RC,1
CPT106819,,dropped_in_docs,FITNESS,4
CPT104274,,dropped_in_docs,DL,0
CPT108661,,dropped_in_docs,PERMIT,3
CPT109644,,dropped_in_docs,RC,1
CPT114271,,dropped_in_docs,DL,0
CPT118005,,dropped_in_docs,FITNESS,4
CPT100397,,dropped_in_docs,RC,1
CPT122572,,dropped_in_docs,RC,1
CPT117618,,dropped_in_docs,PERMIT,3
CPT115338,,dropped_in_docs,RC,1
CPT121406,,dropped_in_docs,INSURANCE,5
CPT122484,,dropped_in_docs,RC,1
CPT119650,,dropped_in_docs,INSURANCE,5
CPT122419,,dropped_in_docs,PERMIT,3
CPT122748,2026-02-13 21:16:38.463234133,approved,,6
CPT122550,,dropped_in_docs,INSURANCE,5
CPT115843,2026-02-08 11:03:35.642844664,approved,,5
CPT118269,,dropped_in_docs,RC,1
CPT103517,,dropped_in_docs,FITNESS,4
CPT104914,,dropped_in_docs,FITNESS,4
CPT124303,,dropped_in_docs,FITNESS,4
CPT117684,,dropped_in_docs,DL,0
CPT106918,,dropped_in_docs,INSURANCE,5
CPT115299,,dropped_in_docs,RC,1
CPT106396,,dropped_in_docs,INSURANCE,5
CPT102214,,dropped_in_docs,RC,1
CPT123386,,dropped_in_docs,INSURANCE,5
CPT123838,,dropped_in_docs,RC,1
CPT103445,,dropped_in_docs,PERMIT,3
CPT111714,2026-02-11 05:03:52.720479346,approved,,6
CPT117509,,dropped_in_docs,FITNESS,4
CPT123791,,dropped_in_docs,PERMIT,3
CPT121009,,dropped_in_docs,RC,1
CPT113163,,dropped_in_docs,RC,1
CPT110089,,dropped_in_docs,INSURANCE,5
CPT114176,,dropped_in_docs,FITNESS,4
CPT120986,,dropped_in_docs,PERMIT,3
CPT100753,,dropped_in_docs,RC,1
CPT121878,,dropped_in_docs,RC,1
CPT121225,,dropped_in_docs,PERMIT,3
CPT114574,2026-02-11 05:07:30.851461167,approved,,6
CPT119442,,dropped_in_docs,FITNESS,4
CPT120370,2026-02-10 00:25:04.195699814,approved,,6
CPT105283,,dropped_in_docs,FITNESS,4
CPT102322,,dropped_in_docs,INSURANCE,5
CPT109660,,dropped_in_docs,FITNESS,4
CPT116840,,dropped_in_docs,PERMIT,3
CPT124295,2026-02-08 20:07:18.559077794,approved,,6
CPT114422,,dropped_in_docs,RC,1
CPT122403,,dropped_in_docs,FITNESS,4
CPT110933,,dropped_in_docs,FITNESS,4
CPT104937,,dropped_in_docs,DL,0
CPT110540,,dropped_in_docs,RC,1
CPT124695,,dropped_in_docs,FITNESS,4
CPT114840,,dropped_in_docs,AADHAAR,2
CPT116567,,dropped_in_docs,RC,1
CPT115306,,dropped_in_docs,FITNESS,4
CPT118579,2026-02-11 19:46:34.591209191,rejected,duplicate_captain,6
CPT101678,,dropped_in_docs,AADHAAR,2
CPT115977,,dropped_in_docs,PERMIT,3
CPT116100,,dropped_in_docs,PERMIT,3
CPT115678,,dropped_in_docs,FITNESS,4
CPT111755,,dropped_in_docs,RC,1
CPT105785,,dropped_in_docs,INSURANCE,5
CPT103213,,dropped_in_docs,FITNESS,4
CPT116752,,dropped_in_docs,RC,1
CPT121512,,dropped_in_docs,RC,1
CPT117713,,dropped_in_docs,PERMIT,3
CPT114169,,dropped_in_docs,PERMIT,3
CPT116909,,dropped_in_docs,DL,0
CPT114272,2026-02-11 04:37:43.346041843,approved,,6
CPT112762,2026-02-10 16:04:32.824915333,approved,,6
CPT120819,2026-02-12 02:30:53.478014637,approved,,6
CPT110923,,dropped_in_docs,DL,0
CPT123804,2026-02-13 11:57:47.177651511,approved,,6
CPT110535,,dropped_in_docs,RC,1
CPT100734,,dropped_in_docs,INSURANCE,5
CPT118797,,dropped_in_docs,RC,1
CPT106270,,dropped_in_docs,RC,1
CPT102432,,dropped_in_docs,INSURANCE,5
CPT120253,,dropped_in_docs,RC,1
CPT113252,,dropped_in_docs,PERMIT,3
CPT119064,2026-02-09 18:18:17.943035890,approved,,6
CPT105801,,dropped_in_docs,RC,1
CPT118217,,dropped_in_docs,DL,0
CPT101255,,dropped_in_docs,RC,1
CPT111345,2026-02-14 19:35:42.787974474,approved,,6
CPT114594,2026-02-12 00:58:33.207966375,approved,,6
CPT114964,,dropped_in_docs,AADHAAR,2
CPT123884,,dropped_in_docs,RC,1
CPT104835,,dropped_in_docs,PERMIT,3
CPT111943,,dropped_in_docs,RC,1
CPT105107,,dropped_in_docs,FITNESS,4
CPT122751,,dropped_in_docs,PERMIT,3
CPT117024,,dropped_in_docs,RC,1
CPT123673,,dropped_in_docs,DL,0
CPT100725,,dropped_in_docs,DL,0
CPT113220,,dropped_in_docs,RC,1
CPT124835,2026-02-11 05:34:12.166314684,approved,,6
CPT119252,,dropped_in_docs,DL,0
CPT124491,2026-02-11 19:00:49.394963365,approved,,6
CPT107721,,dropped_in_docs,PERMIT,3
CPT123607,,dropped_in_docs,PERMIT,3
CPT105543,2026-02-14 02:46:22.405216480,approved,,6
CPT124387,,dropped_in_docs,RC,1
CPT115385,,dropped_in_docs,DL,0
CPT118685,,dropped_in_docs,FITNESS,4
CPT107421,,dropped_in_docs,RC,1
CPT109448,,dropped_in_docs,RC,1
CPT101642,,dropped_in_docs,DL,0
CPT105182,,dropped_in_docs,RC,1
CPT100554,,dropped_in_docs,DL,0
CPT112856,,dropped_in_docs,PERMIT,3
CPT120393,,dropped_in_docs,PERMIT,3
CPT124477,,dropped_in_docs,INSURANCE,5
CPT110739,,dropped_in_docs,RC,1
CPT116761,2026-02-12 12:10:55.218809160,rejected,background_check_failed,6
CPT120917,,dropped_in_docs,INSURANCE,5
CPT104296,,dropped_in_docs,FITNESS,4
CPT119356,,dropped_in_docs,RC,1
CPT110824,,dropped_in_docs,INSURANCE,5
CPT115828,,dropped_in_docs,PERMIT,3
CPT121798,,dropped_in_docs,PERMIT,3
CPT124310,,dropped_in_docs,RC,1
CPT104122,,dropped_in_docs,RC,1
CPT102217,,dropped_in_docs,PERMIT,3
CPT115344,2026-02-10 17:21:16.247657468,approved,,6
CPT110220,,dropped_in_docs,DL,0
CPT103782,,dropped_in_docs,PERMIT,3
CPT108018,,dropped_in_docs,INSURANCE,5
CPT121893,,dropped_in_docs,PERMIT,3
CPT111086,,dropped_in_docs,PERMIT,3
CPT103338,,dropped_in_docs,RC,1
CPT116528,,dropped_in_docs,RC,1
CPT117953,,dropped_in_docs,DL,0
CPT114445,2026-02-13 12:09:39.705013735,approved,,6
CPT114601,,dropped_in_docs,PERMIT,3
CPT106911,,dropped_in_docs,RC,1
CPT107253,,dropped_in_docs,DL,0
CPT112413,2026-02-10 07:07:57.767029583,rejected,vehicle_age_policy,5
CPT121721,2026-02-13 09:32:55.651888333,approved,,5
CPT118847,2026-02-13 07:57:04.038496760,approved,,6
CPT102461,,dropped_in_docs,FITNESS,4
CPT118607,,dropped_in_docs,RC,1
CPT120614,,dropped_in_docs,RC,1
CPT109717,,dropped_in_docs,FITNESS,4
CPT112988,2026-02-13 16:28:19.331026054,approved,,6
CPT124964,2026-02-12 22:31:23.605384892,approved,,6
CPT112997,,dropped_in_docs,DL,0
CPT104651,,dropped_in_docs,PERMIT,3
CPT122042,,dropped_in_docs,FITNESS,4
CPT106245,,dropped_in_docs,AADHAAR,2
CPT124950,,dropped_in_docs,RC,1
CPT119365,,dropped_in_docs,INSURANCE,5
CPT124736,,dropped_in_docs,AADHAAR,2
CPT123720,,dropped_in_docs,PERMIT,3
CPT108819,,dropped_in_docs,INSURANCE,5
CPT118764,,dropped_in_docs,DL,0
CPT104537,,dropped_in_docs,RC,1
CPT105070,,dropped_in_docs,FITNESS,4
CPT123990,,dropped_in_docs,FITNESS,4
CPT106782,2026-02-09 19:01:41.506706104,approved,,6
CPT112104,,dropped_in_docs,RC,1
CPT123683,,dropped_in_docs,AADHAAR,2
CPT119812,,dropped_in_docs,AADHAAR,2
CPT100970,,dropped_in_docs,FITNESS,4
CPT117544,,dropped_in_docs,RC,1
CPT114402,,dropped_in_docs,AADHAAR,2
CPT108629,,dropped_in_docs,AADHAAR,2
CPT103020,,dropped_in_docs,PERMIT,3
CPT100662,,dropped_in_docs,INSURANCE,5
CPT108537,2026-02-09 21:36:49.609885845,approved,,6
CPT103460,,dropped_in_docs,DL,0
CPT111984,2026-02-11 02:37:02.182369299,approved,,5
CPT111190,,dropped_in_docs,FITNESS,4
CPT122131,,dropped_in_docs,FITNESS,4
CPT102330,,dropped_in_docs,FITNESS,4
CPT108039,2026-02-12 05:14:40.243623506,approved,,6
CPT110194,,dropped_in_docs,RC,1
CPT104753,,dropped_in_docs,DL,0
CPT116259,,dropped_in_docs,RC,1
CPT118805,,dropped_in_docs,PERMIT,3
CPT113093,,dropped_in_docs,PERMIT,3
CPT108353,2026-02-10 17:51:17.537492174,approved,,5
CPT117139,,dropped_in_docs,DL,0
CPT124324,,dropped_in_docs,FITNESS,4
CPT114379,2026-02-12 12:16:56.450598316,approved,,6
CPT107424,,dropped_in_docs,PERMIT,3
CPT116221,,dropped_in_docs,FITNESS,4
CPT105995,,dropped_in_docs,DL,0
CPT124920,,dropped_in_docs,RC,1
CPT103233,,dropped_in_docs,FITNESS,4
CPT105132,,dropped_in_docs,AADHAAR,2
CPT102570,,dropped_in_docs,INSURANCE,5
CPT100914,,dropped_in_docs,FITNESS,4
CPT113737,,dropped_in_docs,RC,1
CPT109527,,dropped_in_docs,AADHAAR,2
CPT112832,,dropped_in_docs,FITNESS,4
CPT107816,,dropped_in_docs,RC,1
CPT120839,,dropped_in_docs,INSURANCE,5
CPT117573,2026-02-12 01:09:26.168527680,approved,,6
CPT120198,,dropped_in_docs,RC,1
CPT118762,,dropped_in_docs,AADHAAR,2
CPT107444,,dropped_in_docs,RC,1
CPT108924,,dropped_in_docs,PERMIT,3
CPT117157,,dropped_in_docs,FITNESS,4
CPT114888,,dropped_in_docs,RC,1
CPT101962,,dropped_in_docs,RC,1
CPT106238,2026-02-13 02:55:57.581332752,approved,,6
CPT100997,,dropped_in_docs,AADHAAR,2
CPT100128,,dropped_in_docs,DL,0
CPT119315,2026-02-12 04:27:12.706880680,approved,,5
CPT118341,,dropped_in_docs,AADHAAR,2
CPT113333,2026-02-15 02:14:56.715984822,rejected,duplicate_captain,6
CPT109609,,dropped_in_docs,FITNESS,4
CPT118263,,dropped_in_docs,PERMIT,3
CPT117978,,dropped_in_docs,DL,0
CPT108153,2026-02-10 16:22:28.809140618,rejected,background_check_failed,5
CPT111103,,dropped_in_docs,RC,1
CPT105104,,dropped_in_docs,DL,0
CPT121339,,dropped_in_docs,FITNESS,4
CPT101503,,dropped_in_docs,RC,1
CPT120527,,dropped_in_docs,RC,1
CPT122243,,dropped_in_docs,RC,1
CPT121678,,dropped_in_docs,INSURANCE,5
CPT110258,,dropped_in_docs,PERMIT,3
CPT122619,,dropped_in_docs,DL,0
CPT106399,,dropped_in_docs,DL,0
CPT116647,,dropped_in_docs,PERMIT,3
CPT120983,2026-02-12 02:42:25.154770757,rejected,vehicle_age_policy,5
CPT101987,2026-02-12 18:26:10.181933889,approved,,6
CPT104188,,dropped_in_docs,RC,1
CPT124546,,dropped_in_docs,FITNESS,4
CPT117836,,dropped_in_docs,INSURANCE,5
CPT107924,,dropped_in_docs,INSURANCE,5
CPT110004,,dropped_in_docs,PERMIT,3
CPT112044,,dropped_in_docs,DL,0
CPT111262,,dropped_in_docs,INSURANCE,5
CPT107944,2026-02-12 19:59:33.056733778,approved,,6
CPT100355,,dropped_in_docs,DL,0
CPT113981,,dropped_in_docs,DL,0
CPT116391,2026-02-14 05:53:41.369578362,approved,,6
CPT109782,,dropped_in_docs,FITNESS,4
CPT106716,2026-02-10 20:11:53.174278970,approved,,6
CPT123718,,dropped_in_docs,RC,1
CPT113658,,dropped_in_docs,INSURANCE,5
CPT118295,,dropped_in_docs,DL,0
CPT101067,,dropped_in_docs,DL,0
CPT119723,,dropped_in_docs,AADHAAR,2
CPT113677,2026-02-12 16:17:27.376021886,approved,,6
CPT107117,,dropped_in_docs,RC,1
CPT123000,,dropped_in_docs,PERMIT,3
CPT112891,,dropped_in_docs,INSURANCE,5
CPT107462,,dropped_in_docs,PERMIT,3
CPT115616,,dropped_in_docs,FITNESS,4
CPT113799,,dropped_in_docs,RC,1
CPT124770,,dropped_in_docs,RC,1
CPT103264,,dropped_in_docs,DL,0
CPT108811,2026-02-16 08:16:42.365602218,rejected,background_check_failed,6
CPT107442,,dropped_in_docs,FITNESS,4
CPT124581,,dropped_in_docs,INSURANCE,5
CPT118320,,dropped_in_docs,RC,1
CPT110444,,dropped_in_docs,RC,1
CPT118932,,dropped_in_docs,RC,1
CPT106495,2026-02-13 15:41:35.411421825,approved,,5
CPT116433,,dropped_in_docs,INSURANCE,5
CPT124489,2026-02-17 13:17:10.613376872,approved,,6
CPT114617,2026-02-12 05:29:40.980968031,approved,,6
CPT103245,,dropped_in_docs,FITNESS,4
CPT104763,,dropped_in_docs,PERMIT,3
CPT124500,,dropped_in_docs,PERMIT,3
CPT116865,,dropped_in_docs,INSURANCE,5
CPT123648,2026-02-13 04:10:51.204548284,approved,,6
CPT114550,,dropped_in_docs,DL,0
CPT103809,2026-02-13 07:57:33.147245054,rejected,doc_authenticity_flag,6
CPT121527,,dropped_in_docs,FITNESS,4
CPT105809,,dropped_in_docs,RC,1
CPT121518,,dropped_in_docs,DL,0
CPT123971,,dropped_in_docs,FITNESS,4
CPT111593,,dropped_in_docs,RC,1
CPT114996,2026-02-12 07:45:32.474028856,approved,,6
CPT101267,,dropped_in_docs,RC,1
CPT122802,,dropped_in_docs,INSURANCE,5
CPT123293,,dropped_in_docs,INSURANCE,5
CPT116764,,dropped_in_docs,RC,1
CPT122410,,dropped_in_docs,INSURANCE,5
CPT101807,,dropped_in_docs,AADHAAR,2
CPT120494,,dropped_in_docs,PERMIT,3
CPT112850,,dropped_in_docs,PERMIT,3
CPT109466,,dropped_in_docs,FITNESS,4
CPT119125,,dropped_in_docs,AADHAAR,2
CPT111012,,dropped_in_docs,FITNESS,4
CPT118999,,dropped_in_docs,FITNESS,4
CPT110895,2026-02-13 21:42:56.401555109,rejected,duplicate_captain,6
CPT102576,,dropped_in_docs,RC,1
CPT109474,2026-02-12 03:09:57.997469785,approved,,6
CPT102063,2026-02-13 02:37:03.568657379,approved,,6
CPT111691,2026-02-10 20:13:43.538092761,approved,,6
CPT111330,2026-02-10 23:17:18.236636316,approved,,5
CPT106322,,dropped_in_docs,AADHAAR,2
CPT121251,,dropped_in_docs,INSURANCE,5
CPT121707,,dropped_in_docs,FITNESS,4
CPT115978,2026-02-10 09:41:32.343633367,approved,,5
CPT118554,,dropped_in_docs,INSURANCE,5
CPT117767,2026-02-12 23:18:55.326406248,approved,,6
CPT107012,2026-02-14 16:41:16.065663291,approved,,5
CPT115427,,dropped_in_docs,FITNESS,4
CPT102356,,dropped_in_docs,DL,0
CPT115422,2026-02-10 09:47:05.736697531,approved,,5
CPT109802,,dropped_in_docs,RC,1
CPT123157,,dropped_in_docs,INSURANCE,5
CPT106020,,dropped_in_docs,PERMIT,3
CPT116180,2026-02-13 01:29:08.460002100,approved,,6
CPT112674,,dropped_in_docs,FITNESS,4
CPT120638,2026-02-17 12:30:10.814906590,approved,,6
CPT116549,,dropped_in_docs,DL,0
CPT118834,2026-02-12 07:57:05.076274077,approved,,5
CPT100083,,dropped_in_docs,PERMIT,3
CPT106259,,dropped_in_docs,AADHAAR,2
CPT117533,2026-02-14 15:30:55.215423761,approved,,6
CPT124291,2026-02-14 00:27:16.048068474,approved,,6
CPT100369,,dropped_in_docs,DL,0
CPT116990,,dropped_in_docs,INSURANCE,5
CPT103260,,dropped_in_docs,FITNESS,4
CPT115283,,dropped_in_docs,DL,0
CPT102126,2026-02-13 10:45:51.420112508,approved,,6
CPT105309,,dropped_in_docs,AADHAAR,2
CPT123524,,dropped_in_docs,FITNESS,4
CPT117694,,dropped_in_docs,RC,1
CPT107718,2026-02-11 21:06:29.056794754,approved,,6
CPT104156,,dropped_in_docs,INSURANCE,5
CPT116511,,dropped_in_docs,INSURANCE,5
CPT113124,,dropped_in_docs,RC,1
CPT100329,,dropped_in_docs,INSURANCE,5
CPT110289,,dropped_in_docs,PERMIT,3
CPT104414,,dropped_in_docs,DL,0
CPT103635,,dropped_in_docs,RC,1
CPT113289,,dropped_in_docs,FITNESS,4
CPT106082,,dropped_in_docs,AADHAAR,2
CPT105711,,dropped_in_docs,PERMIT,3
CPT108669,,dropped_in_docs,PERMIT,3
CPT102613,2026-02-13 04:52:45.822476683,approved,,6
CPT102776,,dropped_in_docs,RC,1
CPT114827,,dropped_in_docs,DL,0
CPT118272,,dropped_in_docs,INSURANCE,5
CPT124031,2026-02-14 15:46:39.744756298,approved,,6
CPT107367,2026-02-13 09:04:04.672589213,approved,,5
CPT106896,,dropped_in_docs,DL,0
CPT104362,,dropped_in_docs,INSURANCE,5
CPT122438,2026-02-13 15:06:54.470743297,approved,,6
CPT111072,,dropped_in_docs,FITNESS,4
CPT113649,,dropped_in_docs,DL,0
CPT107327,,dropped_in_docs,INSURANCE,5
CPT107960,,dropped_in_docs,AADHAAR,2
CPT105476,,dropped_in_docs,AADHAAR,2
CPT115624,,dropped_in_docs,FITNESS,4
CPT109855,,dropped_in_docs,DL,0
CPT100291,2026-02-11 08:29:04.853652799,approved,,6
CPT107825,,dropped_in_docs,FITNESS,4
CPT119800,,dropped_in_docs,DL,0
CPT102978,2026-02-14 01:24:03.582408177,approved,,6
CPT114175,2026-02-13 23:13:35.236317420,approved,,5
CPT113211,,dropped_in_docs,RC,1
CPT123481,2026-02-12 08:15:24.340638324,approved,,6
CPT102046,,dropped_in_docs,AADHAAR,2
CPT102198,,dropped_in_docs,FITNESS,4
CPT109582,,dropped_in_docs,INSURANCE,5
CPT103401,2026-02-12 20:01:13.295455588,rejected,background_check_failed,5
CPT107862,,dropped_in_docs,RC,1
CPT123522,,dropped_in_docs,INSURANCE,5
CPT103313,,dropped_in_docs,RC,1
CPT102359,2026-02-13 10:20:59.017695084,approved,,6
CPT110350,,dropped_in_docs,INSURANCE,5
CPT124776,,dropped_in_docs,PERMIT,3
CPT111850,,dropped_in_docs,RC,1
CPT100558,,dropped_in_docs,RC,1
CPT111287,,dropped_in_docs,INSURANCE,5
CPT114283,,dropped_in_docs,RC,1
CPT114823,,dropped_in_docs,RC,1
CPT103613,,dropped_in_docs,FITNESS,4
CPT104684,,dropped_in_docs,FITNESS,4
CPT106550,,dropped_in_docs,AADHAAR,2
CPT100566,,dropped_in_docs,RC,1
CPT121652,,dropped_in_docs,RC,1
CPT110682,2026-02-16 16:43:52.181236364,rejected,vehicle_age_policy,6
CPT117896,,dropped_in_docs,INSURANCE,5
CPT114380,,dropped_in_docs,RC,1
CPT106435,2026-02-12 14:17:01.766829785,approved,,6
CPT123296,2026-02-12 13:35:18.458120863,approved,,5
CPT109292,2026-02-12 11:57:42.998139429,approved,,6
CPT113172,,dropped_in_docs,RC,1
CPT114394,2026-02-17 15:20:05.940626605,approved,,6
CPT112442,,dropped_in_docs,RC,1
CPT113742,,dropped_in_docs,DL,0
CPT103819,,dropped_in_docs,PERMIT,3
CPT116178,,dropped_in_docs,AADHAAR,2
CPT110225,,dropped_in_docs,RC,1
CPT116169,,dropped_in_docs,DL,0
CPT111419,,dropped_in_docs,DL,0
CPT112063,2026-02-15 04:12:48.968670858,approved,,5
CPT110832,,dropped_in_docs,RC,1
CPT104301,,dropped_in_docs,DL,0
CPT116619,,dropped_in_docs,PERMIT,3
CPT109099,,dropped_in_docs,PERMIT,3
CPT108800,,dropped_in_docs,INSURANCE,5
CPT122966,,dropped_in_docs,FITNESS,4
CPT123611,2026-02-13 11:51:21.408052416,rejected,doc_authenticity_flag,6
CPT100173,,dropped_in_docs,INSURANCE,5
CPT121035,2026-02-14 21:04:27.723338731,approved,,6
CPT102507,,dropped_in_docs,DL,0
CPT111223,,dropped_in_docs,PERMIT,3
CPT108052,,dropped_in_docs,RC,1
CPT104978,,dropped_in_docs,PERMIT,3
CPT112341,2026-02-14 05:19:42.124532738,approved,,6
CPT119162,,dropped_in_docs,AADHAAR,2
CPT107947,,dropped_in_docs,AADHAAR,2
CPT116617,,dropped_in_docs,INSURANCE,5
CPT123097,2026-02-13 19:57:07.940307864,approved,,5
CPT124097,,dropped_in_docs,RC,1
CPT100479,,dropped_in_docs,INSURANCE,5
CPT109154,,dropped_in_docs,INSURANCE,5
CPT100301,,dropped_in_docs,INSURANCE,5
CPT123278,2026-02-13 22:59:15.506392612,approved,,5
CPT103864,2026-02-17 00:50:07.875129610,approved,,5
CPT118890,,dropped_in_docs,PERMIT,3
CPT118113,,dropped_in_docs,RC,1
CPT103098,2026-02-12 08:09:37.315211268,approved,,6
CPT118825,,dropped_in_docs,INSURANCE,5
CPT103365,,dropped_in_docs,FITNESS,4
CPT113528,,dropped_in_docs,RC,1
CPT104464,,dropped_in_docs,RC,1
CPT113033,,dropped_in_docs,FITNESS,4
CPT100605,,dropped_in_docs,RC,1
CPT100358,,dropped_in_docs,FITNESS,4
CPT114439,2026-02-12 03:40:43.610943382,approved,,6
CPT124815,,dropped_in_docs,DL,0
CPT116287,,dropped_in_docs,INSURANCE,5
CPT107792,2026-02-14 12:53:49.779251200,approved,,6
CPT120987,2026-02-14 21:08:21.252144363,approved,,6
CPT104480,,dropped_in_docs,FITNESS,4
CPT114265,,dropped_in_docs,FITNESS,4
CPT107720,,dropped_in_docs,DL,0
CPT100271,,dropped_in_docs,RC,1
CPT114665,,dropped_in_docs,RC,1
CPT118399,2026-02-15 20:07:21.820819308,approved,,5
CPT123050,,dropped_in_docs,INSURANCE,5
CPT117512,,dropped_in_docs,RC,1
CPT105939,,dropped_in_docs,INSURANCE,5
CPT119491,,dropped_in_docs,FITNESS,4
CPT105529,,dropped_in_docs,RC,1
CPT124961,2026-02-15 20:54:54.414358092,approved,,6
CPT111457,,dropped_in_docs,PERMIT,3
CPT122607,,dropped_in_docs,AADHAAR,2
CPT113741,,dropped_in_docs,RC,1
CPT113229,,dropped_in_docs,PERMIT,3
CPT101395,2026-02-13 02:30:17.931563163,approved,,6
CPT120498,,dropped_in_docs,RC,1
CPT112035,,dropped_in_docs,PERMIT,3
CPT110704,,dropped_in_docs,RC,1
CPT104471,2026-02-15 04:19:55.534856992,approved,,5
CPT103186,,dropped_in_docs,FITNESS,4
CPT111135,,dropped_in_docs,RC,1
CPT121070,2026-02-13 03:47:27.979308850,approved,,6
CPT108608,,dropped_in_docs,RC,1
CPT107176,,dropped_in_docs,FITNESS,4
CPT117476,,dropped_in_docs,RC,1
CPT118516,,dropped_in_docs,FITNESS,4
CPT117747,,dropped_in_docs,PERMIT,3
CPT109049,,dropped_in_docs,AADHAAR,2
CPT117004,,dropped_in_docs,INSURANCE,5
CPT112885,,dropped_in_docs,PERMIT,3
CPT100834,,dropped_in_docs,PERMIT,3
CPT100190,,dropped_in_docs,RC,1
CPT115557,,dropped_in_docs,RC,1
CPT120088,2026-02-11 23:21:31.174424861,approved,,5
CPT111300,2026-02-15 22:03:46.769904368,approved,,6
CPT110988,2026-02-14 01:22:27.486878540,approved,,6
CPT115076,2026-02-14 04:01:53.208181612,approved,,6
CPT116805,2026-02-14 02:54:38.062062396,approved,,6
CPT101534,,dropped_in_docs,RC,1
CPT119159,,dropped_in_docs,PERMIT,3
CPT101234,,dropped_in_docs,RC,1
CPT118528,,dropped_in_docs,RC,1
CPT121243,,dropped_in_docs,PERMIT,3
CPT116014,,dropped_in_docs,RC,1
CPT112732,,dropped_in_docs,FITNESS,4
CPT113378,,dropped_in_docs,RC,1
CPT107676,,dropped_in_docs,PERMIT,3
CPT123202,2026-02-16 07:46:19.791412392,approved,,6
CPT107728,2026-02-15 14:24:54.793601402,approved,,6
CPT107162,,dropped_in_docs,RC,1
CPT105747,2026-02-12 22:46:29.857851474,approved,,6
CPT119626,2026-02-13 20:05:24.355834760,approved,,6
CPT112777,,dropped_in_docs,FITNESS,4
CPT120924,2026-02-15 11:14:33.282110487,approved,,6
CPT123096,2026-02-15 00:40:33.068482411,approved,,6
CPT119863,2026-02-11 21:20:14.092920685,approved,,5
CPT110232,,dropped_in_docs,RC,1
CPT113777,,dropped_in_docs,PERMIT,3
CPT115288,,dropped_in_docs,FITNESS,4
CPT109239,2026-02-14 13:20:34.188538289,approved,,6
CPT119289,,dropped_in_docs,RC,1
CPT123237,2026-02-16 21:59:15.122229374,approved,,6
CPT101088,,dropped_in_docs,INSURANCE,5
CPT105878,,dropped_in_docs,RC,1
CPT105531,2026-02-17 04:11:29.962712191,approved,,6
CPT113926,,dropped_in_docs,RC,1
CPT101675,,dropped_in_docs,DL,0
CPT106787,,dropped_in_docs,RC,1
CPT124559,,dropped_in_docs,PERMIT,3
CPT120650,2026-02-17 08:41:24.818172788,approved,,6
CPT115373,,dropped_in_docs,RC,1
CPT117451,,dropped_in_docs,DL,0
CPT109282,,dropped_in_docs,FITNESS,4
CPT119635,2026-02-14 23:44:45.395705591,approved,,6
CPT101015,2026-02-15 05:05:33.773531637,approved,,6
CPT124144,,dropped_in_docs,INSURANCE,5
CPT113003,2026-02-15 20:32:31.589136755,approved,,6
CPT121245,,dropped_in_docs,FITNESS,4
CPT103983,,dropped_in_docs,RC,1
CPT101407,,dropped_in_docs,AADHAAR,2
CPT105797,,dropped_in_docs,FITNESS,4
CPT108586,2026-02-16 05:16:14.746864752,approved,,6
CPT123028,,dropped_in_docs,AADHAAR,2
CPT123254,,dropped_in_docs,AADHAAR,2
CPT103354,,dropped_in_docs,RC,1
CPT117251,,dropped_in_docs,DL,0
CPT109457,,dropped_in_docs,RC,1
CPT109699,,dropped_in_docs,INSURANCE,5
CPT108014,2026-02-14 08:31:57.470266967,approved,,5
CPT122444,2026-02-15 22:42:30.742733135,rejected,doc_authenticity_flag,6
CPT122902,,dropped_in_docs,FITNESS,4
CPT110769,,dropped_in_docs,RC,1
CPT122217,,dropped_in_docs,PERMIT,3
CPT123215,,dropped_in_docs,RC,1
CPT112203,,dropped_in_docs,INSURANCE,5
CPT124773,,dropped_in_docs,INSURANCE,5
CPT120542,,dropped_in_docs,INSURANCE,5
CPT117855,,dropped_in_docs,INSURANCE,5
CPT124378,2026-02-15 16:18:39.083142136,approved,,5
CPT123490,2026-02-15 09:57:30.148843654,approved,,6
CPT114453,,dropped_in_docs,AADHAAR,2
CPT102263,,dropped_in_docs,PERMIT,3
CPT104745,2026-02-15 02:42:30.487122601,approved,,6
CPT114702,,dropped_in_docs,PERMIT,3
CPT119817,2026-02-15 10:23:07.067422024,approved,,6
CPT121739,,dropped_in_docs,INSURANCE,5
CPT113873,,dropped_in_docs,AADHAAR,2
CPT121600,2026-02-14 20:27:00.977539518,approved,,6
CPT117037,,dropped_in_docs,PERMIT,3
CPT100955,,dropped_in_docs,DL,0
CPT115712,,dropped_in_docs,RC,1
CPT114892,,dropped_in_docs,PERMIT,3
CPT104477,,dropped_in_docs,INSURANCE,5
CPT105605,,dropped_in_docs,INSURANCE,5
CPT118448,,dropped_in_docs,DL,0
CPT116312,,dropped_in_docs,RC,1
CPT114419,,dropped_in_docs,DL,0
CPT101639,,dropped_in_docs,FITNESS,4
CPT113078,2026-02-16 00:48:31.384694300,approved,,5
CPT124529,,dropped_in_docs,AADHAAR,2
CPT111312,,dropped_in_docs,INSURANCE,5
CPT108141,,dropped_in_docs,FITNESS,4
CPT108103,,dropped_in_docs,DL,0
CPT109622,,dropped_in_docs,RC,1
CPT120286,2026-02-16 01:03:03.917640207,approved,,5
CPT111351,,dropped_in_docs,FITNESS,4
CPT124792,,dropped_in_docs,RC,1
CPT113071,,dropped_in_docs,RC,1
CPT106679,,dropped_in_docs,RC,1
CPT120898,,dropped_in_docs,PERMIT,3
CPT116880,,dropped_in_docs,DL,0
CPT101398,,dropped_in_docs,RC,1
CPT123504,,dropped_in_docs,DL,0
CPT102597,2026-02-16 00:28:24.184945492,approved,,6
CPT109349,,dropped_in_docs,RC,1
CPT124099,,dropped_in_docs,PERMIT,3
CPT100033,,dropped_in_docs,AADHAAR,2
CPT116715,2026-02-14 18:18:25.786360209,rejected,duplicate_captain,6
CPT112009,,dropped_in_docs,INSURANCE,5
CPT106231,,dropped_in_docs,INSURANCE,5
CPT118931,,dropped_in_docs,FITNESS,4
CPT101136,,dropped_in_docs,DL,0
CPT111627,,dropped_in_docs,INSURANCE,5
CPT120540,2026-02-17 02:24:58.526872766,approved,,6
CPT102882,,dropped_in_docs,INSURANCE,5
CPT100333,,dropped_in_docs,RC,1
CPT124591,,dropped_in_docs,RC,1
CPT122933,,dropped_in_docs,FITNESS,4
CPT108429,,dropped_in_docs,RC,1
CPT104676,,dropped_in_docs,AADHAAR,2
CPT103183,2026-02-16 08:19:51.919588507,approved,,6
CPT116034,,dropped_in_docs,DL,0
CPT111745,2026-02-15 19:05:13.324703808,approved,,6
CPT109927,,dropped_in_docs,RC,1
CPT109069,,dropped_in_docs,DL,0
CPT102259,,dropped_in_docs,DL,0
CPT117918,2026-02-19 19:11:29.340749328,approved,,6
CPT114300,,dropped_in_docs,RC,1
CPT112508,,dropped_in_docs,RC,1
CPT116170,,dropped_in_docs,AADHAAR,2
CPT118009,2026-02-17 12:27:53.318837848,rejected,vehicle_age_policy,6
CPT106976,,dropped_in_docs,FITNESS,4
CPT118809,,dropped_in_docs,INSURANCE,5
CPT123910,,dropped_in_docs,RC,1
CPT100080,,dropped_in_docs,FITNESS,4
CPT117162,,dropped_in_docs,PERMIT,3
CPT124820,,dropped_in_docs,INSURANCE,5
CPT103751,,dropped_in_docs,INSURANCE,5
CPT108478,,dropped_in_docs,AADHAAR,2
CPT101542,,dropped_in_docs,PERMIT,3
CPT105444,2026-02-13 08:22:23.555175750,approved,,5
CPT122727,2026-02-15 08:32:42.269030238,approved,,5
CPT109461,,dropped_in_docs,AADHAAR,2
CPT100730,,dropped_in_docs,RC,1
CPT116506,2026-02-15 00:38:32.215666785,approved,,6
CPT111654,,dropped_in_docs,DL,0
CPT122610,,dropped_in_docs,RC,1
CPT112409,2026-02-17 09:07:56.015066371,approved,,6
CPT110514,,dropped_in_docs,INSURANCE,5
CPT111112,,dropped_in_docs,INSURANCE,5
CPT122041,,dropped_in_docs,AADHAAR,2
CPT100285,2026-02-16 08:33:28.371608389,approved,,6
CPT103966,,dropped_in_docs,INSURANCE,5
CPT116565,,dropped_in_docs,DL,0
CPT124896,,dropped_in_docs,DL,0
CPT124264,,dropped_in_docs,PERMIT,3
CPT102680,,dropped_in_docs,DL,0
CPT111415,,dropped_in_docs,PERMIT,3
CPT111641,,dropped_in_docs,RC,1
CPT102708,2026-02-15 22:57:40.633214204,approved,,6
CPT118765,,dropped_in_docs,INSURANCE,5
CPT117395,,dropped_in_docs,DL,0
CPT109450,,dropped_in_docs,FITNESS,4
CPT116970,,dropped_in_docs,RC,1
CPT108038,,dropped_in_docs,FITNESS,4
CPT110954,,dropped_in_docs,FITNESS,4
CPT104393,,dropped_in_docs,RC,1
CPT108932,,dropped_in_docs,INSURANCE,5
CPT114863,,dropped_in_docs,FITNESS,4
CPT113222,,dropped_in_docs,FITNESS,4
CPT118229,,dropped_in_docs,RC,1
CPT121610,2026-02-16 12:45:21.952467750,rejected,vehicle_age_policy,6
CPT101519,,dropped_in_docs,AADHAAR,2
CPT108565,2026-02-17 23:01:24.734333299,approved,,6
CPT110614,,dropped_in_docs,INSURANCE,5
CPT111649,,dropped_in_docs,AADHAAR,2
CPT118412,2026-02-18 04:46:38.683643593,approved,,5
CPT111127,,dropped_in_docs,RC,1
CPT107832,2026-02-18 21:33:20.194855411,approved,,6
CPT110347,2026-02-15 20:58:26.919303812,approved,,6
CPT109481,,dropped_in_docs,INSURANCE,5
CPT101466,,dropped_in_docs,DL,0
CPT100203,,dropped_in_docs,PERMIT,3
CPT119754,,dropped_in_docs,RC,1
CPT119859,,dropped_in_docs,RC,1
CPT121698,,dropped_in_docs,DL,0
CPT111260,,dropped_in_docs,RC,1
CPT112434,,dropped_in_docs,RC,1
CPT104944,2026-02-14 17:33:57.253406544,approved,,6
CPT103719,,dropped_in_docs,PERMIT,3
CPT123110,,dropped_in_docs,RC,1
CPT119904,,dropped_in_docs,RC,1
CPT104815,,dropped_in_docs,INSURANCE,5
CPT111267,2026-02-17 17:10:52.243778197,approved,,6
CPT124488,,dropped_in_docs,INSURANCE,5
CPT121742,2026-02-15 05:24:04.148427977,approved,,6
CPT101484,,dropped_in_docs,RC,1
CPT119996,,dropped_in_docs,RC,1
CPT111235,,dropped_in_docs,PERMIT,3
CPT106767,,dropped_in_docs,INSURANCE,5
CPT122013,,dropped_in_docs,PERMIT,3
CPT120252,,dropped_in_docs,PERMIT,3
CPT107082,,dropped_in_docs,AADHAAR,2
CPT107378,,dropped_in_docs,PERMIT,3
CPT109903,,dropped_in_docs,DL,0
CPT120640,2026-02-17 11:38:57.355654003,approved,,6
CPT120114,,dropped_in_docs,RC,1
CPT110011,,dropped_in_docs,FITNESS,4
CPT124286,,dropped_in_docs,RC,1
CPT120433,,dropped_in_docs,DL,0
CPT103867,2026-02-16 08:06:20.522565256,approved,,6
CPT100705,,dropped_in_docs,INSURANCE,5
CPT115639,,dropped_in_docs,INSURANCE,5
CPT100444,,dropped_in_docs,RC,1
CPT106503,2026-02-14 01:21:26.879618268,approved,,6
CPT117553,,dropped_in_docs,FITNESS,4
CPT105772,,dropped_in_docs,FITNESS,4
CPT113751,2026-02-13 05:41:14.264201310,approved,,5
CPT108617,,dropped_in_docs,PERMIT,3
CPT121190,,dropped_in_docs,INSURANCE,5
CPT107467,,dropped_in_docs,AADHAAR,2
CPT103287,,dropped_in_docs,INSURANCE,5
CPT101615,,dropped_in_docs,RC,1
CPT108443,,dropped_in_docs,INSURANCE,5
CPT106961,,dropped_in_docs,PERMIT,3
CPT100221,,dropped_in_docs,RC,1
CPT115479,,dropped_in_docs,FITNESS,4
CPT103507,2026-02-16 08:25:52.738802558,approved,,5
CPT119437,2026-02-18 04:54:45.770593579,approved,,5
CPT100442,2026-02-15 00:03:04.275437889,approved,,6
CPT122596,,dropped_in_docs,FITNESS,4
CPT120381,,dropped_in_docs,INSURANCE,5
CPT105880,,dropped_in_docs,FITNESS,4
CPT108088,,dropped_in_docs,AADHAAR,2
CPT116097,2026-02-15 17:16:24.531451399,approved,,6
CPT118066,,dropped_in_docs,RC,1
CPT119010,2026-02-18 12:58:15.276443280,approved,,6
CPT114115,,dropped_in_docs,DL,0
CPT100925,,dropped_in_docs,INSURANCE,5
CPT106881,,dropped_in_docs,RC,1
CPT103895,,dropped_in_docs,FITNESS,4
CPT109806,,dropped_in_docs,PERMIT,3
CPT119701,,dropped_in_docs,RC,1
CPT119313,,dropped_in_docs,INSURANCE,5
CPT114065,,dropped_in_docs,RC,1
CPT117571,,dropped_in_docs,RC,1
CPT122778,2026-02-16 19:57:35.363706161,approved,,6
CPT103936,,dropped_in_docs,DL,0
CPT115626,,dropped_in_docs,PERMIT,3
CPT100535,,dropped_in_docs,INSURANCE,5
CPT120078,2026-02-17 23:55:20.109335145,rejected,background_check_failed,6
CPT114397,2026-02-14 19:50:48.799623400,approved,,6
CPT121133,,dropped_in_docs,PERMIT,3
CPT102869,,dropped_in_docs,RC,1
CPT123092,,dropped_in_docs,PERMIT,3
CPT106029,2026-02-16 13:01:03.880146014,approved,,6
CPT119522,,dropped_in_docs,DL,0
CPT117423,,dropped_in_docs,RC,1
CPT109773,2026-02-15 23:59:50.857310768,approved,,6
CPT102199,,dropped_in_docs,INSURANCE,5
CPT104201,,dropped_in_docs,FITNESS,4
CPT105246,,dropped_in_docs,RC,1
CPT123529,,dropped_in_docs,RC,1
CPT102754,,dropped_in_docs,DL,0
CPT103997,,dropped_in_docs,RC,1
CPT116718,,dropped_in_docs,PERMIT,3
CPT101439,,dropped_in_docs,RC,1
CPT119961,,dropped_in_docs,RC,1
CPT103491,,dropped_in_docs,DL,0
CPT108635,,dropped_in_docs,INSURANCE,5
CPT118754,,dropped_in_docs,RC,1
CPT103663,,dropped_in_docs,RC,1
CPT113586,,dropped_in_docs,AADHAAR,2
CPT110935,,dropped_in_docs,RC,1
CPT124486,,dropped_in_docs,FITNESS,4
CPT103606,,dropped_in_docs,DL,0
CPT110414,,dropped_in_docs,INSURANCE,5
CPT119264,,dropped_in_docs,RC,1
CPT111672,,dropped_in_docs,RC,1
CPT121257,,dropped_in_docs,FITNESS,4
CPT103589,,dropped_in_docs,AADHAAR,2
CPT114208,2026-02-18 08:58:36.637247669,approved,,6
CPT100499,,dropped_in_docs,RC,1
CPT109515,2026-02-18 11:29:59.953592821,approved,,6
CPT119577,,dropped_in_docs,DL,0
CPT102382,,dropped_in_docs,AADHAAR,2
CPT113244,2026-02-16 09:17:56.918531370,approved,,5
CPT102475,2026-02-17 08:11:21.298057432,approved,,6
CPT106566,,dropped_in_docs,FITNESS,4
CPT105169,,dropped_in_docs,DL,0
CPT105902,,dropped_in_docs,FITNESS,4
CPT103792,2026-02-17 22:35:42.784304922,approved,,6
CPT101700,,dropped_in_docs,RC,1
CPT107453,,dropped_in_docs,PERMIT,3
CPT123514,,dropped_in_docs,DL,0
CPT102069,,dropped_in_docs,RC,1
CPT104050,2026-02-14 08:15:22.312053932,approved,,6
CPT121210,,dropped_in_docs,PERMIT,3
CPT116700,,dropped_in_docs,FITNESS,4
CPT116932,,dropped_in_docs,RC,1
CPT108930,,dropped_in_docs,RC,1
CPT120466,2026-02-19 16:27:20.745174155,approved,,6
CPT106344,,dropped_in_docs,INSURANCE,5
CPT120804,,dropped_in_docs,PERMIT,3
CPT101451,,dropped_in_docs,RC,1
CPT104743,,dropped_in_docs,PERMIT,3
CPT116453,,dropped_in_docs,INSURANCE,5
CPT105656,,dropped_in_docs,PERMIT,3
CPT100126,,dropped_in_docs,INSURANCE,5
CPT101786,,dropped_in_docs,RC,1
CPT102545,2026-02-14 17:12:27.867368240,approved,,5
CPT118840,,dropped_in_docs,AADHAAR,2
CPT121107,,dropped_in_docs,FITNESS,4
CPT120573,,dropped_in_docs,DL,0
CPT104442,,dropped_in_docs,DL,0
CPT117639,,dropped_in_docs,AADHAAR,2
CPT110971,,dropped_in_docs,INSURANCE,5
CPT108407,,dropped_in_docs,DL,0
CPT120129,2026-02-18 10:47:50.901286096,approved,,6
CPT124320,,dropped_in_docs,DL,0
CPT108672,,dropped_in_docs,PERMIT,3
CPT101129,,dropped_in_docs,RC,1
CPT103000,,dropped_in_docs,AADHAAR,2
CPT105238,,dropped_in_docs,FITNESS,4
CPT113140,,dropped_in_docs,RC,1
CPT120328,,dropped_in_docs,AADHAAR,2
CPT120661,,dropped_in_docs,RC,1
CPT119257,,dropped_in_docs,RC,1
CPT109656,,dropped_in_docs,RC,1
CPT114095,,dropped_in_docs,INSURANCE,5
CPT119478,,dropped_in_docs,RC,1
CPT111259,,dropped_in_docs,INSURANCE,5
CPT106219,,dropped_in_docs,DL,0
CPT107233,,dropped_in_docs,PERMIT,3
CPT121217,,dropped_in_docs,AADHAAR,2
CPT106682,,dropped_in_docs,RC,1
CPT111049,,dropped_in_docs,INSURANCE,5
CPT123178,,dropped_in_docs,INSURANCE,5
CPT110960,,dropped_in_docs,PERMIT,3
CPT116351,,dropped_in_docs,DL,0
CPT123905,,dropped_in_docs,RC,1
CPT100875,,dropped_in_docs,PERMIT,3
CPT109912,,dropped_in_docs,AADHAAR,2
CPT101761,,dropped_in_docs,INSURANCE,5
CPT112940,2026-02-19 07:41:51.995942438,approved,,6
CPT112801,,dropped_in_docs,PERMIT,3
CPT114984,,dropped_in_docs,INSURANCE,5
CPT119788,2026-02-16 20:11:21.161883625,approved,,6
CPT100851,,dropped_in_docs,RC,1
CPT124089,2026-02-17 17:52:50.796499263,approved,,6
CPT105611,,dropped_in_docs,RC,1
CPT118402,,dropped_in_docs,AADHAAR,2
CPT100869,,dropped_in_docs,RC,1
CPT115610,,dropped_in_docs,RC,1
CPT103950,,dropped_in_docs,DL,0
CPT110046,,dropped_in_docs,INSURANCE,5
CPT100158,,dropped_in_docs,DL,0
CPT110410,2026-02-16 22:39:43.717238867,approved,,5
CPT121356,,dropped_in_docs,PERMIT,3
CPT122527,2026-02-19 00:39:49.788226862,approved,,5
CPT111148,2026-02-17 11:35:32.917876247,approved,,6
CPT118132,2026-02-20 16:15:43.505694850,rejected,duplicate_captain,6
CPT122980,,dropped_in_docs,INSURANCE,5
CPT100508,2026-02-20 08:17:04.337768230,approved,,6
CPT102918,,dropped_in_docs,RC,1
CPT108592,2026-02-16 21:28:20.439321535,approved,,6
CPT113546,,dropped_in_docs,RC,1
CPT116275,,dropped_in_docs,RC,1
CPT115285,,dropped_in_docs,RC,1
CPT102960,,dropped_in_docs,FITNESS,4
CPT120203,2026-02-18 10:22:26.150317231,approved,,5
CPT107361,,dropped_in_docs,DL,0
CPT114355,2026-02-15 06:46:40.517162203,approved,,6
CPT107813,,dropped_in_docs,RC,1
CPT110691,,dropped_in_docs,INSURANCE,5
CPT103155,2026-02-18 03:00:30.153472407,approved,,6
CPT119301,,dropped_in_docs,RC,1
CPT118604,2026-02-19 00:22:24.063171909,approved,,5
CPT117123,2026-02-20 04:22:04.546598927,approved,,6
CPT112577,,dropped_in_docs,RC,1
CPT106497,,dropped_in_docs,DL,0
CPT116347,,dropped_in_docs,RC,1
CPT123929,,dropped_in_docs,FITNESS,4
CPT105488,2026-02-15 18:49:38.777124689,approved,,6
CPT111662,,dropped_in_docs,INSURANCE,5
CPT104175,,dropped_in_docs,AADHAAR,2
CPT123288,2026-02-16 08:01:09.968119185,approved,,5
CPT108559,2026-02-19 16:37:48.561588090,approved,,6
CPT116923,,dropped_in_docs,INSURANCE,5
CPT122937,,dropped_in_docs,DL,0
CPT117452,,dropped_in_docs,PERMIT,3
CPT103414,,dropped_in_docs,FITNESS,4
CPT101724,2026-02-20 20:44:13.234176501,approved,,6
CPT109810,2026-02-15 03:19:02.912314049,approved,,6
CPT116082,2026-02-16 20:58:12.398821584,approved,,6
CPT104184,,dropped_in_docs,RC,1
CPT123764,,dropped_in_docs,RC,1
CPT122339,2026-02-16 14:31:27.745167496,approved,,6
CPT112062,,dropped_in_docs,PERMIT,3
CPT102405,2026-02-19 10:16:02.691273500,approved,,6
CPT110801,,dropped_in_docs,FITNESS,4
CPT100526,,dropped_in_docs,INSURANCE,5
CPT122616,,dropped_in_docs,FITNESS,4
CPT110376,,dropped_in_docs,DL,0
CPT108417,,dropped_in_docs,FITNESS,4
CPT110861,2026-02-22 17:59:46.742345825,approved,,6
CPT114780,2026-02-19 02:31:46.581325677,approved,,6
CPT113920,,dropped_in_docs,RC,1
CPT101543,2026-02-19 01:49:13.584390056,approved,,6
CPT123265,,dropped_in_docs,INSURANCE,5
CPT100999,,dropped_in_docs,INSURANCE,5
CPT110668,2026-02-19 01:20:02.790873634,approved,,5
CPT121008,,dropped_in_docs,RC,1
CPT105057,,dropped_in_docs,PERMIT,3
CPT118182,,dropped_in_docs,AADHAAR,2
CPT110628,,dropped_in_docs,PERMIT,3
CPT101739,,dropped_in_docs,FITNESS,4
CPT101666,,dropped_in_docs,RC,1
CPT120532,,dropped_in_docs,INSURANCE,5
CPT112235,,dropped_in_docs,RC,1
CPT114144,2026-02-19 05:46:25.017697249,approved,,6
CPT124060,,dropped_in_docs,DL,0
CPT106321,,dropped_in_docs,RC,1
CPT102856,,dropped_in_docs,PERMIT,3
CPT109366,,dropped_in_docs,FITNESS,4
CPT117078,,dropped_in_docs,RC,1
CPT104032,,dropped_in_docs,INSURANCE,5
CPT105753,,dropped_in_docs,INSURANCE,5
CPT116147,,dropped_in_docs,RC,1
CPT106611,,dropped_in_docs,RC,1
CPT108356,2026-02-18 10:52:54.577536801,rejected,doc_authenticity_flag,5
CPT111910,,dropped_in_docs,RC,1
CPT103273,,dropped_in_docs,FITNESS,4
CPT110636,,dropped_in_docs,AADHAAR,2
CPT118373,,dropped_in_docs,INSURANCE,5
CPT111401,,dropped_in_docs,DL,0
CPT105782,2026-02-18 07:54:02.927895451,approved,,6
CPT103752,,dropped_in_docs,INSURANCE,5
CPT122767,,dropped_in_docs,DL,0
CPT118763,,dropped_in_docs,RC,1
CPT113429,,dropped_in_docs,DL,0
CPT111757,,dropped_in_docs,DL,0
CPT102010,2026-02-19 13:07:09.595633482,approved,,6
CPT122672,,dropped_in_docs,FITNESS,4
CPT113904,2026-02-18 08:14:15.529344966,approved,,6
CPT100853,2026-02-20 16:11:11.942337778,approved,,6
CPT106125,,dropped_in_docs,INSURANCE,5
CPT107311,2026-02-19 12:55:31.723067449,approved,,6
CPT108571,,dropped_in_docs,RC,1
CPT111549,,dropped_in_docs,PERMIT,3
CPT110152,,dropped_in_docs,INSURANCE,5
CPT103796,,dropped_in_docs,FITNESS,4
CPT102563,,dropped_in_docs,AADHAAR,2
CPT116148,2026-02-16 23:02:23.895711821,approved,,6
CPT100651,,dropped_in_docs,PERMIT,3
CPT113767,,dropped_in_docs,FITNESS,4
CPT106754,,dropped_in_docs,RC,1
CPT109402,,dropped_in_docs,RC,1
CPT106833,,dropped_in_docs,PERMIT,3
CPT101704,,dropped_in_docs,RC,1
CPT119664,,dropped_in_docs,FITNESS,4
CPT101004,,dropped_in_docs,AADHAAR,2
CPT121018,,dropped_in_docs,INSURANCE,5
CPT110968,,dropped_in_docs,AADHAAR,2
CPT119889,2026-02-16 06:24:43.157553425,approved,,5
CPT114753,,dropped_in_docs,PERMIT,3
CPT107979,2026-02-16 17:55:26.612251379,approved,,5
CPT101305,,dropped_in_docs,INSURANCE,5
CPT114469,,dropped_in_docs,FITNESS,4
CPT114978,,dropped_in_docs,RC,1
CPT113965,,dropped_in_docs,DL,0
CPT100035,,dropped_in_docs,DL,0
CPT113754,,dropped_in_docs,FITNESS,4
CPT112485,,dropped_in_docs,FITNESS,4
CPT122695,,dropped_in_docs,PERMIT,3
CPT107044,,dropped_in_docs,INSURANCE,5
CPT112093,,dropped_in_docs,DL,0
CPT122589,,dropped_in_docs,RC,1
CPT105520,,dropped_in_docs,FITNESS,4
CPT114896,,dropped_in_docs,RC,1
CPT119831,,dropped_in_docs,RC,1
CPT124330,,dropped_in_docs,INSURANCE,5
CPT102761,2026-02-18 16:50:08.985470638,approved,,6
CPT117224,,dropped_in_docs,RC,1
CPT113954,,dropped_in_docs,DL,0
CPT123800,,dropped_in_docs,AADHAAR,2
CPT112342,,dropped_in_docs,RC,1
CPT120315,,dropped_in_docs,RC,1
CPT117760,,dropped_in_docs,DL,0
CPT110409,2026-02-18 20:27:07.122235818,approved,,5
CPT104319,,dropped_in_docs,RC,1
CPT111065,,dropped_in_docs,FITNESS,4
CPT108411,,dropped_in_docs,INSURANCE,5
CPT116922,,dropped_in_docs,RC,1
CPT110667,,dropped_in_docs,FITNESS,4
CPT101019,2026-02-16 19:34:44.583704966,approved,,6
CPT102037,,dropped_in_docs,PERMIT,3
CPT104654,,dropped_in_docs,FITNESS,4
CPT122699,,dropped_in_docs,DL,0
CPT121114,,dropped_in_docs,INSURANCE,5
CPT109309,,dropped_in_docs,RC,1
CPT105908,,dropped_in_docs,RC,1
CPT120863,,dropped_in_docs,PERMIT,3
CPT118900,,dropped_in_docs,DL,0
CPT106988,2026-02-18 01:53:04.695568909,approved,,6
CPT123732,,dropped_in_docs,AADHAAR,2
CPT109295,,dropped_in_docs,DL,0
CPT101199,,dropped_in_docs,PERMIT,3
CPT121231,,dropped_in_docs,RC,1
CPT117208,,dropped_in_docs,INSURANCE,5
CPT105196,,dropped_in_docs,PERMIT,3
CPT104736,,dropped_in_docs,DL,0
CPT102058,,dropped_in_docs,RC,1
CPT104223,,dropped_in_docs,RC,1
CPT110796,,dropped_in_docs,RC,1
CPT110234,,dropped_in_docs,PERMIT,3
CPT106361,,dropped_in_docs,FITNESS,4
CPT112438,,dropped_in_docs,FITNESS,4
CPT121164,,dropped_in_docs,DL,0
CPT115059,,dropped_in_docs,INSURANCE,5
CPT115029,,dropped_in_docs,AADHAAR,2
CPT122165,,dropped_in_docs,AADHAAR,2
CPT119408,,dropped_in_docs,INSURANCE,5
CPT104259,2026-02-19 14:32:29.586385029,approved,,5
CPT116829,,dropped_in_docs,INSURANCE,5
CPT112465,,dropped_in_docs,RC,1
CPT122707,,dropped_in_docs,RC,1
CPT103341,2026-02-21 08:52:23.369769276,approved,,6
CPT105755,,dropped_in_docs,AADHAAR,2
CPT123970,,dropped_in_docs,AADHAAR,2
CPT106337,,dropped_in_docs,INSURANCE,5
CPT108358,,dropped_in_docs,PERMIT,3
CPT112935,,dropped_in_docs,PERMIT,3
CPT108649,2026-02-18 05:58:47.854150082,approved,,6
CPT107603,2026-02-19 04:33:54.902504813,approved,,6
CPT124539,,dropped_in_docs,AADHAAR,2
CPT120865,2026-02-17 22:23:34.393353751,rejected,doc_authenticity_flag,6
CPT117467,2026-02-19 01:20:29.130492201,approved,,6
CPT115761,2026-02-17 17:39:40.462434729,approved,,6
CPT100951,,dropped_in_docs,INSURANCE,5
CPT116190,,dropped_in_docs,RC,1
CPT112557,,dropped_in_docs,FITNESS,4
CPT122229,,dropped_in_docs,INSURANCE,5
CPT108759,,dropped_in_docs,AADHAAR,2
CPT114839,,dropped_in_docs,RC,1
CPT123572,,dropped_in_docs,FITNESS,4
CPT105568,,dropped_in_docs,AADHAAR,2
CPT119764,,dropped_in_docs,FITNESS,4
CPT124732,,dropped_in_docs,RC,1
CPT119820,,dropped_in_docs,RC,1
CPT107386,,dropped_in_docs,PERMIT,3
CPT112961,,dropped_in_docs,DL,0
CPT119791,,dropped_in_docs,DL,0
CPT107189,,dropped_in_docs,FITNESS,4
CPT106822,,dropped_in_docs,RC,1
CPT112475,,dropped_in_docs,RC,1
CPT104880,2026-02-22 05:47:45.652791679,approved,,5
CPT114319,,dropped_in_docs,RC,1
CPT118276,,dropped_in_docs,PERMIT,3
CPT115730,2026-02-18 01:17:29.839024885,approved,,5
CPT120502,,dropped_in_docs,FITNESS,4
CPT123550,,dropped_in_docs,PERMIT,3
CPT116505,,dropped_in_docs,FITNESS,4
CPT104649,,dropped_in_docs,DL,0
CPT107387,2026-02-16 23:30:33.196351619,approved,,6
CPT110900,2026-02-18 06:20:37.244553494,approved,,6
CPT112585,2026-02-19 07:11:26.145684509,approved,,6
CPT116564,,dropped_in_docs,INSURANCE,5
CPT112509,2026-02-18 17:56:07.096533567,approved,,6
CPT121309,,dropped_in_docs,FITNESS,4
CPT117733,,dropped_in_docs,RC,1
CPT103846,,dropped_in_docs,DL,0
CPT106647,,dropped_in_docs,AADHAAR,2
CPT118856,,dropped_in_docs,INSURANCE,5
CPT114123,2026-02-18 11:03:52.020487505,approved,,6
CPT108034,2026-02-17 23:01:46.618684629,rejected,vehicle_age_policy,6
CPT123801,,dropped_in_docs,RC,1
CPT109231,,dropped_in_docs,PERMIT,3
CPT106577,,dropped_in_docs,INSURANCE,5
CPT120459,,dropped_in_docs,DL,0
CPT104176,,dropped_in_docs,RC,1
CPT123266,2026-02-16 18:30:11.677725359,approved,,6
CPT114947,2026-02-19 11:29:10.256616418,approved,,6
CPT116867,2026-02-19 12:59:58.659187682,approved,,6
CPT107015,,dropped_in_docs,AADHAAR,2
CPT114726,2026-02-19 11:47:27.850968673,approved,,5
CPT120814,2026-02-21 08:54:04.839047845,approved,,5
CPT107669,2026-02-18 16:07:16.338728171,approved,,5
CPT123225,,dropped_in_docs,PERMIT,3
CPT114360,,dropped_in_docs,FITNESS,4
CPT123903,,dropped_in_docs,RC,1
CPT117135,,dropped_in_docs,DL,0
CPT122539,2026-02-21 01:07:12.594428206,approved,,6
CPT119446,,dropped_in_docs,INSURANCE,5
CPT117698,,dropped_in_docs,DL,0
CPT117176,,dropped_in_docs,DL,0
CPT104252,,dropped_in_docs,FITNESS,4
CPT102080,,dropped_in_docs,PERMIT,3
CPT112129,,dropped_in_docs,DL,0
CPT115702,,dropped_in_docs,RC,1
CPT121759,,dropped_in_docs,FITNESS,4
CPT108685,2026-02-16 22:11:37.722602603,approved,,6
CPT114693,,dropped_in_docs,INSURANCE,5
CPT117755,,dropped_in_docs,RC,1
CPT106280,2026-02-19 00:51:54.834934033,approved,,6
CPT106208,,dropped_in_docs,RC,1
CPT114004,,dropped_in_docs,DL,0
CPT115536,,dropped_in_docs,DL,0
CPT123426,,dropped_in_docs,INSURANCE,5
CPT106250,2026-02-17 20:59:12.897853118,approved,,6
CPT124338,,dropped_in_docs,RC,1
CPT110679,,dropped_in_docs,DL,0
CPT124600,2026-02-17 12:02:39.199790934,approved,,6
CPT116262,,dropped_in_docs,DL,0
CPT103176,,dropped_in_docs,FITNESS,4
CPT103161,,dropped_in_docs,INSURANCE,5
CPT115166,2026-02-17 23:42:37.702386363,approved,,6
CPT102036,,dropped_in_docs,RC,1
CPT122144,,dropped_in_docs,DL,0
CPT122721,,dropped_in_docs,INSURANCE,5
CPT105999,,dropped_in_docs,RC,1
CPT110899,,dropped_in_docs,RC,1
CPT100419,2026-02-19 19:55:26.085996355,approved,,6
CPT124426,,dropped_in_docs,RC,1
CPT107874,,dropped_in_docs,INSURANCE,5
CPT106189,,dropped_in_docs,RC,1
CPT106326,,dropped_in_docs,INSURANCE,5
CPT117917,2026-02-18 07:46:16.134532092,approved,,5
CPT113606,2026-02-20 00:14:34.877857409,approved,,6
CPT105423,,dropped_in_docs,AADHAAR,2
CPT100376,,dropped_in_docs,INSURANCE,5
CPT107890,2026-02-20 15:55:18.852306301,rejected,duplicate_captain,6
CPT108162,,dropped_in_docs,RC,1
CPT119177,,dropped_in_docs,RC,1
CPT124925,,dropped_in_docs,INSURANCE,5
CPT114226,,dropped_in_docs,AADHAAR,2
CPT109307,2026-02-18 12:50:40.235202273,approved,,6
CPT122634,,dropped_in_docs,INSURANCE,5
CPT107312,,dropped_in_docs,RC,1
CPT119292,,dropped_in_docs,INSURANCE,5
CPT116202,,dropped_in_docs,PERMIT,3
CPT113693,,dropped_in_docs,RC,1
CPT109236,,dropped_in_docs,PERMIT,3
CPT115381,,dropped_in_docs,INSURANCE,5
CPT120803,,dropped_in_docs,PERMIT,3
CPT122786,,dropped_in_docs,RC,1
CPT124699,,dropped_in_docs,INSURANCE,5
CPT100620,,dropped_in_docs,INSURANCE,5
CPT102547,2026-02-17 11:06:20.738779764,approved,,5
CPT113111,,dropped_in_docs,PERMIT,3
CPT113790,,dropped_in_docs,RC,1
CPT117154,,dropped_in_docs,RC,1
CPT107186,,dropped_in_docs,DL,0
CPT123669,,dropped_in_docs,RC,1
CPT118612,,dropped_in_docs,PERMIT,3
CPT111659,,dropped_in_docs,RC,1
CPT118721,,dropped_in_docs,RC,1
CPT120034,2026-02-18 07:06:24.568895200,approved,,5
CPT105483,,dropped_in_docs,DL,0
CPT114858,,dropped_in_docs,RC,1
CPT105128,,dropped_in_docs,DL,0
CPT113922,,dropped_in_docs,DL,0
CPT106156,,dropped_in_docs,INSURANCE,5
CPT107831,,dropped_in_docs,DL,0
CPT109516,,dropped_in_docs,DL,0
CPT103805,2026-02-18 08:32:27.076506787,approved,,6
CPT120569,,dropped_in_docs,AADHAAR,2
CPT106131,,dropped_in_docs,RC,1
CPT109688,,dropped_in_docs,PERMIT,3
CPT113800,2026-02-22 17:01:59.900677111,approved,,6
CPT109205,,dropped_in_docs,RC,1
CPT118002,2026-02-21 13:02:38.245491912,approved,,6
CPT116334,,dropped_in_docs,RC,1
CPT111158,,dropped_in_docs,PERMIT,3
CPT108244,,dropped_in_docs,FITNESS,4
CPT106126,,dropped_in_docs,DL,0
CPT124061,,dropped_in_docs,RC,1
CPT118047,,dropped_in_docs,RC,1
CPT121758,,dropped_in_docs,FITNESS,4
CPT105304,2026-02-22 04:12:31.772278782,approved,,6
CPT118258,,dropped_in_docs,PERMIT,3
CPT105994,,dropped_in_docs,FITNESS,4
CPT114870,,dropped_in_docs,FITNESS,4
CPT112972,2026-02-21 12:06:28.491556436,approved,,6
CPT104059,2026-02-18 14:01:43.325341934,rejected,doc_authenticity_flag,6
CPT122561,,dropped_in_docs,FITNESS,4
CPT107344,,dropped_in_docs,DL,0
CPT116530,,dropped_in_docs,RC,1
CPT100237,,dropped_in_docs,RC,1
CPT113967,,dropped_in_docs,PERMIT,3
CPT120589,,dropped_in_docs,RC,1
CPT118894,,dropped_in_docs,RC,1
CPT102518,2026-02-21 07:53:16.107329716,approved,,6
CPT106905,,dropped_in_docs,RC,1
CPT114337,,dropped_in_docs,INSURANCE,5
CPT121347,,dropped_in_docs,INSURANCE,5
CPT119867,,dropped_in_docs,DL,0
CPT123916,,dropped_in_docs,PERMIT,3
CPT103227,,dropped_in_docs,PERMIT,3
CPT108638,,dropped_in_docs,FITNESS,4
CPT100757,,dropped_in_docs,DL,0
CPT104084,,dropped_in_docs,RC,1
CPT112842,,dropped_in_docs,AADHAAR,2
CPT100069,2026-02-20 20:27:53.420078840,approved,,6
CPT119086,,dropped_in_docs,AADHAAR,2
CPT102123,,dropped_in_docs,INSURANCE,5
CPT116639,2026-02-20 10:22:34.065844722,approved,,6
CPT113591,2026-02-19 15:20:03.019946090,rejected,vehicle_age_policy,6
CPT122149,,dropped_in_docs,RC,1
CPT100665,2026-02-19 17:22:38.657932350,approved,,5
CPT100579,2026-02-19 16:43:30.309991881,approved,,6
CPT112711,,dropped_in_docs,DL,0
CPT121566,,dropped_in_docs,AADHAAR,2
CPT123879,,dropped_in_docs,DL,0
CPT113857,,dropped_in_docs,DL,0
CPT119389,,dropped_in_docs,AADHAAR,2
CPT121075,,dropped_in_docs,RC,1
CPT105392,,dropped_in_docs,INSURANCE,5
CPT102742,,dropped_in_docs,PERMIT,3
CPT118745,,dropped_in_docs,INSURANCE,5
CPT122879,,dropped_in_docs,PERMIT,3
CPT111591,,dropped_in_docs,INSURANCE,5
CPT105587,,dropped_in_docs,PERMIT,3
CPT116733,,dropped_in_docs,AADHAAR,2
CPT102706,,dropped_in_docs,PERMIT,3
CPT121211,,dropped_in_docs,RC,1
CPT119825,,dropped_in_docs,FITNESS,4
CPT100020,,dropped_in_docs,FITNESS,4
CPT115971,,dropped_in_docs,AADHAAR,2
CPT108177,,dropped_in_docs,PERMIT,3
CPT101830,,dropped_in_docs,RC,1
CPT102982,2026-02-21 00:49:13.311754810,approved,,5
CPT103519,,dropped_in_docs,AADHAAR,2
CPT123497,,dropped_in_docs,PERMIT,3
CPT116072,,dropped_in_docs,AADHAAR,2
CPT103512,,dropped_in_docs,RC,1
CPT104494,,dropped_in_docs,AADHAAR,2
CPT114490,2026-02-19 14:15:10.492684908,approved,,6
CPT100252,,dropped_in_docs,RC,1
CPT120657,2026-02-17 16:49:32.133443918,approved,,6
CPT108824,,dropped_in_docs,FITNESS,4
CPT115603,,dropped_in_docs,INSURANCE,5
CPT103476,,dropped_in_docs,PERMIT,3
CPT124464,2026-02-20 21:47:36.589390168,approved,,6
CPT124092,,dropped_in_docs,FITNESS,4
CPT100160,2026-02-18 18:24:02.592411539,approved,,6
CPT109812,,dropped_in_docs,PERMIT,3
CPT101603,,dropped_in_docs,FITNESS,4
CPT118616,,dropped_in_docs,AADHAAR,2
CPT120346,2026-02-20 00:45:50.757746377,approved,,6
CPT111216,,dropped_in_docs,DL,0
CPT106540,,dropped_in_docs,INSURANCE,5
CPT111508,,dropped_in_docs,FITNESS,4
CPT124004,,dropped_in_docs,PERMIT,3
CPT101041,,dropped_in_docs,DL,0
CPT117293,,dropped_in_docs,PERMIT,3
CPT118414,,dropped_in_docs,FITNESS,4
CPT103973,,dropped_in_docs,INSURANCE,5
CPT117501,,dropped_in_docs,DL,0
CPT107019,,dropped_in_docs,FITNESS,4
CPT106010,2026-02-20 14:54:40.713219391,approved,,6
CPT108568,,dropped_in_docs,RC,1
CPT119495,,dropped_in_docs,FITNESS,4
CPT111827,,dropped_in_docs,RC,1
CPT117560,,dropped_in_docs,RC,1
CPT113465,2026-02-18 21:27:47.869697380,approved,,6
CPT110651,,dropped_in_docs,RC,1
CPT100885,,dropped_in_docs,INSURANCE,5
CPT122475,,dropped_in_docs,DL,0
CPT101996,,dropped_in_docs,FITNESS,4
CPT107574,,dropped_in_docs,INSURANCE,5
CPT105589,2026-02-22 04:12:34.754513585,approved,,6
CPT124451,,dropped_in_docs,INSURANCE,5
CPT110808,,dropped_in_docs,RC,1
CPT119508,,dropped_in_docs,DL,0
CPT104892,,dropped_in_docs,INSURANCE,5
CPT106815,,dropped_in_docs,FITNESS,4
CPT108133,2026-02-19 17:46:38.436621381,approved,,5
CPT106920,,dropped_in_docs,FITNESS,4
CPT109941,2026-02-20 02:16:25.043080535,approved,,6
CPT107094,,dropped_in_docs,PERMIT,3
CPT106476,,dropped_in_docs,AADHAAR,2
CPT107940,,dropped_in_docs,FITNESS,4
CPT111908,,dropped_in_docs,DL,0
CPT119898,,dropped_in_docs,RC,1
CPT118429,,dropped_in_docs,DL,0
CPT113145,,dropped_in_docs,PERMIT,3
CPT102867,,dropped_in_docs,PERMIT,3
CPT112967,,dropped_in_docs,RC,1
CPT104710,,dropped_in_docs,RC,1
CPT113315,,dropped_in_docs,INSURANCE,5
CPT103172,2026-02-23 08:44:04.673261629,approved,,6
CPT113504,,dropped_in_docs,DL,0
CPT102619,,dropped_in_docs,AADHAAR,2
CPT109754,2026-02-26 02:54:02.767940703,approved,,6
CPT120164,,dropped_in_docs,INSURANCE,5
CPT123645,,dropped_in_docs,DL,0
CPT103316,,dropped_in_docs,RC,1
CPT107695,2026-02-19 02:41:28.447796839,approved,,6
CPT122471,,dropped_in_docs,DL,0
CPT120487,2026-02-22 06:49:58.099192606,approved,,5
CPT115435,,dropped_in_docs,RC,1
CPT102888,,dropped_in_docs,RC,1
CPT117652,,dropped_in_docs,FITNESS,4
CPT116167,2026-02-20 15:39:47.214158161,approved,,6
CPT106919,,dropped_in_docs,RC,1
CPT121179,,dropped_in_docs,PERMIT,3
CPT107599,,dropped_in_docs,DL,0
CPT115487,,dropped_in_docs,RC,1
CPT113082,,dropped_in_docs,RC,1
CPT113520,2026-02-18 23:17:00.261774817,approved,,5
CPT111454,,dropped_in_docs,PERMIT,3
CPT115520,2026-02-21 17:37:27.844238859,approved,,6
CPT103832,,dropped_in_docs,RC,1
CPT119163,2026-02-19 12:20:00.152440261,approved,,6
CPT118739,,dropped_in_docs,RC,1
CPT117908,,dropped_in_docs,FITNESS,4
CPT103559,,dropped_in_docs,INSURANCE,5
CPT123355,,dropped_in_docs,INSURANCE,5
CPT110944,,dropped_in_docs,DL,0
CPT113264,,dropped_in_docs,INSURANCE,5
CPT111920,,dropped_in_docs,RC,1
CPT113654,,dropped_in_docs,DL,0
CPT102450,,dropped_in_docs,RC,1
CPT117670,2026-02-23 16:20:02.572620935,approved,,6
CPT101426,,dropped_in_docs,INSURANCE,5
CPT100660,,dropped_in_docs,AADHAAR,2
CPT102643,,dropped_in_docs,FITNESS,4
CPT100335,,dropped_in_docs,FITNESS,4
CPT110521,,dropped_in_docs,RC,1
CPT122353,,dropped_in_docs,DL,0
CPT104838,2026-02-25 11:00:48.188211085,approved,,6
CPT120842,,dropped_in_docs,INSURANCE,5
CPT120908,,dropped_in_docs,RC,1
CPT101346,,dropped_in_docs,FITNESS,4
CPT106512,,dropped_in_docs,RC,1
CPT118322,2026-02-22 20:23:51.163393422,approved,,6
CPT115722,,dropped_in_docs,PERMIT,3
CPT119692,,dropped_in_docs,FITNESS,4
CPT109580,,dropped_in_docs,PERMIT,3
CPT121469,,dropped_in_docs,AADHAAR,2
CPT115049,,dropped_in_docs,DL,0
CPT124865,,dropped_in_docs,FITNESS,4
CPT109697,2026-02-22 19:56:07.420122897,approved,,6
CPT116293,,dropped_in_docs,RC,1
CPT113288,,dropped_in_docs,PERMIT,3
CPT113876,,dropped_in_docs,PERMIT,3
CPT116041,,dropped_in_docs,RC,1
CPT109674,,dropped_in_docs,RC,1
CPT112380,,dropped_in_docs,AADHAAR,2
CPT108976,,dropped_in_docs,RC,1
CPT115679,,dropped_in_docs,RC,1
CPT119081,,dropped_in_docs,PERMIT,3
CPT104021,,dropped_in_docs,AADHAAR,2
CPT108493,,dropped_in_docs,PERMIT,3
CPT113934,,dropped_in_docs,FITNESS,4
CPT106421,,dropped_in_docs,INSURANCE,5
CPT101790,2026-02-21 05:22:17.275181467,approved,,6
CPT108809,2026-02-22 17:32:56.261351515,rejected,background_check_failed,6
CPT109243,,dropped_in_docs,DL,0
CPT117352,,dropped_in_docs,RC,1
CPT122029,,dropped_in_docs,FITNESS,4
CPT106935,,dropped_in_docs,PERMIT,3
CPT123531,2026-02-20 01:14:15.535584661,approved,,5
CPT118308,2026-02-18 23:36:22.744112554,approved,,6
CPT105946,,dropped_in_docs,AADHAAR,2
CPT123755,,dropped_in_docs,RC,1
CPT102565,2026-02-20 04:46:35.094165563,approved,,6
CPT113091,2026-02-25 14:07:11.293178408,approved,,6
CPT118650,,dropped_in_docs,RC,1
CPT124647,2026-02-21 05:55:22.219021256,approved,,6
CPT102425,2026-02-20 12:30:58.529529983,approved,,6
CPT104186,2026-02-24 00:01:51.379060946,approved,,5
CPT124517,2026-02-23 06:38:53.645479676,approved,,6
CPT116545,,dropped_in_docs,PERMIT,3
CPT106192,2026-02-21 04:17:49.860429251,approved,,6
CPT105239,,dropped_in_docs,RC,1
CPT106912,2026-02-20 21:50:49.261768930,approved,,6
CPT121850,,dropped_in_docs,FITNESS,4
CPT121671,2026-02-20 04:11:07.060281369,rejected,vehicle_age_policy,5
CPT124277,,dropped_in_docs,PERMIT,3
CPT124547,,dropped_in_docs,INSURANCE,5
CPT115009,,dropped_in_docs,FITNESS,4
CPT104797,,dropped_in_docs,PERMIT,3
CPT122460,,dropped_in_docs,DL,0
CPT122646,,dropped_in_docs,INSURANCE,5
CPT121911,,dropped_in_docs,DL,0
CPT106559,,dropped_in_docs,RC,1
CPT108585,,dropped_in_docs,FITNESS,4
CPT114262,,dropped_in_docs,FITNESS,4
CPT111368,,dropped_in_docs,FITNESS,4
CPT102361,,dropped_in_docs,DL,0
CPT104450,,dropped_in_docs,AADHAAR,2
CPT121517,2026-02-24 07:00:25.752679278,approved,,6
CPT124117,,dropped_in_docs,FITNESS,4
CPT117472,,dropped_in_docs,PERMIT,3
CPT124271,,dropped_in_docs,PERMIT,3
CPT104777,2026-02-23 19:32:25.236938767,approved,,6
CPT111907,2026-02-19 08:18:09.618078823,approved,,5
CPT108779,,dropped_in_docs,RC,1
CPT122342,,dropped_in_docs,FITNESS,4
CPT117886,,dropped_in_docs,FITNESS,4
CPT123700,,dropped_in_docs,DL,0
CPT106770,2026-02-21 03:02:06.535576902,approved,,5
CPT114859,,dropped_in_docs,RC,1
CPT115414,2026-02-21 06:03:15.193820387,approved,,6
CPT109869,2026-02-22 03:39:48.567389482,approved,,5
CPT109464,,dropped_in_docs,RC,1
CPT120076,,dropped_in_docs,INSURANCE,5
CPT121899,,dropped_in_docs,INSURANCE,5
CPT113939,2026-02-23 13:38:59.197405705,approved,,6
CPT107106,,dropped_in_docs,DL,0
CPT110556,,dropped_in_docs,FITNESS,4
CPT105208,,dropped_in_docs,DL,0
CPT102307,,dropped_in_docs,FITNESS,4
CPT102641,,dropped_in_docs,INSURANCE,5
CPT119215,,dropped_in_docs,RC,1
CPT122935,,dropped_in_docs,PERMIT,3
CPT119350,,dropped_in_docs,AADHAAR,2
CPT124686,,dropped_in_docs,FITNESS,4
CPT102492,2026-02-21 12:34:54.978391709,approved,,5
CPT116601,,dropped_in_docs,DL,0
CPT100441,,dropped_in_docs,PERMIT,3
CPT109693,,dropped_in_docs,DL,0
CPT114572,,dropped_in_docs,DL,0
CPT106718,,dropped_in_docs,INSURANCE,5
CPT101381,2026-02-27 02:19:12.487602003,approved,,5
CPT123189,,dropped_in_docs,RC,1
CPT107553,,dropped_in_docs,DL,0
CPT110245,2026-02-21 13:05:52.936784143,approved,,6
CPT101598,,dropped_in_docs,RC,1
CPT111810,2026-02-24 23:38:40.285802117,approved,,6
CPT113005,2026-02-21 06:19:49.445602271,approved,,5
CPT104213,,dropped_in_docs,AADHAAR,2
CPT103130,2026-02-24 17:31:57.150367427,approved,,6
CPT117113,,dropped_in_docs,PERMIT,3
CPT104082,,dropped_in_docs,RC,1
CPT119134,,dropped_in_docs,PERMIT,3
CPT109599,,dropped_in_docs,PERMIT,3
CPT103175,,dropped_in_docs,AADHAAR,2
CPT118679,,dropped_in_docs,AADHAAR,2
CPT106073,,dropped_in_docs,RC,1
CPT105695,,dropped_in_docs,RC,1
CPT122335,,dropped_in_docs,INSURANCE,5
CPT103093,2026-02-21 09:50:38.499034997,approved,,6
CPT102241,2026-02-21 01:19:57.913562908,approved,,5
CPT102310,,dropped_in_docs,FITNESS,4
CPT110757,,dropped_in_docs,RC,1
CPT115486,,dropped_in_docs,INSURANCE,5
CPT118336,,dropped_in_docs,AADHAAR,2
CPT111237,2026-02-21 00:54:41.442970496,approved,,5
CPT101555,,dropped_in_docs,DL,0
CPT117826,,dropped_in_docs,RC,1
CPT105378,,dropped_in_docs,PERMIT,3
CPT111894,,dropped_in_docs,DL,0
CPT109559,,dropped_in_docs,PERMIT,3
CPT113357,,dropped_in_docs,INSURANCE,5
CPT120590,,dropped_in_docs,DL,0
CPT114586,,dropped_in_docs,RC,1
CPT116933,,dropped_in_docs,RC,1
CPT111638,2026-02-25 04:05:42.326644356,approved,,6
CPT119209,2026-02-24 00:53:12.454674430,approved,,6
CPT123141,2026-02-23 01:02:13.861411388,approved,,6
CPT108835,,dropped_in_docs,DL,0
CPT102860,,dropped_in_docs,FITNESS,4
CPT123230,2026-02-24 14:45:54.904559788,approved,,6
CPT101694,2026-02-22 11:58:46.663272222,approved,,6
CPT105572,,dropped_in_docs,FITNESS,4
CPT121801,,dropped_in_docs,RC,1
CPT111917,,dropped_in_docs,RC,1
CPT111122,,dropped_in_docs,RC,1
CPT106005,,dropped_in_docs,INSURANCE,5
CPT112113,,dropped_in_docs,DL,0
CPT124690,,dropped_in_docs,INSURANCE,5
CPT112399,,dropped_in_docs,DL,0
CPT111497,,dropped_in_docs,DL,0
CPT122536,2026-02-24 08:00:27.603514288,approved,,6
CPT111155,,dropped_in_docs,RC,1
CPT111981,,dropped_in_docs,RC,1
CPT107419,,dropped_in_docs,PERMIT,3
CPT124156,,dropped_in_docs,AADHAAR,2
CPT123165,2026-02-23 09:36:53.659422468,approved,,6
CPT114836,2026-02-21 16:59:48.338573769,approved,,6
CPT112223,,dropped_in_docs,PERMIT,3
CPT113434,,dropped_in_docs,RC,1
CPT111905,,dropped_in_docs,RC,1
CPT114255,,dropped_in_docs,INSURANCE,5
CPT118489,,dropped_in_docs,RC,1
CPT112407,,dropped_in_docs,RC,1
CPT123194,,dropped_in_docs,FITNESS,4
CPT117841,,dropped_in_docs,INSURANCE,5
CPT110453,,dropped_in_docs,AADHAAR,2
CPT100125,,dropped_in_docs,FITNESS,4
CPT109909,,dropped_in_docs,RC,1
CPT107056,2026-02-22 00:15:13.444062830,approved,,6
CPT104321,,dropped_in_docs,AADHAAR,2
CPT118994,,dropped_in_docs,DL,0
CPT104888,2026-02-23 19:00:13.829792899,approved,,6
CPT104534,,dropped_in_docs,RC,1
CPT113927,2026-02-22 22:25:37.332750516,approved,,6
CPT123469,,dropped_in_docs,AADHAAR,2
CPT113497,,dropped_in_docs,FITNESS,4
CPT123650,,dropped_in_docs,DL,0
CPT110360,,dropped_in_docs,FITNESS,4
CPT113990,,dropped_in_docs,DL,0
CPT107231,,dropped_in_docs,DL,0
CPT115933,,dropped_in_docs,DL,0
CPT117786,2026-02-23 02:05:35.503482793,approved,,6
CPT101444,2026-02-20 15:29:35.474413402,approved,,6
CPT104293,,dropped_in_docs,FITNESS,4
CPT109900,2026-02-24 14:53:28.301984568,approved,,6
CPT113458,,dropped_in_docs,INSURANCE,5
CPT106086,,dropped_in_docs,INSURANCE,5
CPT101684,,dropped_in_docs,FITNESS,4
CPT119953,,dropped_in_docs,FITNESS,4
CPT119169,,dropped_in_docs,DL,0
CPT109753,,dropped_in_docs,RC,1
CPT123087,,dropped_in_docs,PERMIT,3
CPT116108,,dropped_in_docs,RC,1
CPT122108,,dropped_in_docs,RC,1
CPT104903,,dropped_in_docs,RC,1
CPT108158,,dropped_in_docs,PERMIT,3
CPT121101,,dropped_in_docs,PERMIT,3
CPT117353,,dropped_in_docs,DL,0
CPT103205,,dropped_in_docs,FITNESS,4
CPT117865,,dropped_in_docs,RC,1
CPT103063,,dropped_in_docs,FITNESS,4
CPT119884,,dropped_in_docs,FITNESS,4
CPT112472,,dropped_in_docs,RC,1
CPT109726,,dropped_in_docs,FITNESS,4
CPT101317,,dropped_in_docs,RC,1
CPT116934,,dropped_in_docs,PERMIT,3
CPT106338,,dropped_in_docs,PERMIT,3
CPT123781,,dropped_in_docs,RC,1
CPT104343,,dropped_in_docs,INSURANCE,5
CPT111096,,dropped_in_docs,RC,1
CPT117226,2026-02-23 17:58:43.162398465,approved,,6
CPT111170,2026-02-25 21:04:48.122753202,approved,,6
CPT124772,,dropped_in_docs,INSURANCE,5
CPT109646,,dropped_in_docs,PERMIT,3
CPT116089,,dropped_in_docs,RC,1
CPT118380,2026-02-22 15:38:05.320242529,approved,,6
CPT103171,,dropped_in_docs,INSURANCE,5
CPT115239,,dropped_in_docs,RC,1
CPT116874,,dropped_in_docs,PERMIT,3
CPT111451,,dropped_in_docs,RC,1
CPT122649,,dropped_in_docs,PERMIT,3
CPT123976,,dropped_in_docs,DL,0
CPT120240,,dropped_in_docs,RC,1
CPT115206,,dropped_in_docs,AADHAAR,2
CPT109339,,dropped_in_docs,DL,0
CPT100003,,dropped_in_docs,RC,1
CPT108399,,dropped_in_docs,RC,1
CPT124110,,dropped_in_docs,DL,0
CPT104179,,dropped_in_docs,DL,0
CPT111829,,dropped_in_docs,DL,0
CPT100826,,dropped_in_docs,AADHAAR,2
CPT109722,,dropped_in_docs,INSURANCE,5
CPT124247,,dropped_in_docs,INSURANCE,5
CPT111210,2026-02-21 23:02:49.143152586,approved,,6
CPT102559,,dropped_in_docs,RC,1
CPT102831,,dropped_in_docs,PERMIT,3
CPT109653,,dropped_in_docs,AADHAAR,2
CPT109917,2026-02-23 00:06:06.436544173,approved,,6
CPT102791,,dropped_in_docs,AADHAAR,2
CPT111142,,dropped_in_docs,INSURANCE,5
CPT110603,,dropped_in_docs,INSURANCE,5
CPT120192,,dropped_in_docs,FITNESS,4
CPT103566,2026-02-23 05:34:12.953615149,approved,,5
CPT108132,,dropped_in_docs,RC,1
CPT101593,,dropped_in_docs,FITNESS,4
CPT104984,,dropped_in_docs,AADHAAR,2
CPT119454,2026-02-24 16:38:23.345964229,approved,,6
CPT100350,,dropped_in_docs,FITNESS,4
CPT120499,,dropped_in_docs,FITNESS,4
CPT119864,,dropped_in_docs,PERMIT,3
CPT112216,,dropped_in_docs,RC,1
CPT102226,,dropped_in_docs,INSURANCE,5
CPT119180,2026-02-23 08:10:29.187408157,rejected,doc_authenticity_flag,6
CPT123489,,dropped_in_docs,RC,1
CPT112822,2026-02-22 18:23:37.424173661,approved,,6
CPT119988,,dropped_in_docs,RC,1
CPT117852,2026-02-23 01:09:42.636760465,approved,,5
CPT114768,2026-02-24 04:29:30.378608797,approved,,6
CPT114589,,dropped_in_docs,AADHAAR,2
CPT105293,,dropped_in_docs,INSURANCE,5
CPT122976,,dropped_in_docs,FITNESS,4
CPT111722,2026-02-22 09:06:56.695707960,approved,,6
CPT112043,,dropped_in_docs,FITNESS,4
CPT108556,,dropped_in_docs,RC,1
CPT120934,2026-02-23 08:59:46.021883371,approved,,6
CPT101754,,dropped_in_docs,PERMIT,3
CPT118783,2026-02-25 23:51:06.724221263,approved,,6
CPT104773,,dropped_in_docs,RC,1
CPT123977,,dropped_in_docs,DL,0
CPT116738,,dropped_in_docs,DL,0
CPT110313,,dropped_in_docs,FITNESS,4
CPT118496,,dropped_in_docs,PERMIT,3
CPT105818,,dropped_in_docs,FITNESS,4
CPT110056,,dropped_in_docs,RC,1
CPT101391,2026-02-23 20:08:04.919113520,approved,,6
CPT103088,,dropped_in_docs,INSURANCE,5
CPT104788,,dropped_in_docs,AADHAAR,2
CPT116340,,dropped_in_docs,PERMIT,3
CPT110884,,dropped_in_docs,FITNESS,4
CPT120523,2026-02-22 10:51:56.075413809,approved,,6
CPT109432,2026-02-24 06:02:41.212218753,rejected,background_check_failed,6
CPT109265,,dropped_in_docs,INSURANCE,5
CPT105766,,dropped_in_docs,RC,1
CPT121109,2026-02-22 09:08:34.625395679,approved,,5
CPT113096,2026-02-23 04:51:11.695390901,rejected,vehicle_age_policy,6
CPT119668,2026-02-23 11:32:42.567273924,approved,,6
CPT119902,,dropped_in_docs,PERMIT,3
CPT120877,,dropped_in_docs,RC,1
CPT123142,,dropped_in_docs,DL,0
CPT104625,,dropped_in_docs,AADHAAR,2
CPT121209,,dropped_in_docs,INSURANCE,5
CPT120681,,dropped_in_docs,FITNESS,4
CPT100827,2026-02-21 13:33:52.867031684,approved,,5
CPT111503,,dropped_in_docs,FITNESS,4
CPT105837,2026-02-23 19:24:49.526875691,approved,,6
CPT124756,,dropped_in_docs,DL,0
CPT111132,,dropped_in_docs,PERMIT,3
CPT107220,,dropped_in_docs,PERMIT,3
CPT109685,,dropped_in_docs,RC,1
CPT103356,,dropped_in_docs,FITNESS,4
CPT112522,2026-02-24 20:54:00.065415642,approved,,6
CPT123556,2026-02-28 07:37:26.863334942,approved,,6
CPT120626,,dropped_in_docs,PERMIT,3
CPT106428,,dropped_in_docs,FITNESS,4
CPT105376,,dropped_in_docs,INSURANCE,5
CPT124370,,dropped_in_docs,RC,1
CPT111746,2026-02-23 16:54:46.116416235,approved,,6
CPT108877,,dropped_in_docs,INSURANCE,5
CPT105914,2026-02-25 03:18:14.368115012,approved,,6
CPT103942,2026-02-24 21:09:26.355683122,approved,,6
CPT119983,2026-02-27 15:29:35.865396481,approved,,6
CPT105061,,dropped_in_docs,FITNESS,4
CPT120558,2026-02-25 11:25:40.926953233,approved,,6
CPT122178,,dropped_in_docs,FITNESS,4
CPT113986,2026-02-26 00:57:15.016792509,approved,,6
CPT117688,,dropped_in_docs,PERMIT,3
CPT101964,,dropped_in_docs,DL,0
CPT124895,2026-02-24 18:04:32.086329748,approved,,6
CPT107930,,dropped_in_docs,DL,0
CPT124418,,dropped_in_docs,RC,1
CPT101482,2026-02-22 14:53:53.461403606,approved,,6
CPT105286,,dropped_in_docs,PERMIT,3
CPT109333,,dropped_in_docs,DL,0
CPT107364,,dropped_in_docs,RC,1
CPT102000,,dropped_in_docs,PERMIT,3
CPT116281,,dropped_in_docs,PERMIT,3
CPT104699,,dropped_in_docs,PERMIT,3
CPT102623,,dropped_in_docs,PERMIT,3
CPT114915,,dropped_in_docs,AADHAAR,2
CPT116318,,dropped_in_docs,DL,0
CPT122847,,dropped_in_docs,FITNESS,4
CPT119345,,dropped_in_docs,DL,0
CPT113335,,dropped_in_docs,RC,1
CPT101401,2026-02-27 10:18:48.156058210,approved,,6
CPT118577,,dropped_in_docs,RC,1
CPT104271,,dropped_in_docs,FITNESS,4
CPT124506,,dropped_in_docs,AADHAAR,2
CPT124192,,dropped_in_docs,INSURANCE,5
CPT111224,,dropped_in_docs,RC,1
CPT112495,,dropped_in_docs,RC,1
CPT109267,,dropped_in_docs,RC,1
CPT124435,,dropped_in_docs,RC,1
CPT102045,,dropped_in_docs,PERMIT,3
CPT115505,2026-02-22 22:57:43.556367443,approved,,6
CPT118307,,dropped_in_docs,DL,0
CPT104074,,dropped_in_docs,RC,1
CPT102292,,dropped_in_docs,INSURANCE,5
CPT105877,,dropped_in_docs,DL,0
CPT112125,,dropped_in_docs,FITNESS,4
CPT109555,2026-02-25 11:28:39.760219211,approved,,6
CPT101781,,dropped_in_docs,RC,1
CPT123809,,dropped_in_docs,PERMIT,3
CPT106143,,dropped_in_docs,DL,0
CPT104485,,dropped_in_docs,RC,1
CPT115811,,dropped_in_docs,INSURANCE,5
CPT104001,2026-02-24 12:50:57.092428883,approved,,6
CPT121199,,dropped_in_docs,FITNESS,4
CPT119242,,dropped_in_docs,RC,1
CPT120881,,dropped_in_docs,RC,1
CPT115326,,dropped_in_docs,PERMIT,3
CPT111228,,dropped_in_docs,FITNESS,4
CPT107479,,dropped_in_docs,FITNESS,4
CPT107605,,dropped_in_docs,RC,1
CPT106874,,dropped_in_docs,DL,0
CPT120899,,dropped_in_docs,FITNESS,4
CPT116015,,dropped_in_docs,PERMIT,3
CPT117117,,dropped_in_docs,FITNESS,4
CPT120683,,dropped_in_docs,PERMIT,3
CPT121323,,dropped_in_docs,RC,1
CPT104276,,dropped_in_docs,PERMIT,3
CPT104840,2026-02-25 06:48:05.098527363,approved,,6
CPT124693,,dropped_in_docs,AADHAAR,2
CPT100374,,dropped_in_docs,PERMIT,3
CPT102760,,dropped_in_docs,DL,0
CPT104016,,dropped_in_docs,INSURANCE,5
CPT115724,,dropped_in_docs,RC,1
CPT101880,,dropped_in_docs,RC,1
CPT124577,2026-02-24 20:02:21.880161515,approved,,6
CPT114388,,dropped_in_docs,INSURANCE,5
CPT113364,,dropped_in_docs,PERMIT,3
CPT108830,,dropped_in_docs,AADHAAR,2
CPT116660,,dropped_in_docs,DL,0
CPT120143,2026-02-23 13:36:59.539257681,approved,,5
CPT111410,,dropped_in_docs,RC,1
CPT107343,,dropped_in_docs,RC,1
CPT117887,2026-02-22 10:54:29.318928993,approved,,5
CPT105275,,dropped_in_docs,RC,1
CPT112396,,dropped_in_docs,AADHAAR,2
CPT112002,,dropped_in_docs,INSURANCE,5
CPT104178,,dropped_in_docs,RC,1
CPT109637,,dropped_in_docs,DL,0
CPT102417,2026-02-26 20:39:56.742043413,approved,,6
CPT101986,,dropped_in_docs,FITNESS,4
CPT121445,2026-03-01 02:47:33.027162739,approved,,6
CPT116635,,dropped_in_docs,RC,1
CPT117513,,dropped_in_docs,RC,1
CPT118406,,dropped_in_docs,AADHAAR,2
CPT104525,,dropped_in_docs,AADHAAR,2
CPT103697,,dropped_in_docs,FITNESS,4
CPT112015,,dropped_in_docs,AADHAAR,2
CPT110846,,dropped_in_docs,INSURANCE,5
CPT119794,,dropped_in_docs,RC,1
CPT114628,,dropped_in_docs,PERMIT,3
CPT123578,2026-02-26 17:50:40.017617043,rejected,doc_authenticity_flag,6
CPT111631,2026-02-22 21:34:08.518961860,approved,,6
CPT121970,,dropped_in_docs,RC,1
CPT101805,,dropped_in_docs,FITNESS,4
CPT107204,2026-02-24 18:04:10.562813934,approved,,6
CPT100384,2026-02-23 06:02:03.101787933,rejected,doc_authenticity_flag,6
CPT111622,,dropped_in_docs,FITNESS,4
CPT101727,,dropped_in_docs,RC,1
CPT107530,,dropped_in_docs,DL,0
CPT104335,,dropped_in_docs,INSURANCE,5
CPT119851,,dropped_in_docs,AADHAAR,2
CPT121294,,dropped_in_docs,DL,0
CPT118256,,dropped_in_docs,INSURANCE,5
CPT109564,,dropped_in_docs,AADHAAR,2
CPT103162,,dropped_in_docs,DL,0
CPT123719,,dropped_in_docs,RC,1
CPT109713,2026-02-26 04:48:29.175309609,approved,,6
CPT104017,2026-02-25 05:32:58.041769545,approved,,6
CPT115398,,dropped_in_docs,INSURANCE,5
CPT121786,,dropped_in_docs,AADHAAR,2
CPT103005,,dropped_in_docs,RC,1
CPT114686,,dropped_in_docs,RC,1
CPT102313,,dropped_in_docs,PERMIT,3
CPT123359,,dropped_in_docs,AADHAAR,2
CPT119366,2026-02-24 20:53:52.923087814,approved,,6
CPT104422,,dropped_in_docs,AADHAAR,2
CPT119749,,dropped_in_docs,RC,1
CPT118128,,dropped_in_docs,PERMIT,3
CPT110876,,dropped_in_docs,RC,1
CPT105163,2026-02-24 21:57:03.683089136,approved,,6
CPT101540,,dropped_in_docs,RC,1
CPT105395,,dropped_in_docs,AADHAAR,2
CPT124352,,dropped_in_docs,PERMIT,3
CPT119542,,dropped_in_docs,AADHAAR,2
CPT103499,2026-02-24 09:44:46.886198403,approved,,5
CPT105617,,dropped_in_docs,DL,0
CPT111046,,dropped_in_docs,RC,1
CPT122789,2026-02-25 17:54:59.390458981,approved,,6
CPT115888,,dropped_in_docs,PERMIT,3
CPT109814,,dropped_in_docs,INSURANCE,5
CPT106364,,dropped_in_docs,RC,1
CPT109499,,dropped_in_docs,INSURANCE,5
CPT112436,2026-02-23 23:37:07.433831970,approved,,5
CPT113575,,dropped_in_docs,PERMIT,3
CPT102813,,dropped_in_docs,RC,1
CPT118954,2026-02-26 12:02:41.728935864,approved,,6
CPT124147,2026-02-28 05:52:21.389740983,rejected,doc_authenticity_flag,6
CPT100089,2026-02-22 02:37:35.818300106,approved,,6
CPT124778,,dropped_in_docs,INSURANCE,5
CPT106398,,dropped_in_docs,RC,1
CPT100065,,dropped_in_docs,PERMIT,3
CPT106371,,dropped_in_docs,INSURANCE,5
CPT110722,,dropped_in_docs,INSURANCE,5
CPT117499,,dropped_in_docs,FITNESS,4
CPT122895,,dropped_in_docs,RC,1
CPT102929,2026-02-25 16:48:12.872388493,approved,,6
CPT109033,,dropped_in_docs,RC,1
CPT118486,,dropped_in_docs,RC,1
CPT107982,,dropped_in_docs,DL,0
CPT112902,2026-02-24 18:52:49.108959780,approved,,5
CPT117264,2026-02-24 01:32:46.400322241,approved,,6
CPT115138,,dropped_in_docs,RC,1
CPT103234,2026-02-23 01:22:40.122530602,approved,,6
CPT111256,,dropped_in_docs,INSURANCE,5
CPT116747,,dropped_in_docs,RC,1
CPT111986,,dropped_in_docs,PERMIT,3
CPT123934,,dropped_in_docs,INSURANCE,5
CPT114993,,dropped_in_docs,DL,0
CPT124631,,dropped_in_docs,INSURANCE,5
CPT111761,,dropped_in_docs,INSURANCE,5
CPT120731,,dropped_in_docs,DL,0
CPT117851,,dropped_in_docs,RC,1
CPT124056,,dropped_in_docs,RC,1
CPT103770,,dropped_in_docs,FITNESS,4
CPT109344,,dropped_in_docs,PERMIT,3
CPT121086,2026-02-26 23:08:48.381210654,approved,,6
CPT105195,,dropped_in_docs,PERMIT,3
CPT121545,2026-02-26 01:57:28.019563415,approved,,6
CPT110351,,dropped_in_docs,PERMIT,3
CPT104626,,dropped_in_docs,FITNESS,4
CPT112569,,dropped_in_docs,RC,1
CPT119424,,dropped_in_docs,RC,1
CPT108758,,dropped_in_docs,RC,1
CPT111556,,dropped_in_docs,RC,1
CPT106800,,dropped_in_docs,RC,1
CPT121810,,dropped_in_docs,FITNESS,4
CPT117091,,dropped_in_docs,RC,1
CPT115189,,dropped_in_docs,INSURANCE,5
CPT113362,,dropped_in_docs,RC,1
CPT110441,,dropped_in_docs,DL,0
CPT114112,,dropped_in_docs,AADHAAR,2
CPT101736,2026-02-22 01:29:31.781926690,approved,,6
CPT124739,,dropped_in_docs,FITNESS,4
CPT104897,,dropped_in_docs,RC,1
CPT104614,2026-02-24 05:23:22.987975368,rejected,doc_authenticity_flag,6
CPT107586,,dropped_in_docs,INSURANCE,5
CPT104723,,dropped_in_docs,FITNESS,4
CPT124939,2026-02-26 10:29:32.084960178,approved,,6
CPT105580,,dropped_in_docs,DL,0
CPT112238,,dropped_in_docs,RC,1
CPT101249,,dropped_in_docs,AADHAAR,2
CPT123811,,dropped_in_docs,PERMIT,3
CPT108588,,dropped_in_docs,FITNESS,4
CPT103511,2026-02-27 03:09:31.913350262,approved,,6
CPT106404,,dropped_in_docs,AADHAAR,2
CPT119559,,dropped_in_docs,DL,0
CPT114358,,dropped_in_docs,FITNESS,4
CPT117046,,dropped_in_docs,DL,0
CPT105675,,dropped_in_docs,FITNESS,4
CPT116792,,dropped_in_docs,RC,1
CPT123243,,dropped_in_docs,PERMIT,3
CPT112663,2026-02-26 01:49:23.557920849,approved,,6
CPT111114,,dropped_in_docs,AADHAAR,2
CPT103014,,dropped_in_docs,INSURANCE,5
CPT118833,,dropped_in_docs,FITNESS,4
CPT102401,2026-02-25 18:42:43.714722761,approved,,6
CPT119430,2026-02-26 18:49:40.751818737,approved,,6
CPT115854,,dropped_in_docs,INSURANCE,5
CPT114741,,dropped_in_docs,FITNESS,4
CPT116049,,dropped_in_docs,DL,0
CPT113442,,dropped_in_docs,PERMIT,3
CPT100918,2026-02-26 11:49:21.821729987,approved,,5
CPT101181,2026-02-23 23:56:29.812579753,approved,,5
CPT124459,2026-02-25 14:33:12.981564339,approved,,6
CPT103840,2026-02-22 22:36:07.072032683,approved,,6
CPT123452,,dropped_in_docs,RC,1
CPT123843,2026-02-22 14:41:34.216922407,approved,,6
CPT123401,,dropped_in_docs,RC,1
CPT106224,2026-02-23 01:04:18.957623157,approved,,6
CPT124989,,dropped_in_docs,PERMIT,3
CPT115255,,dropped_in_docs,PERMIT,3
CPT118811,,dropped_in_docs,PERMIT,3
CPT109702,,dropped_in_docs,INSURANCE,5
CPT108519,,dropped_in_docs,RC,1
CPT124193,,dropped_in_docs,RC,1
CPT112726,,dropped_in_docs,PERMIT,3
CPT102202,,dropped_in_docs,RC,1
CPT120157,,dropped_in_docs,RC,1
CPT116106,,dropped_in_docs,DL,0
CPT111358,2026-02-24 12:04:22.744511854,approved,,6
CPT113788,,dropped_in_docs,PERMIT,3
CPT111667,2026-02-24 16:51:45.987472443,approved,,6
CPT109354,,dropped_in_docs,DL,0
CPT105630,2026-02-26 14:58:49.523059808,approved,,6
CPT104241,,dropped_in_docs,INSURANCE,5
CPT116405,,dropped_in_docs,RC,1
CPT107214,,dropped_in_docs,AADHAAR,2
CPT108376,,dropped_in_docs,RC,1
CPT108939,,dropped_in_docs,RC,1
CPT121802,,dropped_in_docs,PERMIT,3
CPT112958,,dropped_in_docs,PERMIT,3
CPT119129,2026-02-25 03:09:22.543405962,approved,,6
CPT107205,,dropped_in_docs,INSURANCE,5
CPT113663,,dropped_in_docs,RC,1
CPT109146,2026-02-23 06:55:59.409617838,approved,,5
CPT112747,,dropped_in_docs,DL,0
CPT117935,,dropped_in_docs,RC,1
CPT122252,,dropped_in_docs,RC,1
CPT101931,,dropped_in_docs,PERMIT,3
CPT105257,,dropped_in_docs,RC,1
CPT101648,2026-02-25 22:24:44.514332858,approved,,5
CPT103204,,dropped_in_docs,AADHAAR,2
CPT110993,,dropped_in_docs,INSURANCE,5
CPT100878,,dropped_in_docs,FITNESS,4
CPT104961,,dropped_in_docs,INSURANCE,5
CPT104593,,dropped_in_docs,FITNESS,4
CPT107570,,dropped_in_docs,INSURANCE,5
CPT111307,,dropped_in_docs,FITNESS,4
CPT100348,,dropped_in_docs,RC,1
CPT115831,,dropped_in_docs,RC,1
CPT109422,,dropped_in_docs,INSURANCE,5
CPT115310,,dropped_in_docs,RC,1
CPT102515,,dropped_in_docs,PERMIT,3
CPT114275,2026-02-28 19:24:05.024786371,approved,,5
CPT116861,,dropped_in_docs,AADHAAR,2
CPT114559,,dropped_in_docs,RC,1
CPT114716,,dropped_in_docs,PERMIT,3
CPT112328,,dropped_in_docs,RC,1
CPT114841,,dropped_in_docs,DL,0
CPT108408,2026-02-25 06:37:01.441092416,approved,,6
CPT106039,,dropped_in_docs,PERMIT,3
CPT115594,,dropped_in_docs,FITNESS,4
CPT118500,,dropped_in_docs,PERMIT,3
CPT104742,,dropped_in_docs,DL,0
CPT108188,,dropped_in_docs,RC,1
CPT103177,2026-02-25 05:06:57.878384344,approved,,5
CPT116375,,dropped_in_docs,DL,0
CPT105538,,dropped_in_docs,DL,0
CPT100616,,dropped_in_docs,FITNESS,4
CPT121061,2026-02-27 14:52:17.245251227,approved,,6
CPT104957,,dropped_in_docs,FITNESS,4
CPT117625,,dropped_in_docs,INSURANCE,5
CPT109921,,dropped_in_docs,FITNESS,4
CPT102636,,dropped_in_docs,PERMIT,3
CPT106023,,dropped_in_docs,FITNESS,4
CPT116813,,dropped_in_docs,FITNESS,4
CPT120624,2026-03-01 08:08:42.601334224,rejected,duplicate_captain,6
CPT101900,,dropped_in_docs,DL,0
CPT124134,2026-02-26 07:27:36.066042812,approved,,6
CPT113865,,dropped_in_docs,INSURANCE,5
CPT119836,,dropped_in_docs,PERMIT,3
CPT120210,2026-02-27 13:05:10.358065304,rejected,doc_authenticity_flag,6
CPT114235,2026-02-26 12:48:53.391263572,approved,,6
CPT108622,,dropped_in_docs,FITNESS,4
CPT103831,,dropped_in_docs,AADHAAR,2
CPT109859,,dropped_in_docs,RC,1
CPT106258,2026-02-26 11:29:05.430096833,approved,,5
CPT111130,,dropped_in_docs,FITNESS,4
CPT121302,,dropped_in_docs,AADHAAR,2
CPT102549,,dropped_in_docs,RC,1
CPT107202,,dropped_in_docs,FITNESS,4
CPT105406,,dropped_in_docs,RC,1
CPT123005,,dropped_in_docs,AADHAAR,2
CPT124326,,dropped_in_docs,INSURANCE,5
CPT102539,,dropped_in_docs,DL,0
CPT110709,,dropped_in_docs,AADHAAR,2
CPT123741,2026-02-24 21:30:27.687153184,approved,,5
CPT100518,,dropped_in_docs,FITNESS,4
CPT115592,,dropped_in_docs,INSURANCE,5
CPT105327,,dropped_in_docs,RC,1
CPT120584,,dropped_in_docs,PERMIT,3
CPT111373,,dropped_in_docs,INSURANCE,5
CPT118619,,dropped_in_docs,FITNESS,4
CPT122135,,dropped_in_docs,FITNESS,4
CPT103152,,dropped_in_docs,AADHAAR,2
CPT123637,,dropped_in_docs,PERMIT,3
CPT110307,,dropped_in_docs,INSURANCE,5
CPT124648,,dropped_in_docs,RC,1
CPT107701,2026-02-27 20:33:00.740963090,approved,,6
CPT112640,,dropped_in_docs,DL,0
CPT106297,,dropped_in_docs,DL,0
CPT110487,,dropped_in_docs,DL,0
CPT115531,,dropped_in_docs,AADHAAR,2
CPT111629,,dropped_in_docs,FITNESS,4
CPT106129,2026-02-22 23:21:21.391664961,approved,,5
CPT105861,,dropped_in_docs,AADHAAR,2
CPT113116,,dropped_in_docs,PERMIT,3
CPT102165,,dropped_in_docs,FITNESS,4
CPT112623,,dropped_in_docs,DL,0
CPT101280,,dropped_in_docs,PERMIT,3
CPT105191,2026-02-27 08:49:22.873474901,approved,,5
CPT124494,,dropped_in_docs,RC,1
CPT123172,,dropped_in_docs,INSURANCE,5
CPT118828,,dropped_in_docs,FITNESS,4
CPT124103,,dropped_in_docs,AADHAAR,2
CPT116953,,dropped_in_docs,PERMIT,3
CPT116012,,dropped_in_docs,DL,0
CPT117741,,dropped_in_docs,AADHAAR,2
CPT102755,,dropped_in_docs,DL,0
CPT111718,,dropped_in_docs,PERMIT,3
CPT119951,,dropped_in_docs,INSURANCE,5
CPT121872,,dropped_in_docs,RC,1
CPT113062,2026-02-26 00:30:50.598076638,approved,,6
CPT109982,,dropped_in_docs,FITNESS,4
CPT113804,,dropped_in_docs,AADHAAR,2
CPT119143,,dropped_in_docs,RC,1
CPT124342,,dropped_in_docs,PERMIT,3
CPT121614,,dropped_in_docs,AADHAAR,2
CPT107201,,dropped_in_docs,INSURANCE,5
CPT106063,,dropped_in_docs,RC,1
CPT101025,2026-02-27 16:29:53.738470333,approved,,6
CPT111050,,dropped_in_docs,AADHAAR,2
CPT122651,2026-02-27 18:24:01.925357449,approved,,6
CPT104413,,dropped_in_docs,FITNESS,4
CPT103923,,dropped_in_docs,RC,1
CPT105616,,dropped_in_docs,RC,1
CPT101937,2026-02-28 14:23:33.656769092,approved,,6
CPT104105,,dropped_in_docs,AADHAAR,2
CPT104283,,dropped_in_docs,PERMIT,3
CPT107242,,dropped_in_docs,RC,1
CPT117121,,dropped_in_docs,RC,1
CPT105364,,dropped_in_docs,FITNESS,4
CPT113179,,dropped_in_docs,FITNESS,4
CPT114692,,dropped_in_docs,INSURANCE,5
CPT103474,,dropped_in_docs,RC,1
CPT116550,,dropped_in_docs,PERMIT,3
CPT103580,,dropped_in_docs,PERMIT,3
CPT124088,,dropped_in_docs,RC,1
CPT116598,,dropped_in_docs,RC,1
CPT120018,,dropped_in_docs,RC,1
CPT111279,,dropped_in_docs,RC,1
CPT111941,2026-02-26 05:45:56.548238305,approved,,6
CPT108186,,dropped_in_docs,RC,1
CPT106417,,dropped_in_docs,RC,1
CPT108017,2026-02-23 19:46:15.580581611,approved,,5
CPT108333,,dropped_in_docs,PERMIT,3
CPT123019,2026-02-25 08:36:29.974056209,approved,,5
CPT124974,,dropped_in_docs,FITNESS,4
CPT118158,,dropped_in_docs,FITNESS,4
CPT104106,,dropped_in_docs,AADHAAR,2
CPT120823,,dropped_in_docs,INSURANCE,5
CPT116207,,dropped_in_docs,DL,0
CPT103985,,dropped_in_docs,AADHAAR,2
CPT110103,2026-02-26 23:19:27.658244534,approved,,6
CPT115726,,dropped_in_docs,DL,0
CPT121063,,dropped_in_docs,RC,1
CPT101721,,dropped_in_docs,FITNESS,4
CPT120310,,dropped_in_docs,DL,0
CPT112589,,dropped_in_docs,FITNESS,4
CPT113906,,dropped_in_docs,FITNESS,4
CPT120855,,dropped_in_docs,FITNESS,4
CPT122544,,dropped_in_docs,AADHAAR,2
CPT102622,,dropped_in_docs,FITNESS,4
CPT117989,2026-02-25 16:19:09.564399668,approved,,6
CPT106878,,dropped_in_docs,DL,0
CPT109682,,dropped_in_docs,INSURANCE,5
CPT112757,,dropped_in_docs,AADHAAR,2
CPT109525,,dropped_in_docs,RC,1
CPT100031,2026-02-26 00:04:26.848835169,approved,,5
CPT109107,2026-02-25 11:49:24.288261896,approved,,6
CPT112901,,dropped_in_docs,FITNESS,4
CPT106425,,dropped_in_docs,RC,1
CPT103784,,dropped_in_docs,RC,1
CPT105854,,dropped_in_docs,PERMIT,3
CPT118375,,dropped_in_docs,FITNESS,4
CPT114138,2026-02-27 19:18:14.444039766,approved,,6
CPT100189,,dropped_in_docs,FITNESS,4
CPT100253,,dropped_in_docs,INSURANCE,5
CPT115776,,dropped_in_docs,RC,1
CPT112661,,dropped_in_docs,AADHAAR,2
CPT106954,,dropped_in_docs,RC,1
CPT124997,2026-02-27 01:26:04.887764024,rejected,doc_authenticity_flag,6
CPT110862,,dropped_in_docs,INSURANCE,5
CPT124549,,dropped_in_docs,DL,0
CPT101485,2026-02-25 13:36:05.690488848,approved,,6
CPT121037,,dropped_in_docs,INSURANCE,5
CPT101659,,dropped_in_docs,AADHAAR,2
CPT107966,,dropped_in_docs,FITNESS,4
CPT121471,,dropped_in_docs,RC,1
CPT121228,,dropped_in_docs,INSURANCE,5
CPT120133,,dropped_in_docs,AADHAAR,2
CPT106360,,dropped_in_docs,DL,0
CPT100150,,dropped_in_docs,AADHAAR,2
CPT124609,,dropped_in_docs,FITNESS,4
CPT124343,,dropped_in_docs,RC,1
CPT120303,,dropped_in_docs,RC,1
CPT109624,2026-02-26 10:04:20.726831385,approved,,5
CPT106860,,dropped_in_docs,INSURANCE,5
CPT103543,,dropped_in_docs,RC,1
CPT104181,,dropped_in_docs,FITNESS,4
CPT122198,,dropped_in_docs,AADHAAR,2
CPT112378,,dropped_in_docs,PERMIT,3
CPT118085,,dropped_in_docs,PERMIT,3
CPT124902,2026-02-27 08:06:03.092085005,approved,,6
CPT114798,,dropped_in_docs,DL,0
CPT103430,,dropped_in_docs,FITNESS,4
CPT116906,2026-02-27 09:54:01.959591345,approved,,5
CPT113727,,dropped_in_docs,RC,1
CPT111583,,dropped_in_docs,RC,1
CPT101837,,dropped_in_docs,RC,1
CPT116574,,dropped_in_docs,PERMIT,3
CPT107967,,dropped_in_docs,PERMIT,3
CPT122626,,dropped_in_docs,FITNESS,4
CPT110780,,dropped_in_docs,PERMIT,3
CPT106775,,dropped_in_docs,FITNESS,4
CPT122740,2026-02-26 10:57:32.603640412,approved,,6
CPT124186,,dropped_in_docs,RC,1
CPT104647,,dropped_in_docs,RC,1
CPT116102,,dropped_in_docs,DL,0
CPT104492,,dropped_in_docs,FITNESS,4
CPT122684,,dropped_in_docs,DL,0
CPT121254,,dropped_in_docs,AADHAAR,2
CPT123955,2026-02-26 08:42:19.545306194,approved,,6
CPT102231,,dropped_in_docs,INSURANCE,5
CPT124485,,dropped_in_docs,RC,1
CPT114939,,dropped_in_docs,DL,0
CPT118730,,dropped_in_docs,RC,1
CPT123523,,dropped_in_docs,RC,1
CPT121619,,dropped_in_docs,DL,0
CPT121963,,dropped_in_docs,INSURANCE,5
CPT110348,,dropped_in_docs,RC,1
CPT103763,,dropped_in_docs,RC,1
CPT116363,,dropped_in_docs,INSURANCE,5
CPT109792,,dropped_in_docs,PERMIT,3
CPT102870,,dropped_in_docs,RC,1
CPT102355,,dropped_in_docs,RC,1
CPT120020,,dropped_in_docs,RC,1
CPT100724,,dropped_in_docs,PERMIT,3
CPT122113,,dropped_in_docs,RC,1
CPT102481,,dropped_in_docs,FITNESS,4
CPT117876,,dropped_in_docs,RC,1
CPT113455,2026-02-27 04:53:43.515510394,approved,,6
CPT109932,,dropped_in_docs,DL,0
CPT106256,,dropped_in_docs,INSURANCE,5
CPT117244,,dropped_in_docs,PERMIT,3
CPT111609,2026-02-24 21:10:18.674785988,approved,,5
CPT124458,,dropped_in_docs,RC,1
CPT110277,,dropped_in_docs,PERMIT,3
CPT117417,,dropped_in_docs,PERMIT,3
CPT113616,,dropped_in_docs,INSURANCE,5
CPT119440,,dropped_in_docs,AADHAAR,2
CPT103294,,dropped_in_docs,DL,0
CPT112931,,dropped_in_docs,PERMIT,3
CPT103988,2026-02-25 18:31:18.976484732,approved,,5
CPT108899,,dropped_in_docs,DL,0
CPT111815,,dropped_in_docs,RC,1
CPT119669,,dropped_in_docs,RC,1
CPT116800,,dropped_in_docs,RC,1
CPT123597,,dropped_in_docs,DL,0
CPT117732,,dropped_in_docs,RC,1
CPT114563,,dropped_in_docs,FITNESS,4
CPT106031,,dropped_in_docs,RC,1
CPT100012,2026-02-24 17:41:32.537858986,approved,,5
CPT112963,,dropped_in_docs,RC,1
CPT113240,,dropped_in_docs,DL,0
CPT110868,,dropped_in_docs,RC,1
CPT108174,,dropped_in_docs,RC,1
CPT113855,,dropped_in_docs,INSURANCE,5
CPT116655,,dropped_in_docs,FITNESS,4
CPT107194,,dropped_in_docs,RC,1
CPT120950,,dropped_in_docs,DL,0
CPT111849,,dropped_in_docs,INSURANCE,5
CPT104367,,dropped_in_docs,AADHAAR,2
CPT115693,,dropped_in_docs,RC,1
CPT123060,,dropped_in_docs,DL,0
CPT106739,,dropped_in_docs,RC,1
CPT100766,,dropped_in_docs,FITNESS,4
CPT105641,,dropped_in_docs,DL,0
CPT123159,,dropped_in_docs,PERMIT,3
CPT117294,2026-02-27 10:36:38.968167366,rejected,vehicle_age_policy,5
CPT101472,,dropped_in_docs,DL,0
CPT109532,,dropped_in_docs,INSURANCE,5
CPT105056,,dropped_in_docs,PERMIT,3
CPT119101,2026-02-28 01:14:28.066078413,approved,,6
CPT123107,2026-03-01 04:37:43.114891546,approved,,6
CPT124872,,dropped_in_docs,DL,0
CPT121859,,dropped_in_docs,PERMIT,3
CPT120536,,dropped_in_docs,RC,1
CPT102234,,dropped_in_docs,INSURANCE,5
CPT102679,,dropped_in_docs,DL,0
CPT113150,,dropped_in_docs,PERMIT,3
CPT113122,,dropped_in_docs,RC,1
CPT100852,,dropped_in_docs,RC,1
CPT114110,2026-02-27 04:27:27.727975639,approved,,6
CPT110859,,dropped_in_docs,INSURANCE,5
CPT100530,,dropped_in_docs,PERMIT,3
CPT111496,,dropped_in_docs,DL,0
CPT123860,,dropped_in_docs,FITNESS,4
CPT106980,,dropped_in_docs,AADHAAR,2
CPT100188,,dropped_in_docs,RC,1
CPT116854,,dropped_in_docs,PERMIT,3
CPT104389,2026-02-28 03:13:21.426550770,approved,,6
CPT104672,,dropped_in_docs,DL,0
CPT108587,,dropped_in_docs,PERMIT,3
CPT100843,,dropped_in_docs,INSURANCE,5
CPT111568,,dropped_in_docs,AADHAAR,2
CPT108406,2026-02-28 12:01:24.550877494,approved,,5
CPT116094,,dropped_in_docs,PERMIT,3
CPT102503,,dropped_in_docs,RC,1
CPT121994,,dropped_in_docs,PERMIT,3
CPT119802,,dropped_in_docs,RC,1
CPT116563,2026-02-27 09:07:40.564586362,approved,,6
CPT103073,,dropped_in_docs,RC,1
CPT107232,,dropped_in_docs,PERMIT,3
CPT104721,,dropped_in_docs,DL,0
CPT105631,,dropped_in_docs,DL,0
CPT114405,,dropped_in_docs,FITNESS,4
CPT115917,,dropped_in_docs,DL,0
CPT116140,2026-02-26 01:34:17.634713938,approved,,5
CPT101206,2026-02-26 01:00:22.562574093,approved,,6
CPT100963,,dropped_in_docs,PERMIT,3
CPT115925,,dropped_in_docs,AADHAAR,2
CPT111700,2026-02-28 18:31:55.229405795,approved,,6
CPT111841,,dropped_in_docs,FITNESS,4
CPT100774,,dropped_in_docs,PERMIT,3
CPT105806,2026-02-27 23:22:02.800185574,approved,,6
CPT101627,,dropped_in_docs,RC,1
CPT124225,,dropped_in_docs,DL,0
CPT103262,,dropped_in_docs,PERMIT,3
CPT111918,,dropped_in_docs,FITNESS,4
CPT105124,,dropped_in_docs,FITNESS,4
CPT111153,,dropped_in_docs,RC,1
CPT112806,,dropped_in_docs,PERMIT,3
CPT112751,,dropped_in_docs,RC,1
CPT104786,,dropped_in_docs,RC,1
CPT104055,,dropped_in_docs,RC,1
CPT123435,2026-02-28 22:29:26.276631461,approved,,6
CPT101707,,dropped_in_docs,AADHAAR,2
CPT106291,,dropped_in_docs,RC,1
CPT118174,,dropped_in_docs,RC,1
CPT116611,,dropped_in_docs,RC,1
CPT113213,2026-02-25 17:53:16.670617167,approved,,6
CPT103816,,dropped_in_docs,RC,1
CPT111666,,dropped_in_docs,RC,1
CPT112582,,dropped_in_docs,RC,1
CPT119051,,dropped_in_docs,RC,1
CPT120019,,dropped_in_docs,AADHAAR,2
CPT120313,,dropped_in_docs,FITNESS,4
CPT112749,2026-02-28 05:12:37.611775285,approved,,6
CPT111169,,dropped_in_docs,DL,0
CPT100241,,dropped_in_docs,RC,1
CPT124085,,dropped_in_docs,PERMIT,3
CPT120105,,dropped_in_docs,RC,1
CPT113858,2026-02-28 09:16:25.598337071,approved,,6
CPT119860,,dropped_in_docs,RC,1
CPT108129,,dropped_in_docs,RC,1
CPT119641,,dropped_in_docs,INSURANCE,5
CPT115319,,dropped_in_docs,DL,0
CPT111694,2026-03-02 15:05:15.072353691,approved,,6
CPT122169,,dropped_in_docs,PERMIT,3
CPT122663,2026-03-01 07:15:32.184929684,approved,,6
CPT112178,2026-02-26 05:53:32.142508677,approved,,6
CPT110224,,dropped_in_docs,RC,1
CPT121321,,dropped_in_docs,AADHAAR,2
CPT102985,,dropped_in_docs,INSURANCE,5
CPT105948,,dropped_in_docs,PERMIT,3
CPT123477,2026-03-01 10:14:30.556784382,approved,,6
CPT113076,2026-02-28 08:49:09.602136208,approved,,6
CPT114456,,dropped_in_docs,RC,1
CPT113327,,dropped_in_docs,FITNESS,4
CPT112463,,dropped_in_docs,AADHAAR,2
CPT102710,,dropped_in_docs,DL,0
CPT109934,2026-02-27 07:43:19.770400372,approved,,6
CPT104513,,dropped_in_docs,INSURANCE,5
CPT115193,,dropped_in_docs,PERMIT,3
CPT100546,,dropped_in_docs,RC,1
CPT119028,,dropped_in_docs,PERMIT,3
CPT113021,,dropped_in_docs,RC,1
CPT104174,,dropped_in_docs,AADHAAR,2
CPT113355,2026-02-28 02:55:42.480949468,approved,,6
CPT110372,,dropped_in_docs,RC,1
CPT101955,2026-03-03 17:40:40.541021108,approved,,6
CPT103862,,dropped_in_docs,PERMIT,3
CPT112846,,dropped_in_docs,RC,1
CPT104151,,dropped_in_docs,INSURANCE,5
CPT102835,,dropped_in_docs,AADHAAR,2
CPT108675,2026-03-01 02:44:10.633541104,approved,,5
CPT106974,,dropped_in_docs,FITNESS,4
CPT114016,2026-03-01 11:57:03.585861283,approved,,6
CPT121276,,dropped_in_docs,PERMIT,3
CPT103890,,dropped_in_docs,PERMIT,3
CPT101628,2026-03-02 05:24:27.665417085,approved,,6
CPT123555,2026-03-02 22:04:13.910379412,approved,,6
CPT105373,,dropped_in_docs,RC,1
CPT113107,,dropped_in_docs,DL,0
CPT116230,,dropped_in_docs,RC,1
CPT116913,,dropped_in_docs,FITNESS,4
CPT111433,,dropped_in_docs,PERMIT,3
CPT102428,,dropped_in_docs,RC,1
CPT102145,2026-02-27 10:17:28.190250095,approved,,6
CPT110778,,dropped_in_docs,RC,1
CPT116615,,dropped_in_docs,FITNESS,4
CPT105186,,dropped_in_docs,RC,1
CPT109965,,dropped_in_docs,DL,0
CPT117562,,dropped_in_docs,RC,1
CPT107597,,dropped_in_docs,RC,1
CPT111517,,dropped_in_docs,AADHAAR,2
CPT115116,,dropped_in_docs,INSURANCE,5
CPT123988,,dropped_in_docs,PERMIT,3
CPT124245,2026-02-25 11:03:35.325798246,approved,,5
CPT124892,,dropped_in_docs,INSURANCE,5
CPT108923,,dropped_in_docs,DL,0
CPT121946,,dropped_in_docs,AADHAAR,2
CPT118073,,dropped_in_docs,RC,1
CPT106077,,dropped_in_docs,INSURANCE,5
CPT124284,,dropped_in_docs,RC,1
CPT101988,,dropped_in_docs,INSURANCE,5
CPT111468,2026-03-02 16:18:49.745869730,approved,,6
CPT124518,2026-03-02 14:24:45.342031220,approved,,6
CPT111168,2026-02-28 17:54:27.135543642,approved,,6
CPT118181,,dropped_in_docs,RC,1
CPT112871,,dropped_in_docs,AADHAAR,2
CPT103655,,dropped_in_docs,PERMIT,3
CPT124523,,dropped_in_docs,DL,0
CPT102362,,dropped_in_docs,RC,1
CPT117300,,dropped_in_docs,FITNESS,4
CPT118993,,dropped_in_docs,INSURANCE,5
CPT119677,,dropped_in_docs,DL,0
CPT113604,,dropped_in_docs,RC,1
CPT114565,,dropped_in_docs,RC,1
CPT100900,,dropped_in_docs,AADHAAR,2
CPT102543,,dropped_in_docs,AADHAAR,2
CPT117718,,dropped_in_docs,PERMIT,3
CPT113087,,dropped_in_docs,RC,1
CPT121729,,dropped_in_docs,FITNESS,4
CPT109645,,dropped_in_docs,DL,0
CPT104348,2026-02-27 21:40:09.634135108,approved,,6
CPT111007,,dropped_in_docs,DL,0
CPT111159,2026-03-05 19:30:14.055350915,approved,,6
CPT110342,2026-03-01 11:40:08.307093031,approved,,6
CPT114461,,dropped_in_docs,DL,0
CPT122317,,dropped_in_docs,DL,0
CPT114458,,dropped_in_docs,RC,1
CPT107135,,dropped_in_docs,RC,1
CPT119432,,dropped_in_docs,RC,1
CPT119623,2026-02-26 21:16:10.930497524,approved,,6
CPT123398,,dropped_in_docs,RC,1
CPT122256,,dropped_in_docs,INSURANCE,5
CPT120463,2026-02-28 22:08:43.247462018,approved,,6
CPT107738,,dropped_in_docs,DL,0
CPT121727,,dropped_in_docs,DL,0
CPT111515,,dropped_in_docs,RC,1
CPT103553,,dropped_in_docs,DL,0
CPT116802,,dropped_in_docs,PERMIT,3
CPT101061,,dropped_in_docs,RC,1
CPT102141,,dropped_in_docs,INSURANCE,5
CPT100989,,dropped_in_docs,RC,1
CPT103153,,dropped_in_docs,INSURANCE,5
CPT112501,,dropped_in_docs,PERMIT,3
CPT108477,,dropped_in_docs,RC,1
CPT112564,,dropped_in_docs,RC,1
CPT110529,,dropped_in_docs,DL,0
CPT112046,,dropped_in_docs,RC,1
CPT122246,2026-02-27 11:13:52.001461516,approved,,5
CPT100522,2026-03-01 09:51:43.064423362,rejected,background_check_failed,6
CPT103891,2026-02-28 12:48:47.020108997,approved,,6
CPT122408,,dropped_in_docs,RC,1
CPT117636,,dropped_in_docs,RC,1
CPT118584,,dropped_in_docs,RC,1
CPT110044,,dropped_in_docs,RC,1
CPT101302,,dropped_in_docs,DL,0
CPT123744,,dropped_in_docs,RC,1
CPT123101,,dropped_in_docs,FITNESS,4
CPT116907,,dropped_in_docs,PERMIT,3
CPT124114,,dropped_in_docs,FITNESS,4
CPT122481,,dropped_in_docs,AADHAAR,2
CPT100807,2026-03-02 14:47:10.848852564,approved,,6
CPT106505,,dropped_in_docs,RC,1
CPT124510,,dropped_in_docs,PERMIT,3
CPT102280,2026-03-01 09:13:32.234675144,approved,,6
CPT103930,,dropped_in_docs,RC,1
CPT110298,,dropped_in_docs,FITNESS,4
CPT114474,,dropped_in_docs,INSURANCE,5
CPT117561,,dropped_in_docs,RC,1
CPT122511,,dropped_in_docs,INSURANCE,5
CPT116989,,dropped_in_docs,INSURANCE,5
CPT106038,,dropped_in_docs,DL,0
CPT121474,2026-02-26 04:17:25.318417001,approved,,5
CPT104521,2026-02-27 13:51:44.923628485,approved,,6
CPT120321,2026-02-28 18:03:14.003848619,approved,,6
CPT102561,,dropped_in_docs,DL,0
CPT124617,,dropped_in_docs,FITNESS,4
CPT114636,,dropped_in_docs,FITNESS,4
CPT107123,,dropped_in_docs,AADHAAR,2
CPT105784,,dropped_in_docs,RC,1
CPT118877,,dropped_in_docs,INSURANCE,5
CPT107698,2026-03-03 15:34:40.508087434,approved,,6
CPT112391,,dropped_in_docs,RC,1
CPT107958,,dropped_in_docs,AADHAAR,2
CPT106587,,dropped_in_docs,INSURANCE,5
CPT118566,,dropped_in_docs,DL,0
CPT122717,,dropped_in_docs,INSURANCE,5
CPT116370,,dropped_in_docs,AADHAAR,2
CPT120108,2026-03-01 20:47:05.799892629,approved,,6
CPT109429,,dropped_in_docs,INSURANCE,5
CPT102411,,dropped_in_docs,RC,1
CPT103562,2026-03-02 19:53:18.564888069,approved,,6
CPT101194,,dropped_in_docs,FITNESS,4
CPT122389,,dropped_in_docs,DL,0
CPT101130,,dropped_in_docs,FITNESS,4
CPT104023,2026-02-27 05:47:02.017560675,rejected,background_check_failed,6
CPT118395,,dropped_in_docs,PERMIT,3
CPT115154,2026-03-01 12:56:26.391136907,approved,,5
CPT110806,,dropped_in_docs,INSURANCE,5
CPT109299,,dropped_in_docs,RC,1
CPT104966,,dropped_in_docs,RC,1
CPT123377,2026-03-02 10:03:07.302014969,approved,,6
CPT102029,,dropped_in_docs,PERMIT,3
CPT116983,,dropped_in_docs,AADHAAR,2
CPT111082,2026-03-05 08:30:09.497703616,approved,,6
CPT101720,2026-03-02 10:52:13.484210524,approved,,6
CPT121500,2026-02-28 17:33:50.510112038,approved,,6
CPT119000,,dropped_in_docs,FITNESS,4
CPT108886,2026-03-01 21:08:13.601028784,approved,,6
CPT119009,,dropped_in_docs,PERMIT,3
CPT107914,,dropped_in_docs,AADHAAR,2
CPT113626,,dropped_in_docs,RC,1
CPT124109,,dropped_in_docs,DL,0
CPT101329,,dropped_in_docs,RC,1
CPT115102,,dropped_in_docs,RC,1
CPT121705,,dropped_in_docs,RC,1
CPT122348,,dropped_in_docs,AADHAAR,2
CPT104465,,dropped_in_docs,DL,0
CPT103441,,dropped_in_docs,PERMIT,3
CPT118417,,dropped_in_docs,PERMIT,3
CPT121477,,dropped_in_docs,PERMIT,3
CPT123696,,dropped_in_docs,FITNESS,4
CPT101660,2026-02-28 00:52:00.247472194,approved,,5
CPT109156,,dropped_in_docs,PERMIT,3
CPT124836,2026-03-01 09:38:05.302293485,approved,,6
CPT110607,,dropped_in_docs,PERMIT,3
CPT124345,,dropped_in_docs,RC,1
CPT111118,,dropped_in_docs,FITNESS,4
CPT122318,,dropped_in_docs,FITNESS,4
CPT101569,,dropped_in_docs,FITNESS,4
CPT123635,,dropped_in_docs,PERMIT,3
CPT116926,,dropped_in_docs,RC,1
CPT100286,,dropped_in_docs,DL,0
CPT103526,,dropped_in_docs,RC,1
CPT119059,,dropped_in_docs,RC,1
CPT117723,,dropped_in_docs,INSURANCE,5
CPT124385,2026-03-03 00:05:00.375529751,approved,,6
CPT118789,2026-02-27 06:29:30.018716687,approved,,5
CPT121351,,dropped_in_docs,PERMIT,3
CPT108143,,dropped_in_docs,PERMIT,3
CPT103645,2026-02-28 06:06:54.325792121,approved,,6
CPT100360,,dropped_in_docs,PERMIT,3
CPT110259,,dropped_in_docs,PERMIT,3
CPT111429,,dropped_in_docs,RC,1
CPT117976,,dropped_in_docs,RC,1
CPT114508,,dropped_in_docs,AADHAAR,2
CPT103417,,dropped_in_docs,FITNESS,4
CPT115232,,dropped_in_docs,RC,1
CPT116272,,dropped_in_docs,RC,1
CPT102520,2026-03-02 05:26:31.656753281,approved,,6
CPT118270,,dropped_in_docs,DL,0
CPT114725,,dropped_in_docs,AADHAAR,2
CPT117483,,dropped_in_docs,PERMIT,3
CPT116440,,dropped_in_docs,RC,1
CPT102319,,dropped_in_docs,RC,1
CPT104690,2026-03-06 16:48:51.203216961,approved,,6
CPT115966,,dropped_in_docs,DL,0
CPT114244,2026-03-03 08:12:12.481282575,approved,,6
CPT108222,2026-03-05 12:50:01.397763560,approved,,6
CPT115470,2026-03-03 17:01:13.298195792,approved,,5
CPT104881,2026-02-27 06:22:28.507174587,approved,,6
CPT121811,,dropped_in_docs,RC,1
CPT124300,,dropped_in_docs,AADHAAR,2
CPT120446,,dropped_in_docs,RC,1
CPT118734,,dropped_in_docs,AADHAAR,2
CPT101013,,dropped_in_docs,DL,0
CPT108935,,dropped_in_docs,PERMIT,3
CPT107303,,dropped_in_docs,RC,1
CPT113271,,dropped_in_docs,FITNESS,4
CPT124021,,dropped_in_docs,PERMIT,3
CPT118942,,dropped_in_docs,RC,1
CPT100685,,dropped_in_docs,DL,0
CPT114816,,dropped_in_docs,INSURANCE,5
CPT108891,2026-02-28 19:40:31.060551695,approved,,5
CPT118387,,dropped_in_docs,INSURANCE,5
CPT105579,,dropped_in_docs,INSURANCE,5
CPT122474,,dropped_in_docs,RC,1
CPT107513,,dropped_in_docs,DL,0
CPT118812,2026-02-28 04:21:24.152618614,approved,,6
CPT115492,2026-03-05 16:15:32.868121166,approved,,6
CPT115290,,dropped_in_docs,INSURANCE,5
CPT122355,,dropped_in_docs,RC,1
CPT119288,2026-03-04 03:58:39.841497398,approved,,6
CPT103114,,dropped_in_docs,DL,0
CPT119182,,dropped_in_docs,AADHAAR,2
CPT116850,,dropped_in_docs,FITNESS,4
CPT121416,,dropped_in_docs,AADHAAR,2
CPT123048,,dropped_in_docs,PERMIT,3
CPT118004,,dropped_in_docs,RC,1
CPT118848,,dropped_in_docs,INSURANCE,5
CPT103762,,dropped_in_docs,RC,1
CPT106484,,dropped_in_docs,INSURANCE,5
CPT111961,2026-03-01 10:40:37.793789422,approved,,6
CPT113141,,dropped_in_docs,INSURANCE,5
CPT109772,,dropped_in_docs,AADHAAR,2
CPT109000,,dropped_in_docs,RC,1
CPT122986,,dropped_in_docs,FITNESS,4
CPT112118,,dropped_in_docs,DL,0
CPT114711,,dropped_in_docs,FITNESS,4
CPT108726,,dropped_in_docs,INSURANCE,5
CPT106700,,dropped_in_docs,FITNESS,4
CPT124720,,dropped_in_docs,DL,0
CPT113945,,dropped_in_docs,RC,1
CPT122859,,dropped_in_docs,PERMIT,3
CPT120092,2026-03-04 03:28:43.666942554,rejected,vehicle_age_policy,5
CPT106590,,dropped_in_docs,AADHAAR,2
CPT106260,,dropped_in_docs,PERMIT,3
CPT113810,,dropped_in_docs,PERMIT,3
CPT110509,,dropped_in_docs,RC,1
CPT111835,,dropped_in_docs,FITNESS,4
CPT100491,,dropped_in_docs,RC,1
CPT106375,,dropped_in_docs,DL,0
CPT101640,,dropped_in_docs,RC,1
CPT100564,,dropped_in_docs,PERMIT,3
CPT104660,,dropped_in_docs,PERMIT,3
CPT102811,2026-03-01 04:01:35.456726803,rejected,background_check_failed,5
CPT114219,,dropped_in_docs,PERMIT,3
CPT118222,,dropped_in_docs,INSURANCE,5
CPT116465,,dropped_in_docs,RC,1
CPT111322,,dropped_in_docs,RC,1
CPT114942,,dropped_in_docs,DL,0
CPT117580,,dropped_in_docs,RC,1
CPT121409,2026-02-28 07:58:57.348167096,approved,,6
CPT123080,2026-02-28 02:50:29.681781832,approved,,6
CPT104141,,dropped_in_docs,DL,0
CPT113585,,dropped_in_docs,RC,1
CPT109521,,dropped_in_docs,RC,1
CPT111403,2026-03-03 09:36:37.864226767,approved,,6
CPT113612,,dropped_in_docs,FITNESS,4
CPT121259,,dropped_in_docs,RC,1
CPT101691,,dropped_in_docs,FITNESS,4
CPT111031,,dropped_in_docs,RC,1
CPT107743,,dropped_in_docs,RC,1
CPT110648,,dropped_in_docs,DL,0
CPT121178,,dropped_in_docs,INSURANCE,5
CPT116378,,dropped_in_docs,RC,1
CPT102353,2026-03-03 07:03:53.560020375,approved,,5
CPT104417,,dropped_in_docs,PERMIT,3
CPT111727,2026-02-27 08:45:43.088274347,approved,,6
CPT117778,,dropped_in_docs,FITNESS,4
CPT107542,,dropped_in_docs,RC,1
CPT107380,2026-03-04 06:00:07.172790139,approved,,6
CPT111064,,dropped_in_docs,FITNESS,4
CPT119775,,dropped_in_docs,FITNESS,4
CPT101929,,dropped_in_docs,DL,0
CPT108977,,dropped_in_docs,DL,0
CPT104144,,dropped_in_docs,RC,1
CPT115172,,dropped_in_docs,RC,1
CPT123414,,dropped_in_docs,INSURANCE,5
CPT100040,,dropped_in_docs,RC,1
CPT109676,,dropped_in_docs,FITNESS,4
CPT119151,2026-03-04 06:30:39.772526922,approved,,6
CPT124211,2026-03-04 05:51:20.969201540,approved,,6
CPT109546,,dropped_in_docs,INSURANCE,5
CPT102470,,dropped_in_docs,RC,1
CPT104854,2026-03-02 05:02:37.200703606,approved,,6
CPT117018,,dropped_in_docs,FITNESS,4
CPT105449,,dropped_in_docs,INSURANCE,5
CPT107294,,dropped_in_docs,FITNESS,4
CPT100715,,dropped_in_docs,INSURANCE,5
CPT123848,,dropped_in_docs,FITNESS,4
CPT115223,2026-03-02 10:19:27.749151724,approved,,6
CPT108906,,dropped_in_docs,FITNESS,4
CPT115646,2026-03-06 07:23:39.875190815,approved,,6
CPT107139,,dropped_in_docs,INSURANCE,5
CPT103533,,dropped_in_docs,RC,1
CPT108933,,dropped_in_docs,AADHAAR,2
CPT116086,,dropped_in_docs,RC,1
CPT110996,,dropped_in_docs,FITNESS,4
CPT104089,,dropped_in_docs,RC,1
CPT123837,,dropped_in_docs,PERMIT,3
CPT117238,,dropped_in_docs,RC,1
CPT106281,2026-03-01 05:27:57.444869100,approved,,6
CPT107165,,dropped_in_docs,RC,1
CPT119287,,dropped_in_docs,DL,0
CPT114887,,dropped_in_docs,DL,0
CPT103203,,dropped_in_docs,RC,1
CPT119857,,dropped_in_docs,AADHAAR,2
CPT101583,,dropped_in_docs,PERMIT,3
CPT107391,,dropped_in_docs,PERMIT,3
CPT101553,,dropped_in_docs,FITNESS,4
CPT112520,,dropped_in_docs,DL,0
CPT110252,,dropped_in_docs,INSURANCE,5
CPT124825,,dropped_in_docs,AADHAAR,2
CPT105771,,dropped_in_docs,FITNESS,4
CPT119466,,dropped_in_docs,RC,1
CPT118839,,dropped_in_docs,DL,0
CPT115792,2026-02-27 19:00:21.313066439,approved,,6
CPT112986,,dropped_in_docs,RC,1
CPT116043,,dropped_in_docs,RC,1
CPT114771,,dropped_in_docs,DL,0
CPT103619,,dropped_in_docs,RC,1
CPT124425,,dropped_in_docs,DL,0
CPT102072,,dropped_in_docs,PERMIT,3
CPT102427,,dropped_in_docs,AADHAAR,2
CPT116421,,dropped_in_docs,RC,1
CPT107664,,dropped_in_docs,INSURANCE,5
CPT101873,2026-03-03 20:50:14.216334662,approved,,6
CPT103403,,dropped_in_docs,PERMIT,3
CPT122370,,dropped_in_docs,PERMIT,3
CPT123385,,dropped_in_docs,DL,0
CPT108712,,dropped_in_docs,DL,0
CPT103962,,dropped_in_docs,RC,1
CPT117080,,dropped_in_docs,RC,1
CPT118820,2026-03-02 18:05:39.696142658,rejected,background_check_failed,6
CPT102367,2026-03-04 11:13:25.850528238,approved,,5
CPT119672,,dropped_in_docs,FITNESS,4
CPT100133,,dropped_in_docs,RC,1
CPT106676,,dropped_in_docs,RC,1
CPT104875,,dropped_in_docs,INSURANCE,5
CPT100267,,dropped_in_docs,INSURANCE,5
CPT107641,2026-03-03 20:38:20.852299213,approved,,5
CPT113400,,dropped_in_docs,PERMIT,3
CPT104432,,dropped_in_docs,FITNESS,4
CPT109816,,dropped_in_docs,PERMIT,3
CPT121069,,dropped_in_docs,RC,1
CPT103185,,dropped_in_docs,RC,1
CPT122307,,dropped_in_docs,RC,1
CPT115447,,dropped_in_docs,RC,1
CPT120482,,dropped_in_docs,INSURANCE,5
CPT123461,2026-03-02 15:30:25.428688153,approved,,6
CPT117455,,dropped_in_docs,DL,0
CPT122700,,dropped_in_docs,FITNESS,4
CPT105308,,dropped_in_docs,FITNESS,4
CPT117644,,dropped_in_docs,PERMIT,3
CPT115397,,dropped_in_docs,PERMIT,3
CPT118936,2026-02-27 08:22:31.242862103,approved,,5
CPT100621,,dropped_in_docs,DL,0
CPT115391,,dropped_in_docs,FITNESS,4
CPT124943,2026-03-03 05:41:42.047663331,approved,,6
CPT104712,,dropped_in_docs,FITNESS,4
CPT108453,,dropped_in_docs,PERMIT,3
CPT116134,,dropped_in_docs,INSURANCE,5
CPT102812,,dropped_in_docs,DL,0
CPT107237,2026-03-03 16:49:48.880641661,approved,,6
CPT118131,,dropped_in_docs,PERMIT,3
CPT124032,,dropped_in_docs,RC,1
CPT121944,2026-03-05 01:38:44.192596088,approved,,6
CPT109427,,dropped_in_docs,RC,1
CPT108947,,dropped_in_docs,AADHAAR,2
CPT124171,,dropped_in_docs,DL,0
CPT113039,2026-02-28 10:42:05.189480208,approved,,5
CPT117783,,dropped_in_docs,RC,1
CPT122236,,dropped_in_docs,AADHAAR,2
CPT102650,,dropped_in_docs,FITNESS,4
CPT107524,,dropped_in_docs,RC,1
CPT113944,,dropped_in_docs,FITNESS,4
CPT121679,,dropped_in_docs,RC,1
CPT106748,2026-03-03 10:42:13.064070999,approved,,6
CPT103490,,dropped_in_docs,INSURANCE,5
CPT121737,,dropped_in_docs,PERMIT,3
CPT102873,,dropped_in_docs,DL,0
CPT114554,,dropped_in_docs,FITNESS,4
CPT102426,2026-03-03 05:06:59.943105426,approved,,5
CPT116579,,dropped_in_docs,PERMIT,3
CPT102671,,dropped_in_docs,DL,0
CPT100623,,dropped_in_docs,RC,1
CPT101894,,dropped_in_docs,INSURANCE,5
CPT122311,,dropped_in_docs,PERMIT,3
CPT121279,,dropped_in_docs,RC,1
CPT100661,,dropped_in_docs,RC,1
CPT106580,,dropped_in_docs,PERMIT,3
CPT108540,,dropped_in_docs,INSURANCE,5
CPT113601,,dropped_in_docs,DL,0
CPT118186,,dropped_in_docs,RC,1
CPT119394,,dropped_in_docs,PERMIT,3
CPT113417,2026-03-02 09:26:42.691219987,approved,,6
CPT114493,,dropped_in_docs,DL,0
CPT106004,2026-03-04 20:52:22.544392881,approved,,6
CPT102715,,dropped_in_docs,DL,0
CPT108664,,dropped_in_docs,INSURANCE,5
CPT104644,,dropped_in_docs,DL,0
CPT117035,,dropped_in_docs,RC,1
CPT118000,,dropped_in_docs,INSURANCE,5
CPT122058,,dropped_in_docs,PERMIT,3
CPT102250,,dropped_in_docs,RC,1
CPT121524,,dropped_in_docs,INSURANCE,5
CPT110164,,dropped_in_docs,PERMIT,3
CPT100668,,dropped_in_docs,DL,0
CPT114218,,dropped_in_docs,INSURANCE,5
CPT108792,,dropped_in_docs,RC,1
CPT108060,,dropped_in_docs,RC,1
CPT103747,2026-03-07 04:23:33.799560765,approved,,6
CPT113286,,dropped_in_docs,INSURANCE,5
CPT121336,2026-03-01 18:23:44.598109117,approved,,6
CPT119131,,dropped_in_docs,AADHAAR,2
CPT108352,,dropped_in_docs,RC,1
CPT103056,,dropped_in_docs,FITNESS,4
CPT112760,,dropped_in_docs,INSURANCE,5
CPT104277,,dropped_in_docs,INSURANCE,5
CPT110140,,dropped_in_docs,INSURANCE,5
CPT109316,,dropped_in_docs,RC,1
CPT113817,,dropped_in_docs,RC,1
CPT111200,,dropped_in_docs,INSURANCE,5
CPT113351,,dropped_in_docs,PERMIT,3
CPT110173,,dropped_in_docs,PERMIT,3
CPT121158,2026-03-03 21:44:51.858274874,approved,,6
CPT117364,,dropped_in_docs,PERMIT,3
CPT106157,,dropped_in_docs,RC,1
CPT112272,,dropped_in_docs,PERMIT,3
CPT120278,,dropped_in_docs,AADHAAR,2
CPT103032,2026-03-04 03:43:03.055049294,approved,,6
CPT117066,,dropped_in_docs,AADHAAR,2
CPT124427,2026-03-02 23:15:22.279706391,approved,,6
CPT104648,2026-03-02 22:01:36.599040615,approved,,5
CPT102592,2026-03-04 05:12:21.983873395,approved,,5
CPT120431,,dropped_in_docs,RC,1
CPT118273,,dropped_in_docs,RC,1
CPT101655,,dropped_in_docs,DL,0
CPT103865,,dropped_in_docs,RC,1
CPT123601,,dropped_in_docs,INSURANCE,5
CPT114697,,dropped_in_docs,RC,1
CPT110660,,dropped_in_docs,RC,1
CPT107090,2026-03-05 23:29:46.780161445,approved,,6
CPT112346,,dropped_in_docs,PERMIT,3
CPT124033,,dropped_in_docs,RC,1
CPT106265,,dropped_in_docs,DL,0
CPT118223,,dropped_in_docs,INSURANCE,5
CPT101361,,dropped_in_docs,INSURANCE,5
CPT110945,2026-03-03 06:07:29.695701754,approved,,5
CPT104868,,dropped_in_docs,RC,1
CPT120564,,dropped_in_docs,FITNESS,4
CPT120109,2026-03-03 09:28:55.323341858,approved,,5
CPT119334,,dropped_in_docs,RC,1
CPT104634,,dropped_in_docs,INSURANCE,5
CPT122440,,dropped_in_docs,RC,1
CPT107316,,dropped_in_docs,AADHAAR,2
CPT103115,,dropped_in_docs,AADHAAR,2
CPT112615,,dropped_in_docs,PERMIT,3
CPT112916,,dropped_in_docs,RC,1
CPT115947,,dropped_in_docs,INSURANCE,5
CPT116241,2026-03-03 06:48:41.446346906,approved,,6
CPT120035,,dropped_in_docs,RC,1
CPT117923,,dropped_in_docs,INSURANCE,5
CPT107630,,dropped_in_docs,RC,1
CPT111854,,dropped_in_docs,INSURANCE,5
CPT100633,,dropped_in_docs,DL,0
CPT104387,,dropped_in_docs,RC,1
CPT120245,2026-03-03 10:46:53.389953241,approved,,6
CPT106277,,dropped_in_docs,FITNESS,4
CPT105384,,dropped_in_docs,FITNESS,4
CPT110622,,dropped_in_docs,FITNESS,4
CPT117014,,dropped_in_docs,FITNESS,4
CPT123049,,dropped_in_docs,RC,1
CPT103449,,dropped_in_docs,RC,1
CPT115840,2026-03-02 23:49:01.104078964,approved,,5
CPT102877,,dropped_in_docs,RC,1
CPT112739,,dropped_in_docs,FITNESS,4
CPT119168,,dropped_in_docs,RC,1
CPT122282,,dropped_in_docs,INSURANCE,5
CPT116040,,dropped_in_docs,RC,1
CPT102741,,dropped_in_docs,PERMIT,3
CPT123321,,dropped_in_docs,PERMIT,3
CPT124670,,dropped_in_docs,RC,1
CPT112976,2026-03-08 15:46:07.362443330,approved,,6
CPT123999,,dropped_in_docs,PERMIT,3
CPT103548,2026-03-06 13:29:04.193557034,approved,,6
CPT103887,2026-03-03 20:52:13.747306074,approved,,6
CPT101497,2026-03-03 07:31:51.207134162,approved,,6
CPT106633,,dropped_in_docs,RC,1
CPT107486,,dropped_in_docs,RC,1
CPT119142,,dropped_in_docs,FITNESS,4
CPT117317,,dropped_in_docs,RC,1
CPT107997,,dropped_in_docs,RC,1
CPT105198,,dropped_in_docs,RC,1
CPT113255,,dropped_in_docs,FITNESS,4
CPT118642,,dropped_in_docs,DL,0
CPT120660,,dropped_in_docs,FITNESS,4
CPT104842,,dropped_in_docs,INSURANCE,5
CPT113450,,dropped_in_docs,AADHAAR,2
CPT104267,,dropped_in_docs,PERMIT,3
CPT121371,,dropped_in_docs,INSURANCE,5
CPT117104,2026-03-04 00:07:25.046162299,approved,,5
CPT103967,,dropped_in_docs,DL,0
CPT104799,,dropped_in_docs,FITNESS,4
CPT116060,,dropped_in_docs,FITNESS,4
CPT121965,,dropped_in_docs,PERMIT,3
CPT118665,,dropped_in_docs,FITNESS,4
CPT110980,,dropped_in_docs,PERMIT,3
CPT108699,2026-03-02 02:44:13.642214375,approved,,6
CPT110883,,dropped_in_docs,INSURANCE,5
CPT105245,,dropped_in_docs,RC,1
CPT113098,,dropped_in_docs,FITNESS,4
CPT107449,,dropped_in_docs,RC,1
CPT110316,,dropped_in_docs,RC,1
CPT101587,,dropped_in_docs,RC,1
CPT103959,,dropped_in_docs,DL,0
CPT115987,,dropped_in_docs,RC,1
CPT118829,,dropped_in_docs,INSURANCE,5
CPT103164,,dropped_in_docs,PERMIT,3
CPT102197,,dropped_in_docs,RC,1
CPT109465,,dropped_in_docs,AADHAAR,2
CPT112301,,dropped_in_docs,RC,1
CPT113937,,dropped_in_docs,RC,1
CPT107411,2026-03-04 12:51:36.932941782,approved,,5
CPT122288,,dropped_in_docs,AADHAAR,2
CPT110912,2026-03-05 17:32:45.235147979,approved,,6
CPT118538,,dropped_in_docs,RC,1
CPT118010,,dropped_in_docs,AADHAAR,2
CPT117440,,dropped_in_docs,RC,1
CPT105956,2026-03-04 20:01:02.125423695,approved,,6
CPT117371,,dropped_in_docs,PERMIT,3
CPT112028,,dropped_in_docs,PERMIT,3
CPT106488,2026-03-05 07:53:11.061872975,approved,,5
CPT120465,2026-03-05 17:58:58.965392104,approved,,6
CPT107611,2026-03-05 07:24:09.158126109,approved,,6
CPT117171,,dropped_in_docs,PERMIT,3
CPT123246,,dropped_in_docs,RC,1
CPT118164,,dropped_in_docs,INSURANCE,5
CPT123750,,dropped_in_docs,RC,1
CPT117820,,dropped_in_docs,INSURANCE,5
CPT123895,,dropped_in_docs,RC,1
CPT108796,,dropped_in_docs,FITNESS,4
CPT119733,,dropped_in_docs,DL,0
CPT100408,,dropped_in_docs,FITNESS,4
CPT112374,,dropped_in_docs,RC,1
CPT114879,2026-03-04 09:21:39.573308532,approved,,6
CPT100828,,dropped_in_docs,RC,1
CPT115953,,dropped_in_docs,FITNESS,4
CPT103622,2026-03-04 15:27:34.553454148,approved,,6
CPT112411,,dropped_in_docs,FITNESS,4
CPT106263,2026-03-04 08:54:29.495885068,approved,,5
CPT121682,,dropped_in_docs,DL,0
CPT105541,,dropped_in_docs,RC,1
CPT108291,,dropped_in_docs,RC,1
CPT100555,,dropped_in_docs,PERMIT,3
CPT116862,,dropped_in_docs,AADHAAR,2
CPT116227,,dropped_in_docs,INSURANCE,5
CPT111201,,dropped_in_docs,INSURANCE,5
CPT101163,,dropped_in_docs,FITNESS,4
CPT104316,,dropped_in_docs,PERMIT,3
CPT120199,2026-03-03 17:53:49.498608525,approved,,6
CPT123227,,dropped_in_docs,FITNESS,4
CPT108020,,dropped_in_docs,PERMIT,3
CPT113079,,dropped_in_docs,DL,0
CPT122189,,dropped_in_docs,FITNESS,4
CPT104163,,dropped_in_docs,INSURANCE,5
CPT121340,,dropped_in_docs,INSURANCE,5
CPT121310,,dropped_in_docs,PERMIT,3
CPT113813,,dropped_in_docs,PERMIT,3
CPT119679,,dropped_in_docs,RC,1
CPT107055,,dropped_in_docs,PERMIT,3
CPT115847,,dropped_in_docs,PERMIT,3
CPT105722,,dropped_in_docs,AADHAAR,2
CPT120999,,dropped_in_docs,INSURANCE,5
CPT113138,,dropped_in_docs,INSURANCE,5
CPT117034,,dropped_in_docs,PERMIT,3
CPT107769,,dropped_in_docs,PERMIT,3
CPT106516,,dropped_in_docs,RC,1
CPT114471,,dropped_in_docs,INSURANCE,5
CPT101813,2026-03-02 11:04:19.892764593,approved,,6
CPT107295,,dropped_in_docs,DL,0
CPT112666,2026-03-05 19:20:38.859565612,approved,,6
CPT120156,,dropped_in_docs,INSURANCE,5
CPT115920,,dropped_in_docs,DL,0
CPT118911,,dropped_in_docs,RC,1
CPT122244,,dropped_in_docs,FITNESS,4
CPT108714,,dropped_in_docs,PERMIT,3
CPT116373,2026-03-06 13:36:32.148510385,approved,,6
CPT103984,,dropped_in_docs,PERMIT,3
CPT114180,,dropped_in_docs,FITNESS,4
CPT117107,,dropped_in_docs,RC,1
CPT103671,2026-03-04 06:53:54.111490241,approved,,6
CPT117079,,dropped_in_docs,DL,0
CPT119052,,dropped_in_docs,DL,0
CPT104161,,dropped_in_docs,DL,0
CPT110299,,dropped_in_docs,DL,0
CPT119467,,dropped_in_docs,DL,0
CPT108007,,dropped_in_docs,PERMIT,3
CPT112395,,dropped_in_docs,AADHAAR,2
CPT105985,2026-03-03 12:05:46.717264050,approved,,5
CPT119591,,dropped_in_docs,INSURANCE,5
CPT107847,,dropped_in_docs,DL,0
CPT103124,,dropped_in_docs,RC,1
CPT100609,2026-03-04 20:15:26.128666221,approved,,6
CPT100011,,dropped_in_docs,RC,1
CPT113454,,dropped_in_docs,FITNESS,4
CPT100653,,dropped_in_docs,INSURANCE,5
CPT107609,,dropped_in_docs,PERMIT,3
CPT124307,,dropped_in_docs,RC,1
CPT121385,,dropped_in_docs,PERMIT,3
CPT119306,2026-03-06 17:15:47.327696215,rejected,background_check_failed,6
CPT100931,,dropped_in_docs,FITNESS,4
CPT115719,,dropped_in_docs,RC,1
CPT111095,2026-03-05 01:39:42.419635489,approved,,6
CPT109401,,dropped_in_docs,PERMIT,3
CPT124691,,dropped_in_docs,INSURANCE,5
CPT123117,,dropped_in_docs,RC,1
CPT115464,,dropped_in_docs,INSURANCE,5
CPT100362,2026-03-03 18:21:59.962315312,approved,,6
CPT107043,,dropped_in_docs,FITNESS,4
CPT102395,2026-03-06 22:45:45.874982637,approved,,5
CPT116283,,dropped_in_docs,RC,1
CPT114521,,dropped_in_docs,AADHAAR,2
CPT119299,,dropped_in_docs,INSURANCE,5
CPT101279,,dropped_in_docs,RC,1
CPT117458,,dropped_in_docs,INSURANCE,5
CPT119053,,dropped_in_docs,DL,0
CPT105054,,dropped_in_docs,RC,1
CPT121345,,dropped_in_docs,AADHAAR,2
CPT110574,,dropped_in_docs,DL,0
CPT122323,,dropped_in_docs,PERMIT,3
CPT109219,,dropped_in_docs,AADHAAR,2
CPT111233,,dropped_in_docs,PERMIT,3
CPT124927,,dropped_in_docs,DL,0
CPT113946,,dropped_in_docs,DL,0
CPT108708,,dropped_in_docs,RC,1
CPT105549,,dropped_in_docs,PERMIT,3
CPT117454,,dropped_in_docs,PERMIT,3
CPT121098,,dropped_in_docs,DL,0
CPT101828,,dropped_in_docs,INSURANCE,5
CPT112602,,dropped_in_docs,DL,0
CPT122595,2026-03-03 16:40:30.112576749,approved,,6
CPT106923,2026-03-05 16:24:07.538778071,approved,,6
CPT104460,,dropped_in_docs,PERMIT,3
CPT120504,,dropped_in_docs,RC,1
CPT102201,,dropped_in_docs,DL,0
CPT107684,,dropped_in_docs,PERMIT,3
CPT115329,,dropped_in_docs,DL,0
CPT108856,,dropped_in_docs,INSURANCE,5
CPT103545,,dropped_in_docs,FITNESS,4
CPT104260,,dropped_in_docs,FITNESS,4
CPT121697,2026-03-08 21:02:55.318839470,rejected,doc_authenticity_flag,6
CPT117041,,dropped_in_docs,FITNESS,4
CPT111661,,dropped_in_docs,FITNESS,4
CPT119949,2026-03-03 21:06:23.540540025,approved,,6
CPT118195,,dropped_in_docs,FITNESS,4
CPT101742,,dropped_in_docs,FITNESS,4
CPT109061,,dropped_in_docs,RC,1
CPT105569,,dropped_in_docs,RC,1
CPT105763,,dropped_in_docs,FITNESS,4
CPT120557,,dropped_in_docs,PERMIT,3
CPT101505,,dropped_in_docs,FITNESS,4
CPT120805,,dropped_in_docs,DL,0
CPT123463,,dropped_in_docs,RC,1
CPT100762,,dropped_in_docs,RC,1
CPT115421,,dropped_in_docs,FITNESS,4
CPT119681,,dropped_in_docs,PERMIT,3
CPT112529,,dropped_in_docs,PERMIT,3
CPT124899,,dropped_in_docs,DL,0
CPT101074,,dropped_in_docs,AADHAAR,2
CPT117457,,dropped_in_docs,AADHAAR,2
CPT121689,,dropped_in_docs,FITNESS,4
CPT106863,,dropped_in_docs,DL,0
CPT120193,,dropped_in_docs,PERMIT,3
CPT112670,,dropped_in_docs,DL,0
CPT124098,,dropped_in_docs,RC,1
CPT104439,2026-03-05 21:40:28.541633465,approved,,6
CPT124769,,dropped_in_docs,AADHAAR,2
CPT100978,,dropped_in_docs,PERMIT,3
CPT114091,,dropped_in_docs,RC,1
CPT113126,,dropped_in_docs,DL,0
CPT104942,,dropped_in_docs,DL,0
CPT108872,2026-03-07 15:50:43.898682337,approved,,6
CPT116960,,dropped_in_docs,DL,0
CPT117369,,dropped_in_docs,INSURANCE,5
CPT107400,,dropped_in_docs,RC,1
CPT105312,,dropped_in_docs,AADHAAR,2
CPT118302,,dropped_in_docs,DL,0
CPT120964,,dropped_in_docs,RC,1
CPT108279,,dropped_in_docs,RC,1
CPT119127,2026-03-04 14:50:14.677746612,approved,,6
CPT123404,,dropped_in_docs,INSURANCE,5
CPT123445,,dropped_in_docs,PERMIT,3
CPT107085,,dropped_in_docs,FITNESS,4
CPT108418,,dropped_in_docs,PERMIT,3
CPT106969,,dropped_in_docs,FITNESS,4
CPT112554,,dropped_in_docs,RC,1
CPT105562,,dropped_in_docs,FITNESS,4
CPT118062,,dropped_in_docs,RC,1
CPT104872,2026-03-05 12:32:58.711657417,approved,,6
CPT108873,,dropped_in_docs,RC,1
CPT100855,,dropped_in_docs,RC,1
CPT106666,,dropped_in_docs,PERMIT,3
CPT120058,,dropped_in_docs,FITNESS,4
CPT109032,,dropped_in_docs,PERMIT,3
CPT117936,,dropped_in_docs,RC,1
CPT112894,2026-03-04 16:30:44.961241148,approved,,5
CPT115071,,dropped_in_docs,AADHAAR,2
CPT110291,,dropped_in_docs,RC,1
CPT101977,,dropped_in_docs,INSURANCE,5
CPT124041,,dropped_in_docs,DL,0
CPT106578,,dropped_in_docs,FITNESS,4
CPT124339,,dropped_in_docs,PERMIT,3
CPT118323,2026-03-05 12:54:04.463848419,approved,,6
CPT115924,,dropped_in_docs,RC,1
CPT104695,,dropped_in_docs,RC,1
CPT110669,,dropped_in_docs,DL,0
CPT109497,,dropped_in_docs,RC,1
CPT120857,2026-03-05 05:14:23.713946219,approved,,6
CPT105638,,dropped_in_docs,INSURANCE,5
CPT109834,,dropped_in_docs,FITNESS,4
CPT116066,,dropped_in_docs,AADHAAR,2
CPT104098,,dropped_in_docs,PERMIT,3
CPT116461,,dropped_in_docs,PERMIT,3
CPT112580,,dropped_in_docs,PERMIT,3
CPT102091,,dropped_in_docs,INSURANCE,5
CPT118446,,dropped_in_docs,DL,0
CPT104687,,dropped_in_docs,FITNESS,4
CPT104330,,dropped_in_docs,FITNESS,4
CPT124774,,dropped_in_docs,RC,1
CPT118957,,dropped_in_docs,INSURANCE,5
CPT103060,,dropped_in_docs,AADHAAR,2
CPT114248,,dropped_in_docs,RC,1
CPT117407,,dropped_in_docs,INSURANCE,5
CPT113203,,dropped_in_docs,DL,0
CPT106366,,dropped_in_docs,FITNESS,4
CPT114147,,dropped_in_docs,PERMIT,3
CPT101369,,dropped_in_docs,DL,0
CPT111901,,dropped_in_docs,INSURANCE,5
CPT105123,,dropped_in_docs,FITNESS,4
CPT103701,,dropped_in_docs,FITNESS,4
CPT123078,,dropped_in_docs,AADHAAR,2
CPT114246,,dropped_in_docs,AADHAAR,2
CPT113479,,dropped_in_docs,RC,1
CPT123319,,dropped_in_docs,INSURANCE,5
CPT118163,,dropped_in_docs,PERMIT,3
CPT123817,2026-03-03 15:16:09.128737984,approved,,6
CPT123467,,dropped_in_docs,PERMIT,3
CPT117207,,dropped_in_docs,RC,1
CPT107722,2026-03-07 09:04:23.343776660,approved,,6
CPT116306,,dropped_in_docs,RC,1
CPT105172,,dropped_in_docs,RC,1
CPT104530,,dropped_in_docs,FITNESS,4
CPT117674,,dropped_in_docs,RC,1
CPT116266,2026-03-04 14:02:42.909161508,rejected,background_check_failed,6
CPT120266,,dropped_in_docs,AADHAAR,2
CPT107319,,dropped_in_docs,AADHAAR,2
CPT102416,,dropped_in_docs,INSURANCE,5
CPT108413,,dropped_in_docs,PERMIT,3
CPT110774,,dropped_in_docs,DL,0
CPT104224,,dropped_in_docs,RC,1
CPT120679,2026-03-05 16:32:59.243285236,approved,,6
CPT112387,,dropped_in_docs,RC,1
CPT117576,2026-03-05 12:19:17.933486927,approved,,6
CPT109740,,dropped_in_docs,AADHAAR,2
CPT109744,2026-03-05 22:19:11.465611637,approved,,6
CPT105093,,dropped_in_docs,RC,1
CPT101227,,dropped_in_docs,PERMIT,3
CPT124883,,dropped_in_docs,INSURANCE,5
CPT115713,2026-03-06 04:06:47.414496213,approved,,5
CPT101886,,dropped_in_docs,AADHAAR,2
CPT101609,,dropped_in_docs,FITNESS,4
CPT117672,,dropped_in_docs,FITNESS,4
CPT102578,,dropped_in_docs,DL,0
CPT116938,,dropped_in_docs,AADHAAR,2
CPT104400,2026-03-09 08:01:27.495831590,approved,,6
CPT102254,,dropped_in_docs,FITNESS,4
CPT105542,,dropped_in_docs,INSURANCE,5
CPT102497,,dropped_in_docs,PERMIT,3
CPT123291,,dropped_in_docs,DL,0
CPT115478,,dropped_in_docs,RC,1
CPT114103,,dropped_in_docs,INSURANCE,5
CPT118599,2026-03-04 14:23:56.784800265,approved,,5
CPT104507,2026-03-06 02:10:34.600876844,approved,,6
CPT114646,,dropped_in_docs,RC,1
CPT106387,2026-03-04 23:07:34.996686894,approved,,5
CPT111903,,dropped_in_docs,AADHAAR,2
CPT103285,,dropped_in_docs,DL,0
CPT119546,,dropped_in_docs,RC,1
CPT106607,,dropped_in_docs,FITNESS,4
CPT121993,,dropped_in_docs,RC,1
CPT119234,2026-03-04 09:04:23.313794758,approved,,5
CPT108491,,dropped_in_docs,PERMIT,3
CPT100755,,dropped_in_docs,DL,0
CPT122845,,dropped_in_docs,DL,0
CPT106724,,dropped_in_docs,INSURANCE,5
CPT124611,,dropped_in_docs,RC,1
CPT111584,2026-03-04 20:20:27.706218869,approved,,6
CPT107645,,dropped_in_docs,RC,1
CPT118087,,dropped_in_docs,RC,1
CPT116964,,dropped_in_docs,PERMIT,3
CPT121895,,dropped_in_docs,AADHAAR,2
CPT119929,,dropped_in_docs,FITNESS,4
CPT119940,,dropped_in_docs,DL,0
CPT119026,,dropped_in_docs,RC,1
CPT100657,,dropped_in_docs,FITNESS,4
CPT111131,2026-03-07 17:26:44.117564269,approved,,6
CPT106113,,dropped_in_docs,AADHAAR,2
CPT118843,,dropped_in_docs,RC,1
CPT116022,,dropped_in_docs,FITNESS,4
CPT112607,,dropped_in_docs,AADHAAR,2
CPT108727,2026-03-05 06:25:07.013215060,approved,,6
CPT103674,,dropped_in_docs,FITNESS,4
CPT101006,,dropped_in_docs,DL,0
CPT123782,2026-03-05 14:48:51.498337109,rejected,vehicle_age_policy,6
CPT109627,,dropped_in_docs,RC,1
CPT100640,,dropped_in_docs,DL,0
CPT120255,,dropped_in_docs,RC,1
CPT100976,,dropped_in_docs,FITNESS,4
CPT118391,,dropped_in_docs,RC,1
CPT101373,,dropped_in_docs,DL,0
CPT105560,2026-03-08 06:31:48.195906543,approved,,5
CPT115837,,dropped_in_docs,PERMIT,3
CPT105485,2026-03-07 04:43:35.093698063,approved,,5
CPT107243,,dropped_in_docs,FITNESS,4
CPT113645,,dropped_in_docs,PERMIT,3
CPT117578,,dropped_in_docs,AADHAAR,2
CPT107744,,dropped_in_docs,RC,1
CPT112248,,dropped_in_docs,RC,1
CPT118582,,dropped_in_docs,PERMIT,3
CPT115551,2026-03-06 19:05:22.164983169,approved,,6
CPT106870,,dropped_in_docs,FITNESS,4
CPT113880,2026-03-08 09:14:49.060294684,approved,,6
CPT107215,2026-03-07 17:37:00.046647452,approved,,6
CPT101104,,dropped_in_docs,DL,0
CPT116578,,dropped_in_docs,DL,0
CPT100528,,dropped_in_docs,RC,1
CPT123846,2026-03-08 18:56:14.542945223,approved,,6
CPT116562,,dropped_in_docs,DL,0
CPT116279,,dropped_in_docs,RC,1
CPT123818,2026-03-08 03:22:05.862352350,approved,,6
CPT115461,,dropped_in_docs,PERMIT,3
CPT113755,,dropped_in_docs,AADHAAR,2
CPT114666,,dropped_in_docs,RC,1
CPT123437,2026-03-04 10:46:28.554056364,approved,,6
CPT114125,,dropped_in_docs,DL,0
CPT115631,,dropped_in_docs,DL,0
CPT111796,,dropped_in_docs,AADHAAR,2
CPT101838,2026-03-10 16:52:15.143836368,approved,,6
CPT110286,,dropped_in_docs,FITNESS,4
CPT101021,,dropped_in_docs,RC,1
CPT124170,,dropped_in_docs,PERMIT,3
CPT101692,,dropped_in_docs,PERMIT,3
CPT105102,,dropped_in_docs,DL,0
CPT122788,,dropped_in_docs,RC,1
CPT119022,,dropped_in_docs,DL,0
CPT103699,,dropped_in_docs,DL,0
CPT117633,,dropped_in_docs,RC,1
CPT108298,,dropped_in_docs,RC,1
CPT100480,2026-03-08 22:32:27.652161580,approved,,6
CPT124725,,dropped_in_docs,RC,1
CPT102890,,dropped_in_docs,RC,1
CPT107973,2026-03-08 01:09:51.866356460,rejected,vehicle_age_policy,6
CPT104953,,dropped_in_docs,RC,1
CPT101806,,dropped_in_docs,PERMIT,3
CPT113608,,dropped_in_docs,INSURANCE,5
CPT108011,,dropped_in_docs,INSURANCE,5
CPT123702,,dropped_in_docs,INSURANCE,5
CPT113452,,dropped_in_docs,RC,1
CPT113621,,dropped_in_docs,AADHAAR,2
CPT112909,,dropped_in_docs,DL,0
CPT103806,,dropped_in_docs,AADHAAR,2
CPT113338,,dropped_in_docs,INSURANCE,5
CPT100481,2026-03-09 06:23:41.442647711,approved,,6
CPT101143,,dropped_in_docs,RC,1
CPT117906,,dropped_in_docs,DL,0
CPT115892,2026-03-06 09:26:04.872057261,approved,,6
CPT101202,2026-03-06 11:47:56.607153293,approved,,6
CPT101926,,dropped_in_docs,INSURANCE,5
CPT123964,,dropped_in_docs,INSURANCE,5
CPT106506,,dropped_in_docs,PERMIT,3
CPT121949,2026-03-08 08:22:35.206395077,approved,,6
CPT114056,,dropped_in_docs,RC,1
CPT123617,2026-03-06 20:34:49.409878854,approved,,5
CPT124698,,dropped_in_docs,PERMIT,3
CPT116729,2026-03-05 22:41:09.469659677,approved,,6
CPT114986,,dropped_in_docs,PERMIT,3
CPT104546,,dropped_in_docs,RC,1
CPT121246,,dropped_in_docs,PERMIT,3
CPT113007,2026-03-06 00:10:29.675900465,approved,,6
CPT115322,,dropped_in_docs,INSURANCE,5
CPT118456,,dropped_in_docs,RC,1
CPT105700,2026-03-04 16:27:29.466406624,approved,,6
CPT102303,2026-03-07 11:14:49.665918033,approved,,6
CPT124104,,dropped_in_docs,RC,1
CPT118589,,dropped_in_docs,PERMIT,3
CPT103249,,dropped_in_docs,INSURANCE,5
CPT105757,,dropped_in_docs,INSURANCE,5
CPT123075,,dropped_in_docs,INSURANCE,5
CPT109536,,dropped_in_docs,FITNESS,4
CPT112476,,dropped_in_docs,INSURANCE,5
CPT104476,2026-03-07 22:29:27.329021122,approved,,6
CPT124035,,dropped_in_docs,FITNESS,4
CPT102786,,dropped_in_docs,DL,0
CPT113466,2026-03-06 04:33:23.373280082,approved,,6
CPT105307,,dropped_in_docs,PERMIT,3
CPT115275,,dropped_in_docs,AADHAAR,2
CPT106970,,dropped_in_docs,RC,1
CPT113299,,dropped_in_docs,RC,1
CPT123114,,dropped_in_docs,FITNESS,4
CPT103480,,dropped_in_docs,DL,0
CPT114882,2026-03-06 21:29:28.619965217,approved,,6
CPT121907,2026-03-06 02:24:18.591069623,approved,,6
CPT117313,,dropped_in_docs,RC,1
CPT121534,,dropped_in_docs,RC,1
CPT110157,2026-03-04 10:56:32.359158396,approved,,5
CPT117068,,dropped_in_docs,FITNESS,4
CPT110066,,dropped_in_docs,RC,1
CPT104386,,dropped_in_docs,FITNESS,4
CPT105059,2026-03-08 10:19:10.230084761,approved,,6
CPT123711,,dropped_in_docs,INSURANCE,5
CPT124580,,dropped_in_docs,INSURANCE,5
CPT119154,,dropped_in_docs,RC,1
CPT116248,,dropped_in_docs,FITNESS,4
CPT111877,,dropped_in_docs,PERMIT,3
CPT124058,,dropped_in_docs,RC,1
CPT104063,,dropped_in_docs,RC,1
CPT124831,,dropped_in_docs,RC,1
CPT104085,,dropped_in_docs,INSURANCE,5
CPT115118,,dropped_in_docs,AADHAAR,2
CPT101922,,dropped_in_docs,INSURANCE,5
CPT122301,2026-03-10 08:45:53.317182452,approved,,6
CPT101493,,dropped_in_docs,PERMIT,3
CPT123963,,dropped_in_docs,PERMIT,3
CPT102374,2026-03-09 00:19:07.776341207,approved,,5
CPT110984,,dropped_in_docs,INSURANCE,5
CPT124067,,dropped_in_docs,INSURANCE,5
CPT106093,,dropped_in_docs,RC,1
CPT112041,,dropped_in_docs,RC,1
CPT104668,,dropped_in_docs,AADHAAR,2
CPT108967,,dropped_in_docs,INSURANCE,5
CPT112519,,dropped_in_docs,DL,0
CPT110092,,dropped_in_docs,INSURANCE,5
CPT110072,,dropped_in_docs,FITNESS,4
CPT117492,,dropped_in_docs,FITNESS,4
CPT110947,,dropped_in_docs,RC,1
CPT120978,,dropped_in_docs,INSURANCE,5
CPT123987,2026-03-07 14:47:11.337515172,approved,,6
CPT113052,,dropped_in_docs,AADHAAR,2
CPT124000,2026-03-08 13:21:08.934183772,approved,,5
CPT101283,,dropped_in_docs,PERMIT,3
CPT111893,2026-03-06 09:58:11.279011700,approved,,6
CPT108304,,dropped_in_docs,RC,1
CPT102853,2026-03-06 18:10:52.707290645,approved,,6
CPT107522,,dropped_in_docs,DL,0
CPT123051,,dropped_in_docs,RC,1
CPT119789,2026-03-06 03:33:29.223165676,approved,,5
CPT115378,,dropped_in_docs,RC,1
CPT108774,,dropped_in_docs,AADHAAR,2
CPT112444,,dropped_in_docs,PERMIT,3
CPT115642,,dropped_in_docs,RC,1
CPT115571,2026-03-07 11:58:30.664778238,approved,,6
CPT101112,,dropped_in_docs,AADHAAR,2
CPT116342,,dropped_in_docs,DL,0
CPT116710,2026-03-08 14:21:08.529021386,approved,,5
CPT112568,,dropped_in_docs,INSURANCE,5
CPT109263,2026-03-05 06:27:02.656620863,approved,,6
CPT101719,,dropped_in_docs,DL,0
CPT106614,,dropped_in_docs,DL,0
CPT121296,,dropped_in_docs,DL,0
CPT117339,,dropped_in_docs,PERMIT,3
CPT100968,,dropped_in_docs,PERMIT,3
CPT121645,,dropped_in_docs,RC,1
CPT114398,,dropped_in_docs,PERMIT,3
CPT120656,,dropped_in_docs,INSURANCE,5
CPT116950,,dropped_in_docs,DL,0
CPT120267,,dropped_in_docs,DL,0
CPT106703,,dropped_in_docs,INSURANCE,5
CPT102390,,dropped_in_docs,FITNESS,4
CPT105606,,dropped_in_docs,INSURANCE,5
CPT116155,,dropped_in_docs,INSURANCE,5
CPT116144,,dropped_in_docs,RC,1
CPT120601,,dropped_in_docs,FITNESS,4
CPT105133,,dropped_in_docs,RC,1
CPT102210,2026-03-07 17:09:56.329089909,approved,,6
CPT100838,,dropped_in_docs,INSURANCE,5
CPT114761,,dropped_in_docs,DL,0
CPT104118,,dropped_in_docs,RC,1
CPT117200,,dropped_in_docs,DL,0
CPT104114,,dropped_in_docs,DL,0
CPT117265,,dropped_in_docs,AADHAAR,2
CPT123836,,dropped_in_docs,RC,1
CPT103718,,dropped_in_docs,FITNESS,4
CPT113210,,dropped_in_docs,RC,1
CPT110543,2026-03-08 21:42:49.104845877,approved,,6
CPT102299,,dropped_in_docs,PERMIT,3
CPT119054,2026-03-10 04:04:03.905761860,approved,,6
CPT111657,,dropped_in_docs,DL,0
CPT104861,,dropped_in_docs,PERMIT,3
CPT116837,2026-03-09 00:33:40.243385956,approved,,6
CPT114784,,dropped_in_docs,AADHAAR,2
CPT110775,,dropped_in_docs,DL,0
CPT117641,,dropped_in_docs,DL,0
CPT104846,,dropped_in_docs,RC,1
CPT102377,,dropped_in_docs,RC,1
CPT104466,,dropped_in_docs,FITNESS,4
CPT102182,,dropped_in_docs,RC,1
CPT120791,,dropped_in_docs,RC,1
CPT114696,,dropped_in_docs,FITNESS,4
CPT112215,2026-03-06 16:09:36.178227913,approved,,6
CPT112355,,dropped_in_docs,DL,0
CPT108482,,dropped_in_docs,RC,1
CPT118063,,dropped_in_docs,RC,1
CPT106792,2026-03-07 14:03:09.653356470,approved,,6
CPT101102,2026-03-05 22:34:30.818530080,approved,,5
CPT116773,,dropped_in_docs,INSURANCE,5
CPT104621,,dropped_in_docs,FITNESS,4
CPT103296,,dropped_in_docs,AADHAAR,2
CPT112818,,dropped_in_docs,PERMIT,3
CPT109478,2026-03-08 18:45:26.766803482,approved,,5
CPT112072,,dropped_in_docs,PERMIT,3
CPT124754,,dropped_in_docs,PERMIT,3
CPT117338,,dropped_in_docs,AADHAAR,2
CPT120567,,dropped_in_docs,RC,1
CPT102232,2026-03-09 07:54:17.956643888,approved,,6
CPT116474,,dropped_in_docs,DL,0
CPT113311,,dropped_in_docs,PERMIT,3
CPT101669,,dropped_in_docs,DL,0
CPT118090,,dropped_in_docs,DL,0
CPT105229,,dropped_in_docs,PERMIT,3
CPT117145,,dropped_in_docs,INSURANCE,5
CPT121423,,dropped_in_docs,RC,1
CPT108128,,dropped_in_docs,PERMIT,3
CPT101794,2026-03-07 05:29:45.300267569,approved,,5
CPT116778,2026-03-09 06:37:51.337431278,approved,,6
CPT108140,2026-03-07 19:37:19.053351957,approved,,5
CPT116987,,dropped_in_docs,RC,1
CPT102945,,dropped_in_docs,RC,1
CPT119777,,dropped_in_docs,FITNESS,4
CPT110142,,dropped_in_docs,PERMIT,3
CPT107147,2026-03-10 11:50:57.320817164,rejected,duplicate_captain,6
CPT113556,,dropped_in_docs,PERMIT,3
CPT109204,,dropped_in_docs,PERMIT,3
CPT124541,,dropped_in_docs,RC,1
CPT109395,,dropped_in_docs,PERMIT,3
CPT121927,,dropped_in_docs,RC,1
CPT113775,,dropped_in_docs,FITNESS,4
CPT118578,2026-03-06 08:55:58.781359549,approved,,6
CPT100004,,dropped_in_docs,FITNESS,4
CPT121191,,dropped_in_docs,INSURANCE,5
CPT121709,,dropped_in_docs,INSURANCE,5
CPT109845,,dropped_in_docs,PERMIT,3
CPT115000,,dropped_in_docs,RC,1
CPT110855,,dropped_in_docs,RC,1
CPT106054,,dropped_in_docs,PERMIT,3
CPT107900,,dropped_in_docs,FITNESS,4
CPT112845,2026-03-07 23:41:00.404050975,rejected,background_check_failed,6
CPT120920,,dropped_in_docs,FITNESS,4
CPT111885,,dropped_in_docs,PERMIT,3
CPT123473,,dropped_in_docs,AADHAAR,2
CPT122780,2026-03-07 03:07:40.235588034,approved,,6
CPT103595,,dropped_in_docs,RC,1
CPT120974,,dropped_in_docs,PERMIT,3
CPT101991,,dropped_in_docs,INSURANCE,5
CPT124624,,dropped_in_docs,INSURANCE,5
CPT104878,,dropped_in_docs,FITNESS,4
CPT106107,,dropped_in_docs,AADHAAR,2
CPT103481,,dropped_in_docs,DL,0
CPT106889,2026-03-07 11:35:54.163282318,approved,,6
CPT101037,2026-03-12 08:14:15.482021290,approved,,6
CPT124552,,dropped_in_docs,RC,1
CPT109826,,dropped_in_docs,RC,1
CPT110325,,dropped_in_docs,AADHAAR,2
CPT118569,,dropped_in_docs,RC,1
CPT119175,,dropped_in_docs,DL,0
CPT117622,,dropped_in_docs,FITNESS,4
CPT118299,,dropped_in_docs,DL,0
CPT104215,,dropped_in_docs,INSURANCE,5
CPT116376,,dropped_in_docs,INSURANCE,5
CPT107052,,dropped_in_docs,PERMIT,3
CPT107640,,dropped_in_docs,RC,1
CPT114541,,dropped_in_docs,RC,1
CPT106847,,dropped_in_docs,PERMIT,3
CPT103278,,dropped_in_docs,PERMIT,3
CPT106351,,dropped_in_docs,INSURANCE,5
CPT115790,2026-03-08 06:48:30.286454907,approved,,5
CPT119903,,dropped_in_docs,FITNESS,4
CPT115641,,dropped_in_docs,INSURANCE,5
CPT113558,,dropped_in_docs,DL,0
CPT105092,,dropped_in_docs,DL,0
CPT103523,2026-03-07 17:14:35.466089137,approved,,6
CPT119895,,dropped_in_docs,INSURANCE,5
CPT101819,,dropped_in_docs,DL,0
CPT102336,,dropped_in_docs,RC,1
CPT117555,,dropped_in_docs,INSURANCE,5
CPT121591,,dropped_in_docs,INSURANCE,5
CPT119980,,dropped_in_docs,RC,1
CPT100394,2026-03-09 09:37:23.637471513,rejected,duplicate_captain,6
CPT113187,,dropped_in_docs,DL,0
CPT121881,,dropped_in_docs,AADHAAR,2
CPT124228,,dropped_in_docs,DL,0
CPT121377,,dropped_in_docs,DL,0
CPT110374,,dropped_in_docs,FITNESS,4
CPT104029,2026-03-06 10:41:16.364651259,rejected,duplicate_captain,6
CPT104087,,dropped_in_docs,INSURANCE,5
CPT120137,2026-03-07 05:21:46.430418147,approved,,6
CPT120241,,dropped_in_docs,FITNESS,4
CPT119063,2026-03-06 16:36:37.921034519,approved,,6
CPT106922,,dropped_in_docs,RC,1
CPT109302,,dropped_in_docs,FITNESS,4
CPT115922,,dropped_in_docs,PERMIT,3
CPT116362,,dropped_in_docs,INSURANCE,5
CPT110782,,dropped_in_docs,INSURANCE,5
CPT119433,,dropped_in_docs,PERMIT,3
CPT117780,,dropped_in_docs,DL,0
CPT104756,,dropped_in_docs,RC,1
CPT123703,2026-03-11 05:30:45.678389950,approved,,6
CPT102693,,dropped_in_docs,PERMIT,3
CPT112694,,dropped_in_docs,INSURANCE,5
CPT101385,,dropped_in_docs,AADHAAR,2
CPT101166,,dropped_in_docs,RC,1
CPT122983,,dropped_in_docs,DL,0
CPT100071,,dropped_in_docs,DL,0
CPT101510,,dropped_in_docs,INSURANCE,5
CPT112276,,dropped_in_docs,RC,1
CPT110779,2026-03-10 18:40:06.816203602,approved,,6
CPT108610,,dropped_in_docs,FITNESS,4
CPT114730,,dropped_in_docs,PERMIT,3
CPT100259,,dropped_in_docs,DL,0
CPT119528,,dropped_in_docs,PERMIT,3
CPT118205,,dropped_in_docs,DL,0
CPT124078,,dropped_in_docs,INSURANCE,5
CPT119198,,dropped_in_docs,FITNESS,4
CPT114198,,dropped_in_docs,DL,0
CPT124866,,dropped_in_docs,RC,1
CPT104075,,dropped_in_docs,RC,1
CPT101413,,dropped_in_docs,DL,0
CPT101561,,dropped_in_docs,PERMIT,3
CPT119690,,dropped_in_docs,INSURANCE,5
CPT106096,,dropped_in_docs,FITNESS,4
CPT111950,,dropped_in_docs,FITNESS,4
CPT120128,,dropped_in_docs,FITNESS,4
CPT115034,,dropped_in_docs,PERMIT,3
CPT115222,,dropped_in_docs,DL,0
CPT118037,,dropped_in_docs,DL,0
CPT104270,,dropped_in_docs,PERMIT,3
CPT112855,2026-03-07 11:43:35.391786040,rejected,vehicle_age_policy,6
CPT105365,,dropped_in_docs,RC,1
CPT104848,,dropped_in_docs,RC,1
CPT119065,,dropped_in_docs,INSURANCE,5
CPT111677,,dropped_in_docs,INSURANCE,5
CPT119597,,dropped_in_docs,FITNESS,4
CPT110680,,dropped_in_docs,RC,1
CPT112204,2026-03-09 21:32:05.287924560,approved,,6
CPT113221,,dropped_in_docs,FITNESS,4
CPT118716,2026-03-08 23:05:28.176473125,approved,,6
CPT103650,,dropped_in_docs,PERMIT,3
CPT106910,,dropped_in_docs,INSURANCE,5
CPT103196,,dropped_in_docs,INSURANCE,5
CPT112372,,dropped_in_docs,DL,0
CPT109873,,dropped_in_docs,FITNESS,4
CPT114365,,dropped_in_docs,RC,1
CPT120914,,dropped_in_docs,DL,0
CPT117414,,dropped_in_docs,DL,0
CPT104120,,dropped_in_docs,RC,1
CPT120958,2026-03-09 13:22:49.341254032,approved,,5
CPT109238,2026-03-09 10:44:08.493287127,rejected,background_check_failed,6
CPT103657,,dropped_in_docs,RC,1
CPT119593,,dropped_in_docs,RC,1
CPT101090,2026-03-09 00:25:16.689497571,approved,,6
CPT115030,2026-03-13 16:57:14.292861913,approved,,6
CPT106267,,dropped_in_docs,PERMIT,3
CPT107287,,dropped_in_docs,FITNESS,4
CPT107001,,dropped_in_docs,RC,1
CPT100829,2026-03-11 15:38:36.806884542,approved,,6
CPT111176,2026-03-12 20:16:29.826472983,rejected,vehicle_age_policy,6
CPT118691,,dropped_in_docs,RC,1
CPT122211,2026-03-09 10:42:49.886385256,approved,,5
CPT101441,,dropped_in_docs,INSURANCE,5
CPT117531,2026-03-07 04:47:34.898492813,approved,,5
CPT115830,,dropped_in_docs,PERMIT,3
CPT123792,,dropped_in_docs,RC,1
CPT101948,,dropped_in_docs,PERMIT,3
CPT113139,2026-03-08 02:51:29.211018941,approved,,6
CPT121045,,dropped_in_docs,DL,0
CPT102753,,dropped_in_docs,RC,1
CPT100606,,dropped_in_docs,RC,1
CPT105003,,dropped_in_docs,DL,0
CPT102994,,dropped_in_docs,RC,1
CPT102878,2026-03-09 18:37:30.486355097,approved,,5
CPT100268,,dropped_in_docs,DL,0
CPT119109,2026-03-10 12:45:41.937758585,approved,,6
CPT103299,,dropped_in_docs,DL,0
CPT101783,,dropped_in_docs,RC,1
CPT114844,2026-03-10 08:20:22.765418589,approved,,6
CPT121073,,dropped_in_docs,RC,1
CPT112951,,dropped_in_docs,DL,0
CPT114677,,dropped_in_docs,RC,1
CPT111660,,dropped_in_docs,AADHAAR,2
CPT110305,,dropped_in_docs,FITNESS,4
CPT110700,2026-03-09 05:56:20.297792770,approved,,6
CPT100168,2026-03-10 08:24:53.986118489,approved,,6
CPT104935,,dropped_in_docs,INSURANCE,5
CPT105777,,dropped_in_docs,DL,0
CPT109226,,dropped_in_docs,PERMIT,3
CPT118095,,dropped_in_docs,INSURANCE,5
CPT117888,,dropped_in_docs,FITNESS,4
CPT106644,,dropped_in_docs,INSURANCE,5
CPT104462,,dropped_in_docs,RC,1
CPT110904,2026-03-09 22:28:50.531243702,approved,,5
CPT119876,,dropped_in_docs,DL,0
CPT109988,,dropped_in_docs,FITNESS,4
CPT100658,,dropped_in_docs,RC,1
CPT120400,,dropped_in_docs,DL,0
CPT101803,,dropped_in_docs,RC,1
CPT123501,,dropped_in_docs,RC,1
CPT109355,,dropped_in_docs,FITNESS,4
CPT119847,,dropped_in_docs,RC,1
CPT116744,2026-03-09 02:08:52.550172701,approved,,5
CPT115861,,dropped_in_docs,DL,0
CPT107810,,dropped_in_docs,INSURANCE,5
CPT104166,,dropped_in_docs,RC,1
CPT117052,,dropped_in_docs,RC,1
CPT117349,,dropped_in_docs,DL,0
CPT100010,,dropped_in_docs,PERMIT,3
CPT121962,,dropped_in_docs,RC,1
CPT124328,2026-03-11 10:33:53.932097982,approved,,5
CPT113112,,dropped_in_docs,INSURANCE,5
CPT103601,,dropped_in_docs,PERMIT,3
CPT124526,,dropped_in_docs,AADHAAR,2
CPT101932,2026-03-11 12:17:27.960039308,rejected,duplicate_captain,6
CPT113548,,dropped_in_docs,FITNESS,4
CPT114173,2026-03-10 02:42:57.872857065,approved,,6
CPT122433,,dropped_in_docs,INSURANCE,5
CPT120644,,dropped_in_docs,AADHAAR,2
CPT121920,2026-03-10 07:01:46.305937538,rejected,vehicle_age_policy,6
CPT119613,2026-03-08 01:47:23.520992993,approved,,6
CPT122496,,dropped_in_docs,DL,0
CPT103111,,dropped_in_docs,DL,0
CPT103021,,dropped_in_docs,INSURANCE,5
CPT104640,2026-03-09 03:12:54.144062451,rejected,vehicle_age_policy,6
CPT110151,,dropped_in_docs,INSURANCE,5
CPT101440,,dropped_in_docs,FITNESS,4
CPT111129,,dropped_in_docs,DL,0
CPT106397,,dropped_in_docs,RC,1
CPT123539,,dropped_in_docs,RC,1
CPT122742,,dropped_in_docs,INSURANCE,5
CPT110120,,dropped_in_docs,DL,0
CPT107688,,dropped_in_docs,RC,1
CPT109508,,dropped_in_docs,RC,1
CPT111253,,dropped_in_docs,INSURANCE,5
CPT121136,,dropped_in_docs,RC,1
CPT101175,2026-03-11 19:34:15.163483456,approved,,5
CPT104747,2026-03-10 03:32:54.482420445,approved,,6
CPT114951,,dropped_in_docs,PERMIT,3
CPT110920,,dropped_in_docs,FITNESS,4
CPT105862,,dropped_in_docs,RC,1
CPT107318,2026-03-08 06:51:42.354239804,approved,,5
CPT121984,,dropped_in_docs,RC,1
CPT120036,,dropped_in_docs,FITNESS,4
CPT124363,,dropped_in_docs,RC,1
CPT122445,2026-03-08 04:47:15.734119752,approved,,5
CPT108012,,dropped_in_docs,AADHAAR,2
CPT120550,,dropped_in_docs,RC,1
CPT112303,,dropped_in_docs,INSURANCE,5
CPT104285,2026-03-12 03:42:01.788523549,approved,,6
CPT113978,,dropped_in_docs,INSURANCE,5
CPT119813,,dropped_in_docs,PERMIT,3
CPT105473,,dropped_in_docs,PERMIT,3
CPT119810,,dropped_in_docs,FITNESS,4
CPT120216,,dropped_in_docs,RC,1
CPT107292,,dropped_in_docs,DL,0
CPT120117,,dropped_in_docs,FITNESS,4
CPT105564,,dropped_in_docs,INSURANCE,5
CPT106118,,dropped_in_docs,PERMIT,3
CPT104191,2026-03-08 04:11:09.159022114,approved,,6
CPT116719,2026-03-11 01:11:28.210482721,approved,,6
CPT120777,,dropped_in_docs,RC,1
CPT119202,,dropped_in_docs,INSURANCE,5
CPT111173,,dropped_in_docs,DL,0
CPT109616,,dropped_in_docs,RC,1
CPT107665,2026-03-10 19:01:20.695504373,approved,,6
CPT105619,,dropped_in_docs,INSURANCE,5
CPT109223,2026-03-08 10:55:59.533527843,approved,,6
CPT100529,2026-03-09 23:19:29.321367364,rejected,doc_authenticity_flag,6
CPT107062,,dropped_in_docs,FITNESS,4
CPT111126,,dropped_in_docs,AADHAAR,2
CPT124593,,dropped_in_docs,RC,1
CPT123825,,dropped_in_docs,AADHAAR,2
CPT119332,,dropped_in_docs,INSURANCE,5
CPT116224,,dropped_in_docs,RC,1
CPT118987,,dropped_in_docs,FITNESS,4
CPT120453,,dropped_in_docs,AADHAAR,2
CPT109692,,dropped_in_docs,RC,1
CPT121428,,dropped_in_docs,FITNESS,4
CPT120787,,dropped_in_docs,INSURANCE,5
CPT104975,,dropped_in_docs,FITNESS,4
CPT113206,,dropped_in_docs,RC,1
CPT121618,2026-03-12 01:31:18.761319772,approved,,6
CPT115466,,dropped_in_docs,RC,1
CPT107541,,dropped_in_docs,DL,0
CPT120489,,dropped_in_docs,INSURANCE,5
CPT118048,,dropped_in_docs,DL,0
CPT115488,,dropped_in_docs,RC,1
CPT119563,,dropped_in_docs,FITNESS,4
CPT111328,,dropped_in_docs,RC,1
CPT105255,2026-03-10 10:20:08.656068757,approved,,6
CPT120215,,dropped_in_docs,DL,0
CPT104459,,dropped_in_docs,AADHAAR,2
CPT122911,,dropped_in_docs,RC,1
CPT120889,,dropped_in_docs,PERMIT,3
CPT123219,,dropped_in_docs,DL,0
CPT109213,,dropped_in_docs,FITNESS,4
CPT115311,,dropped_in_docs,RC,1
CPT108624,2026-03-09 22:56:23.640835875,approved,,6
CPT115794,,dropped_in_docs,PERMIT,3
CPT106882,,dropped_in_docs,RC,1
CPT123802,,dropped_in_docs,PERMIT,3
CPT101983,,dropped_in_docs,INSURANCE,5
CPT121411,,dropped_in_docs,PERMIT,3
CPT101726,,dropped_in_docs,PERMIT,3
CPT119584,2026-03-10 11:12:03.138684677,approved,,6
CPT107142,2026-03-11 05:15:55.350254959,approved,,6
CPT113054,,dropped_in_docs,INSURANCE,5
CPT105828,,dropped_in_docs,RC,1
CPT102664,,dropped_in_docs,PERMIT,3
CPT113958,,dropped_in_docs,FITNESS,4
CPT114159,,dropped_in_docs,INSURANCE,5
CPT119171,2026-03-11 02:33:59.642969520,approved,,5
CPT106155,,dropped_in_docs,INSURANCE,5
CPT107408,2026-03-08 18:46:16.585328680,approved,,6
CPT114513,2026-03-11 23:10:49.377977650,approved,,6
CPT115061,,dropped_in_docs,FITNESS,4
CPT114657,2026-03-13 11:36:42.535255435,approved,,6
CPT100340,,dropped_in_docs,PERMIT,3
CPT100341,,dropped_in_docs,FITNESS,4
CPT103720,2026-03-10 00:25:48.833721938,approved,,5
CPT124951,2026-03-09 19:24:42.361666196,approved,,6
CPT104438,,dropped_in_docs,PERMIT,3
CPT122498,,dropped_in_docs,AADHAAR,2
CPT107264,,dropped_in_docs,DL,0
CPT106184,,dropped_in_docs,AADHAAR,2
CPT116515,,dropped_in_docs,FITNESS,4
CPT109413,,dropped_in_docs,INSURANCE,5
CPT109077,,dropped_in_docs,DL,0
CPT114852,,dropped_in_docs,PERMIT,3
CPT105486,,dropped_in_docs,FITNESS,4
CPT122022,,dropped_in_docs,RC,1
CPT107759,,dropped_in_docs,DL,0
CPT107913,,dropped_in_docs,PERMIT,3
CPT111750,,dropped_in_docs,PERMIT,3
CPT122896,,dropped_in_docs,INSURANCE,5
CPT101504,,dropped_in_docs,AADHAAR,2
CPT109683,,dropped_in_docs,RC,1
CPT102056,,dropped_in_docs,INSURANCE,5
CPT108013,,dropped_in_docs,DL,0
CPT107990,,dropped_in_docs,PERMIT,3
CPT109079,,dropped_in_docs,INSURANCE,5
CPT109201,2026-03-09 21:30:11.153551272,approved,,6
CPT107751,2026-03-14 03:17:56.928642410,approved,,6
CPT102694,,dropped_in_docs,RC,1
CPT102034,,dropped_in_docs,PERMIT,3
CPT115807,,dropped_in_docs,DL,0
CPT122153,,dropped_in_docs,INSURANCE,5
CPT115662,,dropped_in_docs,AADHAAR,2
CPT119179,,dropped_in_docs,RC,1
CPT105889,,dropped_in_docs,FITNESS,4
CPT106995,2026-03-10 05:47:23.767364225,approved,,6
CPT112804,,dropped_in_docs,FITNESS,4
CPT113501,,dropped_in_docs,DL,0
CPT108348,,dropped_in_docs,RC,1
CPT112898,2026-03-12 10:35:44.048757437,approved,,6
CPT123350,2026-03-09 21:21:30.247281089,approved,,5
CPT115755,2026-03-09 00:21:10.781206618,approved,,6
CPT114158,,dropped_in_docs,DL,0
CPT114849,,dropped_in_docs,PERMIT,3
CPT112224,,dropped_in_docs,DL,0
CPT110585,,dropped_in_docs,PERMIT,3
CPT122909,2026-03-13 04:40:39.013821235,approved,,5
CPT112629,,dropped_in_docs,PERMIT,3
CPT103722,2026-03-12 03:22:05.451646967,approved,,6
CPT118958,2026-03-10 19:21:27.763081113,approved,,6
CPT118699,,dropped_in_docs,RC,1
CPT108257,,dropped_in_docs,INSURANCE,5
CPT123378,2026-03-10 01:00:07.558923580,rejected,duplicate_captain,6
CPT114359,,dropped_in_docs,DL,0
CPT113219,,dropped_in_docs,DL,0
CPT121845,,dropped_in_docs,RC,1
CPT122997,,dropped_in_docs,FITNESS,4
CPT124834,2026-03-10 18:45:02.849209170,approved,,6
CPT117505,,dropped_in_docs,RC,1
CPT116824,,dropped_in_docs,RC,1
CPT103565,,dropped_in_docs,AADHAAR,2
CPT116252,,dropped_in_docs,PERMIT,3
CPT108123,,dropped_in_docs,DL,0
CPT116045,,dropped_in_docs,DL,0
CPT108306,,dropped_in_docs,INSURANCE,5
CPT123091,,dropped_in_docs,FITNESS,4
CPT120704,,dropped_in_docs,AADHAAR,2
CPT113509,,dropped_in_docs,FITNESS,4
CPT100197,,dropped_in_docs,RC,1
CPT107525,,dropped_in_docs,RC,1
CPT113597,,dropped_in_docs,INSURANCE,5
CPT120597,,dropped_in_docs,DL,0
CPT122453,2026-03-12 06:07:20.176835935,approved,,6
CPT109501,,dropped_in_docs,AADHAAR,2
CPT118689,2026-03-09 21:30:36.657257775,approved,,6
CPT107786,,dropped_in_docs,RC,1
CPT117942,2026-03-11 21:11:47.022057046,approved,,6
CPT107198,,dropped_in_docs,RC,1
CPT103904,,dropped_in_docs,FITNESS,4
CPT111864,,dropped_in_docs,FITNESS,4
CPT108563,,dropped_in_docs,PERMIT,3
CPT100215,,dropped_in_docs,RC,1
CPT108456,,dropped_in_docs,INSURANCE,5
CPT103594,,dropped_in_docs,FITNESS,4
CPT104749,2026-03-12 08:06:38.958839038,approved,,6
CPT108073,,dropped_in_docs,INSURANCE,5
CPT111005,,dropped_in_docs,AADHAAR,2
CPT104538,,dropped_in_docs,DL,0
CPT100636,2026-03-09 08:00:02.003979838,rejected,background_check_failed,5
CPT106412,,dropped_in_docs,INSURANCE,5
CPT105875,,dropped_in_docs,AADHAAR,2
CPT100745,,dropped_in_docs,FITNESS,4
CPT108325,,dropped_in_docs,RC,1
CPT115773,,dropped_in_docs,RC,1
CPT123774,,dropped_in_docs,FITNESS,4
CPT109273,2026-03-10 18:48:20.954825865,approved,,5
CPT118101,,dropped_in_docs,FITNESS,4
CPT106422,,dropped_in_docs,FITNESS,4
CPT103322,,dropped_in_docs,INSURANCE,5
CPT119967,,dropped_in_docs,RC,1
CPT119368,,dropped_in_docs,RC,1
CPT111956,,dropped_in_docs,RC,1
CPT107414,2026-03-12 06:43:11.249910496,approved,,6
CPT118353,,dropped_in_docs,PERMIT,3
CPT103826,,dropped_in_docs,FITNESS,4
CPT115448,2026-03-11 05:10:39.428830314,approved,,6
CPT101027,,dropped_in_docs,RC,1
CPT104526,,dropped_in_docs,FITNESS,4
CPT103096,,dropped_in_docs,FITNESS,4
CPT123752,,dropped_in_docs,RC,1
CPT112713,,dropped_in_docs,PERMIT,3
CPT119115,,dropped_in_docs,PERMIT,3
CPT111311,,dropped_in_docs,FITNESS,4
CPT114053,2026-03-13 20:43:56.125265884,approved,,6
CPT112968,,dropped_in_docs,PERMIT,3
CPT108334,,dropped_in_docs,INSURANCE,5
CPT100772,,dropped_in_docs,RC,1
CPT100497,,dropped_in_docs,FITNESS,4
CPT100921,,dropped_in_docs,INSURANCE,5
CPT103948,,dropped_in_docs,FITNESS,4
CPT119456,,dropped_in_docs,PERMIT,3
CPT122655,,dropped_in_docs,AADHAAR,2
CPT107896,2026-03-10 22:56:59.593754447,approved,,6
CPT119709,,dropped_in_docs,FITNESS,4
CPT111492,,dropped_in_docs,PERMIT,3
CPT118394,,dropped_in_docs,RC,1
CPT118204,2026-03-08 22:23:07.185537387,approved,,6
CPT122117,,dropped_in_docs,PERMIT,3
CPT114544,,dropped_in_docs,FITNESS,4
CPT104891,,dropped_in_docs,RC,1
CPT110751,,dropped_in_docs,RC,1
CPT117450,2026-03-11 00:58:31.426113594,approved,,6
CPT104509,,dropped_in_docs,INSURANCE,5
CPT112682,,dropped_in_docs,PERMIT,3
CPT117974,,dropped_in_docs,RC,1
CPT102764,,dropped_in_docs,DL,0
CPT113117,,dropped_in_docs,FITNESS,4
CPT116531,,dropped_in_docs,INSURANCE,5
CPT123211,,dropped_in_docs,RC,1
CPT110746,,dropped_in_docs,INSURANCE,5
CPT114705,,dropped_in_docs,FITNESS,4
CPT114482,,dropped_in_docs,RC,1
CPT114336,,dropped_in_docs,FITNESS,4
CPT100883,,dropped_in_docs,INSURANCE,5
CPT121794,,dropped_in_docs,DL,0
CPT115452,,dropped_in_docs,PERMIT,3
CPT118022,,dropped_in_docs,INSURANCE,5
CPT118240,,dropped_in_docs,AADHAAR,2
CPT120702,,dropped_in_docs,RC,1
CPT119911,,dropped_in_docs,RC,1
CPT117547,,dropped_in_docs,RC,1
CPT104339,,dropped_in_docs,RC,1
CPT102862,,dropped_in_docs,RC,1
CPT100930,,dropped_in_docs,FITNESS,4
CPT100211,,dropped_in_docs,RC,1
CPT109433,,dropped_in_docs,AADHAAR,2
CPT120462,2026-03-12 23:59:47.012697377,approved,,6
CPT108600,2026-03-11 20:47:50.381921524,rejected,duplicate_captain,6
CPT120963,2026-03-13 04:56:21.182720390,rejected,duplicate_captain,6
CPT117310,,dropped_in_docs,INSURANCE,5
CPT124336,,dropped_in_docs,FITNESS,4
CPT122962,,dropped_in_docs,RC,1
CPT112291,,dropped_in_docs,RC,1
CPT112446,2026-03-12 00:30:53.795515703,approved,,6
CPT110345,,dropped_in_docs,RC,1
CPT117679,,dropped_in_docs,DL,0
CPT102143,,dropped_in_docs,RC,1
CPT111859,,dropped_in_docs,RC,1
CPT124030,,dropped_in_docs,RC,1
CPT106998,,dropped_in_docs,RC,1
CPT110488,2026-03-11 06:58:43.229262319,rejected,vehicle_age_policy,5
CPT117664,,dropped_in_docs,FITNESS,4
CPT112180,,dropped_in_docs,AADHAAR,2
CPT124527,,dropped_in_docs,FITNESS,4
CPT111806,2026-03-10 15:43:49.048634076,approved,,6
CPT105555,,dropped_in_docs,FITNESS,4
CPT115042,,dropped_in_docs,RC,1
CPT120769,2026-03-11 03:35:32.058474595,approved,,6
CPT108561,,dropped_in_docs,AADHAAR,2
CPT116937,2026-03-12 03:44:01.455307145,approved,,6
CPT108838,,dropped_in_docs,FITNESS,4
CPT119693,,dropped_in_docs,DL,0
CPT101589,2026-03-12 00:55:55.460070723,approved,,5
CPT112182,2026-03-11 07:57:22.260215434,approved,,5
CPT118552,,dropped_in_docs,RC,1
CPT100690,,dropped_in_docs,RC,1
CPT118844,,dropped_in_docs,INSURANCE,5
CPT103076,,dropped_in_docs,PERMIT,3
CPT104604,,dropped_in_docs,PERMIT,3
CPT110781,,dropped_in_docs,PERMIT,3
CPT119326,2026-03-10 00:22:40.078879679,approved,,5
CPT106913,,dropped_in_docs,PERMIT,3
CPT116329,,dropped_in_docs,FITNESS,4
CPT114929,,dropped_in_docs,PERMIT,3
CPT109550,2026-03-10 21:17:46.532997993,approved,,6
CPT104446,,dropped_in_docs,RC,1
CPT101490,,dropped_in_docs,PERMIT,3
CPT106342,,dropped_in_docs,INSURANCE,5
CPT107508,,dropped_in_docs,RC,1
CPT120864,,dropped_in_docs,RC,1
CPT105252,,dropped_in_docs,PERMIT,3
CPT108945,2026-03-11 18:15:03.026625203,approved,,5
CPT100583,,dropped_in_docs,RC,1
CPT117498,,dropped_in_docs,INSURANCE,5
CPT121163,,dropped_in_docs,RC,1
CPT105847,,dropped_in_docs,DL,0
CPT107957,,dropped_in_docs,PERMIT,3
CPT120186,,dropped_in_docs,PERMIT,3
CPT121219,2026-03-11 14:37:39.550349517,approved,,6
CPT118893,2026-03-12 17:37:30.688651407,approved,,6
CPT114688,2026-03-13 01:39:17.289410933,approved,,6
CPT112923,2026-03-11 15:17:02.246033408,approved,,5
CPT108903,,dropped_in_docs,RC,1
CPT107529,,dropped_in_docs,RC,1
CPT120376,,dropped_in_docs,RC,1
CPT105205,2026-03-09 09:19:20.317374938,approved,,5
CPT101196,2026-03-12 17:01:19.358539933,approved,,6
CPT115268,,dropped_in_docs,RC,1
CPT114830,,dropped_in_docs,DL,0
CPT105422,2026-03-12 07:05:16.302447481,approved,,6
CPT120447,,dropped_in_docs,RC,1
CPT115881,,dropped_in_docs,DL,0
CPT124969,,dropped_in_docs,RC,1
CPT114183,2026-03-10 03:36:58.019109061,approved,,5
CPT101360,,dropped_in_docs,RC,1
CPT103949,,dropped_in_docs,PERMIT,3
CPT115562,,dropped_in_docs,INSURANCE,5
CPT123167,2026-03-11 03:33:07.133839971,approved,,6
CPT124450,,dropped_in_docs,RC,1
CPT107326,2026-03-13 09:08:51.362089483,approved,,6
CPT123480,,dropped_in_docs,PERMIT,3
CPT118864,2026-03-12 12:49:17.224808614,approved,,6
CPT102569,,dropped_in_docs,DL,0
CPT123636,2026-03-13 22:08:49.082404228,approved,,6
CPT109985,,dropped_in_docs,PERMIT,3
CPT100381,,dropped_in_docs,RC,1
CPT105487,,dropped_in_docs,AADHAAR,2
CPT120329,2026-03-10 23:33:04.063978688,approved,,6
CPT111682,,dropped_in_docs,PERMIT,3
CPT120873,,dropped_in_docs,PERMIT,3
CPT123328,,dropped_in_docs,FITNESS,4
CPT112610,2026-03-11 00:46:23.496475142,approved,,6
CPT103773,2026-03-12 21:11:34.656150801,approved,,6
CPT111845,2026-03-11 13:26:32.559128591,approved,,6
CPT119200,,dropped_in_docs,RC,1
CPT110662,,dropped_in_docs,DL,0
CPT115959,,dropped_in_docs,DL,0
CPT109323,,dropped_in_docs,INSURANCE,5
CPT123010,2026-03-09 13:41:01.730007824,approved,,6
CPT100509,,dropped_in_docs,FITNESS,4
CPT105553,,dropped_in_docs,DL,0
CPT108466,,dropped_in_docs,INSURANCE,5
CPT110731,,dropped_in_docs,PERMIT,3
CPT115055,,dropped_in_docs,RC,1
CPT104361,2026-03-10 18:39:11.627956784,approved,,6
CPT114416,,dropped_in_docs,DL,0
CPT101076,,dropped_in_docs,RC,1
CPT108679,,dropped_in_docs,RC,1
CPT124323,,dropped_in_docs,INSURANCE,5
CPT101045,2026-03-12 22:23:00.792730343,approved,,6
CPT119405,,dropped_in_docs,DL,0
CPT101332,2026-03-13 23:51:55.138842648,approved,,6
CPT109729,,dropped_in_docs,DL,0
CPT122770,2026-03-12 21:44:04.047917605,approved,,6
CPT120556,,dropped_in_docs,PERMIT,3
CPT123004,,dropped_in_docs,RC,1
CPT115770,2026-03-12 13:15:36.854992890,approved,,5
CPT118573,,dropped_in_docs,RC,1
CPT124434,,dropped_in_docs,FITNESS,4
CPT108025,,dropped_in_docs,PERMIT,3
CPT120760,,dropped_in_docs,FITNESS,4
CPT105565,,dropped_in_docs,DL,0
CPT109038,,dropped_in_docs,AADHAAR,2
CPT103306,,dropped_in_docs,FITNESS,4
CPT116822,,dropped_in_docs,RC,1
CPT121305,,dropped_in_docs,DL,0
CPT104463,,dropped_in_docs,RC,1
CPT110186,,dropped_in_docs,INSURANCE,5
CPT109144,2026-03-16 09:58:30.935125841,approved,,6
CPT104727,2026-03-12 15:29:45.754926697,approved,,6
CPT101760,2026-03-12 11:10:00.825101113,approved,,6
CPT116786,,dropped_in_docs,PERMIT,3
CPT116616,2026-03-10 02:15:00.602832682,approved,,6
CPT104732,,dropped_in_docs,AADHAAR,2
CPT116984,,dropped_in_docs,INSURANCE,5
CPT111067,,dropped_in_docs,RC,1
CPT123656,2026-03-13 12:18:06.033913390,approved,,6
CPT110642,,dropped_in_docs,AADHAAR,2
CPT122366,2026-03-10 14:31:54.431215019,rejected,doc_authenticity_flag,6
CPT114187,,dropped_in_docs,RC,1
CPT102601,2026-03-12 23:37:36.493885789,rejected,background_check_failed,6
CPT107308,,dropped_in_docs,RC,1
CPT100054,,dropped_in_docs,FITNESS,4
CPT111115,,dropped_in_docs,RC,1
CPT115506,,dropped_in_docs,DL,0
CPT108268,2026-03-12 15:30:02.300874313,approved,,6
CPT113365,,dropped_in_docs,DL,0
CPT112493,,dropped_in_docs,RC,1
CPT111524,,dropped_in_docs,INSURANCE,5
CPT121837,,dropped_in_docs,FITNESS,4
CPT111768,2026-03-12 01:21:14.948457605,rejected,background_check_failed,6
CPT118105,,dropped_in_docs,INSURANCE,5
CPT101590,,dropped_in_docs,AADHAAR,2
CPT111550,,dropped_in_docs,AADHAAR,2
CPT124862,,dropped_in_docs,PERMIT,3
CPT109488,,dropped_in_docs,RC,1
CPT100699,,dropped_in_docs,FITNESS,4
CPT120152,,dropped_in_docs,PERMIT,3
CPT117972,,dropped_in_docs,FITNESS,4
CPT110020,,dropped_in_docs,FITNESS,4
CPT104901,,dropped_in_docs,RC,1
CPT108978,,dropped_in_docs,AADHAAR,2
CPT103999,,dropped_in_docs,INSURANCE,5
CPT120422,,dropped_in_docs,DL,0
CPT111370,2026-03-11 08:40:08.440003652,approved,,6
CPT121455,,dropped_in_docs,PERMIT,3
CPT113578,,dropped_in_docs,PERMIT,3
CPT113330,,dropped_in_docs,RC,1
CPT111360,,dropped_in_docs,PERMIT,3
CPT107450,,dropped_in_docs,FITNESS,4
CPT102981,,dropped_in_docs,RC,1
CPT102047,,dropped_in_docs,RC,1
CPT102644,,dropped_in_docs,PERMIT,3
CPT112764,,dropped_in_docs,INSURANCE,5
CPT112514,,dropped_in_docs,PERMIT,3
CPT121274,,dropped_in_docs,PERMIT,3
CPT118799,,dropped_in_docs,DL,0
CPT101310,,dropped_in_docs,INSURANCE,5
CPT108420,,dropped_in_docs,PERMIT,3
CPT117147,2026-03-11 13:20:34.210344304,approved,,6
CPT115800,,dropped_in_docs,RC,1
CPT121404,,dropped_in_docs,FITNESS,4
CPT107626,,dropped_in_docs,PERMIT,3
CPT114444,,dropped_in_docs,INSURANCE,5
CPT118046,2026-03-10 03:17:54.778209760,approved,,5
CPT121507,2026-03-12 06:58:22.126848551,approved,,6
CPT103337,2026-03-13 14:17:25.520757280,approved,,5
CPT104370,,dropped_in_docs,INSURANCE,5
CPT105516,,dropped_in_docs,RC,1
CPT102204,,dropped_in_docs,INSURANCE,5
CPT103551,2026-03-11 06:51:10.019435804,approved,,6
CPT116229,,dropped_in_docs,INSURANCE,5
CPT103542,2026-03-11 12:53:17.947652299,approved,,6
CPT114653,2026-03-11 01:33:55.968193397,approved,,6
CPT100537,,dropped_in_docs,RC,1
CPT102777,,dropped_in_docs,PERMIT,3
CPT108955,,dropped_in_docs,AADHAAR,2
CPT124826,,dropped_in_docs,FITNESS,4
CPT104066,,dropped_in_docs,DL,0
CPT103167,,dropped_in_docs,PERMIT,3
CPT104381,,dropped_in_docs,RC,1
CPT117468,,dropped_in_docs,RC,1
CPT118791,2026-03-12 04:15:48.665615373,approved,,5
CPT111272,,dropped_in_docs,FITNESS,4
CPT119275,2026-03-12 19:20:58.153178259,approved,,6
CPT105596,,dropped_in_docs,RC,1
CPT115608,,dropped_in_docs,AADHAAR,2
CPT123205,,dropped_in_docs,INSURANCE,5
CPT100094,2026-03-15 00:24:39.117583621,approved,,6
CPT122698,,dropped_in_docs,RC,1
CPT116723,,dropped_in_docs,FITNESS,4
CPT123382,,dropped_in_docs,FITNESS,4
CPT122462,,dropped_in_docs,DL,0
CPT124039,2026-03-13 10:51:51.846552447,approved,,6
CPT124115,2026-03-12 09:24:25.271047359,approved,,6
CPT115701,,dropped_in_docs,AADHAAR,2
CPT109654,,dropped_in_docs,RC,1
CPT119137,,dropped_in_docs,INSURANCE,5
CPT116798,2026-03-12 12:44:52.392950919,approved,,5
CPT109271,,dropped_in_docs,PERMIT,3
CPT122897,,dropped_in_docs,AADHAAR,2
CPT118718,,dropped_in_docs,AADHAAR,2
CPT101545,,dropped_in_docs,DL,0
CPT107063,,dropped_in_docs,INSURANCE,5
CPT106009,2026-03-13 12:17:06.159608962,approved,,6
CPT116002,2026-03-13 12:33:50.322731805,rejected,doc_authenticity_flag,6
CPT111911,,dropped_in_docs,DL,0
CPT116902,,dropped_in_docs,AADHAAR,2
CPT118207,2026-03-12 17:45:53.029425935,approved,,6
CPT118444,,dropped_in_docs,DL,0
CPT101558,,dropped_in_docs,DL,0
CPT104154,,dropped_in_docs,RC,1
CPT114826,,dropped_in_docs,AADHAAR,2
CPT116878,,dropped_in_docs,RC,1
CPT109987,2026-03-13 07:48:27.494336812,rejected,background_check_failed,6
CPT109771,,dropped_in_docs,PERMIT,3
CPT101131,,dropped_in_docs,AADHAAR,2
CPT118411,2026-03-11 22:24:02.000226044,approved,,6
CPT107629,,dropped_in_docs,PERMIT,3
CPT107027,,dropped_in_docs,AADHAAR,2
CPT107887,2026-03-10 17:11:59.615819942,approved,,6
CPT105299,,dropped_in_docs,INSURANCE,5
CPT107407,2026-03-16 20:00:25.655972595,approved,,5
CPT113083,,dropped_in_docs,INSURANCE,5
CPT112226,,dropped_in_docs,DL,0
CPT100832,,dropped_in_docs,RC,1
CPT107116,,dropped_in_docs,INSURANCE,5
CPT124878,,dropped_in_docs,FITNESS,4
CPT122918,2026-03-12 12:02:12.374166169,approved,,6
CPT111423,,dropped_in_docs,INSURANCE,5
CPT108720,,dropped_in_docs,PERMIT,3
CPT118084,2026-03-14 05:50:55.256448897,approved,,5
CPT103889,,dropped_in_docs,RC,1
CPT113892,,dropped_in_docs,PERMIT,3
CPT121592,,dropped_in_docs,RC,1
CPT111428,,dropped_in_docs,RC,1
CPT120175,,dropped_in_docs,DL,0
CPT119404,,dropped_in_docs,FITNESS,4
CPT116278,,dropped_in_docs,RC,1
CPT105504,2026-03-13 10:46:24.740779222,approved,,5
CPT107642,,dropped_in_docs,RC,1
CPT105164,2026-03-12 04:26:56.709828447,approved,,5
CPT123371,,dropped_in_docs,RC,1
CPT100254,,dropped_in_docs,INSURANCE,5
CPT117203,,dropped_in_docs,DL,0
CPT103611,,dropped_in_docs,RC,1
CPT113368,,dropped_in_docs,PERMIT,3
CPT120993,,dropped_in_docs,RC,1
CPT107563,2026-03-13 03:18:56.492361619,approved,,5
CPT100230,,dropped_in_docs,RC,1
CPT103158,,dropped_in_docs,RC,1
CPT109883,,dropped_in_docs,DL,0
CPT116965,2026-03-14 15:37:25.185294814,approved,,6
CPT120976,,dropped_in_docs,RC,1
CPT103537,2026-03-16 13:09:30.560991461,approved,,6
CPT108005,2026-03-13 18:06:12.991947833,approved,,6
CPT104034,,dropped_in_docs,PERMIT,3
CPT107221,,dropped_in_docs,PERMIT,3
CPT121579,,dropped_in_docs,RC,1
CPT103518,,dropped_in_docs,PERMIT,3
CPT111181,2026-03-14 18:25:29.107412005,approved,,6
CPT104490,,dropped_in_docs,FITNESS,4
CPT119703,,dropped_in_docs,RC,1
CPT119562,,dropped_in_docs,DL,0
CPT110356,,dropped_in_docs,RC,1
CPT104004,,dropped_in_docs,FITNESS,4
CPT107865,,dropped_in_docs,FITNESS,4
CPT118709,2026-03-18 01:51:28.789769874,approved,,6
CPT102660,,dropped_in_docs,DL,0
CPT102986,2026-03-11 10:04:13.276718087,rejected,doc_authenticity_flag,6
CPT111011,,dropped_in_docs,AADHAAR,2
CPT115563,,dropped_in_docs,FITNESS,4
CPT118775,2026-03-12 12:59:42.438279839,approved,,5
CPT110459,,dropped_in_docs,DL,0
CPT105005,2026-03-11 15:08:01.231798552,approved,,5
CPT108718,,dropped_in_docs,FITNESS,4
CPT101770,,dropped_in_docs,PERMIT,3
CPT100400,,dropped_in_docs,FITNESS,4
CPT112839,,dropped_in_docs,FITNESS,4
CPT106832,,dropped_in_docs,RC,1
CPT124364,,dropped_in_docs,FITNESS,4
CPT103259,,dropped_in_docs,FITNESS,4
CPT121844,,dropped_in_docs,PERMIT,3
CPT123381,,dropped_in_docs,FITNESS,4
CPT101094,,dropped_in_docs,INSURANCE,5
CPT107051,,dropped_in_docs,RC,1
CPT108584,,dropped_in_docs,RC,1
CPT101300,,dropped_in_docs,RC,1
CPT112920,,dropped_in_docs,RC,1
CPT104007,,dropped_in_docs,PERMIT,3
CPT115440,,dropped_in_docs,DL,0
CPT112070,,dropped_in_docs,FITNESS,4
CPT121858,,dropped_in_docs,RC,1
CPT114232,,dropped_in_docs,RC,1
CPT114220,,dropped_in_docs,DL,0
CPT102312,,dropped_in_docs,RC,1
CPT104787,,dropped_in_docs,PERMIT,3
CPT104172,,dropped_in_docs,INSURANCE,5
CPT116955,,dropped_in_docs,PERMIT,3
CPT123409,2026-03-12 16:14:49.005431078,approved,,6
CPT124157,,dropped_in_docs,DL,0
CPT123203,2026-03-13 14:09:15.588528350,approved,,6
CPT103815,2026-03-15 08:06:48.845906571,approved,,6
CPT108632,,dropped_in_docs,PERMIT,3
CPT124802,,dropped_in_docs,RC,1
CPT121530,,dropped_in_docs,RC,1
CPT107079,,dropped_in_docs,FITNESS,4
CPT117346,,dropped_in_docs,FITNESS,4
CPT100864,,dropped_in_docs,RC,1
CPT123530,,dropped_in_docs,PERMIT,3
CPT110852,,dropped_in_docs,INSURANCE,5
CPT109835,,dropped_in_docs,PERMIT,3
CPT112778,,dropped_in_docs,DL,0
CPT121442,,dropped_in_docs,DL,0
CPT124571,,dropped_in_docs,RC,1
CPT106214,,dropped_in_docs,DL,0
CPT117762,,dropped_in_docs,RC,1
CPT123086,,dropped_in_docs,DL,0
CPT101417,2026-03-15 10:17:13.893694377,approved,,5
CPT110620,,dropped_in_docs,INSURANCE,5
CPT119893,2026-03-15 03:18:24.731948535,approved,,6
CPT106648,,dropped_in_docs,RC,1
CPT106916,,dropped_in_docs,DL,0
CPT101231,,dropped_in_docs,RC,1
CPT122109,,dropped_in_docs,RC,1
CPT116689,,dropped_in_docs,RC,1
CPT120059,,dropped_in_docs,RC,1
CPT113002,,dropped_in_docs,DL,0
CPT111595,,dropped_in_docs,FITNESS,4
CPT123232,,dropped_in_docs,DL,0
CPT113943,,dropped_in_docs,PERMIT,3
CPT106489,,dropped_in_docs,INSURANCE,5
CPT123485,2026-03-16 02:07:15.297988397,approved,,6
CPT100870,,dropped_in_docs,DL,0
CPT112650,,dropped_in_docs,RC,1
CPT100789,,dropped_in_docs,FITNESS,4
CPT100156,,dropped_in_docs,FITNESS,4
CPT105363,2026-03-15 23:31:39.222322521,approved,,6
CPT105126,,dropped_in_docs,RC,1
CPT101881,2026-03-15 08:10:50.195755753,approved,,6
CPT113202,,dropped_in_docs,RC,1
CPT123118,,dropped_in_docs,RC,1
CPT121924,2026-03-17 16:57:34.121042061,approved,,6
CPT103165,2026-03-12 16:48:49.669529723,approved,,6
CPT121043,,dropped_in_docs,RC,1
CPT112932,2026-03-14 06:50:02.602795563,rejected,duplicate_captain,5
CPT108138,,dropped_in_docs,INSURANCE,5
CPT116083,,dropped_in_docs,AADHAAR,2
CPT102119,,dropped_in_docs,FITNESS,4
CPT113739,,dropped_in_docs,AADHAAR,2
CPT101853,2026-03-13 16:02:59.589262494,approved,,6
CPT111010,2026-03-14 06:10:35.888339872,rejected,background_check_failed,5
CPT115878,,dropped_in_docs,PERMIT,3
CPT122557,,dropped_in_docs,DL,0
CPT105435,,dropped_in_docs,RC,1
CPT123862,,dropped_in_docs,FITNESS,4
CPT106393,,dropped_in_docs,AADHAAR,2
CPT124239,2026-03-14 20:39:59.641814665,approved,,6
CPT106456,,dropped_in_docs,PERMIT,3
CPT111301,,dropped_in_docs,FITNESS,4
CPT112008,,dropped_in_docs,AADHAAR,2
CPT100980,,dropped_in_docs,FITNESS,4
CPT116451,2026-03-18 16:46:12.514332381,approved,,6
CPT100893,,dropped_in_docs,INSURANCE,5
CPT113236,,dropped_in_docs,INSURANCE,5
CPT100729,2026-03-15 09:46:08.767368527,rejected,duplicate_captain,6
CPT111590,,dropped_in_docs,DL,0
CPT115553,,dropped_in_docs,RC,1
CPT115707,,dropped_in_docs,DL,0
CPT102638,,dropped_in_docs,PERMIT,3
CPT124875,,dropped_in_docs,PERMIT,3
CPT116794,,dropped_in_docs,DL,0
CPT118756,,dropped_in_docs,INSURANCE,5
CPT120305,,dropped_in_docs,RC,1
CPT119286,,dropped_in_docs,PERMIT,3
CPT103653,,dropped_in_docs,INSURANCE,5
CPT121968,,dropped_in_docs,DL,0
CPT109573,,dropped_in_docs,PERMIT,3
CPT120022,,dropped_in_docs,DL,0
CPT112913,,dropped_in_docs,FITNESS,4
CPT104700,2026-03-15 06:59:08.258985585,rejected,vehicle_age_policy,6
CPT111824,,dropped_in_docs,DL,0
CPT119990,2026-03-13 20:45:19.499667805,rejected,duplicate_captain,6
CPT116895,,dropped_in_docs,RC,1
CPT112254,,dropped_in_docs,FITNESS,4
CPT121791,2026-03-13 20:20:00.333101653,approved,,6
CPT114401,2026-03-15 00:03:18.239091773,approved,,6
CPT103546,,dropped_in_docs,RC,1
CPT111004,,dropped_in_docs,FITNESS,4
CPT107950,2026-03-15 12:33:31.238603870,approved,,6
CPT115108,2026-03-14 09:11:10.271317850,approved,,6
CPT112838,,dropped_in_docs,INSURANCE,5
CPT120411,2026-03-16 13:00:12.670364178,rejected,duplicate_captain,6
CPT113697,,dropped_in_docs,PERMIT,3
CPT101611,,dropped_in_docs,PERMIT,3
CPT103358,,dropped_in_docs,RC,1
CPT123604,,dropped_in_docs,DL,0
CPT116435,,dropped_in_docs,PERMIT,3
CPT123959,,dropped_in_docs,RC,1
CPT103329,,dropped_in_docs,INSURANCE,5
CPT124794,,dropped_in_docs,FITNESS,4
CPT101605,,dropped_in_docs,INSURANCE,5
CPT116125,,dropped_in_docs,DL,0
CPT123361,,dropped_in_docs,RC,1
CPT100764,,dropped_in_docs,AADHAAR,2
CPT117764,,dropped_in_docs,AADHAAR,2
CPT118741,2026-03-12 11:39:34.011258112,approved,,5
CPT110263,,dropped_in_docs,RC,1
CPT112361,,dropped_in_docs,AADHAAR,2
CPT121973,,dropped_in_docs,AADHAAR,2
CPT104804,,dropped_in_docs,RC,1
CPT118266,,dropped_in_docs,PERMIT,3
CPT116430,,dropped_in_docs,AADHAAR,2
CPT115038,,dropped_in_docs,RC,1
CPT116947,,dropped_in_docs,PERMIT,3
CPT110810,,dropped_in_docs,RC,1
CPT117605,,dropped_in_docs,AADHAAR,2
CPT122975,,dropped_in_docs,RC,1
CPT106000,,dropped_in_docs,RC,1
CPT119294,,dropped_in_docs,AADHAAR,2
CPT124803,,dropped_in_docs,FITNESS,4
CPT105058,,dropped_in_docs,RC,1
CPT102765,,dropped_in_docs,PERMIT,3
CPT109080,,dropped_in_docs,FITNESS,4
CPT105158,,dropped_in_docs,DL,0
CPT107397,,dropped_in_docs,INSURANCE,5
CPT104589,,dropped_in_docs,INSURANCE,5
CPT101842,,dropped_in_docs,FITNESS,4
CPT103739,,dropped_in_docs,RC,1
CPT114212,2026-03-16 05:32:38.120428680,approved,,6
CPT110358,,dropped_in_docs,PERMIT,3
CPT105377,2026-03-16 03:29:00.316011265,approved,,6
CPT121341,,dropped_in_docs,AADHAAR,2
CPT102656,2026-03-13 19:53:20.304505294,approved,,6
CPT104006,,dropped_in_docs,FITNESS,4
CPT101878,,dropped_in_docs,FITNESS,4
CPT108934,,dropped_in_docs,PERMIT,3
CPT103042,,dropped_in_docs,FITNESS,4
CPT111294,,dropped_in_docs,RC,1
CPT111752,,dropped_in_docs,FITNESS,4
CPT118744,,dropped_in_docs,AADHAAR,2
CPT119928,,dropped_in_docs,RC,1
CPT116657,,dropped_in_docs,INSURANCE,5
CPT108008,,dropped_in_docs,FITNESS,4
CPT104523,,dropped_in_docs,RC,1
CPT106992,,dropped_in_docs,AADHAAR,2
CPT123626,,dropped_in_docs,PERMIT,3
CPT117446,,dropped_in_docs,RC,1
CPT115622,,dropped_in_docs,FITNESS,4
CPT119625,,dropped_in_docs,RC,1
CPT115132,,dropped_in_docs,INSURANCE,5
CPT105108,2026-03-13 00:19:40.725943233,approved,,5
CPT104750,,dropped_in_docs,INSURANCE,5
CPT121582,2026-03-17 16:39:50.618565119,approved,,6
CPT119277,,dropped_in_docs,RC,1
CPT109524,,dropped_in_docs,PERMIT,3
CPT107030,,dropped_in_docs,PERMIT,3
CPT115408,,dropped_in_docs,RC,1
CPT122592,,dropped_in_docs,DL,0
CPT119523,,dropped_in_docs,INSURANCE,5
CPT100892,,dropped_in_docs,AADHAAR,2
CPT107153,,dropped_in_docs,FITNESS,4
CPT101465,,dropped_in_docs,FITNESS,4
CPT102473,,dropped_in_docs,DL,0
CPT104708,,dropped_in_docs,INSURANCE,5
CPT105947,,dropped_in_docs,RC,1
CPT109906,2026-03-13 10:19:04.383897332,approved,,6
CPT121156,,dropped_in_docs,PERMIT,3
CPT124267,2026-03-16 19:54:17.426366329,approved,,6
CPT115967,,dropped_in_docs,RC,1
CPT104943,,dropped_in_docs,DL,0
CPT122161,,dropped_in_docs,FITNESS,4
CPT119172,,dropped_in_docs,AADHAAR,2
CPT120221,,dropped_in_docs,RC,1
CPT113492,,dropped_in_docs,DL,0
CPT123318,,dropped_in_docs,PERMIT,3
CPT114046,,dropped_in_docs,RC,1
CPT105951,,dropped_in_docs,PERMIT,3
CPT107154,,dropped_in_docs,PERMIT,3
CPT118651,,dropped_in_docs,INSURANCE,5
CPT105038,,dropped_in_docs,PERMIT,3
CPT114727,2026-03-17 00:22:56.236990721,approved,,6
CPT123460,,dropped_in_docs,FITNESS,4
CPT105171,,dropped_in_docs,RC,1
CPT109640,,dropped_in_docs,DL,0
CPT102152,,dropped_in_docs,FITNESS,4
CPT116925,,dropped_in_docs,DL,0
CPT100602,2026-03-16 19:36:19.653358794,approved,,6
CPT110458,,dropped_in_docs,RC,1
CPT119861,,dropped_in_docs,FITNESS,4
CPT119272,2026-03-16 17:20:05.625923969,approved,,5
CPT121333,,dropped_in_docs,AADHAAR,2
CPT100594,2026-03-15 19:28:08.354436788,rejected,vehicle_age_policy,6
CPT124508,,dropped_in_docs,RC,1
CPT100210,,dropped_in_docs,PERMIT,3
CPT123994,,dropped_in_docs,INSURANCE,5
CPT117990,,dropped_in_docs,AADHAAR,2
CPT100863,,dropped_in_docs,FITNESS,4
CPT102266,2026-03-16 19:44:25.190190582,approved,,6
CPT121805,2026-03-16 08:14:21.647522914,approved,,6
CPT103711,,dropped_in_docs,DL,0
CPT108401,2026-03-16 09:42:50.477817413,approved,,5
CPT108349,,dropped_in_docs,RC,1
CPT116981,,dropped_in_docs,RC,1
CPT124185,,dropped_in_docs,AADHAAR,2
CPT109117,,dropped_in_docs,INSURANCE,5
CPT102740,,dropped_in_docs,FITNESS,4
CPT106599,,dropped_in_docs,RC,1
CPT101416,2026-03-17 14:19:05.059825275,approved,,6
CPT114810,2026-03-15 15:13:32.433853703,approved,,6
CPT115002,,dropped_in_docs,DL,0
CPT108740,,dropped_in_docs,INSURANCE,5
CPT123222,2026-03-15 05:03:40.824228216,approved,,6
CPT110498,,dropped_in_docs,AADHAAR,2
CPT112658,,dropped_in_docs,RC,1
CPT120309,,dropped_in_docs,RC,1
CPT114616,2026-03-17 00:15:40.926605406,approved,,6
CPT114845,,dropped_in_docs,DL,0
CPT101443,,dropped_in_docs,FITNESS,4
CPT100463,,dropped_in_docs,RC,1
CPT123609,,dropped_in_docs,FITNESS,4
CPT120733,2026-03-15 19:47:14.512071141,approved,,6
CPT110309,2026-03-18 00:15:30.840028993,approved,,6
CPT123695,,dropped_in_docs,RC,1
CPT103723,,dropped_in_docs,INSURANCE,5
CPT107246,,dropped_in_docs,DL,0
CPT115235,,dropped_in_docs,INSURANCE,5
CPT117411,,dropped_in_docs,DL,0
CPT115749,2026-03-15 12:32:37.076315081,rejected,duplicate_captain,5
CPT108725,,dropped_in_docs,DL,0
CPT118209,,dropped_in_docs,RC,1
CPT119532,2026-03-19 01:26:41.961361637,approved,,6
CPT123545,,dropped_in_docs,PERMIT,3
CPT123392,,dropped_in_docs,RC,1
CPT121028,,dropped_in_docs,FITNESS,4
CPT105517,,dropped_in_docs,INSURANCE,5
CPT117223,,dropped_in_docs,FITNESS,4
CPT108061,2026-03-15 16:08:40.192466587,rejected,vehicle_age_policy,6
CPT120037,,dropped_in_docs,INSURANCE,5
CPT114364,2026-03-14 19:33:11.908448575,approved,,6
CPT104794,,dropped_in_docs,FITNESS,4
CPT120890,,dropped_in_docs,DL,0
CPT120712,,dropped_in_docs,FITNESS,4
CPT102105,,dropped_in_docs,FITNESS,4
CPT113377,,dropped_in_docs,PERMIT,3
CPT113537,,dropped_in_docs,FITNESS,4
CPT103933,,dropped_in_docs,AADHAAR,2
CPT110178,2026-03-17 23:05:01.244317825,approved,,6
CPT112741,,dropped_in_docs,RC,1
CPT108813,,dropped_in_docs,RC,1
CPT122245,,dropped_in_docs,INSURANCE,5
CPT105289,,dropped_in_docs,PERMIT,3
CPT110017,,dropped_in_docs,INSURANCE,5
CPT120642,,dropped_in_docs,FITNESS,4
CPT117558,,dropped_in_docs,INSURANCE,5
CPT104539,,dropped_in_docs,RC,1
CPT122147,,dropped_in_docs,RC,1
CPT110229,,dropped_in_docs,RC,1
CPT108530,2026-03-16 23:54:35.792451466,approved,,5
CPT109252,,dropped_in_docs,RC,1
CPT120450,2026-03-16 17:24:59.424488848,rejected,duplicate_captain,5
CPT107534,,dropped_in_docs,RC,1
CPT113081,2026-03-19 17:43:39.194783444,approved,,6
CPT102008,,dropped_in_docs,INSURANCE,5
CPT102820,,dropped_in_docs,PERMIT,3
CPT108594,,dropped_in_docs,RC,1
CPT100417,,dropped_in_docs,PERMIT,3
CPT101154,2026-03-16 04:04:58.348100137,approved,,6
CPT112537,,dropped_in_docs,RC,1
CPT110431,,dropped_in_docs,AADHAAR,2
CPT124525,,dropped_in_docs,DL,0
CPT108078,,dropped_in_docs,RC,1
CPT121441,,dropped_in_docs,INSURANCE,5
CPT124719,,dropped_in_docs,RC,1
CPT115691,,dropped_in_docs,RC,1
CPT105325,,dropped_in_docs,FITNESS,4
CPT104308,2026-03-16 23:07:11.374325664,approved,,6
CPT122208,,dropped_in_docs,FITNESS,4
CPT120852,,dropped_in_docs,DL,0
CPT108634,2026-03-15 09:37:49.744358423,rejected,background_check_failed,5
CPT117358,,dropped_in_docs,INSURANCE,5
CPT108075,,dropped_in_docs,AADHAAR,2
CPT124632,2026-03-18 08:47:10.785736228,approved,,6
CPT113868,,dropped_in_docs,RC,1
CPT105415,,dropped_in_docs,RC,1
CPT123375,,dropped_in_docs,DL,0
CPT118161,,dropped_in_docs,INSURANCE,5
CPT116642,2026-03-18 09:37:50.807636524,approved,,5
CPT123020,2026-03-16 01:54:39.983850577,approved,,6
CPT119540,,dropped_in_docs,FITNESS,4
CPT104423,2026-03-16 16:34:15.700202089,approved,,6
CPT113872,,dropped_in_docs,INSURANCE,5
CPT118509,,dropped_in_docs,DL,0
CPT123854,,dropped_in_docs,DL,0
CPT101571,,dropped_in_docs,DL,0
CPT102295,,dropped_in_docs,INSURANCE,5
CPT111616,,dropped_in_docs,DL,0
CPT105187,,dropped_in_docs,PERMIT,3
CPT105830,2026-03-18 17:54:16.559768516,approved,,6
CPT120169,,dropped_in_docs,PERMIT,3
CPT112775,2026-03-15 07:51:03.110772208,rejected,duplicate_captain,5
CPT103926,,dropped_in_docs,RC,1
CPT108057,2026-03-16 02:24:17.295601194,approved,,5
CPT106164,,dropped_in_docs,AADHAAR,2
CPT113600,,dropped_in_docs,FITNESS,4
CPT104913,,dropped_in_docs,RC,1
CPT114799,2026-03-15 01:28:08.554663688,approved,,6
CPT101816,,dropped_in_docs,INSURANCE,5
CPT118602,,dropped_in_docs,RC,1
CPT112996,,dropped_in_docs,INSURANCE,5
CPT121039,,dropped_in_docs,PERMIT,3
CPT101340,,dropped_in_docs,RC,1
CPT114077,,dropped_in_docs,FITNESS,4
CPT103700,,dropped_in_docs,RC,1
CPT116914,2026-03-16 12:47:09.244104858,approved,,5
CPT118880,2026-03-17 09:46:22.029229490,approved,,6
CPT120130,,dropped_in_docs,RC,1
CPT116801,,dropped_in_docs,RC,1
CPT120202,,dropped_in_docs,RC,1
CPT103833,,dropped_in_docs,RC,1
CPT114073,,dropped_in_docs,DL,0
CPT108449,,dropped_in_docs,RC,1
CPT110290,,dropped_in_docs,FITNESS,4
CPT102686,,dropped_in_docs,DL,0
CPT119459,,dropped_in_docs,DL,0
CPT101788,,dropped_in_docs,RC,1
CPT113782,,dropped_in_docs,PERMIT,3
CPT112233,2026-03-15 08:15:12.709814343,rejected,vehicle_age_policy,6
CPT116027,,dropped_in_docs,INSURANCE,5
CPT121169,2026-03-16 10:44:00.478236527,rejected,vehicle_age_policy,5
CPT121659,,dropped_in_docs,FITNESS,4
CPT103667,,dropped_in_docs,AADHAAR,2
CPT117671,,dropped_in_docs,AADHAAR,2
CPT116350,,dropped_in_docs,AADHAAR,2
CPT106357,,dropped_in_docs,FITNESS,4
CPT103829,2026-03-16 21:52:18.435775712,approved,,6
CPT115593,,dropped_in_docs,RC,1
CPT116432,,dropped_in_docs,DL,0
CPT116223,,dropped_in_docs,AADHAAR,2
CPT123866,2026-03-17 06:23:57.396978648,approved,,6
CPT111456,,dropped_in_docs,RC,1
CPT107770,,dropped_in_docs,INSURANCE,5
CPT114221,,dropped_in_docs,RC,1
CPT111721,,dropped_in_docs,RC,1
CPT123858,,dropped_in_docs,INSURANCE,5
CPT106226,,dropped_in_docs,RC,1
CPT114395,,dropped_in_docs,INSURANCE,5
CPT117870,2026-03-16 08:56:17.876574702,rejected,doc_authenticity_flag,6
CPT117947,,dropped_in_docs,PERMIT,3
CPT124620,,dropped_in_docs,RC,1
CPT122683,,dropped_in_docs,RC,1
CPT110813,,dropped_in_docs,PERMIT,3
CPT117885,,dropped_in_docs,FITNESS,4
CPT101644,,dropped_in_docs,FITNESS,4
CPT104600,,dropped_in_docs,RC,1
CPT108574,,dropped_in_docs,PERMIT,3
CPT115227,,dropped_in_docs,FITNESS,4
CPT119869,,dropped_in_docs,FITNESS,4
CPT100545,,dropped_in_docs,PERMIT,3
CPT110515,,dropped_in_docs,FITNESS,4
CPT112912,2026-03-20 11:56:38.257673193,approved,,6
CPT114051,,dropped_in_docs,INSURANCE,5
CPT108099,2026-03-16 19:07:01.873960902,approved,,5
CPT117913,,dropped_in_docs,RC,1
CPT123228,2026-03-16 09:39:54.770967191,approved,,6
CPT103494,,dropped_in_docs,FITNESS,4
CPT124832,,dropped_in_docs,PERMIT,3
CPT116408,,dropped_in_docs,FITNESS,4
CPT102343,,dropped_in_docs,PERMIT,3
CPT100132,,dropped_in_docs,AADHAAR,2
CPT113768,,dropped_in_docs,DL,0
CPT115604,2026-03-16 04:55:08.594834848,approved,,6
CPT123608,,dropped_in_docs,PERMIT,3
CPT108470,,dropped_in_docs,RC,1
CPT102285,,dropped_in_docs,AADHAAR,2
CPT110735,,dropped_in_docs,INSURANCE,5
CPT119181,,dropped_in_docs,RC,1
CPT113691,,dropped_in_docs,FITNESS,4
CPT123369,,dropped_in_docs,RC,1
CPT117873,,dropped_in_docs,INSURANCE,5
CPT112234,2026-03-19 15:45:28.340853574,rejected,vehicle_age_policy,6
CPT109890,,dropped_in_docs,INSURANCE,5
CPT124954,,dropped_in_docs,FITNESS,4
CPT121082,,dropped_in_docs,RC,1
CPT105156,2026-03-17 03:46:24.796542154,approved,,6
CPT124644,,dropped_in_docs,PERMIT,3
CPT108910,2026-03-14 21:40:20.425916084,approved,,6
CPT119493,,dropped_in_docs,RC,1
CPT104907,,dropped_in_docs,RC,1
CPT107502,,dropped_in_docs,DL,0
CPT107964,,dropped_in_docs,DL,0
CPT110624,,dropped_in_docs,FITNESS,4
CPT115254,,dropped_in_docs,DL,0
CPT104886,,dropped_in_docs,RC,1
CPT100105,,dropped_in_docs,FITNESS,4
CPT120146,,dropped_in_docs,FITNESS,4
CPT109192,,dropped_in_docs,RC,1
CPT117174,,dropped_in_docs,INSURANCE,5
CPT107500,,dropped_in_docs,AADHAAR,2
CPT104876,,dropped_in_docs,INSURANCE,5
CPT117941,,dropped_in_docs,PERMIT,3
CPT119973,2026-03-19 00:42:05.516190098,approved,,6
CPT112214,2026-03-21 14:17:18.777284588,approved,,6
CPT103065,,dropped_in_docs,FITNESS,4
CPT109237,,dropped_in_docs,FITNESS,4
CPT115926,2026-03-17 02:13:17.623957694,approved,,6
CPT123520,,dropped_in_docs,PERMIT,3
CPT114479,,dropped_in_docs,PERMIT,3
CPT117129,,dropped_in_docs,PERMIT,3
CPT113448,2026-03-18 07:02:08.381695393,approved,,6
CPT104197,,dropped_in_docs,PERMIT,3
CPT107483,2026-03-17 22:48:52.457526337,approved,,5
CPT110510,,dropped_in_docs,AADHAAR,2
CPT123423,,dropped_in_docs,DL,0
CPT109343,,dropped_in_docs,INSURANCE,5
CPT122026,,dropped_in_docs,PERMIT,3
CPT101518,,dropped_in_docs,FITNESS,4
CPT120417,2026-03-19 04:03:03.335220074,approved,,6
CPT116222,,dropped_in_docs,INSURANCE,5
CPT105760,,dropped_in_docs,FITNESS,4
CPT102140,,dropped_in_docs,INSURANCE,5
CPT122155,,dropped_in_docs,DL,0
CPT109257,,dropped_in_docs,PERMIT,3
CPT111820,,dropped_in_docs,INSURANCE,5
CPT116772,,dropped_in_docs,INSURANCE,5
CPT113168,2026-03-17 04:28:24.172074452,approved,,6
CPT108871,,dropped_in_docs,RC,1
CPT110107,,dropped_in_docs,DL,0
CPT121255,,dropped_in_docs,PERMIT,3
CPT111673,,dropped_in_docs,AADHAAR,2
CPT103987,,dropped_in_docs,DL,0
CPT120196,,dropped_in_docs,RC,1
CPT101286,,dropped_in_docs,RC,1
CPT108663,,dropped_in_docs,RC,1
CPT113201,,dropped_in_docs,PERMIT,3
CPT118425,,dropped_in_docs,FITNESS,4
CPT111018,2026-03-18 15:34:17.791340863,approved,,6
CPT114361,2026-03-15 18:10:49.583851951,approved,,6
CPT109385,2026-03-17 03:05:15.774353803,approved,,6
CPT114620,,dropped_in_docs,INSURANCE,5
CPT115789,,dropped_in_docs,INSURANCE,5
CPT103681,,dropped_in_docs,AADHAAR,2
CPT118147,,dropped_in_docs,RC,1
CPT101785,,dropped_in_docs,RC,1
CPT118981,,dropped_in_docs,AADHAAR,2
CPT122710,,dropped_in_docs,PERMIT,3
CPT122804,,dropped_in_docs,INSURANCE,5
CPT116249,2026-03-15 11:35:53.258769171,approved,,5
CPT117744,,dropped_in_docs,RC,1
CPT108515,,dropped_in_docs,INSURANCE,5
CPT112339,,dropped_in_docs,PERMIT,3
CPT105751,,dropped_in_docs,AADHAAR,2
CPT114578,,dropped_in_docs,INSURANCE,5
CPT120043,2026-03-17 04:28:43.227624179,approved,,6
CPT121983,,dropped_in_docs,RC,1
CPT106248,2026-03-16 07:06:29.666697324,approved,,6
CPT116582,,dropped_in_docs,PERMIT,3
CPT112904,,dropped_in_docs,RC,1
CPT111346,,dropped_in_docs,INSURANCE,5
CPT119815,,dropped_in_docs,PERMIT,3
CPT123585,2026-03-17 04:29:57.683829571,approved,,6
CPT122574,,dropped_in_docs,RC,1
CPT119431,,dropped_in_docs,AADHAAR,2
CPT101777,,dropped_in_docs,FITNESS,4
CPT112454,,dropped_in_docs,AADHAAR,2
CPT105865,2026-03-17 08:58:13.660523219,approved,,6
CPT110839,,dropped_in_docs,DL,0
CPT101261,,dropped_in_docs,PERMIT,3
CPT102881,,dropped_in_docs,RC,1
CPT103122,2026-03-21 12:29:35.880151631,approved,,5
CPT123602,,dropped_in_docs,FITNESS,4
CPT101454,,dropped_in_docs,DL,0
CPT122280,,dropped_in_docs,FITNESS,4
CPT106865,,dropped_in_docs,RC,1
CPT113120,,dropped_in_docs,PERMIT,3
CPT116489,,dropped_in_docs,RC,1
CPT105446,2026-03-17 04:43:44.005709071,approved,,6
CPT116257,,dropped_in_docs,PERMIT,3
CPT112094,,dropped_in_docs,PERMIT,3
CPT104728,,dropped_in_docs,AADHAAR,2
CPT112338,,dropped_in_docs,INSURANCE,5
CPT120520,,dropped_in_docs,FITNESS,4
CPT123058,,dropped_in_docs,INSURANCE,5
CPT106090,,dropped_in_docs,INSURANCE,5
CPT110050,2026-03-17 14:56:05.267422468,approved,,6
CPT111388,2026-03-20 12:35:51.395421809,approved,,6
CPT109804,,dropped_in_docs,PERMIT,3
CPT111511,,dropped_in_docs,RC,1
CPT116067,,dropped_in_docs,DL,0
CPT100844,,dropped_in_docs,FITNESS,4
CPT110955,2026-03-16 14:33:45.575221998,approved,,6
CPT124301,2026-03-17 19:57:44.932695084,approved,,6
CPT124914,,dropped_in_docs,RC,1
CPT113300,,dropped_in_docs,FITNESS,4
CPT121119,,dropped_in_docs,AADHAAR,2
CPT115835,,dropped_in_docs,FITNESS,4
CPT117332,2026-03-16 20:42:08.434948136,approved,,6
CPT104652,,dropped_in_docs,AADHAAR,2
CPT106521,,dropped_in_docs,DL,0
CPT117773,2026-03-19 22:15:19.627513598,rejected,duplicate_captain,6
CPT115066,,dropped_in_docs,RC,1
CPT115371,,dropped_in_docs,FITNESS,4
CPT109415,,dropped_in_docs,PERMIT,3
CPT114828,,dropped_in_docs,PERMIT,3
CPT121541,,dropped_in_docs,RC,1
CPT106862,,dropped_in_docs,DL,0
CPT100987,2026-03-16 06:26:15.915061501,approved,,5
CPT116356,,dropped_in_docs,FITNESS,4
CPT117464,2026-03-16 19:17:18.351538993,approved,,6
CPT119931,,dropped_in_docs,DL,0
CPT120648,2026-03-20 14:45:33.574796708,approved,,6
CPT122594,,dropped_in_docs,RC,1
CPT104445,,dropped_in_docs,DL,0
CPT121959,,dropped_in_docs,AADHAAR,2
CPT120905,,dropped_in_docs,RC,1
CPT123813,,dropped_in_docs,PERMIT,3
CPT118413,,dropped_in_docs,FITNESS,4
CPT109978,,dropped_in_docs,PERMIT,3
CPT112560,2026-03-16 16:03:33.886881829,approved,,6
CPT114886,,dropped_in_docs,FITNESS,4
CPT108026,,dropped_in_docs,PERMIT,3
CPT115915,,dropped_in_docs,PERMIT,3
CPT113290,2026-03-16 06:22:29.306349919,approved,,6
CPT105586,2026-03-16 20:19:09.104382612,approved,,6
CPT108822,2026-03-20 18:41:30.276799590,approved,,6
CPT104561,,dropped_in_docs,PERMIT,3
CPT110412,,dropped_in_docs,AADHAAR,2
CPT121930,2026-03-18 15:27:37.850258795,approved,,6
CPT118594,,dropped_in_docs,RC,1
CPT115218,,dropped_in_docs,PERMIT,3
CPT113196,2026-03-16 04:25:03.118256992,rejected,duplicate_captain,6
CPT109700,,dropped_in_docs,DL,0
CPT114745,,dropped_in_docs,RC,1
CPT124926,,dropped_in_docs,FITNESS,4
CPT106965,,dropped_in_docs,DL,0
CPT106938,2026-03-16 14:53:51.185103627,approved,,6
CPT119076,2026-03-19 23:39:17.397778289,approved,,5
CPT108737,,dropped_in_docs,AADHAAR,2
CPT106272,,dropped_in_docs,RC,1
CPT123814,,dropped_in_docs,FITNESS,4
CPT121093,,dropped_in_docs,RC,1
CPT117790,,dropped_in_docs,RC,1
CPT107628,2026-03-20 16:05:20.133618454,approved,,6
CPT120259,,dropped_in_docs,FITNESS,4
CPT108613,,dropped_in_docs,RC,1
CPT103284,,dropped_in_docs,AADHAAR,2
CPT118934,,dropped_in_docs,INSURANCE,5
CPT122061,2026-03-16 23:24:53.361310670,approved,,6
CPT110850,,dropped_in_docs,PERMIT,3
CPT116963,2026-03-16 16:30:07.151225507,approved,,6
CPT119634,,dropped_in_docs,PERMIT,3
CPT104793,,dropped_in_docs,PERMIT,3
CPT101514,,dropped_in_docs,RC,1
CPT103709,,dropped_in_docs,RC,1
CPT114480,,dropped_in_docs,FITNESS,4
CPT111282,,dropped_in_docs,RC,1
CPT113456,,dropped_in_docs,RC,1
CPT109545,,dropped_in_docs,DL,0
CPT114266,2026-03-18 20:34:02.646581740,approved,,6
CPT115586,,dropped_in_docs,PERMIT,3
CPT108071,,dropped_in_docs,DL,0
CPT108048,2026-03-17 02:24:30.274700861,approved,,6
CPT107239,,dropped_in_docs,INSURANCE,5
CPT101814,,dropped_in_docs,FITNESS,4
CPT102087,,dropped_in_docs,INSURANCE,5
CPT118297,2026-03-17 20:55:36.782578659,rejected,duplicate_captain,6
CPT116323,,dropped_in_docs,PERMIT,3
CPT124410,,dropped_in_docs,AADHAAR,2
CPT112200,,dropped_in_docs,FITNESS,4
CPT109428,,dropped_in_docs,INSURANCE,5
CPT102170,,dropped_in_docs,RC,1
CPT100129,,dropped_in_docs,RC,1
CPT115729,,dropped_in_docs,RC,1
CPT104411,2026-03-16 09:23:40.490217846,approved,,6
CPT115999,,dropped_in_docs,RC,1
CPT110596,,dropped_in_docs,PERMIT,3
CPT124935,,dropped_in_docs,INSURANCE,5
CPT111621,,dropped_in_docs,INSURANCE,5
CPT117003,,dropped_in_docs,AADHAAR,2
CPT118354,2026-03-15 04:38:26.929995092,approved,,6
CPT124062,2026-03-18 22:50:57.678622735,approved,,6
CPT124788,,dropped_in_docs,RC,1
CPT103779,,dropped_in_docs,INSURANCE,5
CPT113178,,dropped_in_docs,FITNESS,4
CPT103461,,dropped_in_docs,INSURANCE,5
CPT107172,,dropped_in_docs,RC,1
CPT121450,,dropped_in_docs,PERMIT,3
CPT105341,2026-03-21 06:16:09.696769042,approved,,6
CPT103664,,dropped_in_docs,FITNESS,4
CPT122849,,dropped_in_docs,FITNESS,4
CPT123600,,dropped_in_docs,RC,1
CPT116573,,dropped_in_docs,PERMIT,3
CPT103807,2026-03-19 09:05:07.257081693,approved,,6
CPT119108,,dropped_in_docs,DL,0
CPT102383,2026-03-22 07:21:37.586178932,approved,,6
CPT122881,,dropped_in_docs,FITNESS,4
CPT109851,,dropped_in_docs,RC,1
CPT109331,,dropped_in_docs,FITNESS,4
CPT113337,,dropped_in_docs,RC,1
CPT103343,,dropped_in_docs,RC,1
CPT116242,,dropped_in_docs,PERMIT,3
CPT123137,,dropped_in_docs,PERMIT,3
CPT122304,2026-03-19 04:51:13.344890582,approved,,6
CPT110464,,dropped_in_docs,RC,1
CPT105250,,dropped_in_docs,DL,0
CPT106447,,dropped_in_docs,INSURANCE,5
CPT105976,,dropped_in_docs,INSURANCE,5
CPT117389,2026-03-21 18:53:57.177452668,approved,,6
CPT117943,2026-03-19 10:51:18.511778848,approved,,6
CPT113706,2026-03-19 04:15:07.385331606,approved,,6
CPT108972,2026-03-18 17:39:09.607860362,approved,,6
CPT101845,2026-03-19 19:38:12.743738107,approved,,6
CPT103555,,dropped_in_docs,PERMIT,3
CPT122665,,dropped_in_docs,PERMIT,3
CPT120170,2026-03-19 20:59:49.812886709,approved,,6
CPT113561,,dropped_in_docs,RC,1
CPT115128,,dropped_in_docs,FITNESS,4
CPT102230,,dropped_in_docs,RC,1
CPT107844,,dropped_in_docs,INSURANCE,5
CPT110872,,dropped_in_docs,AADHAAR,2
CPT103955,,dropped_in_docs,PERMIT,3
CPT114655,,dropped_in_docs,AADHAAR,2
CPT106106,,dropped_in_docs,INSURANCE,5
CPT105177,,dropped_in_docs,DL,0
CPT108912,,dropped_in_docs,DL,0
CPT108709,,dropped_in_docs,RC,1
CPT105650,,dropped_in_docs,FITNESS,4
CPT103086,,dropped_in_docs,AADHAAR,2
CPT118533,,dropped_in_docs,PERMIT,3
CPT119045,,dropped_in_docs,RC,1
CPT122299,,dropped_in_docs,RC,1
CPT119382,2026-03-16 19:59:36.857124587,approved,,6
CPT120765,,dropped_in_docs,PERMIT,3
CPT119092,,dropped_in_docs,AADHAAR,2
CPT104554,,dropped_in_docs,DL,0
CPT104832,,dropped_in_docs,INSURANCE,5
CPT112262,,dropped_in_docs,RC,1
CPT120348,,dropped_in_docs,RC,1
CPT112812,,dropped_in_docs,DL,0
CPT102025,,dropped_in_docs,RC,1
CPT109379,,dropped_in_docs,RC,1
CPT105795,2026-03-19 03:33:33.558306720,approved,,6
CPT121888,,dropped_in_docs,RC,1
CPT119704,,dropped_in_docs,PERMIT,3
CPT104635,,dropped_in_docs,FITNESS,4
CPT115349,,dropped_in_docs,INSURANCE,5
CPT108472,2026-03-20 02:09:30.168835064,approved,,6
CPT110755,,dropped_in_docs,FITNESS,4
CPT111138,,dropped_in_docs,RC,1
CPT117170,,dropped_in_docs,AADHAAR,2
CPT111582,,dropped_in_docs,RC,1
CPT105625,,dropped_in_docs,RC,1
CPT115307,,dropped_in_docs,INSURANCE,5
CPT110055,2026-03-21 14:33:46.364255826,approved,,6
CPT107130,,dropped_in_docs,RC,1
CPT101351,,dropped_in_docs,RC,1
CPT117565,,dropped_in_docs,RC,1
CPT106084,,dropped_in_docs,INSURANCE,5
CPT116216,,dropped_in_docs,PERMIT,3
CPT119511,,dropped_in_docs,DL,0
CPT119763,,dropped_in_docs,DL,0
CPT106527,2026-03-19 10:58:00.186481831,approved,,6
CPT106605,,dropped_in_docs,RC,1
CPT120741,2026-03-19 10:14:22.225358622,approved,,6
CPT120730,,dropped_in_docs,PERMIT,3
CPT104722,,dropped_in_docs,RC,1
CPT124474,,dropped_in_docs,INSURANCE,5
CPT102490,,dropped_in_docs,PERMIT,3
CPT122364,2026-03-18 15:45:25.358621569,rejected,duplicate_captain,5
CPT119855,,dropped_in_docs,RC,1
CPT110965,,dropped_in_docs,RC,1
CPT124285,,dropped_in_docs,RC,1
CPT105935,,dropped_in_docs,FITNESS,4
CPT101774,,dropped_in_docs,RC,1
CPT116536,,dropped_in_docs,INSURANCE,5
CPT100108,2026-03-17 22:26:58.359403338,approved,,5
CPT116527,,dropped_in_docs,FITNESS,4
CPT100740,,dropped_in_docs,INSURANCE,5
CPT115740,,dropped_in_docs,DL,0
CPT112424,2026-03-17 19:56:38.568449886,approved,,6
CPT115554,2026-03-19 16:25:35.552431585,approved,,6
CPT113374,,dropped_in_docs,PERMIT,3
CPT111875,,dropped_in_docs,RC,1
CPT105685,,dropped_in_docs,INSURANCE,5
CPT109126,,dropped_in_docs,RC,1
CPT111800,,dropped_in_docs,AADHAAR,2
CPT115522,,dropped_in_docs,FITNESS,4
CPT101876,,dropped_in_docs,RC,1
CPT106134,,dropped_in_docs,FITNESS,4
CPT118787,,dropped_in_docs,RC,1
CPT106268,,dropped_in_docs,INSURANCE,5
CPT106820,,dropped_in_docs,INSURANCE,5
CPT116966,,dropped_in_docs,FITNESS,4
CPT123882,,dropped_in_docs,FITNESS,4
CPT109458,,dropped_in_docs,PERMIT,3
CPT123218,,dropped_in_docs,RC,1
CPT104510,2026-03-16 11:10:11.991448535,approved,,5
CPT105112,,dropped_in_docs,RC,1
CPT118327,,dropped_in_docs,RC,1
CPT110605,,dropped_in_docs,INSURANCE,5
CPT106864,2026-03-20 02:01:30.704083953,approved,,5
CPT112770,,dropped_in_docs,PERMIT,3
CPT103470,,dropped_in_docs,DL,0
CPT101515,2026-03-18 20:01:50.684171484,approved,,5
CPT120746,,dropped_in_docs,PERMIT,3
CPT103925,,dropped_in_docs,RC,1
CPT119708,2026-03-20 16:48:38.391073323,approved,,6
CPT117607,2026-03-19 20:34:02.453240235,approved,,6
CPT104904,,dropped_in_docs,RC,1
CPT114459,,dropped_in_docs,DL,0
CPT124540,,dropped_in_docs,RC,1
CPT104377,,dropped_in_docs,DL,0
CPT122948,,dropped_in_docs,FITNESS,4
CPT108119,,dropped_in_docs,DL,0
CPT100484,,dropped_in_docs,PERMIT,3
CPT111179,,dropped_in_docs,AADHAAR,2
CPT105265,,dropped_in_docs,AADHAAR,2
CPT122840,,dropped_in_docs,FITNESS,4
CPT109800,,dropped_in_docs,RC,1
CPT119083,,dropped_in_docs,FITNESS,4
CPT115112,,dropped_in_docs,RC,1
CPT105906,,dropped_in_docs,PERMIT,3
CPT100760,,dropped_in_docs,AADHAAR,2
CPT111817,,dropped_in_docs,INSURANCE,5
CPT101437,,dropped_in_docs,FITNESS,4
CPT113495,,dropped_in_docs,PERMIT,3
CPT110843,,dropped_in_docs,FITNESS,4
CPT115016,,dropped_in_docs,PERMIT,3
CPT105926,,dropped_in_docs,RC,1
CPT113449,,dropped_in_docs,PERMIT,3
CPT121875,,dropped_in_docs,INSURANCE,5
CPT119002,,dropped_in_docs,DL,0
CPT123160,,dropped_in_docs,RC,1
CPT108130,,dropped_in_docs,PERMIT,3
CPT119357,,dropped_in_docs,FITNESS,4
CPT114911,,dropped_in_docs,PERMIT,3
CPT122258,,dropped_in_docs,RC,1
CPT117807,2026-03-19 19:18:24.842782638,rejected,duplicate_captain,6
CPT117102,,dropped_in_docs,RC,1
CPT115211,,dropped_in_docs,RC,1
CPT107704,,dropped_in_docs,INSURANCE,5
CPT123954,,dropped_in_docs,INSURANCE,5
CPT116184,,dropped_in_docs,RC,1
CPT124234,,dropped_in_docs,INSURANCE,5
CPT124734,,dropped_in_docs,PERMIT,3
CPT115863,,dropped_in_docs,RC,1
CPT123880,,dropped_in_docs,DL,0
CPT103738,2026-03-16 23:41:36.141811485,approved,,5
CPT114832,,dropped_in_docs,INSURANCE,5
CPT117884,2026-03-22 20:12:13.805675317,approved,,6
CPT106140,,dropped_in_docs,AADHAAR,2
CPT103837,,dropped_in_docs,DL,0
CPT109134,,dropped_in_docs,RC,1
CPT113370,,dropped_in_docs,PERMIT,3
CPT109551,,dropped_in_docs,PERMIT,3
CPT121536,,dropped_in_docs,DL,0
CPT115018,,dropped_in_docs,PERMIT,3
CPT107921,,dropped_in_docs,INSURANCE,5
CPT108310,,dropped_in_docs,RC,1
CPT110228,,dropped_in_docs,PERMIT,3
CPT107727,2026-03-19 01:15:52.379911581,approved,,6
CPT110279,,dropped_in_docs,DL,0
CPT110866,,dropped_in_docs,DL,0
CPT120231,,dropped_in_docs,FITNESS,4
CPT111648,,dropped_in_docs,INSURANCE,5
CPT108928,,dropped_in_docs,DL,0
CPT120911,,dropped_in_docs,INSURANCE,5
CPT108711,,dropped_in_docs,FITNESS,4
CPT119633,,dropped_in_docs,AADHAAR,2
CPT100050,,dropped_in_docs,FITNESS,4
CPT104272,,dropped_in_docs,RC,1
CPT115494,2026-03-18 17:29:26.928869284,approved,,5
CPT112890,2026-03-22 05:29:30.593632944,approved,,6
CPT108612,,dropped_in_docs,RC,1
CPT117494,,dropped_in_docs,FITNESS,4
CPT118915,,dropped_in_docs,INSURANCE,5
CPT117550,,dropped_in_docs,RC,1
CPT103374,,dropped_in_docs,RC,1
CPT101546,,dropped_in_docs,DL,0
CPT103324,2026-03-19 16:57:34.322934258,approved,,6
CPT100127,2026-03-18 03:01:21.633745252,approved,,5
CPT116176,,dropped_in_docs,INSURANCE,5
CPT108474,,dropped_in_docs,RC,1
CPT109786,,dropped_in_docs,AADHAAR,2
CPT123154,,dropped_in_docs,INSURANCE,5
CPT104019,,dropped_in_docs,RC,1
CPT113771,,dropped_in_docs,DL,0
CPT115687,,dropped_in_docs,FITNESS,4
CPT107245,2026-03-19 14:23:11.587112331,approved,,6
CPT103860,,dropped_in_docs,INSURANCE,5
CPT103647,,dropped_in_docs,RC,1
CPT124612,,dropped_in_docs,PERMIT,3
CPT117361,,dropped_in_docs,RC,1
CPT104206,,dropped_in_docs,FITNESS,4
CPT121835,,dropped_in_docs,FITNESS,4
CPT101357,2026-03-20 02:04:56.440301569,approved,,6
CPT122118,,dropped_in_docs,FITNESS,4
CPT120592,,dropped_in_docs,PERMIT,3
CPT103117,2026-03-19 05:50:28.949247814,approved,,6
CPT113547,,dropped_in_docs,FITNESS,4
CPT121493,2026-03-22 08:28:28.691228109,approved,,6
CPT102044,,dropped_in_docs,INSURANCE,5
CPT114977,,dropped_in_docs,INSURANCE,5
CPT111543,,dropped_in_docs,DL,0
CPT124290,2026-03-19 04:46:52.823951542,approved,,6
CPT106470,,dropped_in_docs,DL,0
CPT104679,,dropped_in_docs,AADHAAR,2
CPT108769,,dropped_in_docs,RC,1
CPT103232,,dropped_in_docs,AADHAAR,2
CPT104607,,dropped_in_docs,RC,1
CPT106368,2026-03-19 00:06:41.413293674,approved,,5
CPT110200,,dropped_in_docs,INSURANCE,5
CPT116510,,dropped_in_docs,RC,1
CPT124315,,dropped_in_docs,FITNESS,4
CPT103808,,dropped_in_docs,RC,1
CPT115717,,dropped_in_docs,RC,1
CPT113789,,dropped_in_docs,RC,1
CPT119531,,dropped_in_docs,DL,0
CPT112376,,dropped_in_docs,RC,1
CPT113014,2026-03-19 08:15:59.523420656,approved,,6
CPT111489,,dropped_in_docs,FITNESS,4
CPT104217,,dropped_in_docs,INSURANCE,5
CPT101671,,dropped_in_docs,INSURANCE,5
CPT115686,,dropped_in_docs,AADHAAR,2
CPT118513,,dropped_in_docs,PERMIT,3
CPT104244,,dropped_in_docs,PERMIT,3
CPT107273,2026-03-19 10:17:18.701696369,approved,,6
CPT107840,,dropped_in_docs,FITNESS,4
CPT113000,,dropped_in_docs,FITNESS,4
CPT105979,,dropped_in_docs,RC,1
CPT121863,2026-03-19 10:22:27.043937466,approved,,6
CPT116853,,dropped_in_docs,AADHAAR,2
CPT110248,,dropped_in_docs,DL,0
CPT117267,,dropped_in_docs,DL,0
CPT113811,,dropped_in_docs,INSURANCE,5
CPT113200,2026-03-24 13:50:42.258392343,approved,,6
CPT103804,,dropped_in_docs,PERMIT,3
CPT121077,,dropped_in_docs,RC,1
CPT122465,,dropped_in_docs,INSURANCE,5
CPT106247,,dropped_in_docs,INSURANCE,5
CPT102174,,dropped_in_docs,INSURANCE,5
CPT103454,,dropped_in_docs,RC,1
CPT107806,,dropped_in_docs,FITNESS,4
CPT115262,,dropped_in_docs,RC,1
CPT110916,,dropped_in_docs,RC,1
CPT111167,2026-03-19 11:38:52.323118832,approved,,6
CPT111603,2026-03-22 19:27:40.202865585,approved,,5
CPT107779,,dropped_in_docs,DL,0
CPT108579,,dropped_in_docs,RC,1
CPT111208,,dropped_in_docs,PERMIT,3
CPT117861,,dropped_in_docs,DL,0
CPT107252,,dropped_in_docs,RC,1
CPT101364,,dropped_in_docs,PERMIT,3
CPT121499,,dropped_in_docs,RC,1
CPT121999,,dropped_in_docs,RC,1
CPT118951,,dropped_in_docs,FITNESS,4
CPT102928,2026-03-19 10:25:34.471409435,approved,,6
CPT121952,,dropped_in_docs,AADHAAR,2
CPT123348,,dropped_in_docs,DL,0
CPT110664,,dropped_in_docs,DL,0
CPT101887,,dropped_in_docs,INSURANCE,5
CPT117600,,dropped_in_docs,RC,1
CPT101218,,dropped_in_docs,PERMIT,3
CPT111040,,dropped_in_docs,RC,1
CPT109313,,dropped_in_docs,AADHAAR,2
CPT121997,,dropped_in_docs,PERMIT,3
CPT124478,2026-03-17 20:26:52.209283284,rejected,vehicle_age_policy,5
CPT101810,,dropped_in_docs,INSURANCE,5
CPT122880,,dropped_in_docs,RC,1
CPT111195,2026-03-18 16:38:31.201282241,approved,,6
CPT103931,2026-03-19 05:45:40.718201124,approved,,6
CPT120518,,dropped_in_docs,AADHAAR,2
CPT120113,,dropped_in_docs,AADHAAR,2
CPT121969,,dropped_in_docs,RC,1
CPT114449,,dropped_in_docs,RC,1
CPT105311,,dropped_in_docs,DL,0
CPT124272,,dropped_in_docs,INSURANCE,5
CPT101289,,dropped_in_docs,RC,1
CPT108080,2026-03-19 17:21:05.750465735,rejected,doc_authenticity_flag,6
CPT101137,,dropped_in_docs,INSURANCE,5
CPT110007,,dropped_in_docs,AADHAAR,2
CPT117739,,dropped_in_docs,RC,1
CPT111002,,dropped_in_docs,PERMIT,3
CPT102420,,dropped_in_docs,AADHAAR,2
CPT120655,,dropped_in_docs,DL,0
CPT121910,2026-03-19 20:34:33.595607844,approved,,6
CPT116814,,dropped_in_docs,PERMIT,3
CPT112745,,dropped_in_docs,DL,0
CPT115615,,dropped_in_docs,AADHAAR,2
CPT117902,,dropped_in_docs,AADHAAR,2
CPT113942,2026-03-20 14:55:48.574326802,rejected,doc_authenticity_flag,5
CPT123179,,dropped_in_docs,RC,1
CPT112331,2026-03-22 06:12:15.351204232,approved,,6
CPT105326,2026-03-20 01:23:39.382647270,approved,,5
CPT117774,,dropped_in_docs,PERMIT,3
CPT101960,,dropped_in_docs,PERMIT,3
CPT109222,2026-03-19 08:35:26.589789934,approved,,6
CPT102180,,dropped_in_docs,PERMIT,3
CPT113633,,dropped_in_docs,RC,1
CPT112939,,dropped_in_docs,RC,1
CPT119822,,dropped_in_docs,DL,0
CPT112652,,dropped_in_docs,RC,1
CPT101277,,dropped_in_docs,PERMIT,3
CPT117168,,dropped_in_docs,FITNESS,4
CPT112356,,dropped_in_docs,RC,1
CPT124823,,dropped_in_docs,INSURANCE,5
CPT103998,,dropped_in_docs,PERMIT,3
CPT114804,,dropped_in_docs,PERMIT,3
CPT102962,,dropped_in_docs,INSURANCE,5
CPT117734,,dropped_in_docs,PERMIT,3
CPT113008,,dropped_in_docs,PERMIT,3
CPT102904,,dropped_in_docs,DL,0
CPT117985,2026-03-19 23:43:56.707570178,approved,,6
CPT106356,,dropped_in_docs,INSURANCE,5
CPT120539,2026-03-20 03:12:28.067879108,rejected,background_check_failed,6
CPT105493,,dropped_in_docs,INSURANCE,5
CPT108842,,dropped_in_docs,PERMIT,3
CPT117449,,dropped_in_docs,INSURANCE,5
CPT101230,,dropped_in_docs,FITNESS,4
CPT114972,2026-03-22 04:05:08.027126614,approved,,6
CPT117638,,dropped_in_docs,INSURANCE,5
CPT110579,,dropped_in_docs,PERMIT,3
CPT113667,,dropped_in_docs,RC,1
CPT117111,2026-03-23 06:32:07.061043757,approved,,6
CPT110378,2026-03-18 17:21:47.250743106,rejected,doc_authenticity_flag,5
CPT122687,2026-03-22 00:18:15.075222118,approved,,6
CPT121586,,dropped_in_docs,PERMIT,3
CPT108529,,dropped_in_docs,RC,1
CPT103159,,dropped_in_docs,INSURANCE,5
CPT110328,2026-03-19 02:30:34.665440387,rejected,doc_authenticity_flag,5
CPT106551,2026-03-20 14:00:52.937886262,approved,,5
CPT104350,,dropped_in_docs,RC,1
CPT122743,2026-03-22 12:44:55.080935149,approved,,6
CPT109010,,dropped_in_docs,AADHAAR,2
CPT108230,,dropped_in_docs,PERMIT,3
CPT108526,,dropped_in_docs,FITNESS,4
CPT101661,2026-03-21 12:06:53.172262459,approved,,6
CPT115185,2026-03-20 14:14:35.132318580,approved,,6
CPT112876,,dropped_in_docs,DL,0
CPT106434,,dropped_in_docs,AADHAAR,2
CPT104597,,dropped_in_docs,RC,1
CPT121490,,dropped_in_docs,PERMIT,3
CPT105672,,dropped_in_docs,DL,0
CPT101526,,dropped_in_docs,RC,1
CPT103745,,dropped_in_docs,INSURANCE,5
CPT109655,,dropped_in_docs,PERMIT,3
CPT124034,,dropped_in_docs,PERMIT,3
CPT118913,,dropped_in_docs,INSURANCE,5
CPT111608,,dropped_in_docs,PERMIT,3
CPT114314,,dropped_in_docs,RC,1
CPT120508,,dropped_in_docs,PERMIT,3
CPT101321,,dropped_in_docs,DL,0
CPT111500,2026-03-19 04:27:13.442451464,approved,,6
CPT110153,2026-03-21 08:43:08.999737744,approved,,6
CPT102192,2026-03-23 19:36:30.048494615,approved,,6
CPT114576,,dropped_in_docs,RC,1
CPT110741,,dropped_in_docs,AADHAAR,2
CPT103345,,dropped_in_docs,RC,1
CPT122085,,dropped_in_docs,DL,0
CPT122206,,dropped_in_docs,PERMIT,3
CPT106160,,dropped_in_docs,RC,1
CPT120969,,dropped_in_docs,INSURANCE,5
CPT114447,,dropped_in_docs,INSURANCE,5
CPT107203,,dropped_in_docs,RC,1
CPT122294,,dropped_in_docs,RC,1
CPT121728,,dropped_in_docs,RC,1
CPT105798,,dropped_in_docs,FITNESS,4
CPT112524,,dropped_in_docs,FITNESS,4
CPT116979,2026-03-20 02:44:52.351528110,approved,,6
CPT117268,,dropped_in_docs,DL,0
CPT107537,,dropped_in_docs,RC,1
CPT116857,,dropped_in_docs,PERMIT,3
CPT106914,,dropped_in_docs,PERMIT,3
CPT100281,2026-03-19 23:34:45.687352177,approved,,5
CPT122924,2026-03-20 17:51:04.519160672,approved,,5
CPT122546,,dropped_in_docs,PERMIT,3
CPT105621,,dropped_in_docs,PERMIT,3
CPT111773,,dropped_in_docs,DL,0
CPT100036,,dropped_in_docs,AADHAAR,2
CPT122749,,dropped_in_docs,RC,1
CPT112415,,dropped_in_docs,FITNESS,4
CPT103146,,dropped_in_docs,RC,1
CPT119373,,dropped_in_docs,AADHAAR,2
CPT109294,,dropped_in_docs,RC,1
CPT118139,,dropped_in_docs,RC,1
CPT115580,,dropped_in_docs,INSURANCE,5
CPT114740,,dropped_in_docs,AADHAAR,2
CPT110019,,dropped_in_docs,RC,1
CPT111973,,dropped_in_docs,PERMIT,3
CPT112492,2026-03-20 00:25:21.541293150,approved,,6
CPT104159,,dropped_in_docs,FITNESS,4
CPT113216,2026-03-23 03:28:54.365409422,approved,,6
CPT119787,,dropped_in_docs,RC,1
CPT106692,,dropped_in_docs,DL,0
CPT112680,,dropped_in_docs,INSURANCE,5
CPT101382,,dropped_in_docs,RC,1
CPT107601,,dropped_in_docs,AADHAAR,2
CPT105359,,dropped_in_docs,PERMIT,3
CPT112365,2026-03-20 12:28:22.059422018,approved,,6
CPT116238,,dropped_in_docs,INSURANCE,5
CPT124811,,dropped_in_docs,AADHAAR,2
CPT111432,,dropped_in_docs,DL,0
CPT108700,,dropped_in_docs,RC,1
CPT104877,,dropped_in_docs,RC,1
CPT114114,,dropped_in_docs,INSURANCE,5
CPT123787,2026-03-22 04:35:47.094585011,approved,,6
CPT108787,2026-03-21 16:54:28.885250900,approved,,6
CPT108131,,dropped_in_docs,DL,0
CPT114661,,dropped_in_docs,DL,0
CPT117391,,dropped_in_docs,INSURANCE,5
CPT116618,,dropped_in_docs,FITNESS,4
CPT100682,2026-03-19 07:33:11.314114497,approved,,6
CPT109065,,dropped_in_docs,AADHAAR,2
CPT119776,,dropped_in_docs,DL,0
CPT122967,,dropped_in_docs,DL,0
CPT120029,,dropped_in_docs,FITNESS,4
CPT105352,,dropped_in_docs,RC,1
CPT106668,,dropped_in_docs,FITNESS,4
CPT107569,,dropped_in_docs,DL,0
CPT114376,,dropped_in_docs,AADHAAR,2
CPT119336,,dropped_in_docs,DL,0
CPT113015,,dropped_in_docs,PERMIT,3
CPT114468,,dropped_in_docs,AADHAAR,2
CPT112330,,dropped_in_docs,INSURANCE,5
CPT112366,,dropped_in_docs,RC,1
CPT104567,,dropped_in_docs,RC,1
CPT124574,2026-03-21 18:02:40.377937421,approved,,6
CPT117365,,dropped_in_docs,RC,1
CPT112549,,dropped_in_docs,INSURANCE,5
CPT101767,,dropped_in_docs,RC,1
CPT113059,,dropped_in_docs,RC,1
CPT120197,2026-03-20 23:26:05.001616591,approved,,5
CPT109425,,dropped_in_docs,DL,0
CPT101420,,dropped_in_docs,PERMIT,3
CPT109436,,dropped_in_docs,FITNESS,4
CPT107922,,dropped_in_docs,INSURANCE,5
CPT113984,2026-03-22 10:37:16.837893467,approved,,6
CPT124976,,dropped_in_docs,RC,1
CPT112273,,dropped_in_docs,INSURANCE,5
CPT121740,,dropped_in_docs,RC,1
CPT102078,,dropped_in_docs,INSURANCE,5
CPT117061,,dropped_in_docs,PERMIT,3
CPT119148,2026-03-20 16:20:20.420741346,approved,,6
CPT120364,,dropped_in_docs,RC,1
CPT108747,,dropped_in_docs,RC,1
CPT108373,2026-03-22 02:20:41.458059672,approved,,6
CPT113593,,dropped_in_docs,FITNESS,4
CPT101089,,dropped_in_docs,AADHAAR,2
CPT120955,,dropped_in_docs,RC,1
CPT102988,,dropped_in_docs,RC,1
CPT111075,,dropped_in_docs,FITNESS,4
CPT104806,,dropped_in_docs,DL,0
CPT117997,,dropped_in_docs,INSURANCE,5
CPT102931,,dropped_in_docs,PERMIT,3
CPT114644,,dropped_in_docs,RC,1
CPT122843,,dropped_in_docs,PERMIT,3
CPT122611,2026-03-23 10:15:33.656976151,approved,,6
CPT123574,,dropped_in_docs,DL,0
CPT110109,,dropped_in_docs,AADHAAR,2
CPT107057,,dropped_in_docs,RC,1
CPT105576,2026-03-24 13:52:45.103256810,approved,,6
CPT109761,,dropped_in_docs,RC,1
CPT114990,2026-03-24 23:01:12.104440695,approved,,6
CPT119840,,dropped_in_docs,FITNESS,4
CPT122402,,dropped_in_docs,RC,1
CPT103376,,dropped_in_docs,FITNESS,4
CPT111341,,dropped_in_docs,RC,1
CPT118505,,dropped_in_docs,PERMIT,3
CPT110035,,dropped_in_docs,INSURANCE,5
CPT120442,,dropped_in_docs,FITNESS,4
CPT123072,,dropped_in_docs,RC,1
CPT111123,,dropped_in_docs,FITNESS,4
CPT123558,2026-03-23 00:32:15.872139097,approved,,5
CPT103982,,dropped_in_docs,PERMIT,3
CPT111576,,dropped_in_docs,RC,1
CPT119457,2026-03-23 15:04:48.029010779,approved,,6
CPT115340,,dropped_in_docs,INSURANCE,5
CPT102657,,dropped_in_docs,DL,0
CPT124706,,dropped_in_docs,INSURANCE,5
CPT118190,2026-03-20 19:07:50.986926553,approved,,6
CPT119620,,dropped_in_docs,INSURANCE,5
CPT105524,,dropped_in_docs,RC,1
CPT124029,,dropped_in_docs,DL,0
CPT103847,,dropped_in_docs,RC,1
CPT107622,,dropped_in_docs,PERMIT,3
CPT112289,,dropped_in_docs,AADHAAR,2
CPT123272,2026-03-22 06:14:21.298166777,approved,,6
CPT113753,,dropped_in_docs,DL,0
CPT109893,,dropped_in_docs,DL,0
CPT108567,2026-03-19 19:58:27.345491601,approved,,6
CPT102734,,dropped_in_docs,RC,1
CPT120756,,dropped_in_docs,RC,1
CPT124373,,dropped_in_docs,PERMIT,3
CPT124281,2026-03-25 14:16:53.233827315,approved,,6
CPT105622,,dropped_in_docs,RC,1
CPT122609,,dropped_in_docs,INSURANCE,5
CPT118524,,dropped_in_docs,RC,1
CPT109491,,dropped_in_docs,PERMIT,3
CPT101612,,dropped_in_docs,PERMIT,3
CPT122973,2026-03-22 14:13:10.763056719,approved,,5
CPT104289,,dropped_in_docs,FITNESS,4
CPT103459,2026-03-21 07:18:38.805277228,approved,,6
CPT103188,2026-03-20 18:01:07.516807004,approved,,5
CPT106631,,dropped_in_docs,FITNESS,4
CPT117858,,dropped_in_docs,INSURANCE,5
CPT101728,,dropped_in_docs,DL,0
CPT122004,2026-03-21 05:49:03.623968138,approved,,6
CPT110370,,dropped_in_docs,RC,1
CPT104557,,dropped_in_docs,RC,1
CPT101677,,dropped_in_docs,INSURANCE,5
CPT119628,,dropped_in_docs,PERMIT,3
CPT106596,,dropped_in_docs,INSURANCE,5
CPT103384,2026-03-22 20:32:37.987828730,approved,,6
CPT124955,,dropped_in_docs,FITNESS,4
CPT114374,2026-03-23 19:31:39.380845592,approved,,6
CPT116367,,dropped_in_docs,FITNESS,4
CPT100486,2026-03-26 05:29:35.908260194,approved,,5
CPT116288,,dropped_in_docs,FITNESS,4
CPT121900,,dropped_in_docs,DL,0
CPT118312,,dropped_in_docs,RC,1
CPT112296,,dropped_in_docs,AADHAAR,2
CPT119038,,dropped_in_docs,DL,0
CPT109035,,dropped_in_docs,DL,0
CPT123899,,dropped_in_docs,RC,1
CPT116415,,dropped_in_docs,INSURANCE,5
CPT116991,2026-03-21 20:11:39.911087214,approved,,6
CPT118701,,dropped_in_docs,RC,1
CPT122101,,dropped_in_docs,AADHAAR,2
CPT102147,,dropped_in_docs,PERMIT,3
CPT119068,,dropped_in_docs,INSURANCE,5
CPT104256,,dropped_in_docs,RC,1
CPT108710,,dropped_in_docs,DL,0
CPT107445,2026-03-19 04:51:20.579483574,approved,,5
CPT122072,2026-03-21 22:59:50.325003711,rejected,background_check_failed,6
CPT121324,,dropped_in_docs,DL,0
CPT104883,2026-03-21 20:43:27.778799181,approved,,6
CPT123012,,dropped_in_docs,RC,1
CPT123931,,dropped_in_docs,DL,0
CPT100520,2026-03-24 18:41:44.299871199,approved,,6
CPT121491,2026-03-23 11:38:29.712150736,approved,,6
CPT113312,,dropped_in_docs,RC,1
CPT102372,2026-03-23 08:12:26.840853704,approved,,6
CPT100814,,dropped_in_docs,PERMIT,3
CPT110831,,dropped_in_docs,RC,1
CPT114234,,dropped_in_docs,RC,1
CPT107782,,dropped_in_docs,FITNESS,4
CPT107515,,dropped_in_docs,PERMIT,3
CPT106662,2026-03-25 02:46:15.047175317,approved,,6
CPT117898,,dropped_in_docs,INSURANCE,5
CPT100831,,dropped_in_docs,RC,1
CPT117064,,dropped_in_docs,PERMIT,3
CPT109445,,dropped_in_docs,FITNESS,4
CPT122469,,dropped_in_docs,RC,1
CPT118623,,dropped_in_docs,FITNESS,4
CPT121116,,dropped_in_docs,INSURANCE,5
CPT102900,,dropped_in_docs,FITNESS,4
CPT121853,,dropped_in_docs,RC,1
CPT104681,2026-03-22 20:32:43.959889475,approved,,5
CPT124678,,dropped_in_docs,AADHAAR,2
CPT117463,,dropped_in_docs,DL,0
CPT106563,2026-03-22 23:07:16.197833124,approved,,5
CPT115609,2026-03-22 19:32:19.628979156,rejected,background_check_failed,6
CPT120212,,dropped_in_docs,PERMIT,3
CPT122384,,dropped_in_docs,INSURANCE,5
CPT105083,,dropped_in_docs,DL,0
CPT102504,,dropped_in_docs,DL,0
CPT118953,,dropped_in_docs,AADHAAR,2
CPT104813,,dropped_in_docs,INSURANCE,5
CPT110655,2026-03-22 11:19:21.643148052,approved,,6
CPT108859,,dropped_in_docs,DL,0
CPT112748,,dropped_in_docs,INSURANCE,5
CPT104097,,dropped_in_docs,FITNESS,4
CPT104280,,dropped_in_docs,AADHAAR,2
CPT121880,,dropped_in_docs,FITNESS,4
CPT118907,,dropped_in_docs,FITNESS,4
CPT122008,,dropped_in_docs,RC,1
CPT110367,,dropped_in_docs,PERMIT,3
CPT101584,,dropped_in_docs,RC,1
CPT122054,2026-03-26 05:19:34.763723070,approved,,6
CPT119407,,dropped_in_docs,PERMIT,3
CPT112280,,dropped_in_docs,DL,0
CPT114811,,dropped_in_docs,RC,1
CPT112469,,dropped_in_docs,FITNESS,4
CPT122221,,dropped_in_docs,AADHAAR,2
CPT100274,,dropped_in_docs,DL,0
CPT100250,,dropped_in_docs,RC,1
CPT123357,2026-03-23 16:11:49.846269116,approved,,6
CPT111915,2026-03-24 11:35:46.481058597,approved,,5
CPT100087,,dropped_in_docs,FITNESS,4
CPT123561,,dropped_in_docs,PERMIT,3
CPT121606,,dropped_in_docs,FITNESS,4
CPT103393,,dropped_in_docs,PERMIT,3
CPT123525,,dropped_in_docs,PERMIT,3
CPT100490,,dropped_in_docs,DL,0
CPT103979,,dropped_in_docs,RC,1
CPT100716,,dropped_in_docs,RC,1
CPT119340,,dropped_in_docs,RC,1
CPT109300,2026-03-26 00:55:10.055068513,approved,,6
CPT100506,2026-03-22 14:26:37.512151333,approved,,6
CPT109259,,dropped_in_docs,FITNESS,4
CPT118546,2026-03-22 04:03:59.917106100,approved,,6
CPT110380,,dropped_in_docs,INSURANCE,5
CPT113248,2026-03-23 00:03:39.474598398,approved,,6
CPT118259,,dropped_in_docs,INSURANCE,5
CPT109963,,dropped_in_docs,FITNESS,4
CPT121784,,dropped_in_docs,RC,1
CPT124530,2026-03-22 01:52:12.015073915,approved,,6
CPT123405,,dropped_in_docs,RC,1
CPT105612,,dropped_in_docs,RC,1
CPT123151,,dropped_in_docs,DL,0
CPT121718,,dropped_in_docs,PERMIT,3
CPT122418,,dropped_in_docs,FITNESS,4
CPT121238,2026-03-21 00:48:31.446439995,approved,,6
CPT120526,,dropped_in_docs,INSURANCE,5
CPT115005,,dropped_in_docs,DL,0
CPT100249,,dropped_in_docs,FITNESS,4
CPT109241,2026-03-22 12:07:09.725547803,approved,,6
CPT118368,,dropped_in_docs,FITNESS,4
CPT123195,,dropped_in_docs,DL,0
CPT123861,,dropped_in_docs,AADHAAR,2
CPT116807,,dropped_in_docs,RC,1
CPT110906,2026-03-25 00:42:34.811595224,approved,,6
CPT102136,,dropped_in_docs,INSURANCE,5
CPT122820,2026-03-22 14:19:10.430762805,rejected,duplicate_captain,5
CPT120126,,dropped_in_docs,DL,0
CPT123541,,dropped_in_docs,RC,1
CPT112776,,dropped_in_docs,INSURANCE,5
CPT121449,,dropped_in_docs,RC,1
CPT115658,,dropped_in_docs,INSURANCE,5
CPT123362,,dropped_in_docs,FITNESS,4
CPT101097,2026-03-22 18:07:30.134038585,approved,,6
CPT108313,,dropped_in_docs,RC,1
CPT100097,2026-03-24 12:55:25.202001662,approved,,6
CPT108590,,dropped_in_docs,RC,1
CPT115511,,dropped_in_docs,PERMIT,3
CPT112788,,dropped_in_docs,RC,1
CPT106443,,dropped_in_docs,RC,1
CPT116452,2026-03-22 21:32:07.263113994,approved,,5
CPT121057,,dropped_in_docs,FITNESS,4
CPT108327,,dropped_in_docs,PERMIT,3
CPT120235,,dropped_in_docs,DL,0
CPT117542,,dropped_in_docs,PERMIT,3
CPT116544,,dropped_in_docs,RC,1
CPT106877,,dropped_in_docs,FITNESS,4
CPT102961,,dropped_in_docs,PERMIT,3
CPT114940,2026-03-22 07:14:12.001196231,approved,,5
CPT100811,2026-03-22 12:18:26.889952775,approved,,6
CPT124492,,dropped_in_docs,INSURANCE,5
CPT105214,,dropped_in_docs,RC,1
CPT123073,,dropped_in_docs,RC,1
CPT104550,,dropped_in_docs,RC,1
CPT122861,,dropped_in_docs,INSURANCE,5
CPT121967,,dropped_in_docs,AADHAAR,2
CPT113345,2026-03-23 00:48:38.722258367,approved,,6
CPT115700,,dropped_in_docs,PERMIT,3
CPT113736,,dropped_in_docs,INSURANCE,5
CPT121141,2026-03-22 03:42:31.171318542,rejected,vehicle_age_policy,5
CPT109807,,dropped_in_docs,RC,1
CPT116460,,dropped_in_docs,PERMIT,3
CPT109981,,dropped_in_docs,RC,1
CPT117077,,dropped_in_docs,DL,0
CPT112057,,dropped_in_docs,DL,0
CPT115498,,dropped_in_docs,INSURANCE,5
CPT119450,,dropped_in_docs,RC,1
CPT107856,,dropped_in_docs,RC,1
CPT102422,,dropped_in_docs,FITNESS,4
CPT113383,,dropped_in_docs,DL,0
CPT108620,,dropped_in_docs,RC,1
CPT109283,,dropped_in_docs,FITNESS,4
CPT124332,,dropped_in_docs,AADHAAR,2
CPT111783,,dropped_in_docs,RC,1
CPT100314,,dropped_in_docs,RC,1
CPT107916,,dropped_in_docs,RC,1
CPT122972,,dropped_in_docs,INSURANCE,5
CPT104575,2026-03-21 13:14:37.283386309,approved,,6
CPT102459,,dropped_in_docs,RC,1
CPT104452,2026-03-23 05:21:16.468517705,approved,,6
CPT109186,,dropped_in_docs,INSURANCE,5
CPT100644,,dropped_in_docs,AADHAAR,2
CPT113065,,dropped_in_docs,FITNESS,4
CPT113302,,dropped_in_docs,RC,1
CPT107949,2026-03-24 20:48:40.768047861,approved,,6
CPT113047,,dropped_in_docs,RC,1
CPT114420,2026-03-23 17:17:17.141937540,approved,,5
CPT122812,,dropped_in_docs,INSURANCE,5
CPT120440,,dropped_in_docs,DL,0
CPT115585,,dropped_in_docs,PERMIT,3
CPT100240,,dropped_in_docs,FITNESS,4
CPT120337,2026-03-22 16:12:50.191406857,approved,,6
CPT102262,,dropped_in_docs,INSURANCE,5
CPT104149,,dropped_in_docs,FITNESS,4
CPT124219,,dropped_in_docs,DL,0
CPT109615,,dropped_in_docs,RC,1
CPT114963,,dropped_in_docs,DL,0
CPT122007,,dropped_in_docs,RC,1
CPT119303,,dropped_in_docs,DL,0
CPT103539,,dropped_in_docs,RC,1
CPT112679,,dropped_in_docs,FITNESS,4
CPT109587,,dropped_in_docs,INSURANCE,5
CPT105790,,dropped_in_docs,RC,1
CPT106735,,dropped_in_docs,DL,0
CPT114312,,dropped_in_docs,INSURANCE,5
CPT122063,,dropped_in_docs,DL,0
CPT112655,,dropped_in_docs,FITNESS,4
CPT115109,,dropped_in_docs,AADHAAR,2
CPT111092,,dropped_in_docs,DL,0
CPT107740,,dropped_in_docs,FITNESS,4
CPT109990,,dropped_in_docs,PERMIT,3
CPT113274,,dropped_in_docs,PERMIT,3
CPT102297,,dropped_in_docs,RC,1
CPT116064,,dropped_in_docs,INSURANCE,5
CPT121793,2026-03-23 09:24:48.391552307,approved,,5
CPT113867,,dropped_in_docs,RC,1
CPT102594,2026-03-24 08:16:43.169618627,approved,,6
CPT122097,,dropped_in_docs,FITNESS,4
CPT108494,2026-03-23 20:52:54.787880834,approved,,6
CPT110071,,dropped_in_docs,FITNESS,4
CPT111892,,dropped_in_docs,AADHAAR,2
CPT115396,,dropped_in_docs,FITNESS,4
CPT104677,2026-03-23 00:17:00.799357547,approved,,5
CPT121570,,dropped_in_docs,AADHAAR,2
CPT114366,2026-03-24 06:46:19.744783840,approved,,6
CPT105420,,dropped_in_docs,RC,1
CPT113779,,dropped_in_docs,INSURANCE,5
CPT122530,2026-03-24 00:48:13.505879550,approved,,6
CPT100459,,dropped_in_docs,PERMIT,3
CPT107475,,dropped_in_docs,FITNESS,4
CPT117811,,dropped_in_docs,DL,0
CPT107305,,dropped_in_docs,RC,1
CPT117822,2026-03-23 11:40:51.849647611,approved,,5
CPT112359,,dropped_in_docs,FITNESS,4
CPT108216,,dropped_in_docs,FITNESS,4
CPT108733,2026-03-25 00:27:21.810716524,approved,,6
CPT120913,,dropped_in_docs,FITNESS,4
CPT111881,2026-03-24 04:27:55.880224829,approved,,6
CPT121031,,dropped_in_docs,RC,1
CPT102016,,dropped_in_docs,PERMIT,3
CPT105634,,dropped_in_docs,PERMIT,3
CPT108365,,dropped_in_docs,FITNESS,4
CPT106193,,dropped_in_docs,RC,1
CPT124276,,dropped_in_docs,PERMIT,3
CPT123933,,dropped_in_docs,FITNESS,4
CPT123464,,dropped_in_docs,DL,0
CPT113527,,dropped_in_docs,FITNESS,4
CPT122573,,dropped_in_docs,PERMIT,3
CPT120471,,dropped_in_docs,RC,1
CPT100465,,dropped_in_docs,RC,1
CPT110525,,dropped_in_docs,RC,1
CPT114681,,dropped_in_docs,FITNESS,4
CPT108076,,dropped_in_docs,PERMIT,3
CPT117890,,dropped_in_docs,INSURANCE,5
CPT100966,,dropped_in_docs,RC,1
CPT122725,,dropped_in_docs,FITNESS,4
CPT113936,,dropped_in_docs,FITNESS,4
CPT120160,2026-03-23 23:16:37.347755253,approved,,6
CPT106934,,dropped_in_docs,RC,1
CPT110907,,dropped_in_docs,INSURANCE,5
CPT105143,,dropped_in_docs,FITNESS,4
CPT112323,,dropped_in_docs,RC,1
CPT114895,2026-03-23 11:21:21.651209342,rejected,background_check_failed,6
CPT110388,,dropped_in_docs,PERMIT,3
CPT124830,,dropped_in_docs,INSURANCE,5
CPT105661,,dropped_in_docs,RC,1
CPT103104,,dropped_in_docs,AADHAAR,2
CPT121495,,dropped_in_docs,RC,1
CPT102863,,dropped_in_docs,DL,0
CPT121264,,dropped_in_docs,AADHAAR,2
CPT113276,,dropped_in_docs,AADHAAR,2
CPT113457,,dropped_in_docs,FITNESS,4
CPT112392,,dropped_in_docs,PERMIT,3
CPT120379,,dropped_in_docs,PERMIT,3
CPT123152,,dropped_in_docs,RC,1
CPT116851,,dropped_in_docs,RC,1
CPT101995,,dropped_in_docs,PERMIT,3
CPT122205,,dropped_in_docs,RC,1
CPT113941,2026-03-24 14:32:44.372544598,approved,,6
CPT101966,,dropped_in_docs,RC,1
CPT103016,,dropped_in_docs,AADHAAR,2
CPT110760,2026-03-23 00:06:40.319601357,rejected,duplicate_captain,6
CPT123509,2026-03-23 16:29:38.995638389,approved,,6
CPT123835,,dropped_in_docs,PERMIT,3
CPT112736,,dropped_in_docs,RC,1
CPT113928,2026-03-23 01:29:24.654650843,approved,,6
CPT121160,,dropped_in_docs,FITNESS,4
CPT100306,,dropped_in_docs,PERMIT,3
CPT110116,2026-03-24 17:43:01.535017483,rejected,background_check_failed,6
CPT122407,2026-03-27 04:39:39.065759963,rejected,vehicle_age_policy,6
CPT114719,,dropped_in_docs,INSURANCE,5
CPT100057,,dropped_in_docs,RC,1
CPT108364,,dropped_in_docs,RC,1
CPT118851,,dropped_in_docs,RC,1
CPT117983,,dropped_in_docs,INSURANCE,5
CPT121139,,dropped_in_docs,PERMIT,3
CPT117863,,dropped_in_docs,AADHAAR,2
CPT101331,,dropped_in_docs,RC,1
CPT102839,,dropped_in_docs,AADHAAR,2
CPT100986,,dropped_in_docs,FITNESS,4
CPT122678,,dropped_in_docs,DL,0
CPT106235,,dropped_in_docs,INSURANCE,5
CPT118980,2026-03-23 04:35:43.702992538,rejected,duplicate_captain,6
CPT112735,,dropped_in_docs,PERMIT,3
CPT107385,,dropped_in_docs,AADHAAR,2
CPT100245,,dropped_in_docs,PERMIT,3
CPT114967,,dropped_in_docs,AADHAAR,2
CPT103194,2026-03-25 23:16:30.193127608,approved,,6
CPT118196,,dropped_in_docs,AADHAAR,2
CPT113473,,dropped_in_docs,RC,1
CPT111979,2026-03-24 21:06:31.417146807,approved,,6
CPT106266,,dropped_in_docs,AADHAAR,2
CPT101604,2026-03-24 17:33:40.688849133,approved,,6
CPT104998,,dropped_in_docs,DL,0
CPT115489,2026-03-25 03:44:31.246227554,rejected,duplicate_captain,5
CPT109228,2026-03-25 11:18:08.557381735,approved,,6
CPT113147,,dropped_in_docs,RC,1
CPT100647,,dropped_in_docs,DL,0
CPT123471,,dropped_in_docs,RC,1
CPT107169,,dropped_in_docs,FITNESS,4
CPT103954,,dropped_in_docs,RC,1
CPT104216,2026-03-25 18:33:23.646032789,approved,,6
CPT112718,,dropped_in_docs,RC,1
CPT113652,,dropped_in_docs,FITNESS,4
CPT106799,,dropped_in_docs,INSURANCE,5
CPT115226,,dropped_in_docs,AADHAAR,2
CPT110495,,dropped_in_docs,PERMIT,3
CPT110005,,dropped_in_docs,PERMIT,3
CPT110681,,dropped_in_docs,AADHAAR,2
CPT122212,,dropped_in_docs,INSURANCE,5
CPT117756,2026-03-24 01:38:40.400773381,approved,,6
CPT106482,,dropped_in_docs,PERMIT,3
CPT115467,2026-03-25 01:33:57.486903030,approved,,6
CPT106517,2026-03-27 08:27:13.936141958,rejected,vehicle_age_policy,6
CPT118946,,dropped_in_docs,RC,1
CPT121429,,dropped_in_docs,AADHAAR,2
CPT124991,,dropped_in_docs,RC,1
CPT107111,,dropped_in_docs,DL,0
CPT124705,,dropped_in_docs,FITNESS,4
CPT115355,,dropped_in_docs,INSURANCE,5
CPT114678,,dropped_in_docs,AADHAAR,2
CPT100053,,dropped_in_docs,RC,1
CPT103618,,dropped_in_docs,PERMIT,3
CPT120796,,dropped_in_docs,RC,1
CPT115918,2026-03-25 14:57:12.539972735,rejected,background_check_failed,6
CPT118800,,dropped_in_docs,RC,1
CPT112350,,dropped_in_docs,RC,1
CPT102354,,dropped_in_docs,FITNESS,4
CPT113588,2026-03-25 12:36:45.683940858,approved,,5
CPT110613,,dropped_in_docs,PERMIT,3
CPT103156,2026-03-27 03:48:30.410437600,approved,,6
CPT115351,,dropped_in_docs,INSURANCE,5
CPT109696,,dropped_in_docs,DL,0
CPT109741,,dropped_in_docs,RC,1
CPT116328,2026-03-24 07:06:32.214740739,approved,,6
CPT101804,,dropped_in_docs,INSURANCE,5
CPT105096,,dropped_in_docs,RC,1
CPT105919,,dropped_in_docs,RC,1
CPT103293,2026-03-24 10:03:12.661832375,approved,,6
CPT112810,,dropped_in_docs,DL,0
CPT103673,,dropped_in_docs,INSURANCE,5
CPT117944,2026-03-24 12:06:24.506610544,approved,,6
CPT102154,2026-03-28 04:56:57.114613688,approved,,6
CPT112102,2026-03-25 02:20:05.486644145,approved,,6
CPT106797,,dropped_in_docs,DL,0
CPT103627,,dropped_in_docs,RC,1
CPT120972,,dropped_in_docs,AADHAAR,2
CPT121358,,dropped_in_docs,DL,0
CPT100311,2026-03-24 08:16:51.618771740,approved,,5
CPT121688,,dropped_in_docs,DL,0
CPT101610,,dropped_in_docs,PERMIT,3
CPT104014,,dropped_in_docs,RC,1
CPT110942,,dropped_in_docs,DL,0
CPT100818,,dropped_in_docs,RC,1
CPT119150,2026-03-24 20:53:45.978624587,approved,,6
CPT121634,2026-03-22 13:30:12.421819255,approved,,5
CPT122800,,dropped_in_docs,FITNESS,4
CPT115630,,dropped_in_docs,AADHAAR,2
CPT103046,,dropped_in_docs,RC,1
CPT101850,,dropped_in_docs,DL,0
CPT101338,,dropped_in_docs,AADHAAR,2
CPT118680,,dropped_in_docs,FITNESS,4
CPT115204,,dropped_in_docs,FITNESS,4
CPT108396,,dropped_in_docs,RC,1
CPT117045,,dropped_in_docs,PERMIT,3
CPT101208,,dropped_in_docs,AADHAAR,2
CPT120834,,dropped_in_docs,INSURANCE,5
CPT108722,,dropped_in_docs,RC,1
CPT121202,,dropped_in_docs,PERMIT,3
CPT119314,2026-03-24 15:24:05.245120949,approved,,6
CPT107499,,dropped_in_docs,INSURANCE,5
CPT116739,,dropped_in_docs,FITNESS,4
CPT121821,,dropped_in_docs,AADHAAR,2
CPT120419,2026-03-24 22:22:49.463137216,approved,,6
CPT101576,,dropped_in_docs,PERMIT,3
CPT123233,,dropped_in_docs,FITNESS,4
CPT110749,,dropped_in_docs,RC,1
CPT104397,,dropped_in_docs,AADHAAR,2
CPT115032,,dropped_in_docs,INSURANCE,5
CPT110032,,dropped_in_docs,DL,0
CPT122458,,dropped_in_docs,DL,0
CPT105864,,dropped_in_docs,DL,0
CPT102609,,dropped_in_docs,DL,0
CPT109031,,dropped_in_docs,RC,1
CPT113505,,dropped_in_docs,RC,1
CPT123446,,dropped_in_docs,RC,1
CPT106942,,dropped_in_docs,RC,1
CPT114995,,dropped_in_docs,INSURANCE,5
CPT105949,,dropped_in_docs,RC,1
CPT108464,,dropped_in_docs,FITNESS,4
CPT113525,,dropped_in_docs,FITNESS,4
CPT116842,2026-03-25 08:49:28.254888095,approved,,6
CPT112176,,dropped_in_docs,DL,0
CPT103015,,dropped_in_docs,INSURANCE,5
CPT116904,,dropped_in_docs,DL,0
CPT105735,,dropped_in_docs,PERMIT,3
CPT107795,2026-03-27 20:10:31.966657486,approved,,6
CPT105929,,dropped_in_docs,RC,1
CPT121675,,dropped_in_docs,RC,1
CPT108463,2026-03-25 07:47:06.030171665,approved,,6
CPT107674,,dropped_in_docs,PERMIT,3
CPT107739,,dropped_in_docs,DL,0
CPT106197,2026-03-23 23:30:22.840460701,approved,,6
CPT108307,,dropped_in_docs,AADHAAR,2
CPT107029,,dropped_in_docs,RC,1
CPT121840,,dropped_in_docs,INSURANCE,5
CPT117040,,dropped_in_docs,FITNESS,4
CPT122121,,dropped_in_docs,RC,1
CPT103267,,dropped_in_docs,DL,0
CPT106094,,dropped_in_docs,RC,1
CPT111275,,dropped_in_docs,PERMIT,3
CPT118649,,dropped_in_docs,DL,0
CPT110611,2026-03-25 21:40:09.491693139,approved,,5
CPT119124,,dropped_in_docs,DL,0
CPT109455,,dropped_in_docs,PERMIT,3
CPT111045,,dropped_in_docs,RC,1
CPT118397,,dropped_in_docs,RC,1
CPT103429,,dropped_in_docs,RC,1
CPT102822,2026-03-25 16:32:37.556339729,approved,,5
CPT124063,2026-03-26 10:13:13.692604007,approved,,6
CPT101150,,dropped_in_docs,INSURANCE,5
CPT109791,,dropped_in_docs,DL,0
CPT101687,,dropped_in_docs,DL,0
CPT101222,2026-03-25 17:41:27.962817336,approved,,6
CPT100317,,dropped_in_docs,PERMIT,3
CPT111856,2026-03-29 19:09:01.990571608,approved,,6
CPT107559,,dropped_in_docs,RC,1
CPT108095,,dropped_in_docs,RC,1
CPT120385,,dropped_in_docs,RC,1
CPT124388,,dropped_in_docs,INSURANCE,5
CPT115921,,dropped_in_docs,DL,0
CPT101911,,dropped_in_docs,RC,1
CPT108261,2026-03-21 21:32:07.203318366,approved,,6
CPT116324,,dropped_in_docs,PERMIT,3
CPT111134,,dropped_in_docs,RC,1
CPT111883,,dropped_in_docs,FITNESS,4
CPT107484,,dropped_in_docs,FITNESS,4
CPT117567,,dropped_in_docs,PERMIT,3
CPT101940,,dropped_in_docs,AADHAAR,2
CPT120688,2026-03-24 02:35:31.831571549,approved,,5
CPT117470,2026-03-29 00:32:43.327832605,approved,,6
CPT109614,,dropped_in_docs,AADHAAR,2
CPT111977,,dropped_in_docs,AADHAAR,2
CPT120728,,dropped_in_docs,AADHAAR,2
CPT118407,,dropped_in_docs,FITNESS,4
CPT109382,,dropped_in_docs,PERMIT,3
CPT101347,,dropped_in_docs,DL,0
CPT107152,,dropped_in_docs,RC,1
CPT110160,,dropped_in_docs,FITNESS,4
CPT107843,,dropped_in_docs,AADHAAR,2
CPT109522,2026-03-25 19:18:15.303364846,approved,,6
CPT111580,,dropped_in_docs,INSURANCE,5
CPT106646,,dropped_in_docs,RC,1
CPT118955,,dropped_in_docs,RC,1
CPT115046,,dropped_in_docs,RC,1
CPT110203,2026-03-25 05:05:35.398843718,approved,,6
CPT121913,,dropped_in_docs,RC,1
CPT123552,,dropped_in_docs,INSURANCE,5
CPT118257,2026-03-24 17:07:49.393711781,approved,,6
CPT116055,,dropped_in_docs,INSURANCE,5
CPT117601,,dropped_in_docs,RC,1
CPT106339,,dropped_in_docs,PERMIT,3
CPT115821,,dropped_in_docs,INSURANCE,5
CPT124422,,dropped_in_docs,RC,1
CPT116818,,dropped_in_docs,AADHAAR,2
CPT108320,,dropped_in_docs,PERMIT,3
CPT100471,2026-03-24 11:25:49.604894836,rejected,duplicate_captain,6
CPT115612,,dropped_in_docs,DL,0
CPT104228,,dropped_in_docs,FITNESS,4
CPT106805,,dropped_in_docs,RC,1
CPT123560,2026-03-25 17:58:36.572860707,approved,,6
CPT101055,,dropped_in_docs,RC,1
CPT100299,,dropped_in_docs,AADHAAR,2
CPT114165,,dropped_in_docs,AADHAAR,2
CPT123629,,dropped_in_docs,DL,0
CPT110330,2026-03-26 09:29:10.189235838,approved,,6
CPT118044,,dropped_in_docs,FITNESS,4
CPT114891,2026-03-29 15:09:04.567143384,approved,,6
CPT101491,,dropped_in_docs,INSURANCE,5
CPT122076,2026-03-26 20:34:06.227321766,rejected,background_check_failed,5
CPT113864,,dropped_in_docs,FITNESS,4
CPT122075,,dropped_in_docs,FITNESS,4
CPT110851,2026-03-25 11:36:20.745594137,approved,,6
CPT112379,,dropped_in_docs,INSURANCE,5
CPT123338,,dropped_in_docs,RC,1
CPT100349,,dropped_in_docs,INSURANCE,5
CPT109012,,dropped_in_docs,FITNESS,4
CPT122555,,dropped_in_docs,RC,1
CPT101273,2026-03-25 20:33:02.974615851,approved,,5
CPT103312,2026-03-25 07:26:20.243760639,approved,,5
CPT119500,,dropped_in_docs,RC,1
CPT111501,,dropped_in_docs,FITNESS,4
CPT102079,,dropped_in_docs,FITNESS,4
CPT104762,,dropped_in_docs,AADHAAR,2
CPT102415,,dropped_in_docs,PERMIT,3
CPT108522,,dropped_in_docs,RC,1
CPT113431,,dropped_in_docs,RC,1
CPT117966,,dropped_in_docs,DL,0
CPT122664,2026-03-23 00:55:53.423947169,approved,,5
CPT112566,2026-03-24 22:11:05.117568113,approved,,5
CPT101749,,dropped_in_docs,AADHAAR,2
CPT112440,,dropped_in_docs,FITNESS,4
CPT119806,,dropped_in_docs,AADHAAR,2
CPT122187,2026-03-25 06:23:28.077610681,approved,,6
CPT110427,,dropped_in_docs,FITNESS,4
CPT113410,,dropped_in_docs,RC,1
CPT114305,,dropped_in_docs,PERMIT,3
CPT103588,,dropped_in_docs,FITNESS,4
CPT114092,2026-03-28 03:26:27.538025979,approved,,5
CPT120793,,dropped_in_docs,INSURANCE,5
CPT109416,,dropped_in_docs,RC,1
CPT114301,,dropped_in_docs,PERMIT,3
CPT103026,2026-03-26 06:04:27.393386142,approved,,6
CPT119725,,dropped_in_docs,AADHAAR,2
CPT123281,,dropped_in_docs,RC,1
CPT123725,,dropped_in_docs,DL,0
CPT120355,,dropped_in_docs,RC,1
CPT107741,,dropped_in_docs,FITNESS,4
CPT106138,,dropped_in_docs,FITNESS,4
CPT104954,,dropped_in_docs,DL,0
CPT108570,2026-03-26 08:00:13.627288508,approved,,5
CPT108312,,dropped_in_docs,PERMIT,3
CPT112100,2026-03-23 06:27:26.387098745,approved,,6
CPT109133,,dropped_in_docs,INSURANCE,5
CPT110006,,dropped_in_docs,RC,1
CPT116422,,dropped_in_docs,RC,1
CPT115714,,dropped_in_docs,RC,1
CPT108746,,dropped_in_docs,DL,0
CPT105924,,dropped_in_docs,INSURANCE,5
CPT118093,,dropped_in_docs,AADHAAR,2
CPT113950,,dropped_in_docs,RC,1
CPT117748,,dropped_in_docs,AADHAAR,2
CPT104591,2026-03-26 23:50:42.411105770,approved,,5
CPT111951,2026-03-23 22:26:24.666231078,approved,,5
CPT112829,,dropped_in_docs,DL,0
CPT106359,,dropped_in_docs,RC,1
CPT103843,,dropped_in_docs,FITNESS,4
CPT107761,,dropped_in_docs,PERMIT,3
CPT100692,,dropped_in_docs,DL,0
CPT110685,,dropped_in_docs,RC,1
CPT102392,,dropped_in_docs,AADHAAR,2
CPT123615,,dropped_in_docs,PERMIT,3
CPT120806,,dropped_in_docs,FITNESS,4
CPT110753,2026-03-27 11:38:24.602102238,approved,,6
CPT122910,,dropped_in_docs,FITNESS,4
CPT113185,,dropped_in_docs,INSURANCE,5
CPT119392,,dropped_in_docs,DL,0
CPT106331,,dropped_in_docs,RC,1
CPT121033,,dropped_in_docs,INSURANCE,5
CPT114363,,dropped_in_docs,AADHAAR,2
CPT121480,,dropped_in_docs,RC,1
CPT119901,,dropped_in_docs,AADHAAR,2
CPT110785,,dropped_in_docs,INSURANCE,5
CPT123484,2026-03-24 05:54:24.132530218,approved,,5
CPT113514,,dropped_in_docs,FITNESS,4
CPT108204,,dropped_in_docs,RC,1
CPT109114,,dropped_in_docs,FITNESS,4
CPT109507,,dropped_in_docs,PERMIT,3
CPT117937,2026-03-25 22:10:59.762744216,approved,,6
CPT117536,,dropped_in_docs,INSURANCE,5
CPT114325,,dropped_in_docs,PERMIT,3
CPT108225,,dropped_in_docs,FITNESS,4
CPT119391,,dropped_in_docs,RC,1
CPT123513,,dropped_in_docs,RC,1
CPT103452,,dropped_in_docs,PERMIT,3
CPT124382,2026-03-28 01:59:22.264960939,approved,,6
CPT121242,,dropped_in_docs,PERMIT,3
CPT110707,2026-03-28 00:51:47.926749164,rejected,doc_authenticity_flag,6
CPT101029,,dropped_in_docs,RC,1
CPT102221,,dropped_in_docs,RC,1
CPT103600,,dropped_in_docs,PERMIT,3
CPT109968,,dropped_in_docs,PERMIT,3
CPT121123,,dropped_in_docs,AADHAAR,2
CPT124329,,dropped_in_docs,RC,1
CPT117158,,dropped_in_docs,AADHAAR,2
CPT124837,2026-03-27 18:43:52.272477648,approved,,6
CPT104706,,dropped_in_docs,PERMIT,3
CPT108094,2026-03-28 23:02:00.797750915,approved,,6
CPT108566,,dropped_in_docs,INSURANCE,5
CPT124288,,dropped_in_docs,RC,1
CPT110656,2026-03-27 16:15:11.105373595,approved,,6
CPT116228,,dropped_in_docs,RC,1
CPT111439,2026-03-27 08:32:41.927157182,rejected,vehicle_age_policy,5
CPT105461,2026-03-25 22:23:18.723044091,approved,,6
CPT107527,,dropped_in_docs,INSURANCE,5
CPT107355,,dropped_in_docs,DL,0
CPT115998,,dropped_in_docs,PERMIT,3
CPT102496,,dropped_in_docs,DL,0
CPT119077,,dropped_in_docs,FITNESS,4
CPT109367,,dropped_in_docs,RC,1
CPT121457,,dropped_in_docs,PERMIT,3
CPT107067,2026-03-26 09:27:42.076353405,rejected,background_check_failed,6
CPT106757,,dropped_in_docs,RC,1
CPT115733,,dropped_in_docs,PERMIT,3
CPT124124,,dropped_in_docs,DL,0
CPT104279,,dropped_in_docs,PERMIT,3
CPT101429,,dropped_in_docs,FITNESS,4
CPT117700,2026-03-28 09:59:34.309469184,approved,,6
CPT113796,,dropped_in_docs,FITNESS,4
CPT113294,2026-03-26 06:27:30.042161359,approved,,6
CPT124445,,dropped_in_docs,DL,0
CPT104981,,dropped_in_docs,FITNESS,4
CPT112098,,dropped_in_docs,INSURANCE,5
CPT100457,,dropped_in_docs,FITNESS,4
CPT111937,,dropped_in_docs,FITNESS,4
CPT123751,,dropped_in_docs,FITNESS,4
CPT110240,,dropped_in_docs,RC,1
CPT122116,,dropped_in_docs,RC,1
CPT111174,2026-03-26 19:10:13.194117451,approved,,5
CPT117839,,dropped_in_docs,RC,1
CPT101022,,dropped_in_docs,AADHAAR,2
CPT102857,,dropped_in_docs,RC,1
CPT110836,,dropped_in_docs,FITNESS,4
CPT104327,,dropped_in_docs,RC,1
CPT122585,2026-03-28 05:53:53.210645049,approved,,6
CPT110479,,dropped_in_docs,INSURANCE,5
CPT114207,,dropped_in_docs,RC,1
CPT115560,,dropped_in_docs,FITNESS,4
CPT114710,2026-03-29 07:07:55.280427442,approved,,6
CPT122612,,dropped_in_docs,RC,1
CPT111949,2026-03-25 14:30:32.659162564,approved,,6
CPT119565,,dropped_in_docs,RC,1
CPT101386,,dropped_in_docs,RC,1
CPT102911,,dropped_in_docs,FITNESS,4
CPT111329,,dropped_in_docs,INSURANCE,5
CPT123559,,dropped_in_docs,DL,0
CPT115314,,dropped_in_docs,PERMIT,3
CPT114464,,dropped_in_docs,FITNESS,4
CPT101193,2026-03-26 01:16:27.988654276,rejected,vehicle_age_policy,5
CPT105018,,dropped_in_docs,PERMIT,3
CPT103288,,dropped_in_docs,INSURANCE,5
CPT108582,,dropped_in_docs,FITNESS,4
CPT120285,2026-03-27 09:56:08.988135006,approved,,6
CPT124639,,dropped_in_docs,DL,0
CPT102477,,dropped_in_docs,PERMIT,3
CPT115105,,dropped_in_docs,PERMIT,3
CPT124509,,dropped_in_docs,INSURANCE,5
CPT120488,,dropped_in_docs,FITNESS,4
CPT118393,2026-03-25 01:04:19.206763707,approved,,5
CPT124779,,dropped_in_docs,PERMIT,3
CPT102779,,dropped_in_docs,FITNESS,4
CPT116924,,dropped_in_docs,RC,1
CPT119111,,dropped_in_docs,RC,1
CPT104454,2026-03-25 13:55:43.162344903,approved,,6
CPT112545,,dropped_in_docs,DL,0
CPT111157,,dropped_in_docs,PERMIT,3
CPT117809,2026-03-25 03:42:45.149513956,approved,,6
CPT124442,,dropped_in_docs,INSURANCE,5
CPT121816,,dropped_in_docs,RC,1
CPT118426,2026-03-28 11:11:09.979054611,approved,,5
CPT112404,,dropped_in_docs,FITNESS,4
CPT112163,,dropped_in_docs,RC,1
CPT106198,,dropped_in_docs,RC,1
CPT113132,,dropped_in_docs,RC,1
CPT106052,,dropped_in_docs,RC,1
CPT123394,,dropped_in_docs,PERMIT,3
CPT100366,,dropped_in_docs,RC,1
CPT108258,,dropped_in_docs,AADHAAR,2
CPT109119,,dropped_in_docs,PERMIT,3
CPT116951,2026-03-25 23:50:16.926270305,approved,,6
CPT113607,2026-03-26 07:40:47.044953384,rejected,background_check_failed,6
CPT115904,2026-03-26 04:52:13.589407935,rejected,vehicle_age_policy,5
CPT105185,,dropped_in_docs,DL,0
CPT109143,,dropped_in_docs,RC,1
CPT118597,,dropped_in_docs,RC,1
CPT111397,,dropped_in_docs,RC,1
CPT106884,,dropped_in_docs,PERMIT,3
CPT120560,,dropped_in_docs,RC,1
CPT112282,2026-03-25 20:19:51.882838187,approved,,6
CPT112797,2026-03-25 05:45:55.085372571,approved,,5
CPT120534,2026-03-26 04:07:00.832440285,approved,,6
CPT122140,,dropped_in_docs,PERMIT,3
CPT122491,,dropped_in_docs,PERMIT,3
CPT110081,2026-03-26 04:12:56.633932510,approved,,6
CPT121584,,dropped_in_docs,DL,0
CPT117007,2026-04-01 14:49:34.533970497,approved,,6
CPT107820,,dropped_in_docs,RC,1
CPT107376,2026-03-29 23:20:00.141136102,approved,,6
CPT102809,,dropped_in_docs,FITNESS,4
CPT121099,,dropped_in_docs,FITNESS,4
CPT112373,2026-03-25 06:41:36.634084255,approved,,6
CPT109361,2026-03-27 06:07:41.556959568,rejected,duplicate_captain,6
CPT109353,,dropped_in_docs,INSURANCE,5
CPT121379,,dropped_in_docs,AADHAAR,2
CPT120425,,dropped_in_docs,INSURANCE,5
CPT109648,2026-03-25 21:56:52.146756415,approved,,6
CPT115149,,dropped_in_docs,AADHAAR,2
CPT111215,,dropped_in_docs,DL,0
CPT118201,,dropped_in_docs,PERMIT,3
CPT110792,,dropped_in_docs,DL,0
CPT119214,,dropped_in_docs,RC,1
CPT118581,,dropped_in_docs,RC,1
CPT116115,,dropped_in_docs,INSURANCE,5
CPT102621,,dropped_in_docs,DL,0
CPT102825,,dropped_in_docs,RC,1
CPT107109,,dropped_in_docs,RC,1
CPT115961,,dropped_in_docs,PERMIT,3
CPT117415,,dropped_in_docs,INSURANCE,5
CPT123668,2026-03-29 10:12:52.366176048,approved,,6
CPT117443,,dropped_in_docs,RC,1
CPT122204,,dropped_in_docs,PERMIT,3
CPT122946,2026-03-25 07:50:55.900287677,approved,,5
CPT112698,,dropped_in_docs,PERMIT,3
CPT115426,,dropped_in_docs,INSURANCE,5
CPT123276,,dropped_in_docs,FITNESS,4
CPT108698,,dropped_in_docs,RC,1
CPT113916,2026-03-25 04:19:21.121509124,approved,,5
CPT124570,,dropped_in_docs,FITNESS,4
CPT120068,,dropped_in_docs,DL,0
CPT122735,,dropped_in_docs,FITNESS,4
CPT105950,,dropped_in_docs,PERMIT,3
CPT100157,,dropped_in_docs,INSURANCE,5
CPT111425,,dropped_in_docs,RC,1
CPT103062,2026-03-26 01:22:30.386616649,rejected,background_check_failed,5
CPT111400,,dropped_in_docs,RC,1
CPT103686,,dropped_in_docs,AADHAAR,2
CPT114068,2026-03-28 15:24:49.212000494,approved,,6
CPT106264,,dropped_in_docs,DL,0
CPT117824,,dropped_in_docs,DL,0
CPT111868,,dropped_in_docs,DL,0
CPT103040,,dropped_in_docs,FITNESS,4
CPT104544,,dropped_in_docs,PERMIT,3
CPT113028,,dropped_in_docs,DL,0
CPT105871,2026-03-27 13:42:57.395718374,approved,,5
CPT122033,,dropped_in_docs,FITNESS,4
CPT117791,,dropped_in_docs,AADHAAR,2
CPT111974,,dropped_in_docs,FITNESS,4
CPT112252,,dropped_in_docs,PERMIT,3
CPT111935,2026-03-27 06:55:19.333268151,approved,,5
CPT117687,2026-03-27 05:26:11.289467648,approved,,6
CPT103440,2026-03-26 20:30:29.852480370,approved,,6
CPT108992,2026-03-25 11:58:25.681573938,approved,,6
CPT101630,2026-03-26 12:59:10.957737297,approved,,5
CPT123803,,dropped_in_docs,RC,1
CPT108212,,dropped_in_docs,RC,1
CPT119897,,dropped_in_docs,PERMIT,3
CPT110449,,dropped_in_docs,PERMIT,3
CPT110456,,dropped_in_docs,DL,0
CPT117598,2026-03-26 00:27:51.527066705,approved,,6
CPT107588,,dropped_in_docs,RC,1
CPT123325,,dropped_in_docs,DL,0
CPT112671,,dropped_in_docs,PERMIT,3
CPT110112,,dropped_in_docs,FITNESS,4
CPT104574,,dropped_in_docs,DL,0
CPT109130,,dropped_in_docs,DL,0
CPT117658,2026-03-26 17:50:12.125568837,approved,,5
CPT123748,,dropped_in_docs,INSURANCE,5
CPT100767,,dropped_in_docs,PERMIT,3
CPT102239,,dropped_in_docs,FITNESS,4
CPT114049,,dropped_in_docs,INSURANCE,5
CPT109327,,dropped_in_docs,PERMIT,3
CPT121974,,dropped_in_docs,INSURANCE,5
CPT118583,,dropped_in_docs,RC,1
CPT104658,,dropped_in_docs,RC,1
CPT100714,2026-03-28 09:03:23.017811886,approved,,6
CPT104133,,dropped_in_docs,PERMIT,3
CPT103927,,dropped_in_docs,PERMIT,3
CPT109193,2026-03-29 04:36:55.485381462,approved,,5
CPT113843,,dropped_in_docs,RC,1
CPT103798,,dropped_in_docs,FITNESS,4
CPT117329,,dropped_in_docs,INSURANCE,5
CPT120500,,dropped_in_docs,PERMIT,3
CPT105331,,dropped_in_docs,DL,0
CPT119875,,dropped_in_docs,FITNESS,4
CPT103540,,dropped_in_docs,AADHAAR,2
CPT107017,,dropped_in_docs,PERMIT,3
CPT104577,,dropped_in_docs,PERMIT,3
CPT108655,,dropped_in_docs,PERMIT,3
CPT114019,,dropped_in_docs,RC,1
CPT112503,,dropped_in_docs,DL,0
CPT120994,2026-03-25 14:02:11.717742004,approved,,6
CPT107725,,dropped_in_docs,INSURANCE,5
CPT104325,,dropped_in_docs,DL,0
CPT114885,2026-03-29 10:07:36.191596101,approved,,6
CPT121648,,dropped_in_docs,RC,1
CPT118339,2026-03-24 14:22:36.184863181,approved,,5
CPT105471,,dropped_in_docs,FITNESS,4
CPT109311,,dropped_in_docs,PERMIT,3
CPT105820,2026-03-27 23:54:16.141650150,approved,,5
CPT118991,,dropped_in_docs,PERMIT,3
CPT122218,,dropped_in_docs,FITNESS,4
CPT104317,,dropped_in_docs,DL,0
CPT113579,,dropped_in_docs,RC,1
CPT113157,,dropped_in_docs,RC,1
CPT106139,,dropped_in_docs,RC,1
CPT100613,,dropped_in_docs,INSURANCE,5
CPT116597,,dropped_in_docs,AADHAAR,2
CPT106537,,dropped_in_docs,FITNESS,4
CPT103007,,dropped_in_docs,DL,0
CPT101396,,dropped_in_docs,RC,1
CPT124694,2026-03-29 03:21:48.942125464,approved,,5
CPT120780,,dropped_in_docs,FITNESS,4
CPT124898,,dropped_in_docs,PERMIT,3
CPT115695,,dropped_in_docs,RC,1
CPT115606,,dropped_in_docs,FITNESS,4
CPT119930,,dropped_in_docs,INSURANCE,5
CPT103195,,dropped_in_docs,DL,0
CPT121602,,dropped_in_docs,INSURANCE,5
CPT108068,,dropped_in_docs,AADHAAR,2
CPT104726,,dropped_in_docs,PERMIT,3
CPT116760,,dropped_in_docs,INSURANCE,5
CPT115273,,dropped_in_docs,PERMIT,3
CPT105618,,dropped_in_docs,PERMIT,3
CPT116051,,dropped_in_docs,FITNESS,4
CPT121941,2026-03-29 06:11:44.164487503,approved,,5
CPT111634,,dropped_in_docs,DL,0
CPT110991,,dropped_in_docs,RC,1
CPT118364,,dropped_in_docs,RC,1
CPT124126,,dropped_in_docs,RC,1
CPT100066,,dropped_in_docs,DL,0
CPT124180,2026-03-27 12:22:43.716342703,approved,,6
CPT105391,2026-03-30 07:08:45.549612586,approved,,6
CPT108761,,dropped_in_docs,FITNESS,4
CPT112906,,dropped_in_docs,PERMIT,3
CPT110940,,dropped_in_docs,DL,0
CPT122344,,dropped_in_docs,RC,1
CPT120151,,dropped_in_docs,INSURANCE,5
CPT100920,,dropped_in_docs,INSURANCE,5
CPT122400,,dropped_in_docs,RC,1
CPT116194,,dropped_in_docs,PERMIT,3
CPT116128,,dropped_in_docs,INSURANCE,5
CPT123864,,dropped_in_docs,AADHAAR,2
CPT116845,,dropped_in_docs,RC,1
CPT116668,,dropped_in_docs,FITNESS,4
CPT114714,,dropped_in_docs,FITNESS,4
CPT106620,,dropped_in_docs,INSURANCE,5
CPT107485,,dropped_in_docs,RC,1
CPT110413,,dropped_in_docs,DL,0
CPT109950,,dropped_in_docs,PERMIT,3
CPT124538,,dropped_in_docs,PERMIT,3
CPT107772,,dropped_in_docs,PERMIT,3
CPT105310,,dropped_in_docs,PERMIT,3
CPT109001,,dropped_in_docs,RC,1
CPT124755,,dropped_in_docs,RC,1
CPT103496,2026-03-29 16:19:30.324670366,approved,,6
CPT122739,,dropped_in_docs,FITNESS,4
CPT123570,,dropped_in_docs,PERMIT,3
CPT100841,,dropped_in_docs,AADHAAR,2
CPT119210,,dropped_in_docs,INSURANCE,5
CPT117738,,dropped_in_docs,AADHAAR,2
CPT105693,,dropped_in_docs,AADHAAR,2
CPT115327,,dropped_in_docs,PERMIT,3
CPT115229,,dropped_in_docs,PERMIT,3
CPT121572,,dropped_in_docs,RC,1
CPT123290,,dropped_in_docs,FITNESS,4
CPT105673,,dropped_in_docs,FITNESS,4
CPT112084,,dropped_in_docs,PERMIT,3
CPT102596,,dropped_in_docs,PERMIT,3
CPT106293,,dropped_in_docs,INSURANCE,5
CPT102038,,dropped_in_docs,FITNESS,4
CPT116870,2026-03-28 03:39:53.686224451,approved,,6
CPT108383,2026-03-28 11:57:37.062395015,rejected,doc_authenticity_flag,6
CPT102946,2026-03-26 10:48:03.107607288,approved,,6
CPT101530,,dropped_in_docs,RC,1
CPT119942,,dropped_in_docs,RC,1
CPT108490,,dropped_in_docs,AADHAAR,2
CPT116685,,dropped_in_docs,INSURANCE,5
CPT121639,2026-03-28 18:01:39.221691150,approved,,6
CPT116441,,dropped_in_docs,PERMIT,3
CPT113714,,dropped_in_docs,DL,0
CPT117946,,dropped_in_docs,PERMIT,3
CPT102903,,dropped_in_docs,INSURANCE,5
CPT118477,,dropped_in_docs,RC,1
CPT115093,,dropped_in_docs,FITNESS,4
CPT102810,,dropped_in_docs,PERMIT,3
CPT120686,,dropped_in_docs,RC,1
CPT107370,2026-03-29 17:46:29.289408830,approved,,6
CPT109492,,dropped_in_docs,RC,1
CPT116946,,dropped_in_docs,RC,1
CPT103139,,dropped_in_docs,RC,1
CPT106328,,dropped_in_docs,RC,1
CPT101182,,dropped_in_docs,INSURANCE,5
CPT109526,,dropped_in_docs,RC,1
CPT100769,,dropped_in_docs,RC,1
CPT117510,,dropped_in_docs,INSURANCE,5
CPT116036,,dropped_in_docs,INSURANCE,5
CPT104682,,dropped_in_docs,PERMIT,3
CPT119913,,dropped_in_docs,DL,0
CPT105937,,dropped_in_docs,PERMIT,3
CPT105738,,dropped_in_docs,PERMIT,3
CPT101744,,dropped_in_docs,RC,1
CPT112892,,dropped_in_docs,RC,1
CPT123053,,dropped_in_docs,PERMIT,3
CPT111382,,dropped_in_docs,FITNESS,4
CPT100455,2026-03-30 21:19:36.115361115,approved,,6
CPT116198,2026-03-28 19:06:22.038688531,approved,,5
CPT104922,,dropped_in_docs,PERMIT,3
CPT124351,,dropped_in_docs,INSURANCE,5
CPT109535,,dropped_in_docs,DL,0
CPT123717,2026-03-28 05:07:35.043010744,approved,,5
CPT113318,,dropped_in_docs,RC,1
CPT112426,,dropped_in_docs,PERMIT,3
CPT113932,2026-03-29 05:28:27.682439686,approved,,6
CPT112452,2026-03-28 17:02:27.270008071,approved,,5
CPT113262,,dropped_in_docs,RC,1
CPT121774,,dropped_in_docs,AADHAAR,2
CPT101607,,dropped_in_docs,AADHAAR,2
CPT107164,,dropped_in_docs,RC,1
CPT110597,2026-03-29 18:19:33.600804398,approved,,6
CPT112206,,dropped_in_docs,AADHAAR,2
CPT104245,,dropped_in_docs,PERMIT,3
CPT105121,,dropped_in_docs,RC,1
CPT122506,2026-03-29 12:09:49.787791684,approved,,6
CPT116366,,dropped_in_docs,INSURANCE,5
CPT113292,,dropped_in_docs,RC,1
CPT100813,,dropped_in_docs,FITNESS,4
CPT120269,,dropped_in_docs,RC,1
CPT120788,,dropped_in_docs,INSURANCE,5
CPT106453,,dropped_in_docs,INSURANCE,5
CPT101155,,dropped_in_docs,FITNESS,4
CPT116498,,dropped_in_docs,DL,0
CPT116962,,dropped_in_docs,FITNESS,4
CPT124436,,dropped_in_docs,PERMIT,3
CPT100427,,dropped_in_docs,PERMIT,3
CPT102797,,dropped_in_docs,PERMIT,3
CPT113905,,dropped_in_docs,RC,1
CPT105573,,dropped_in_docs,RC,1
CPT114483,,dropped_in_docs,RC,1
CPT122979,,dropped_in_docs,FITNESS,4
CPT110506,2026-03-30 20:47:35.312354607,approved,,6
CPT108319,2026-03-27 10:43:48.227507391,approved,,6
CPT114684,,dropped_in_docs,RC,1
CPT102455,,dropped_in_docs,DL,0
CPT111213,,dropped_in_docs,RC,1
CPT120585,2026-03-29 21:27:43.627491226,approved,,6
CPT118857,,dropped_in_docs,PERMIT,3
CPT112220,,dropped_in_docs,FITNESS,4
CPT115159,,dropped_in_docs,RC,1
CPT124596,,dropped_in_docs,RC,1
CPT118081,,dropped_in_docs,RC,1
CPT108233,,dropped_in_docs,RC,1
CPT102670,,dropped_in_docs,RC,1
CPT124282,,dropped_in_docs,INSURANCE,5
CPT119826,,dropped_in_docs,PERMIT,3
CPT124470,2026-03-28 05:40:01.677195905,approved,,6
CPT122914,,dropped_in_docs,AADHAAR,2
CPT115751,,dropped_in_docs,INSURANCE,5
CPT120207,,dropped_in_docs,RC,1
CPT118202,,dropped_in_docs,RC,1
CPT119515,,dropped_in_docs,FITNESS,4
CPT118260,,dropped_in_docs,FITNESS,4
CPT119206,2026-03-28 10:24:29.144280148,approved,,6
CPT114243,,dropped_in_docs,INSURANCE,5
CPT104662,2026-03-28 08:59:43.371763250,rejected,doc_authenticity_flag,6
CPT102436,2026-03-27 15:43:51.749123876,approved,,5
CPT104373,,dropped_in_docs,RC,1
CPT100946,,dropped_in_docs,FITNESS,4
CPT103529,,dropped_in_docs,PERMIT,3
CPT124270,2026-03-30 00:10:11.634451652,approved,,5
CPT115019,,dropped_in_docs,PERMIT,3
CPT122988,,dropped_in_docs,RC,1
CPT123638,,dropped_in_docs,DL,0
CPT101717,,dropped_in_docs,INSURANCE,5
CPT114571,2026-04-01 10:53:13.996178114,approved,,6
CPT115080,,dropped_in_docs,INSURANCE,5
CPT112292,,dropped_in_docs,RC,1
CPT124199,2026-03-30 04:49:24.304165504,approved,,6
CPT120274,,dropped_in_docs,DL,0
CPT113914,2026-03-28 18:18:46.133768694,approved,,6
CPT116382,,dropped_in_docs,INSURANCE,5
CPT117919,2026-03-28 19:29:52.841200960,approved,,6
CPT106436,,dropped_in_docs,RC,1
CPT119524,,dropped_in_docs,PERMIT,3
CPT111087,,dropped_in_docs,INSURANCE,5
CPT109096,,dropped_in_docs,FITNESS,4
CPT108385,,dropped_in_docs,INSURANCE,5
CPT112689,,dropped_in_docs,FITNESS,4
CPT117541,,dropped_in_docs,INSURANCE,5
CPT112864,,dropped_in_docs,FITNESS,4
CPT121892,,dropped_in_docs,FITNESS,4
CPT101078,,dropped_in_docs,INSURANCE,5
CPT106661,,dropped_in_docs,RC,1
CPT100568,2026-03-26 23:09:37.176689652,approved,,5
CPT123507,,dropped_in_docs,FITNESS,4
CPT109120,,dropped_in_docs,RC,1
CPT110482,,dropped_in_docs,DL,0
CPT115903,,dropped_in_docs,RC,1
CPT117069,,dropped_in_docs,AADHAAR,2
CPT116561,,dropped_in_docs,RC,1
CPT111412,,dropped_in_docs,FITNESS,4
CPT122758,,dropped_in_docs,RC,1
CPT108287,,dropped_in_docs,PERMIT,3
CPT118992,,dropped_in_docs,DL,0
CPT101455,,dropped_in_docs,RC,1
CPT104286,,dropped_in_docs,FITNESS,4
CPT105031,2026-03-27 11:35:59.370435372,approved,,5
CPT106658,2026-03-27 10:59:54.324364652,approved,,6
CPT107910,2026-03-30 02:01:36.235014808,approved,,6
CPT115191,,dropped_in_docs,RC,1
CPT123326,,dropped_in_docs,RC,1
CPT120973,,dropped_in_docs,PERMIT,3
CPT103677,,dropped_in_docs,FITNESS,4
CPT123031,,dropped_in_docs,FITNESS,4
CPT113310,,dropped_in_docs,AADHAAR,2
CPT111306,,dropped_in_docs,FITNESS,4
CPT111561,,dropped_in_docs,INSURANCE,5
CPT120067,,dropped_in_docs,INSURANCE,5
CPT104416,,dropped_in_docs,INSURANCE,5
CPT117970,,dropped_in_docs,PERMIT,3
CPT112521,,dropped_in_docs,AADHAAR,2
CPT115618,,dropped_in_docs,DL,0
CPT116294,,dropped_in_docs,INSURANCE,5
CPT108986,,dropped_in_docs,RC,1
CPT116006,,dropped_in_docs,INSURANCE,5
CPT111906,,dropped_in_docs,FITNESS,4
CPT109821,,dropped_in_docs,INSURANCE,5
CPT101256,,dropped_in_docs,INSURANCE,5
CPT118626,,dropped_in_docs,INSURANCE,5
CPT119331,,dropped_in_docs,RC,1
CPT118319,,dropped_in_docs,RC,1
CPT124742,,dropped_in_docs,FITNESS,4
CPT118982,,dropped_in_docs,RC,1
CPT102616,,dropped_in_docs,RC,1
CPT123177,,dropped_in_docs,AADHAAR,2
CPT100144,,dropped_in_docs,INSURANCE,5
CPT103504,,dropped_in_docs,INSURANCE,5
CPT114737,2026-03-29 03:36:54.078532791,approved,,6
CPT122582,,dropped_in_docs,PERMIT,3
CPT105647,,dropped_in_docs,INSURANCE,5
CPT109506,2026-03-26 23:59:39.077832785,approved,,6
CPT124215,,dropped_in_docs,RC,1
CPT117508,2026-03-28 07:36:36.780360540,approved,,6
CPT120177,,dropped_in_docs,RC,1
CPT106838,2026-03-28 21:23:55.336516114,approved,,6
CPT112817,,dropped_in_docs,DL,0
CPT122989,2026-03-31 00:36:58.600983923,approved,,6
CPT110438,2026-04-02 11:39:27.522613282,approved,,6
CPT124053,2026-03-29 09:37:10.648935889,rejected,vehicle_age_policy,6
CPT121337,,dropped_in_docs,PERMIT,3
CPT105883,,dropped_in_docs,RC,1
CPT116118,,dropped_in_docs,DL,0
CPT107610,,dropped_in_docs,AADHAAR,2
CPT118275,,dropped_in_docs,FITNESS,4
CPT115037,,dropped_in_docs,INSURANCE,5
CPT101877,,dropped_in_docs,DL,0
CPT113692,2026-03-30 10:23:57.346872672,approved,,6
CPT115085,2026-03-30 23:36:12.756770694,approved,,6
CPT106837,2026-03-31 15:40:01.541172214,approved,,6
CPT101065,,dropped_in_docs,FITNESS,4
CPT113068,,dropped_in_docs,PERMIT,3
CPT108765,,dropped_in_docs,PERMIT,3
CPT101544,,dropped_in_docs,DL,0
CPT120598,,dropped_in_docs,DL,0
CPT113038,2026-03-30 21:55:47.207155833,approved,,6
CPT105636,,dropped_in_docs,RC,1
CPT117932,,dropped_in_docs,RC,1
CPT107968,,dropped_in_docs,PERMIT,3
CPT123797,,dropped_in_docs,PERMIT,3
CPT115715,,dropped_in_docs,RC,1
CPT123351,,dropped_in_docs,RC,1
CPT108302,2026-03-30 05:40:31.197332897,approved,,6
CPT114994,2026-03-30 22:41:40.975675355,approved,,6
CPT105118,2026-03-30 11:10:02.420905117,approved,,5
CPT120759,,dropped_in_docs,INSURANCE,5
CPT101276,,dropped_in_docs,RC,1
CPT107187,,dropped_in_docs,PERMIT,3
CPT119146,2026-03-29 16:17:21.451504647,approved,,6
CPT114414,,dropped_in_docs,INSURANCE,5
CPT118523,,dropped_in_docs,DL,0
CPT124005,,dropped_in_docs,DL,0
CPT104965,,dropped_in_docs,RC,1
CPT117101,2026-03-28 15:32:50.273606448,approved,,6
CPT103734,,dropped_in_docs,RC,1
CPT113757,2026-04-02 16:20:53.033899951,approved,,6
CPT112915,,dropped_in_docs,FITNESS,4
CPT111873,,dropped_in_docs,RC,1
CPT103672,,dropped_in_docs,RC,1
CPT100088,,dropped_in_docs,FITNESS,4
CPT111464,,dropped_in_docs,RC,1
CPT116629,,dropped_in_docs,INSURANCE,5
CPT114352,,dropped_in_docs,FITNESS,4
CPT106395,,dropped_in_docs,INSURANCE,5
CPT100803,2026-03-29 14:44:54.021398945,approved,,6
CPT123584,,dropped_in_docs,PERMIT,3
CPT104199,,dropped_in_docs,FITNESS,4
CPT115877,,dropped_in_docs,RC,1
CPT110776,,dropped_in_docs,FITNESS,4
CPT107596,,dropped_in_docs,PERMIT,3
CPT104532,,dropped_in_docs,INSURANCE,5
CPT113175,,dropped_in_docs,INSURANCE,5
CPT102326,2026-03-30 15:06:33.763994396,approved,,6
CPT103772,,dropped_in_docs,FITNESS,4
CPT111600,,dropped_in_docs,INSURANCE,5
CPT103303,,dropped_in_docs,RC,1
CPT106217,,dropped_in_docs,RC,1
CPT102737,,dropped_in_docs,INSURANCE,5
CPT108226,,dropped_in_docs,AADHAAR,2
CPT112874,2026-03-27 23:37:13.413420633,approved,,5
CPT116704,,dropped_in_docs,RC,1
CPT107081,,dropped_in_docs,RC,1
CPT107854,,dropped_in_docs,INSURANCE,5
CPT116871,2026-03-29 17:38:30.301023939,approved,,6
CPT120724,,dropped_in_docs,INSURANCE,5
CPT112375,,dropped_in_docs,RC,1
CPT123248,2026-04-01 23:24:20.613732621,approved,,6
CPT115923,,dropped_in_docs,RC,1
CPT114944,,dropped_in_docs,RC,1
CPT111054,2026-03-29 17:08:46.253349070,approved,,5
CPT114633,2026-03-30 10:04:01.541258262,approved,,6
CPT102584,,dropped_in_docs,INSURANCE,5
CPT124050,2026-03-31 00:03:53.550344366,approved,,5
CPT105980,,dropped_in_docs,RC,1
CPT102410,,dropped_in_docs,RC,1
CPT106928,2026-03-28 11:57:03.836212186,approved,,6
CPT104798,,dropped_in_docs,PERMIT,3
CPT100175,,dropped_in_docs,RC,1
CPT118706,,dropped_in_docs,INSURANCE,5
CPT108936,,dropped_in_docs,INSURANCE,5
CPT124482,,dropped_in_docs,INSURANCE,5
CPT103598,2026-03-29 10:36:07.538203608,approved,,5
CPT107374,2026-03-27 09:14:30.935830125,approved,,5
CPT120723,,dropped_in_docs,DL,0
CPT105570,,dropped_in_docs,PERMIT,3
CPT118431,2026-03-29 06:03:47.957243594,approved,,5
CPT116971,,dropped_in_docs,RC,1
CPT105582,,dropped_in_docs,PERMIT,3
CPT123661,,dropped_in_docs,RC,1
CPT121939,,dropped_in_docs,RC,1
CPT120454,2026-03-30 10:56:55.709947683,approved,,6
CPT117980,,dropped_in_docs,PERMIT,3
CPT110519,,dropped_in_docs,RC,1
CPT111651,,dropped_in_docs,RC,1
CPT111716,,dropped_in_docs,AADHAAR,2
CPT100414,,dropped_in_docs,RC,1
CPT124084,,dropped_in_docs,PERMIT,3
CPT108037,,dropped_in_docs,RC,1
CPT112147,,dropped_in_docs,FITNESS,4
CPT124946,,dropped_in_docs,DL,0
CPT103500,,dropped_in_docs,INSURANCE,5
CPT116443,,dropped_in_docs,PERMIT,3
CPT114281,,dropped_in_docs,FITNESS,4
CPT110976,,dropped_in_docs,DL,0
CPT108512,,dropped_in_docs,RC,1
CPT118622,,dropped_in_docs,PERMIT,3
CPT117354,,dropped_in_docs,FITNESS,4
CPT115048,2026-03-30 02:27:51.048750223,approved,,6
CPT102940,2026-04-01 18:03:54.373911263,approved,,6
CPT123498,,dropped_in_docs,INSURANCE,5
CPT109571,,dropped_in_docs,PERMIT,3
CPT116793,,dropped_in_docs,RC,1
CPT105382,,dropped_in_docs,FITNESS,4
CPT116438,,dropped_in_docs,FITNESS,4
CPT113058,,dropped_in_docs,RC,1
CPT123302,,dropped_in_docs,FITNESS,4
CPT121175,2026-03-31 18:27:29.396145918,approved,,6
CPT109891,,dropped_in_docs,DL,0
CPT108285,,dropped_in_docs,RC,1
CPT103179,2026-03-28 22:15:43.825746277,approved,,6
CPT111539,,dropped_in_docs,AADHAAR,2
CPT105450,,dropped_in_docs,PERMIT,3
CPT116057,2026-03-31 14:21:33.683129326,approved,,6
CPT109863,,dropped_in_docs,PERMIT,3
CPT120616,,dropped_in_docs,FITNESS,4
CPT112322,,dropped_in_docs,FITNESS,4
CPT116866,,dropped_in_docs,INSURANCE,5
CPT106148,,dropped_in_docs,PERMIT,3
CPT111588,,dropped_in_docs,DL,0
CPT116575,,dropped_in_docs,DL,0
CPT116711,2026-03-30 22:28:42.952324571,approved,,6
CPT104958,,dropped_in_docs,FITNESS,4
CPT102489,2026-03-29 17:26:33.031535014,approved,,5
CPT112763,,dropped_in_docs,DL,0
CPT111258,,dropped_in_docs,DL,0
CPT110998,2026-03-31 19:53:37.097441871,approved,,6
CPT123503,2026-03-28 22:18:04.526771633,approved,,6
CPT110962,,dropped_in_docs,PERMIT,3
CPT123872,,dropped_in_docs,FITNESS,4
CPT121372,,dropped_in_docs,RC,1
CPT109317,,dropped_in_docs,INSURANCE,5
CPT117761,,dropped_in_docs,DL,0
CPT122669,,dropped_in_docs,AADHAAR,2
CPT106742,,dropped_in_docs,RC,1
CPT122234,,dropped_in_docs,INSURANCE,5
CPT105197,,dropped_in_docs,PERMIT,3
CPT108384,,dropped_in_docs,PERMIT,3
CPT109634,,dropped_in_docs,RC,1
CPT110472,,dropped_in_docs,PERMIT,3
CPT122968,,dropped_in_docs,PERMIT,3
CPT102564,,dropped_in_docs,INSURANCE,5
CPT116091,,dropped_in_docs,RC,1
CPT113391,,dropped_in_docs,PERMIT,3
CPT114324,,dropped_in_docs,FITNESS,4
CPT109410,,dropped_in_docs,DL,0
CPT101735,,dropped_in_docs,FITNESS,4
CPT119824,,dropped_in_docs,FITNESS,4
CPT119278,,dropped_in_docs,PERMIT,3
CPT120824,,dropped_in_docs,INSURANCE,5
CPT103223,,dropped_in_docs,INSURANCE,5
CPT105301,,dropped_in_docs,PERMIT,3
CPT108239,2026-03-30 04:18:59.502443991,approved,,6
CPT100307,,dropped_in_docs,FITNESS,4
CPT117924,,dropped_in_docs,FITNESS,4
CPT119263,,dropped_in_docs,RC,1
CPT100478,,dropped_in_docs,RC,1
CPT106003,,dropped_in_docs,RC,1
CPT115963,,dropped_in_docs,DL,0
CPT108916,,dropped_in_docs,INSURANCE,5
CPT110959,,dropped_in_docs,RC,1
CPT109341,,dropped_in_docs,RC,1
CPT113699,,dropped_in_docs,FITNESS,4
CPT117234,,dropped_in_docs,PERMIT,3
CPT115011,,dropped_in_docs,RC,1
CPT122677,2026-04-01 01:56:23.845993120,approved,,6
CPT120118,,dropped_in_docs,RC,1
CPT115546,,dropped_in_docs,PERMIT,3
CPT104103,2026-03-29 12:55:23.941607096,approved,,6
CPT119363,,dropped_in_docs,DL,0
CPT104837,2026-03-30 10:34:00.052215886,approved,,6
CPT117105,,dropped_in_docs,DL,0
CPT117252,2026-04-03 04:15:56.854107471,approved,,6
CPT120179,,dropped_in_docs,PERMIT,3
CPT124230,2026-04-01 06:59:28.113328655,rejected,duplicate_captain,6
CPT120073,,dropped_in_docs,FITNESS,4
CPT101696,2026-03-31 15:24:32.884930502,approved,,5
CPT112381,,dropped_in_docs,AADHAAR,2
CPT113094,2026-03-29 16:45:49.590735078,approved,,6
CPT116678,,dropped_in_docs,FITNESS,4
CPT119246,,dropped_in_docs,RC,1
CPT119123,,dropped_in_docs,RC,1
CPT105366,,dropped_in_docs,DL,0
CPT117133,2026-04-01 15:15:43.877697729,approved,,6
CPT103651,,dropped_in_docs,DL,0
CPT117341,2026-03-30 11:04:27.307236479,approved,,6
CPT122216,,dropped_in_docs,RC,1
CPT118015,,dropped_in_docs,AADHAAR,2
CPT117490,,dropped_in_docs,FITNESS,4
CPT108715,,dropped_in_docs,RC,1
CPT124888,,dropped_in_docs,PERMIT,3
CPT120953,2026-04-01 08:26:08.478424542,approved,,6
CPT118096,2026-03-29 17:35:22.138215166,approved,,5
CPT117617,,dropped_in_docs,FITNESS,4
CPT103432,2026-04-02 11:52:06.883291789,approved,,6
CPT123557,,dropped_in_docs,RC,1
CPT100500,,dropped_in_docs,RC,1
CPT108050,,dropped_in_docs,INSURANCE,5
CPT110269,,dropped_in_docs,RC,1
CPT123015,2026-04-02 22:02:20.773493947,approved,,6
CPT122792,2026-03-29 12:15:27.474394083,approved,,5
CPT103556,,dropped_in_docs,RC,1
CPT122162,,dropped_in_docs,AADHAAR,2
CPT112103,,dropped_in_docs,PERMIT,3
CPT123712,,dropped_in_docs,AADHAAR,2
CPT114976,2026-03-30 15:52:51.392563844,approved,,6
CPT103749,2026-03-31 04:36:13.232499821,rejected,duplicate_captain,6
CPT111728,,dropped_in_docs,RC,1
CPT118795,,dropped_in_docs,RC,1
CPT118945,,dropped_in_docs,DL,0
CPT101676,,dropped_in_docs,PERMIT,3
CPT109212,,dropped_in_docs,FITNESS,4
CPT112037,,dropped_in_docs,FITNESS,4
CPT122785,,dropped_in_docs,AADHAAR,2
CPT112558,,dropped_in_docs,DL,0
CPT112899,,dropped_in_docs,FITNESS,4
CPT104503,,dropped_in_docs,INSURANCE,5
CPT103552,,dropped_in_docs,RC,1
CPT124166,,dropped_in_docs,PERMIT,3
CPT103318,2026-04-03 16:35:58.154352695,approved,,6
CPT115331,,dropped_in_docs,INSURANCE,5
CPT123098,,dropped_in_docs,PERMIT,3
CPT108042,,dropped_in_docs,FITNESS,4
CPT124349,2026-03-31 11:43:02.197038886,approved,,6
CPT115652,,dropped_in_docs,INSURANCE,5
CPT124628,2026-03-30 18:46:45.617387428,approved,,6
CPT120339,,dropped_in_docs,PERMIT,3
CPT110857,,dropped_in_docs,RC,1
CPT112715,,dropped_in_docs,DL,0
CPT104999,,dropped_in_docs,DL,0
CPT107554,,dropped_in_docs,PERMIT,3
CPT111053,,dropped_in_docs,RC,1
CPT100569,,dropped_in_docs,DL,0
CPT121215,2026-03-30 15:20:19.282106594,approved,,5
CPT107712,,dropped_in_docs,RC,1
CPT114864,2026-03-28 17:18:43.350708972,approved,,5
CPT104775,2026-03-29 22:04:34.506785510,rejected,vehicle_age_policy,6
CPT102913,,dropped_in_docs,DL,0
CPT110195,,dropped_in_docs,RC,1
CPT124996,,dropped_in_docs,RC,1
CPT117067,2026-03-29 11:40:00.326362249,rejected,duplicate_captain,5
CPT116512,,dropped_in_docs,DL,0
CPT112879,,dropped_in_docs,DL,0
CPT118751,,dropped_in_docs,RC,1
CPT119809,,dropped_in_docs,RC,1
CPT103685,2026-03-31 18:06:22.480883089,approved,,6
CPT112831,,dropped_in_docs,RC,1
CPT107464,2026-04-01 16:22:51.298827419,approved,,6
CPT100118,2026-03-30 12:33:16.515336953,approved,,5
CPT100599,,dropped_in_docs,PERMIT,3
CPT124216,,dropped_in_docs,RC,1
CPT114247,,dropped_in_docs,AADHAAR,2
CPT124845,,dropped_in_docs,PERMIT,3
CPT110143,2026-04-01 06:47:28.671825736,approved,,5
CPT120281,,dropped_in_docs,DL,0
CPT110247,,dropped_in_docs,INSURANCE,5
CPT113085,,dropped_in_docs,DL,0
CPT112869,,dropped_in_docs,PERMIT,3
CPT113603,,dropped_in_docs,DL,0
CPT122899,2026-04-02 12:51:35.058895760,approved,,6
CPT106685,,dropped_in_docs,PERMIT,3
CPT123383,2026-04-03 00:53:00.056869922,approved,,6
CPT118080,,dropped_in_docs,INSURANCE,5
CPT119232,,dropped_in_docs,RC,1
CPT110094,,dropped_in_docs,PERMIT,3
CPT105062,,dropped_in_docs,RC,1
CPT123623,2026-03-31 04:18:21.032164381,approved,,6
CPT113420,2026-04-02 05:50:16.074337232,approved,,6
CPT123267,,dropped_in_docs,RC,1
CPT118903,,dropped_in_docs,FITNESS,4
CPT121808,,dropped_in_docs,INSURANCE,5
CPT113027,2026-03-31 06:05:29.223533085,approved,,6
CPT104349,2026-03-31 05:25:05.565744035,approved,,6
CPT122855,,dropped_in_docs,INSURANCE,5
CPT111982,,dropped_in_docs,RC,1
CPT124801,2026-03-29 11:50:23.343571684,approved,,5
CPT123353,,dropped_in_docs,RC,1
CPT109748,,dropped_in_docs,INSURANCE,5
CPT112406,,dropped_in_docs,RC,1
CPT108010,,dropped_in_docs,FITNESS,4
CPT120606,,dropped_in_docs,PERMIT,3
CPT108461,,dropped_in_docs,INSURANCE,5
CPT101421,,dropped_in_docs,RC,1
CPT121571,,dropped_in_docs,INSURANCE,5
CPT103150,,dropped_in_docs,INSURANCE,5
CPT108250,2026-03-31 03:59:01.256601528,approved,,5
CPT107768,,dropped_in_docs,INSURANCE,5
CPT122516,,dropped_in_docs,FITNESS,4
CPT101017,,dropped_in_docs,INSURANCE,5
CPT114632,,dropped_in_docs,INSURANCE,5
CPT115134,,dropped_in_docs,RC,1
CPT123516,,dropped_in_docs,DL,0
CPT123890,,dropped_in_docs,PERMIT,3
CPT109400,,dropped_in_docs,AADHAAR,2
CPT122209,,dropped_in_docs,FITNESS,4
CPT115238,,dropped_in_docs,RC,1
CPT110075,,dropped_in_docs,AADHAAR,2
CPT120755,,dropped_in_docs,FITNESS,4
CPT115908,,dropped_in_docs,RC,1
CPT122772,2026-03-30 20:25:24.913906645,approved,,6
CPT119535,,dropped_in_docs,FITNESS,4
CPT111925,,dropped_in_docs,AADHAAR,2
CPT104443,2026-04-04 00:42:28.239319732,approved,,5
CPT109091,,dropped_in_docs,PERMIT,3
CPT117987,,dropped_in_docs,RC,1
CPT118365,,dropped_in_docs,FITNESS,4
CPT114412,,dropped_in_docs,RC,1
CPT113684,,dropped_in_docs,INSURANCE,5
CPT101064,2026-03-31 09:27:27.062367267,approved,,5
CPT116969,,dropped_in_docs,PERMIT,3
CPT113992,,dropped_in_docs,RC,1
CPT102304,2026-03-30 21:26:20.782490627,approved,,6
CPT123462,,dropped_in_docs,AADHAAR,2
CPT103257,,dropped_in_docs,RC,1
CPT109376,,dropped_in_docs,PERMIT,3
CPT105179,,dropped_in_docs,FITNESS,4
CPT121656,2026-03-31 12:10:43.030329189,approved,,6
CPT115472,,dropped_in_docs,DL,0
CPT112548,2026-04-01 17:14:40.798984731,approved,,6
CPT103279,,dropped_in_docs,RC,1
CPT107456,,dropped_in_docs,FITNESS,4
CPT109412,,dropped_in_docs,RC,1
CPT116159,,dropped_in_docs,RC,1
CPT122120,,dropped_in_docs,RC,1
CPT100532,,dropped_in_docs,DL,0
CPT121060,,dropped_in_docs,PERMIT,3
CPT101891,,dropped_in_docs,PERMIT,3
CPT100142,,dropped_in_docs,AADHAAR,2
CPT115907,2026-04-02 02:09:36.569594393,approved,,5
CPT103794,,dropped_in_docs,PERMIT,3
CPT119991,,dropped_in_docs,AADHAAR,2
CPT115643,2026-03-31 21:52:02.830109425,approved,,5
CPT110171,,dropped_in_docs,DL,0
CPT103084,,dropped_in_docs,RC,1
CPT104183,,dropped_in_docs,INSURANCE,5
CPT102859,,dropped_in_docs,FITNESS,4
CPT103309,,dropped_in_docs,AADHAAR,2
CPT103827,,dropped_in_docs,AADHAAR,2
CPT111085,2026-04-03 04:09:43.160172935,approved,,5
CPT107833,,dropped_in_docs,FITNESS,4
CPT101884,,dropped_in_docs,INSURANCE,5
CPT116280,,dropped_in_docs,PERMIT,3
CPT124749,,dropped_in_docs,INSURANCE,5
CPT108135,,dropped_in_docs,PERMIT,3
CPT113149,,dropped_in_docs,RC,1
CPT101494,,dropped_in_docs,AADHAAR,2
CPT124183,,dropped_in_docs,DL,0
CPT102523,,dropped_in_docs,AADHAAR,2
CPT105111,,dropped_in_docs,INSURANCE,5
CPT102059,2026-04-02 13:31:19.839532497,approved,,5
CPT112096,,dropped_in_docs,DL,0
CPT112258,2026-04-01 09:28:03.928008235,approved,,6
CPT119955,,dropped_in_docs,RC,1
CPT120229,,dropped_in_docs,RC,1
CPT108465,,dropped_in_docs,DL,0
CPT124139,,dropped_in_docs,RC,1
CPT113700,,dropped_in_docs,INSURANCE,5
CPT123961,,dropped_in_docs,RC,1
CPT123699,2026-04-03 01:37:18.782840207,approved,,6
CPT103030,,dropped_in_docs,INSURANCE,5
CPT113744,,dropped_in_docs,DL,0
CPT106606,2026-04-01 10:26:49.072619975,approved,,5
CPT111229,,dropped_in_docs,PERMIT,3
CPT122982,,dropped_in_docs,PERMIT,3
CPT108793,,dropped_in_docs,FITNESS,4
CPT105646,,dropped_in_docs,RC,1
CPT115094,,dropped_in_docs,AADHAAR,2
CPT124676,,dropped_in_docs,DL,0
CPT105901,,dropped_in_docs,FITNESS,4
CPT104808,2026-03-29 23:48:48.739388281,approved,,5
CPT118804,,dropped_in_docs,DL,0
CPT124590,,dropped_in_docs,INSURANCE,5
CPT106818,,dropped_in_docs,FITNESS,4
CPT116206,,dropped_in_docs,RC,1
CPT107037,,dropped_in_docs,INSURANCE,5
CPT123775,,dropped_in_docs,DL,0
CPT103755,,dropped_in_docs,RC,1
CPT102595,,dropped_in_docs,RC,1
CPT120942,,dropped_in_docs,RC,1
CPT117988,,dropped_in_docs,PERMIT,3
CPT106018,,dropped_in_docs,RC,1
CPT104094,,dropped_in_docs,PERMIT,3
CPT124102,,dropped_in_docs,DL,0
CPT118100,,dropped_in_docs,FITNESS,4
CPT107160,,dropped_in_docs,INSURANCE,5
CPT124916,,dropped_in_docs,FITNESS,4
CPT110934,,dropped_in_docs,DL,0
CPT113792,2026-04-01 05:51:23.627657479,approved,,6
CPT120243,,dropped_in_docs,AADHAAR,2
CPT102739,,dropped_in_docs,PERMIT,3
CPT100482,,dropped_in_docs,PERMIT,3
CPT107107,,dropped_in_docs,RC,1
CPT100819,,dropped_in_docs,INSURANCE,5
CPT118511,,dropped_in_docs,DL,0
CPT114242,,dropped_in_docs,AADHAAR,2
CPT112756,,dropped_in_docs,DL,0
CPT103054,,dropped_in_docs,PERMIT,3
CPT123340,2026-04-02 17:38:40.493266943,approved,,5
CPT119707,,dropped_in_docs,PERMIT,3
CPT116572,,dropped_in_docs,RC,1
CPT110829,,dropped_in_docs,AADHAAR,2
CPT116496,2026-04-04 13:39:46.628258177,rejected,doc_authenticity_flag,6
CPT122126,,dropped_in_docs,RC,1
CPT104870,,dropped_in_docs,RC,1
CPT123967,,dropped_in_docs,INSURANCE,5
CPT113361,2026-04-02 14:08:04.362519286,approved,,6
CPT124748,,dropped_in_docs,PERMIT,3
CPT104694,,dropped_in_docs,AADHAAR,2
CPT111775,,dropped_in_docs,RC,1
CPT113360,2026-04-02 13:33:24.901134498,approved,,5
CPT102537,,dropped_in_docs,RC,1
CPT111737,,dropped_in_docs,PERMIT,3
CPT121472,,dropped_in_docs,DL,0
CPT103025,,dropped_in_docs,RC,1
CPT103728,,dropped_in_docs,DL,0
CPT119194,,dropped_in_docs,RC,1
CPT119943,2026-03-30 14:08:59.850557861,approved,,6
CPT124344,,dropped_in_docs,AADHAAR,2
CPT120701,,dropped_in_docs,RC,1
CPT121113,,dropped_in_docs,FITNESS,4
CPT114478,2026-03-31 23:00:05.136865489,approved,,6
CPT109876,,dropped_in_docs,RC,1
CPT119839,,dropped_in_docs,INSURANCE,5
CPT106420,2026-04-03 04:09:06.425583479,approved,,6
CPT105756,,dropped_in_docs,RC,1
CPT101053,2026-04-04 16:18:38.138595734,approved,,6
CPT123214,2026-04-02 23:28:36.666972737,approved,,6
CPT115942,,dropped_in_docs,INSURANCE,5
CPT107068,,dropped_in_docs,FITNESS,4
CPT115753,,dropped_in_docs,FITNESS,4
CPT120154,,dropped_in_docs,DL,0
CPT113266,,dropped_in_docs,RC,1
CPT100102,2026-03-31 05:38:28.980813195,approved,,5
CPT104346,,dropped_in_docs,INSURANCE,5
CPT122746,,dropped_in_docs,RC,1
CPT119914,,dropped_in_docs,DL,0
CPT118704,,dropped_in_docs,RC,1
CPT113181,2026-04-03 15:17:10.121331929,approved,,6
CPT110219,,dropped_in_docs,PERMIT,3
CPT118469,,dropped_in_docs,DL,0
CPT122336,,dropped_in_docs,PERMIT,3
CPT114408,,dropped_in_docs,DL,0
CPT105405,,dropped_in_docs,INSURANCE,5
CPT114178,,dropped_in_docs,DL,0
CPT106734,,dropped_in_docs,RC,1
CPT121690,2026-04-02 09:43:43.973843828,approved,,6
CPT112731,,dropped_in_docs,RC,1
CPT101450,,dropped_in_docs,DL,0
CPT120356,,dropped_in_docs,RC,1
CPT102899,,dropped_in_docs,DL,0
CPT113686,,dropped_in_docs,RC,1
CPT102711,,dropped_in_docs,INSURANCE,5
CPT119671,,dropped_in_docs,DL,0
CPT109460,,dropped_in_docs,PERMIT,3
CPT101865,2026-03-29 22:00:58.334464429,approved,,5
CPT116841,,dropped_in_docs,PERMIT,3
CPT103822,,dropped_in_docs,FITNESS,4
CPT106705,2026-04-01 01:14:58.615427599,approved,,5
CPT105923,,dropped_in_docs,FITNESS,4
CPT111536,,dropped_in_docs,PERMIT,3
CPT104714,2026-04-03 03:36:23.211327769,approved,,6
CPT118434,,dropped_in_docs,INSURANCE,5
CPT111674,2026-04-01 13:19:39.756063830,approved,,5
CPT115044,,dropped_in_docs,PERMIT,3
CPT107965,2026-03-31 23:53:45.242312308,approved,,5
CPT118777,,dropped_in_docs,RC,1
CPT121852,,dropped_in_docs,INSURANCE,5
CPT124738,,dropped_in_docs,FITNESS,4
CPT107566,,dropped_in_docs,RC,1
CPT105151,,dropped_in_docs,DL,0
CPT100147,,dropped_in_docs,PERMIT,3
CPT118796,,dropped_in_docs,DL,0
CPT123283,,dropped_in_docs,AADHAAR,2
CPT110265,,dropped_in_docs,INSURANCE,5
CPT102743,,dropped_in_docs,RC,1
CPT107675,,dropped_in_docs,DL,0
CPT121642,,dropped_in_docs,RC,1
CPT109913,,dropped_in_docs,PERMIT,3
CPT104822,,dropped_in_docs,FITNESS,4
CPT119469,,dropped_in_docs,RC,1
CPT121146,,dropped_in_docs,INSURANCE,5
CPT124561,,dropped_in_docs,DL,0
CPT113437,,dropped_in_docs,RC,1
CPT115519,,dropped_in_docs,FITNESS,4
CPT110460,2026-04-02 08:18:27.590055406,approved,,5
CPT104686,,dropped_in_docs,RC,1
CPT104376,,dropped_in_docs,RC,1
CPT101018,,dropped_in_docs,RC,1
CPT117816,,dropped_in_docs,RC,1
CPT106195,2026-04-04 02:43:01.259425613,approved,,6
CPT102493,,dropped_in_docs,RC,1
CPT123034,,dropped_in_docs,RC,1
CPT114789,,dropped_in_docs,FITNESS,4
CPT111797,,dropped_in_docs,DL,0
CPT124313,,dropped_in_docs,RC,1
CPT117059,2026-03-31 08:25:54.598799198,approved,,5
CPT116427,,dropped_in_docs,FITNESS,4
CPT103929,2026-04-02 04:11:37.746361157,approved,,6
CPT123478,2026-04-01 02:30:20.476289500,approved,,6
CPT101733,,dropped_in_docs,RC,1
CPT110384,,dropped_in_docs,PERMIT,3
CPT115654,,dropped_in_docs,FITNESS,4
CPT115446,,dropped_in_docs,FITNESS,4
CPT114800,,dropped_in_docs,RC,1
CPT107369,,dropped_in_docs,FITNESS,4
CPT100960,,dropped_in_docs,FITNESS,4
CPT111879,,dropped_in_docs,RC,1
CPT123486,,dropped_in_docs,PERMIT,3
CPT104506,,dropped_in_docs,FITNESS,4
CPT124994,2026-04-01 11:38:39.859807320,rejected,doc_authenticity_flag,6
CPT115088,,dropped_in_docs,DL,0
CPT114600,,dropped_in_docs,RC,1
CPT122614,,dropped_in_docs,DL,0
CPT117057,,dropped_in_docs,RC,1
CPT101368,,dropped_in_docs,RC,1
CPT117058,,dropped_in_docs,DL,0
CPT117271,,dropped_in_docs,INSURANCE,5
CPT114062,,dropped_in_docs,RC,1
CPT103702,,dropped_in_docs,FITNESS,4
CPT109543,,dropped_in_docs,FITNESS,4
CPT119066,,dropped_in_docs,RC,1
CPT109880,,dropped_in_docs,FITNESS,4
CPT113854,,dropped_in_docs,AADHAAR,2
CPT122529,,dropped_in_docs,INSURANCE,5
CPT117766,,dropped_in_docs,RC,1
CPT105351,,dropped_in_docs,DL,0
CPT100776,,dropped_in_docs,PERMIT,3
CPT104948,,dropped_in_docs,PERMIT,3
CPT103143,,dropped_in_docs,PERMIT,3
CPT106144,,dropped_in_docs,FITNESS,4
CPT106643,,dropped_in_docs,DL,0
CPT117409,,dropped_in_docs,PERMIT,3
CPT115748,,dropped_in_docs,PERMIT,3
CPT109684,,dropped_in_docs,RC,1
CPT103211,,dropped_in_docs,FITNESS,4
CPT115264,,dropped_in_docs,RC,1
CPT118973,,dropped_in_docs,AADHAAR,2
CPT100874,,dropped_in_docs,RC,1
CPT112645,,dropped_in_docs,FITNESS,4
CPT119950,,dropped_in_docs,FITNESS,4
CPT111060,,dropped_in_docs,INSURANCE,5
CPT105375,,dropped_in_docs,RC,1
CPT114258,2026-04-02 09:10:00.350641182,approved,,6
CPT112708,,dropped_in_docs,DL,0
CPT102909,,dropped_in_docs,FITNESS,4
CPT115758,,dropped_in_docs,PERMIT,3
CPT103572,,dropped_in_docs,PERMIT,3
CPT104655,,dropped_in_docs,PERMIT,3
CPT103766,,dropped_in_docs,AADHAAR,2
CPT117212,,dropped_in_docs,DL,0
CPT118142,,dropped_in_docs,DL,0
CPT118891,,dropped_in_docs,FITNESS,4
CPT100413,2026-04-06 00:49:01.351071388,approved,,5
CPT120378,,dropped_in_docs,RC,1
CPT123332,,dropped_in_docs,FITNESS,4
CPT124154,,dropped_in_docs,DL,0
CPT101552,,dropped_in_docs,FITNESS,4
CPT107452,,dropped_in_docs,FITNESS,4
CPT110863,2026-04-03 09:47:56.483748543,approved,,6
CPT122182,,dropped_in_docs,RC,1
CPT120507,2026-03-30 01:33:01.781572891,approved,,5
CPT124380,,dropped_in_docs,INSURANCE,5
CPT108023,2026-04-03 04:08:34.430285546,approved,,6
CPT111932,,dropped_in_docs,RC,1
CPT122001,,dropped_in_docs,INSURANCE,5
CPT106486,,dropped_in_docs,PERMIT,3
CPT120458,2026-04-04 02:57:38.334180866,approved,,6
CPT119297,,dropped_in_docs,DL,0
CPT119545,,dropped_in_docs,RC,1
CPT122867,2026-04-03 14:40:20.109578634,approved,,5
CPT100547,,dropped_in_docs,INSURANCE,5
CPT117260,,dropped_in_docs,INSURANCE,5
CPT106429,,dropped_in_docs,RC,1
CPT114326,2026-04-03 04:58:05.096092381,approved,,6
CPT111688,,dropped_in_docs,FITNESS,4
CPT110666,,dropped_in_docs,INSURANCE,5
CPT116371,2026-04-04 17:19:15.919402129,approved,,6
CPT105648,2026-04-02 22:02:25.011574317,approved,,6
CPT113887,,dropped_in_docs,FITNESS,4
CPT115165,,dropped_in_docs,DL,0
CPT118178,2026-03-31 10:30:30.132757862,approved,,5
CPT116150,,dropped_in_docs,AADHAAR,2
CPT108902,,dropped_in_docs,PERMIT,3
CPT104193,,dropped_in_docs,DL,0
CPT100272,,dropped_in_docs,AADHAAR,2
CPT113618,,dropped_in_docs,INSURANCE,5
CPT113596,,dropped_in_docs,FITNESS,4
CPT121435,,dropped_in_docs,DL,0
CPT106949,,dropped_in_docs,RC,1
CPT111999,,dropped_in_docs,FITNESS,4
CPT109716,,dropped_in_docs,FITNESS,4
CPT107352,,dropped_in_docs,PERMIT,3
CPT106576,,dropped_in_docs,AADHAAR,2
CPT111166,,dropped_in_docs,RC,1
CPT119254,2026-04-03 10:50:13.778073675,approved,,6
CPT103869,,dropped_in_docs,INSURANCE,5
CPT112956,,dropped_in_docs,INSURANCE,5
CPT106659,2026-04-03 16:11:57.634015858,approved,,6
CPT109218,2026-04-02 16:28:09.471997168,approved,,5
CPT100941,,dropped_in_docs,RC,1
CPT101832,,dropped_in_docs,INSURANCE,5
CPT122386,,dropped_in_docs,FITNESS,4
CPT120366,,dropped_in_docs,PERMIT,3
CPT116424,2026-04-03 11:35:51.371612566,approved,,6
CPT115480,,dropped_in_docs,FITNESS,4
CPT116920,,dropped_in_docs,RC,1
CPT124202,,dropped_in_docs,RC,1
CPT105242,,dropped_in_docs,PERMIT,3
CPT120436,,dropped_in_docs,FITNESS,4
CPT119862,,dropped_in_docs,PERMIT,3
CPT122488,,dropped_in_docs,AADHAAR,2
CPT117595,,dropped_in_docs,RC,1
CPT113215,,dropped_in_docs,INSURANCE,5
CPT108517,2026-04-01 20:57:24.138409121,approved,,5
CPT122590,,dropped_in_docs,INSURANCE,5
CPT123429,,dropped_in_docs,PERMIT,3
CPT111559,,dropped_in_docs,RC,1
CPT110111,,dropped_in_docs,FITNESS,4
CPT103034,,dropped_in_docs,RC,1
CPT103363,,dropped_in_docs,FITNESS,4
CPT116250,,dropped_in_docs,DL,0
CPT109565,,dropped_in_docs,PERMIT,3
CPT122306,,dropped_in_docs,PERMIT,3
CPT116699,,dropped_in_docs,DL,0
CPT119482,,dropped_in_docs,PERMIT,3
CPT123681,,dropped_in_docs,FITNESS,4
CPT120735,,dropped_in_docs,FITNESS,4
CPT118854,,dropped_in_docs,RC,1
CPT121373,,dropped_in_docs,PERMIT,3
CPT119483,,dropped_in_docs,INSURANCE,5
CPT109922,,dropped_in_docs,AADHAAR,2
CPT123739,,dropped_in_docs,RC,1
CPT105882,,dropped_in_docs,AADHAAR,2
CPT104994,2026-04-07 02:12:36.419864220,approved,,5
CPT116556,,dropped_in_docs,FITNESS,4
CPT106771,,dropped_in_docs,PERMIT,3
CPT104255,,dropped_in_docs,PERMIT,3
CPT118755,2026-04-04 06:14:04.714951530,approved,,6
CPT124545,2026-04-03 23:20:36.763829867,rejected,background_check_failed,6
CPT101663,2026-04-04 10:27:28.835172241,rejected,doc_authenticity_flag,6
CPT115819,,dropped_in_docs,PERMIT,3
CPT114992,,dropped_in_docs,AADHAAR,2
CPT112074,,dropped_in_docs,PERMIT,3
CPT108081,,dropped_in_docs,RC,1
CPT121218,,dropped_in_docs,RC,1
CPT100738,2026-04-01 14:46:53.902298351,approved,,6
CPT108296,,dropped_in_docs,RC,1
CPT123794,,dropped_in_docs,INSURANCE,5
CPT111490,,dropped_in_docs,INSURANCE,5
CPT123456,,dropped_in_docs,RC,1
CPT112794,,dropped_in_docs,RC,1
CPT121730,,dropped_in_docs,RC,1
CPT111331,,dropped_in_docs,PERMIT,3
CPT122732,,dropped_in_docs,DL,0
CPT113891,,dropped_in_docs,RC,1
CPT106851,2026-04-02 21:53:46.095303358,approved,,5
CPT103081,,dropped_in_docs,RC,1
CPT107915,,dropped_in_docs,PERMIT,3
CPT123500,,dropped_in_docs,AADHAAR,2
CPT101656,2026-04-05 03:55:01.678177663,approved,,6
CPT122428,,dropped_in_docs,PERMIT,3
CPT102916,,dropped_in_docs,RC,1
CPT116520,,dropped_in_docs,RC,1
CPT104691,,dropped_in_docs,PERMIT,3
CPT103107,,dropped_in_docs,RC,1
CPT117479,,dropped_in_docs,RC,1
CPT119261,,dropped_in_docs,AADHAAR,2
CPT117370,2026-04-02 10:41:52.296278282,approved,,6
CPT118587,,dropped_in_docs,RC,1
CPT122240,,dropped_in_docs,INSURANCE,5
CPT118284,,dropped_in_docs,RC,1
CPT122744,,dropped_in_docs,AADHAAR,2
CPT107440,,dropped_in_docs,RC,1
CPT108082,2026-04-03 00:14:41.919372229,approved,,6
CPT117999,,dropped_in_docs,DL,0
CPT124064,,dropped_in_docs,AADHAAR,2
CPT108415,,dropped_in_docs,PERMIT,3
CPT121918,,dropped_in_docs,PERMIT,3
CPT113137,,dropped_in_docs,PERMIT,3
CPT117097,,dropped_in_docs,PERMIT,3
CPT106290,,dropped_in_docs,RC,1
CPT120292,,dropped_in_docs,RC,1
CPT102645,,dropped_in_docs,RC,1
CPT104885,,dropped_in_docs,RC,1
CPT119695,,dropped_in_docs,RC,1
CPT124809,,dropped_in_docs,PERMIT,3
CPT122916,2026-04-03 17:00:09.940076064,approved,,6
CPT112087,,dropped_in_docs,RC,1
CPT104242,2026-04-02 09:25:32.364121678,approved,,5
CPT106499,2026-04-04 04:40:06.064604437,approved,,5
CPT112872,,dropped_in_docs,RC,1
CPT118045,2026-04-03 12:16:00.722637560,approved,,6
CPT118225,,dropped_in_docs,FITNESS,4
CPT103028,,dropped_in_docs,DL,0
CPT109274,,dropped_in_docs,DL,0
CPT119879,,dropped_in_docs,PERMIT,3
CPT124355,,dropped_in_docs,FITNESS,4
CPT101436,,dropped_in_docs,INSURANCE,5
CPT111703,2026-04-01 11:24:18.462502415,rejected,duplicate_captain,5
CPT108888,,dropped_in_docs,INSURANCE,5
CPT114386,,dropped_in_docs,RC,1
CPT100064,,dropped_in_docs,PERMIT,3
CPT118459,,dropped_in_docs,RC,1
CPT100924,,dropped_in_docs,RC,1
CPT122923,2026-04-02 07:43:41.723200659,approved,,6
CPT122365,,dropped_in_docs,PERMIT,3
CPT102838,,dropped_in_docs,DL,0
CPT104765,,dropped_in_docs,FITNESS,4
CPT104214,2026-04-03 06:58:40.737315651,rejected,duplicate_captain,6
CPT115595,,dropped_in_docs,INSURANCE,5
CPT109895,,dropped_in_docs,FITNESS,4
CPT124009,,dropped_in_docs,INSURANCE,5
CPT124312,,dropped_in_docs,FITNESS,4
CPT103668,,dropped_in_docs,RC,1
CPT104826,,dropped_in_docs,DL,0
CPT124728,,dropped_in_docs,RC,1
CPT115867,,dropped_in_docs,RC,1
CPT114721,,dropped_in_docs,FITNESS,4
CPT104789,,dropped_in_docs,PERMIT,3
CPT124473,,dropped_in_docs,FITNESS,4
CPT100550,,dropped_in_docs,PERMIT,3
CPT124550,,dropped_in_docs,DL,0
CPT103258,,dropped_in_docs,RC,1
CPT122069,,dropped_in_docs,DL,0
CPT108528,,dropped_in_docs,FITNESS,4
CPT102998,,dropped_in_docs,PERMIT,3
CPT112768,,dropped_in_docs,AADHAAR,2
CPT110235,,dropped_in_docs,INSURANCE,5
CPT105988,2026-04-02 13:41:19.901050434,approved,,6
CPT121026,2026-04-03 10:30:08.065304718,approved,,5
CPT110197,,dropped_in_docs,AADHAAR,2
CPT114592,,dropped_in_docs,INSURANCE,5
CPT104628,2026-04-04 08:52:34.071597664,approved,,6
CPT102386,,dropped_in_docs,DL,0
CPT109733,,dropped_in_docs,DL,0
CPT120959,,dropped_in_docs,PERMIT,3
CPT105330,,dropped_in_docs,INSURANCE,5
CPT109254,,dropped_in_docs,PERMIT,3
CPT112584,,dropped_in_docs,RC,1
CPT107158,2026-04-04 00:51:35.444237192,approved,,6
CPT121529,,dropped_in_docs,RC,1
CPT116949,,dropped_in_docs,RC,1
CPT119547,,dropped_in_docs,RC,1
CPT106674,2026-04-04 14:09:42.497183427,approved,,5
CPT119258,2026-04-03 21:51:04.439778598,approved,,5
CPT107223,,dropped_in_docs,RC,1
CPT105831,,dropped_in_docs,FITNESS,4
CPT113707,,dropped_in_docs,RC,1
CPT119360,,dropped_in_docs,AADHAAR,2
CPT104041,2026-04-01 12:46:38.522212974,approved,,6
CPT121942,,dropped_in_docs,INSURANCE,5
CPT101282,,dropped_in_docs,RC,1
CPT114282,2026-04-03 03:22:37.904185195,approved,,6
CPT108520,,dropped_in_docs,RC,1
CPT111003,,dropped_in_docs,RC,1
CPT106142,,dropped_in_docs,DL,0
CPT116713,,dropped_in_docs,RC,1
CPT111983,,dropped_in_docs,FITNESS,4
CPT111353,,dropped_in_docs,PERMIT,3
CPT101149,2026-04-07 10:00:31.196531615,approved,,6
CPT108516,2026-04-05 21:19:54.199431897,rejected,duplicate_captain,6
CPT108667,,dropped_in_docs,FITNESS,4
CPT106022,,dropped_in_docs,DL,0
CPT124476,,dropped_in_docs,FITNESS,4
CPT118580,2026-04-06 16:45:26.564097229,approved,,6
CPT108874,,dropped_in_docs,PERMIT,3
CPT103716,,dropped_in_docs,AADHAAR,2
CPT101492,,dropped_in_docs,FITNESS,4
CPT122040,2026-04-02 01:41:34.874178202,approved,,6
CPT102718,,dropped_in_docs,DL,0
CPT116779,2026-04-07 20:54:23.267183464,rejected,doc_authenticity_flag,6
CPT113902,2026-04-03 18:57:56.879485553,approved,,6
CPT120904,2026-04-02 08:05:05.730599507,approved,,5
CPT111732,,dropped_in_docs,INSURANCE,5
CPT117295,,dropped_in_docs,AADHAAR,2
CPT112122,,dropped_in_docs,PERMIT,3
CPT104132,,dropped_in_docs,PERMIT,3
CPT118213,,dropped_in_docs,AADHAAR,2
CPT113948,,dropped_in_docs,RC,1
CPT117444,2026-04-03 04:11:56.134487034,approved,,6
CPT102798,,dropped_in_docs,PERMIT,3
CPT120651,,dropped_in_docs,PERMIT,3
CPT124751,,dropped_in_docs,DL,0
CPT104564,,dropped_in_docs,FITNESS,4
CPT102816,,dropped_in_docs,FITNESS,4
CPT115607,,dropped_in_docs,INSURANCE,5
CPT120434,,dropped_in_docs,PERMIT,3
CPT106789,,dropped_in_docs,RC,1
CPT124659,2026-04-04 23:37:25.222565335,approved,,6
CPT114590,2026-04-04 15:31:18.648221695,approved,,6
CPT122495,2026-04-03 16:52:52.342135373,approved,,6
CPT110212,2026-04-06 10:31:19.566831657,approved,,6
CPT113536,,dropped_in_docs,AADHAAR,2
CPT100468,,dropped_in_docs,RC,1
CPT103587,,dropped_in_docs,PERMIT,3
CPT108293,2026-04-04 05:02:45.387537726,approved,,6
CPT110558,2026-04-03 06:08:21.156097634,approved,,6
CPT119732,,dropped_in_docs,DL,0
CPT110331,,dropped_in_docs,DL,0
CPT102714,2026-04-07 16:50:52.946674721,approved,,6
CPT121050,,dropped_in_docs,INSURANCE,5
CPT107737,,dropped_in_docs,RC,1
CPT110841,,dropped_in_docs,RC,1
CPT122919,,dropped_in_docs,DL,0
CPT106740,,dropped_in_docs,INSURANCE,5
CPT120383,,dropped_in_docs,FITNESS,4
CPT108781,2026-04-02 07:47:09.302156245,approved,,5
CPT108920,2026-04-02 15:48:18.335668241,approved,,5
CPT110807,2026-04-03 04:10:43.598773140,approved,,6
CPT101389,2026-04-06 17:17:41.226117596,approved,,6
CPT115972,,dropped_in_docs,PERMIT,3
CPT122315,,dropped_in_docs,AADHAAR,2
CPT117788,2026-04-06 13:45:54.081737612,rejected,doc_authenticity_flag,5
CPT121589,,dropped_in_docs,FITNESS,4
CPT112497,,dropped_in_docs,INSURANCE,5
CPT107125,,dropped_in_docs,FITNESS,4
CPT100607,,dropped_in_docs,INSURANCE,5
CPT119273,,dropped_in_docs,RC,1
CPT123428,,dropped_in_docs,FITNESS,4
CPT124309,,dropped_in_docs,FITNESS,4
CPT116732,,dropped_in_docs,PERMIT,3
CPT109561,2026-04-03 04:56:02.810222586,approved,,6
CPT117290,,dropped_in_docs,PERMIT,3
CPT118055,,dropped_in_docs,RC,1
CPT110100,,dropped_in_docs,DL,0
CPT123841,,dropped_in_docs,FITNESS,4
CPT109899,,dropped_in_docs,PERMIT,3
CPT107229,,dropped_in_docs,PERMIT,3
CPT110321,,dropped_in_docs,FITNESS,4
CPT114707,,dropped_in_docs,FITNESS,4
CPT124164,,dropped_in_docs,INSURANCE,5
CPT114762,,dropped_in_docs,INSURANCE,5
CPT122856,,dropped_in_docs,RC,1
CPT124608,,dropped_in_docs,FITNESS,4
CPT120680,,dropped_in_docs,AADHAAR,2
CPT108074,,dropped_in_docs,DL,0
CPT112403,,dropped_in_docs,FITNESS,4
CPT124804,,dropped_in_docs,FITNESS,4
CPT118598,2026-04-05 02:05:37.097538054,approved,,6
CPT100135,2026-04-04 08:05:17.203393094,approved,,6
CPT104415,,dropped_in_docs,PERMIT,3
CPT119383,,dropped_in_docs,PERMIT,3
CPT123628,,dropped_in_docs,RC,1
CPT118455,2026-04-03 22:06:43.891406619,approved,,6
CPT109818,2026-04-04 07:00:04.532055689,approved,,6
CPT116580,,dropped_in_docs,RC,1
CPT104468,,dropped_in_docs,RC,1
CPT102516,,dropped_in_docs,RC,1
CPT121381,,dropped_in_docs,RC,1
CPT121468,,dropped_in_docs,AADHAAR,2
CPT101291,2026-04-03 18:28:06.451619780,approved,,5
CPT114506,,dropped_in_docs,RC,1
CPT101975,2026-04-04 04:49:15.508234859,approved,,5
CPT121203,2026-04-05 03:19:12.220056315,rejected,vehicle_age_policy,6
CPT108436,2026-04-04 03:39:54.898176587,approved,,6
CPT110561,,dropped_in_docs,PERMIT,3
CPT109060,,dropped_in_docs,AADHAAR,2
CPT115197,2026-04-05 18:58:14.822485800,approved,,6
CPT115028,,dropped_in_docs,RC,1
CPT100331,2026-04-06 04:19:15.224420042,approved,,5
CPT107651,,dropped_in_docs,PERMIT,3
CPT111618,,dropped_in_docs,PERMIT,3
CPT115705,,dropped_in_docs,RC,1
CPT117964,,dropped_in_docs,RC,1
CPT106102,,dropped_in_docs,DL,0
CPT121415,,dropped_in_docs,FITNESS,4
CPT100515,2026-04-04 06:19:51.509137712,approved,,6
CPT119165,,dropped_in_docs,PERMIT,3
CPT106021,,dropped_in_docs,DL,0
CPT116797,,dropped_in_docs,PERMIT,3
CPT101316,,dropped_in_docs,PERMIT,3
CPT111251,,dropped_in_docs,DL,0
CPT113119,,dropped_in_docs,FITNESS,4
CPT116247,2026-04-04 11:27:37.971515231,approved,,6
CPT105658,,dropped_in_docs,PERMIT,3
CPT110815,,dropped_in_docs,RC,1
CPT100305,,dropped_in_docs,INSURANCE,5
CPT115614,,dropped_in_docs,DL,0
CPT102646,,dropped_in_docs,INSURANCE,5
CPT119744,,dropped_in_docs,RC,1
CPT116599,,dropped_in_docs,FITNESS,4
CPT120750,,dropped_in_docs,FITNESS,4
CPT117322,,dropped_in_docs,DL,0
CPT109589,,dropped_in_docs,RC,1
CPT100485,2026-04-02 18:55:40.964982411,approved,,5
CPT119417,,dropped_in_docs,RC,1
CPT102130,,dropped_in_docs,RC,1
CPT121489,,dropped_in_docs,AADHAAR,2
CPT109881,,dropped_in_docs,RC,1
CPT120566,,dropped_in_docs,PERMIT,3
CPT107224,,dropped_in_docs,RC,1
CPT111924,,dropped_in_docs,INSURANCE,5
CPT117308,,dropped_in_docs,PERMIT,3
CPT115581,,dropped_in_docs,DL,0
CPT112841,,dropped_in_docs,DL,0
CPT100013,,dropped_in_docs,RC,1
CPT104079,,dropped_in_docs,DL,0
CPT102433,,dropped_in_docs,DL,0
CPT119486,2026-04-03 03:20:10.191729996,approved,,6
CPT102826,,dropped_in_docs,INSURANCE,5
CPT119784,2026-04-03 02:12:51.754320453,approved,,6
CPT118476,2026-04-04 23:02:01.595100354,approved,,6
CPT111743,2026-04-08 12:45:11.026534880,approved,,5
CPT107429,,dropped_in_docs,AADHAAR,2
CPT103036,,dropped_in_docs,DL,0
CPT111596,,dropped_in_docs,DL,0
CPT101961,2026-04-05 17:58:19.200473097,approved,,5
CPT102216,,dropped_in_docs,INSURANCE,5
CPT108394,,dropped_in_docs,DL,0
CPT117866,,dropped_in_docs,RC,1
CPT117929,,dropped_in_docs,INSURANCE,5
CPT114639,,dropped_in_docs,PERMIT,3
CPT103740,2026-04-08 13:27:40.386463323,approved,,6
CPT110618,,dropped_in_docs,AADHAAR,2
CPT112088,,dropped_in_docs,RC,1
CPT113732,,dropped_in_docs,PERMIT,3
CPT118766,,dropped_in_docs,AADHAAR,2
CPT118726,,dropped_in_docs,INSURANCE,5
CPT114171,,dropped_in_docs,PERMIT,3
CPT115301,,dropped_in_docs,FITNESS,4
CPT112437,,dropped_in_docs,RC,1
CPT119714,,dropped_in_docs,RC,1
CPT114503,2026-04-04 01:56:47.117336930,approved,,6
CPT120516,,dropped_in_docs,RC,1
CPT121064,2026-04-07 00:22:12.785649749,approved,,6
CPT111526,2026-04-06 23:19:58.451861443,approved,,6
CPT116770,,dropped_in_docs,PERMIT,3
CPT102365,,dropped_in_docs,INSURANCE,5
CPT109973,2026-04-07 07:47:50.958413829,rejected,background_check_failed,6
CPT101734,,dropped_in_docs,FITNESS,4
CPT114102,,dropped_in_docs,FITNESS,4
CPT109745,,dropped_in_docs,DL,0
CPT106451,,dropped_in_docs,RC,1
CPT100817,2026-04-04 06:03:17.529000861,approved,,5
CPT110416,,dropped_in_docs,DL,0
CPT121132,,dropped_in_docs,DL,0
CPT114733,,dropped_in_docs,RC,1
CPT102851,,dropped_in_docs,RC,1
CPT105438,,dropped_in_docs,DL,0
CPT123258,,dropped_in_docs,FITNESS,4
CPT110609,2026-04-05 12:28:18.383796869,approved,,6
CPT118024,,dropped_in_docs,AADHAAR,2
CPT115711,2026-04-05 22:26:44.623408526,approved,,6
CPT105692,,dropped_in_docs,AADHAAR,2
CPT109085,,dropped_in_docs,RC,1
CPT123770,,dropped_in_docs,DL,0
CPT102556,,dropped_in_docs,INSURANCE,5
CPT102423,2026-04-07 00:17:00.525184688,approved,,6
CPT121454,,dropped_in_docs,PERMIT,3
CPT120545,2026-04-05 16:33:56.936305010,approved,,6
CPT109463,,dropped_in_docs,DL,0
CPT109363,,dropped_in_docs,PERMIT,3
CPT123431,,dropped_in_docs,PERMIT,3
CPT123472,2026-04-07 15:57:01.230173174,approved,,6
CPT107363,,dropped_in_docs,INSURANCE,5
CPT118530,,dropped_in_docs,INSURANCE,5
CPT107602,,dropped_in_docs,INSURANCE,5
CPT104849,,dropped_in_docs,PERMIT,3
CPT113785,,dropped_in_docs,INSURANCE,5
CPT122957,,dropped_in_docs,FITNESS,4
CPT116893,2026-04-03 05:10:33.989725569,approved,,6
CPT107992,2026-04-04 11:14:30.203099031,approved,,6
CPT104767,,dropped_in_docs,RC,1
CPT116581,,dropped_in_docs,PERMIT,3
CPT113717,2026-04-03 02:08:00.461765205,rejected,doc_authenticity_flag,5
CPT111068,,dropped_in_docs,FITNESS,4
CPT118466,2026-04-08 14:41:05.630874216,approved,,6
CPT115057,,dropped_in_docs,RC,1
CPT100688,2026-04-05 09:32:00.333975975,approved,,5
CPT104927,2026-04-07 04:26:47.383075341,approved,,6
CPT117740,,dropped_in_docs,RC,1
CPT112966,,dropped_in_docs,FITNESS,4
CPT121981,,dropped_in_docs,RC,1
CPT105668,,dropped_in_docs,INSURANCE,5
CPT121885,,dropped_in_docs,INSURANCE,5
CPT119881,,dropped_in_docs,PERMIT,3
CPT102073,,dropped_in_docs,INSURANCE,5
CPT111090,,dropped_in_docs,RC,1
CPT100808,2026-04-07 08:15:46.044768350,approved,,5
CPT124594,,dropped_in_docs,DL,0
CPT111594,2026-04-04 20:50:03.961697594,approved,,6
CPT118630,,dropped_in_docs,AADHAAR,2
CPT118712,,dropped_in_docs,RC,1
CPT114838,,dropped_in_docs,RC,1
CPT116260,,dropped_in_docs,FITNESS,4
CPT109703,,dropped_in_docs,RC,1
CPT118926,,dropped_in_docs,PERMIT,3
CPT120254,,dropped_in_docs,DL,0
CPT120990,,dropped_in_docs,DL,0
CPT111619,,dropped_in_docs,PERMIT,3
CPT100656,,dropped_in_docs,PERMIT,3
CPT101109,,dropped_in_docs,FITNESS,4
CPT117823,,dropped_in_docs,PERMIT,3
CPT104294,,dropped_in_docs,RC,1
CPT117660,,dropped_in_docs,PERMIT,3
CPT101665,,dropped_in_docs,RC,1
CPT118514,,dropped_in_docs,FITNESS,4
CPT111642,,dropped_in_docs,PERMIT,3
CPT113631,,dropped_in_docs,DL,0
CPT113472,2026-04-06 06:48:19.465425113,approved,,6
CPT124618,,dropped_in_docs,PERMIT,3
CPT100436,,dropped_in_docs,RC,1
CPT121036,,dropped_in_docs,FITNESS,4
CPT103307,,dropped_in_docs,INSURANCE,5
CPT105957,,dropped_in_docs,DL,0
CPT116624,2026-04-05 20:33:23.859340586,approved,,6
CPT124321,2026-04-06 02:19:09.699927172,approved,,6
CPT120625,,dropped_in_docs,FITNESS,4
CPT114814,,dropped_in_docs,RC,1
CPT114009,2026-04-04 14:16:21.584244983,approved,,6
CPT110093,2026-04-06 00:55:59.304236039,approved,,6
CPT101756,,dropped_in_docs,FITNESS,4
CPT117073,,dropped_in_docs,RC,1
CPT123493,,dropped_in_docs,RC,1
CPT114698,,dropped_in_docs,FITNESS,4
CPT118453,,dropped_in_docs,INSURANCE,5
CPT110065,,dropped_in_docs,PERMIT,3
CPT112755,,dropped_in_docs,RC,1
CPT122959,2026-04-05 00:42:22.075510600,approved,,6
CPT101533,,dropped_in_docs,RC,1
CPT112279,2026-04-03 12:39:01.548721066,approved,,6
CPT124853,,dropped_in_docs,INSURANCE,5
CPT100913,2026-04-05 19:13:11.015887084,approved,,6
CPT118238,,dropped_in_docs,PERMIT,3
CPT110610,,dropped_in_docs,DL,0
CPT113041,,dropped_in_docs,RC,1
CPT101688,,dropped_in_docs,INSURANCE,5
CPT101608,,dropped_in_docs,AADHAAR,2
CPT105115,,dropped_in_docs,PERMIT,3
CPT115710,,dropped_in_docs,RC,1
CPT104076,,dropped_in_docs,PERMIT,3
CPT119049,2026-04-04 02:49:35.684998902,approved,,6
CPT113401,,dropped_in_docs,RC,1
CPT108480,2026-04-05 22:20:26.624326097,rejected,vehicle_age_policy,6
CPT115799,2026-04-06 18:25:57.082846970,approved,,5
CPT121588,2026-04-06 10:39:58.022724145,approved,,5
CPT120901,,dropped_in_docs,FITNESS,4
CPT119521,,dropped_in_docs,DL,0
CPT115948,2026-04-05 23:51:44.080173358,approved,,6
CPT119582,2026-04-06 13:54:35.878989101,approved,,6
CPT103237,,dropped_in_docs,RC,1
CPT117126,,dropped_in_docs,PERMIT,3
CPT106444,,dropped_in_docs,INSURANCE,5
CPT120713,,dropped_in_docs,DL,0
CPT124747,,dropped_in_docs,AADHAAR,2
CPT104482,,dropped_in_docs,INSURANCE,5
CPT104810,2026-04-05 15:11:37.993936510,approved,,6
CPT107277,,dropped_in_docs,PERMIT,3
CPT102580,,dropped_in_docs,INSURANCE,5
CPT114289,2026-04-05 08:06:47.035486419,approved,,6
CPT121292,2026-04-06 02:24:05.500025990,approved,,6
CPT119896,,dropped_in_docs,RC,1
CPT110833,,dropped_in_docs,FITNESS,4
CPT124168,,dropped_in_docs,FITNESS,4
CPT124904,,dropped_in_docs,DL,0
CPT104046,,dropped_in_docs,DL,0
CPT105609,,dropped_in_docs,RC,1
CPT114286,,dropped_in_docs,RC,1
CPT121661,,dropped_in_docs,PERMIT,3
CPT115731,,dropped_in_docs,FITNESS,4
CPT114430,,dropped_in_docs,DL,0
CPT116894,,dropped_in_docs,AADHAAR,2
CPT107247,,dropped_in_docs,RC,1
CPT109439,,dropped_in_docs,PERMIT,3
CPT110917,,dropped_in_docs,INSURANCE,5
CPT101618,,dropped_in_docs,INSURANCE,5
CPT116075,,dropped_in_docs,DL,0
CPT115893,,dropped_in_docs,FITNESS,4
CPT100750,,dropped_in_docs,RC,1
CPT105561,2026-04-07 02:23:14.835902231,approved,,6
CPT123161,,dropped_in_docs,RC,1
CPT100445,,dropped_in_docs,RC,1
CPT107937,,dropped_in_docs,RC,1
CPT104112,,dropped_in_docs,RC,1
CPT101791,,dropped_in_docs,RC,1
CPT114609,,dropped_in_docs,PERMIT,3
CPT107349,,dropped_in_docs,FITNESS,4
CPT100505,,dropped_in_docs,PERMIT,3
CPT119217,,dropped_in_docs,PERMIT,3
CPT119742,,dropped_in_docs,INSURANCE,5
CPT115672,,dropped_in_docs,INSURANCE,5
CPT104304,,dropped_in_docs,INSURANCE,5
CPT120610,,dropped_in_docs,FITNESS,4
CPT112728,,dropped_in_docs,DL,0
CPT103670,,dropped_in_docs,AADHAAR,2
CPT109750,2026-04-06 09:43:57.788436508,approved,,6
CPT100796,,dropped_in_docs,PERMIT,3
CPT101716,,dropped_in_docs,DL,0
CPT122600,,dropped_in_docs,AADHAAR,2
CPT103877,,dropped_in_docs,RC,1
CPT104541,,dropped_in_docs,RC,1
CPT105694,2026-04-07 13:50:28.094668826,approved,,6
CPT111140,,dropped_in_docs,INSURANCE,5
CPT107398,,dropped_in_docs,INSURANCE,5
CPT111089,,dropped_in_docs,RC,1
CPT104497,,dropped_in_docs,RC,1
CPT122864,2026-04-05 16:59:36.624161320,approved,,6
CPT121599,,dropped_in_docs,PERMIT,3
CPT100638,,dropped_in_docs,FITNESS,4
CPT107710,,dropped_in_docs,RC,1
CPT111393,,dropped_in_docs,INSURANCE,5
CPT107778,,dropped_in_docs,INSURANCE,5
CPT111074,2026-04-07 06:48:20.135471137,approved,,5
CPT117084,,dropped_in_docs,AADHAAR,2
CPT100562,2026-04-08 02:53:46.791477444,approved,,5
CPT122010,,dropped_in_docs,RC,1
CPT107443,2026-04-05 04:25:27.000470054,approved,,5
CPT108366,2026-04-07 06:50:14.117603308,approved,,6
CPT120729,2026-04-07 02:02:18.962791564,approved,,5
CPT104064,,dropped_in_docs,AADHAAR,2
CPT122565,,dropped_in_docs,FITNESS,4
CPT111604,,dropped_in_docs,FITNESS,4
CPT110834,,dropped_in_docs,INSURANCE,5
CPT108734,,dropped_in_docs,RC,1
CPT109083,,dropped_in_docs,FITNESS,4
CPT113521,,dropped_in_docs,INSURANCE,5
CPT115597,,dropped_in_docs,INSURANCE,5
CPT120678,,dropped_in_docs,PERMIT,3
CPT119481,,dropped_in_docs,RC,1
CPT108640,,dropped_in_docs,RC,1
CPT100255,,dropped_in_docs,DL,0
CPT114948,,dropped_in_docs,INSURANCE,5
CPT113595,,dropped_in_docs,RC,1
CPT124263,,dropped_in_docs,FITNESS,4
CPT121349,,dropped_in_docs,RC,1
CPT119367,,dropped_in_docs,DL,0
CPT121860,2026-04-04 16:09:52.654165247,approved,,6
CPT112185,,dropped_in_docs,PERMIT,3
CPT113375,,dropped_in_docs,INSURANCE,5
CPT115734,,dropped_in_docs,FITNESS,4
CPT113403,,dropped_in_docs,INSURANCE,5
CPT103721,,dropped_in_docs,RC,1
CPT120915,,dropped_in_docs,FITNESS,4
CPT112979,,dropped_in_docs,DL,0
CPT102893,,dropped_in_docs,DL,0
CPT106240,,dropped_in_docs,PERMIT,3
CPT101476,,dropped_in_docs,PERMIT,3
CPT124179,2026-04-05 18:13:51.435432393,approved,,6
CPT108985,,dropped_in_docs,FITNESS,4
CPT101342,2026-04-07 11:24:36.199778521,approved,,6
CPT119312,,dropped_in_docs,INSURANCE,5
CPT116758,,dropped_in_docs,AADHAAR,2
CPT114758,,dropped_in_docs,DL,0
CPT120880,,dropped_in_docs,FITNESS,4
CPT100242,2026-04-08 10:23:22.494817167,approved,,6
CPT113105,,dropped_in_docs,RC,1
CPT114788,,dropped_in_docs,RC,1
CPT106651,,dropped_in_docs,DL,0
CPT108104,2026-04-04 14:14:51.466728295,approved,,6
CPT105827,2026-04-06 13:23:35.237876814,approved,,5
CPT113720,,dropped_in_docs,PERMIT,3
CPT102674,,dropped_in_docs,RC,1
CPT121405,,dropped_in_docs,RC,1
CPT121846,,dropped_in_docs,PERMIT,3
CPT102602,,dropped_in_docs,RC,1
CPT110797,2026-04-06 10:08:14.789956661,approved,,5
CPT107461,,dropped_in_docs,AADHAAR,2
CPT104890,,dropped_in_docs,RC,1
CPT100343,2026-04-05 15:57:04.642282629,approved,,6
CPT122624,,dropped_in_docs,INSURANCE,5
CPT101400,,dropped_in_docs,FITNESS,4
CPT101713,,dropped_in_docs,FITNESS,4
CPT108184,2026-04-08 07:06:00.700277988,approved,,6
CPT108812,,dropped_in_docs,FITNESS,4
CPT111521,2026-04-07 07:42:51.228853745,approved,,5
CPT100759,2026-04-05 19:51:44.028135092,approved,,6
CPT113160,,dropped_in_docs,RC,1
CPT124439,,dropped_in_docs,FITNESS,4
CPT105023,,dropped_in_docs,PERMIT,3
CPT107337,,dropped_in_docs,INSURANCE,5
CPT124729,,dropped_in_docs,FITNESS,4
CPT120335,,dropped_in_docs,FITNESS,4
CPT110473,2026-04-06 22:02:12.095150143,approved,,6
CPT110897,2026-04-05 09:11:00.211367088,approved,,5
CPT101843,2026-04-08 11:42:07.352663741,approved,,6
CPT116303,2026-04-05 01:47:09.312013276,approved,,6
CPT123412,,dropped_in_docs,FITNESS,4
CPT119061,,dropped_in_docs,RC,1
CPT111740,,dropped_in_docs,RC,1
CPT103607,2026-04-12 17:56:20.622555357,approved,,6
CPT110098,,dropped_in_docs,FITNESS,4
CPT118401,,dropped_in_docs,RC,1
CPT120957,2026-04-08 16:37:28.227862195,approved,,5
CPT101568,,dropped_in_docs,RC,1
CPT108009,,dropped_in_docs,FITNESS,4
CPT109832,,dropped_in_docs,PERMIT,3
CPT120706,,dropped_in_docs,RC,1
CPT118304,,dropped_in_docs,RC,1
CPT120586,,dropped_in_docs,DL,0
CPT122009,,dropped_in_docs,PERMIT,3
CPT111966,,dropped_in_docs,PERMIT,3
CPT104150,,dropped_in_docs,PERMIT,3
CPT109454,,dropped_in_docs,FITNESS,4
CPT116171,,dropped_in_docs,INSURANCE,5
CPT115113,2026-04-08 01:02:00.063942298,approved,,6
CPT112799,,dropped_in_docs,FITNESS,4
CPT107405,2026-04-06 16:30:47.653922547,approved,,6
CPT124042,,dropped_in_docs,FITNESS,4
CPT101268,,dropped_in_docs,DL,0
CPT107912,,dropped_in_docs,FITNESS,4
CPT116177,,dropped_in_docs,DL,0
CPT110762,,dropped_in_docs,PERMIT,3
CPT102766,2026-04-07 02:38:05.939132221,rejected,doc_authenticity_flag,6
CPT103390,,dropped_in_docs,PERMIT,3
CPT102393,,dropped_in_docs,FITNESS,4
CPT101023,,dropped_in_docs,DL,0
CPT112609,,dropped_in_docs,AADHAAR,2
CPT115539,,dropped_in_docs,AADHAAR,2
CPT122841,,dropped_in_docs,RC,1
CPT102611,,dropped_in_docs,AADHAAR,2
CPT123292,,dropped_in_docs,INSURANCE,5
CPT108869,,dropped_in_docs,FITNESS,4
CPT106319,,dropped_in_docs,RC,1
CPT120830,2026-04-07 13:57:14.173838494,approved,,6
CPT101641,2026-04-08 17:39:51.048459175,approved,,6
CPT114581,2026-04-07 06:52:32.213380620,rejected,doc_authenticity_flag,6
CPT118134,2026-04-07 19:09:37.298659743,approved,,6
CPT123875,,dropped_in_docs,AADHAAR,2
CPT106688,,dropped_in_docs,PERMIT,3
CPT107799,2026-04-07 09:52:39.421520026,approved,,6
CPT123537,,dropped_in_docs,RC,1
CPT101145,,dropped_in_docs,RC,1
CPT108898,,dropped_in_docs,FITNESS,4
CPT101920,,dropped_in_docs,RC,1
CPT120671,,dropped_in_docs,RC,1
CPT113066,,dropped_in_docs,RC,1
CPT122504,,dropped_in_docs,FITNESS,4
CPT109434,,dropped_in_docs,INSURANCE,5
CPT112533,,dropped_in_docs,FITNESS,4
CPT106867,,dropped_in_docs,INSURANCE,5
CPT115199,,dropped_in_docs,PERMIT,3
CPT112975,,dropped_in_docs,INSURANCE,5
CPT120251,,dropped_in_docs,INSURANCE,5
CPT114415,,dropped_in_docs,AADHAAR,2
CPT103109,,dropped_in_docs,PERMIT,3
CPT114421,,dropped_in_docs,INSURANCE,5
CPT113975,,dropped_in_docs,FITNESS,4
CPT101577,,dropped_in_docs,RC,1
CPT106761,,dropped_in_docs,INSURANCE,5
CPT110288,,dropped_in_docs,PERMIT,3
CPT119646,2026-04-07 01:55:58.360054030,approved,,6
CPT123563,,dropped_in_docs,PERMIT,3
CPT120982,2026-04-08 03:07:01.103974999,approved,,5
CPT119772,2026-04-06 00:56:12.202134976,approved,,6
CPT104674,,dropped_in_docs,FITNESS,4
CPT116542,,dropped_in_docs,FITNESS,4
CPT112320,,dropped_in_docs,AADHAAR,2
CPT104437,,dropped_in_docs,FITNESS,4
CPT105853,,dropped_in_docs,DL,0
CPT108468,,dropped_in_docs,FITNESS,4
CPT106463,,dropped_in_docs,AADHAAR,2
CPT115795,,dropped_in_docs,RC,1
CPT124922,,dropped_in_docs,RC,1
CPT123842,,dropped_in_docs,FITNESS,4
CPT117375,2026-04-07 21:32:29.462775492,approved,,6
CPT116116,,dropped_in_docs,RC,1
CPT114610,,dropped_in_docs,INSURANCE,5
CPT100385,,dropped_in_docs,FITNESS,4
CPT121068,,dropped_in_docs,AADHAAR,2
CPT112724,,dropped_in_docs,FITNESS,4
CPT101394,,dropped_in_docs,PERMIT,3
CPT113947,,dropped_in_docs,FITNESS,4
CPT114587,,dropped_in_docs,RC,1
CPT118885,2026-04-09 15:52:36.977142721,approved,,6
CPT122905,,dropped_in_docs,RC,1
CPT112579,,dropped_in_docs,PERMIT,3
CPT102132,2026-04-06 11:44:06.794316111,rejected,background_check_failed,6
CPT120084,,dropped_in_docs,DL,0
CPT101119,,dropped_in_docs,FITNESS,4
CPT113698,,dropped_in_docs,RC,1
CPT109808,,dropped_in_docs,PERMIT,3
CPT106352,,dropped_in_docs,PERMIT,3
CPT109007,,dropped_in_docs,AADHAAR,2
CPT110566,,dropped_in_docs,FITNESS,4
CPT111327,,dropped_in_docs,INSURANCE,5
CPT114288,2026-04-07 11:26:51.444084940,approved,,6
CPT115823,,dropped_in_docs,PERMIT,3
CPT123671,,dropped_in_docs,INSURANCE,5
CPT122262,,dropped_in_docs,RC,1
CPT111261,2026-04-07 04:30:48.933293583,approved,,6
CPT114875,,dropped_in_docs,PERMIT,3
CPT102394,,dropped_in_docs,PERMIT,3
CPT109910,,dropped_in_docs,INSURANCE,5
CPT112595,,dropped_in_docs,RC,1
CPT114061,,dropped_in_docs,RC,1
CPT118615,,dropped_in_docs,RC,1
CPT101073,2026-04-06 22:24:43.759129300,approved,,6
CPT100974,2026-04-10 17:54:45.626142021,approved,,6
CPT101319,,dropped_in_docs,DL,0
CPT110799,,dropped_in_docs,DL,0
CPT101469,,dropped_in_docs,RC,1
CPT119100,,dropped_in_docs,DL,0
CPT117945,2026-04-06 05:07:09.967283880,rejected,doc_authenticity_flag,5
CPT102927,,dropped_in_docs,RC,1
CPT106461,,dropped_in_docs,INSURANCE,5
CPT119105,,dropped_in_docs,FITNESS,4
CPT122869,,dropped_in_docs,FITNESS,4
CPT116746,,dropped_in_docs,DL,0
CPT100956,,dropped_in_docs,RC,1
CPT103557,,dropped_in_docs,RC,1
CPT115089,,dropped_in_docs,FITNESS,4
CPT114654,,dropped_in_docs,INSURANCE,5
CPT122798,,dropped_in_docs,RC,1
CPT102625,,dropped_in_docs,DL,0
CPT102121,,dropped_in_docs,DL,0
CPT121575,,dropped_in_docs,RC,1
CPT110324,2026-04-08 04:20:46.708157295,approved,,6
CPT123133,,dropped_in_docs,RC,1
CPT119636,,dropped_in_docs,PERMIT,3
CPT122543,,dropped_in_docs,AADHAAR,2
CPT113573,,dropped_in_docs,RC,1
CPT123844,,dropped_in_docs,RC,1
CPT121580,,dropped_in_docs,RC,1
CPT113042,,dropped_in_docs,PERMIT,3
CPT122863,,dropped_in_docs,PERMIT,3
CPT109657,,dropped_in_docs,RC,1
CPT123347,,dropped_in_docs,PERMIT,3
CPT100664,2026-04-08 07:46:47.258941482,approved,,6
CPT118121,,dropped_in_docs,RC,1
CPT106977,,dropped_in_docs,RC,1
CPT107087,2026-04-08 06:41:46.353042143,approved,,5
CPT124025,,dropped_in_docs,FITNESS,4
CPT118436,,dropped_in_docs,INSURANCE,5
CPT103270,,dropped_in_docs,AADHAAR,2
CPT105200,,dropped_in_docs,DL,0
CPT118232,2026-04-08 00:55:40.254467869,approved,,6
CPT106380,,dropped_in_docs,RC,1
CPT109727,,dropped_in_docs,RC,1
CPT123678,,dropped_in_docs,PERMIT,3
CPT116708,2026-04-07 18:03:14.372464724,approved,,6
CPT108623,,dropped_in_docs,AADHAAR,2
CPT100426,,dropped_in_docs,FITNESS,4
CPT110031,,dropped_in_docs,DL,0
CPT101275,,dropped_in_docs,AADHAAR,2
CPT100654,,dropped_in_docs,FITNESS,4
CPT102321,,dropped_in_docs,DL,0
CPT106502,,dropped_in_docs,PERMIT,3
CPT123221,2026-04-12 14:20:45.172477884,approved,,6
CPT101159,,dropped_in_docs,RC,1
CPT100816,,dropped_in_docs,RC,1
CPT107276,2026-04-08 08:02:26.670409328,approved,,6
CPT123826,,dropped_in_docs,DL,0
CPT122718,,dropped_in_docs,PERMIT,3
CPT121127,,dropped_in_docs,INSURANCE,5
CPT101848,,dropped_in_docs,PERMIT,3
CPT104300,,dropped_in_docs,PERMIT,3
CPT114163,,dropped_in_docs,PERMIT,3
CPT120794,,dropped_in_docs,FITNESS,4
CPT100687,,dropped_in_docs,DL,0
CPT122263,2026-04-09 18:02:44.883569609,approved,,6
CPT114567,,dropped_in_docs,DL,0
CPT108224,,dropped_in_docs,RC,1
CPT106149,,dropped_in_docs,RC,1
CPT116069,,dropped_in_docs,RC,1
CPT106986,,dropped_in_docs,AADHAAR,2
CPT110462,,dropped_in_docs,INSURANCE,5
CPT102404,,dropped_in_docs,FITNESS,4
CPT104333,,dropped_in_docs,PERMIT,3
CPT121185,,dropped_in_docs,RC,1
CPT123960,,dropped_in_docs,PERMIT,3
CPT103800,,dropped_in_docs,RC,1
CPT105528,2026-04-07 21:19:06.601133520,approved,,5
CPT100092,,dropped_in_docs,AADHAAR,2
CPT101889,,dropped_in_docs,FITNESS,4
CPT120257,,dropped_in_docs,RC,1
CPT103281,,dropped_in_docs,PERMIT,3
CPT101968,,dropped_in_docs,FITNESS,4
CPT124511,,dropped_in_docs,FITNESS,4
CPT115416,,dropped_in_docs,RC,1
CPT108861,,dropped_in_docs,RC,1
CPT107894,,dropped_in_docs,DL,0
CPT120483,,dropped_in_docs,RC,1
CPT121825,,dropped_in_docs,PERMIT,3
CPT123788,,dropped_in_docs,INSURANCE,5
CPT111610,,dropped_in_docs,FITNESS,4
CPT100009,,dropped_in_docs,RC,1
CPT105813,,dropped_in_docs,RC,1
CPT113642,,dropped_in_docs,FITNESS,4
CPT116674,,dropped_in_docs,INSURANCE,5
CPT100026,,dropped_in_docs,RC,1
CPT120770,,dropped_in_docs,DL,0
CPT114303,2026-04-09 09:00:48.515612108,approved,,6
CPT106500,,dropped_in_docs,RC,1
CPT105691,,dropped_in_docs,INSURANCE,5
CPT120843,2026-04-11 10:50:37.643729776,rejected,doc_authenticity_flag,6
CPT110406,,dropped_in_docs,RC,1
CPT100731,,dropped_in_docs,FITNESS,4
CPT103824,,dropped_in_docs,PERMIT,3
CPT105362,,dropped_in_docs,RC,1
CPT124468,,dropped_in_docs,FITNESS,4
CPT112418,2026-04-09 08:05:22.820326778,approved,,6
CPT106953,,dropped_in_docs,RC,1
CPT121877,,dropped_in_docs,DL,0
CPT105475,2026-04-07 08:04:38.036375853,approved,,5
CPT100460,,dropped_in_docs,RC,1
CPT112056,2026-04-10 13:08:09.592627200,approved,,6
CPT106255,,dropped_in_docs,RC,1
CPT107893,,dropped_in_docs,RC,1
CPT112433,,dropped_in_docs,FITNESS,4
CPT101072,2026-04-08 13:06:03.948217353,approved,,5
CPT109380,,dropped_in_docs,FITNESS,4
CPT105138,,dropped_in_docs,FITNESS,4
CPT104043,,dropped_in_docs,RC,1
CPT115106,2026-04-08 23:14:38.703324399,approved,,5
CPT109360,,dropped_in_docs,DL,0
CPT114015,,dropped_in_docs,RC,1
CPT120944,2026-04-07 04:32:20.399556753,approved,,5
CPT111265,,dropped_in_docs,FITNESS,4
CPT111895,,dropped_in_docs,DL,0
CPT114925,,dropped_in_docs,INSURANCE,5
CPT117556,,dropped_in_docs,DL,0
CPT117711,2026-04-08 14:28:37.031973770,approved,,6
CPT107580,,dropped_in_docs,PERMIT,3
CPT105936,,dropped_in_docs,FITNESS,4
CPT123772,,dropped_in_docs,PERMIT,3
CPT109050,,dropped_in_docs,PERMIT,3
CPT103029,2026-04-10 05:38:20.657238457,approved,,6
CPT116081,,dropped_in_docs,RC,1
CPT116448,,dropped_in_docs,RC,1
CPT107797,2026-04-10 06:34:15.534738072,approved,,5
CPT110471,,dropped_in_docs,PERMIT,3
CPT102735,,dropped_in_docs,FITNESS,4
CPT124231,,dropped_in_docs,FITNESS,4
CPT119112,,dropped_in_docs,PERMIT,3
CPT111811,,dropped_in_docs,RC,1
CPT118136,,dropped_in_docs,INSURANCE,5
CPT112880,,dropped_in_docs,INSURANCE,5
CPT100170,,dropped_in_docs,INSURANCE,5
CPT107909,,dropped_in_docs,RC,1
CPT121020,,dropped_in_docs,RC,1
CPT100450,,dropped_in_docs,FITNESS,4
CPT107390,,dropped_in_docs,INSURANCE,5
CPT103899,,dropped_in_docs,RC,1
CPT101536,,dropped_in_docs,RC,1
CPT115216,,dropped_in_docs,FITNESS,4
CPT107876,2026-04-08 08:52:49.355232328,approved,,6
CPT123011,,dropped_in_docs,DL,0
CPT101923,2026-04-10 13:27:31.434285112,rejected,doc_authenticity_flag,6
CPT122526,,dropped_in_docs,RC,1
CPT105888,,dropped_in_docs,DL,0
CPT106738,,dropped_in_docs,RC,1
CPT105418,,dropped_in_docs,DL,0
CPT111931,2026-04-11 01:29:38.751496421,approved,,6
CPT119255,,dropped_in_docs,RC,1
CPT109641,,dropped_in_docs,DL,0
CPT121905,,dropped_in_docs,INSURANCE,5
CPT100781,,dropped_in_docs,FITNESS,4
CPT103261,,dropped_in_docs,FITNESS,4
CPT105707,,dropped_in_docs,FITNESS,4
CPT123655,,dropped_in_docs,INSURANCE,5
CPT109998,,dropped_in_docs,INSURANCE,5
CPT120391,,dropped_in_docs,RC,1
CPT124507,,dropped_in_docs,FITNESS,4
CPT121744,,dropped_in_docs,PERMIT,3
CPT109830,,dropped_in_docs,RC,1
CPT104964,,dropped_in_docs,FITNESS,4
CPT117910,,dropped_in_docs,INSURANCE,5
CPT107148,,dropped_in_docs,RC,1
CPT114130,,dropped_in_docs,INSURANCE,5
CPT116213,,dropped_in_docs,INSURANCE,5
CPT111832,,dropped_in_docs,PERMIT,3
CPT102648,2026-04-10 17:52:26.756994376,approved,,5
CPT117033,,dropped_in_docs,AADHAAR,2
CPT120544,,dropped_in_docs,FITNESS,4
CPT124839,,dropped_in_docs,PERMIT,3
CPT121384,,dropped_in_docs,DL,0
CPT100674,,dropped_in_docs,FITNESS,4
CPT113329,,dropped_in_docs,PERMIT,3
CPT120010,,dropped_in_docs,PERMIT,3
CPT107793,2026-04-10 20:38:39.187614185,approved,,6
CPT110318,,dropped_in_docs,AADHAAR,2
CPT100338,,dropped_in_docs,RC,1
CPT119892,2026-04-10 18:38:15.489051205,approved,,6
CPT117254,2026-04-12 09:09:17.707794299,approved,,6
CPT112354,2026-04-09 12:03:04.889129290,approved,,6
CPT107857,,dropped_in_docs,PERMIT,3
CPT102728,,dropped_in_docs,PERMIT,3
CPT116972,,dropped_in_docs,DL,0
CPT100523,2026-04-10 23:59:50.123498600,approved,,6
CPT111790,2026-04-10 10:39:41.857939532,rejected,duplicate_captain,6
CPT117709,,dropped_in_docs,RC,1
CPT113696,,dropped_in_docs,RC,1
CPT117233,,dropped_in_docs,FITNESS,4
CPT118061,,dropped_in_docs,PERMIT,3
CPT101187,2026-04-08 21:26:39.596709754,approved,,6
CPT108355,2026-04-08 18:54:31.798521297,approved,,5
CPT104247,,dropped_in_docs,FITNESS,4
CPT103908,,dropped_in_docs,RC,1
CPT113198,,dropped_in_docs,DL,0
CPT109125,,dropped_in_docs,DL,0
CPT113468,,dropped_in_docs,RC,1
CPT113639,,dropped_in_docs,RC,1
CPT102959,,dropped_in_docs,DL,0
CPT107994,,dropped_in_docs,DL,0
CPT115454,,dropped_in_docs,DL,0
CPT120541,,dropped_in_docs,FITNESS,4
CPT107841,,dropped_in_docs,PERMIT,3
CPT120263,,dropped_in_docs,FITNESS,4
CPT105846,,dropped_in_docs,INSURANCE,5
CPT101043,2026-04-08 17:48:13.161386383,approved,,5
CPT106664,,dropped_in_docs,PERMIT,3
CPT118249,,dropped_in_docs,PERMIT,3
CPT103253,,dropped_in_docs,RC,1
CPT117180,,dropped_in_docs,RC,1
CPT108229,,dropped_in_docs,PERMIT,3
CPT108716,,dropped_in_docs,PERMIT,3
CPT121395,,dropped_in_docs,RC,1
CPT108922,2026-04-10 00:37:06.701069786,approved,,6
CPT123047,,dropped_in_docs,DL,0
CPT109635,,dropped_in_docs,PERMIT,3
CPT122193,2026-04-11 10:36:34.090112458,approved,,6
CPT100560,,dropped_in_docs,PERMIT,3
CPT124182,,dropped_in_docs,PERMIT,3
CPT120828,,dropped_in_docs,PERMIT,3
CPT102973,,dropped_in_docs,AADHAAR,2
CPT123212,,dropped_in_docs,AADHAAR,2
CPT111332,,dropped_in_docs,RC,1
CPT104207,,dropped_in_docs,DL,0
CPT122514,,dropped_in_docs,FITNESS,4
CPT118403,2026-04-10 17:47:47.093426832,approved,,6
CPT117991,,dropped_in_docs,INSURANCE,5
CPT114086,,dropped_in_docs,AADHAAR,2
CPT103744,,dropped_in_docs,AADHAAR,2
CPT124065,,dropped_in_docs,RC,1
CPT106091,,dropped_in_docs,FITNESS,4
CPT117282,,dropped_in_docs,RC,1
CPT115537,2026-04-12 07:00:10.795822065,approved,,6
CPT112944,,dropped_in_docs,PERMIT,3
CPT121747,2026-04-09 15:12:23.994078440,approved,,6
CPT113531,2026-04-11 06:24:15.584504761,approved,,6
CPT105181,,dropped_in_docs,AADHAAR,2
CPT117256,,dropped_in_docs,RC,1
CPT113232,,dropped_in_docs,AADHAAR,2
CPT105719,,dropped_in_docs,INSURANCE,5
CPT118810,,dropped_in_docs,RC,1
CPT123904,,dropped_in_docs,PERMIT,3
CPT113108,,dropped_in_docs,FITNESS,4
CPT108735,,dropped_in_docs,RC,1
CPT119355,,dropped_in_docs,RC,1
CPT105876,,dropped_in_docs,RC,1
CPT120666,,dropped_in_docs,FITNESS,4
CPT102446,2026-04-11 06:26:40.280429504,approved,,6
CPT109617,,dropped_in_docs,FITNESS,4
CPT119040,2026-04-08 08:34:24.745968792,approved,,6
CPT103810,,dropped_in_docs,DL,0
CPT119721,2026-04-11 00:41:38.188929541,approved,,6
CPT114774,,dropped_in_docs,RC,1
CPT122927,,dropped_in_docs,PERMIT,3
CPT120013,,dropped_in_docs,INSURANCE,5
CPT120995,2026-04-09 07:32:19.369228887,approved,,5
CPT102654,,dropped_in_docs,FITNESS,4
CPT124371,2026-04-09 22:48:21.978811049,approved,,5
CPT120603,2026-04-08 04:02:35.678237062,approved,,5
CPT108127,2026-04-11 00:05:00.349779997,approved,,6
CPT107448,2026-04-10 09:54:43.009511903,approved,,6
CPT100503,,dropped_in_docs,INSURANCE,5
CPT110878,2026-04-09 00:15:24.219557453,approved,,6
CPT107836,,dropped_in_docs,FITNESS,4
CPT116026,,dropped_in_docs,DL,0
CPT104254,,dropped_in_docs,AADHAAR,2
CPT123756,,dropped_in_docs,INSURANCE,5
CPT119886,,dropped_in_docs,PERMIT,3
CPT113314,,dropped_in_docs,INSURANCE,5
CPT120835,2026-04-13 09:03:05.431561521,rejected,background_check_failed,6
CPT109663,,dropped_in_docs,FITNESS,4
CPT113826,,dropped_in_docs,RC,1
CPT112165,,dropped_in_docs,FITNESS,4
CPT115817,2026-04-08 21:00:23.773986995,approved,,6
CPT120716,,dropped_in_docs,RC,1
CPT122507,,dropped_in_docs,RC,1
CPT117967,,dropped_in_docs,INSURANCE,5
CPT105635,,dropped_in_docs,PERMIT,3
CPT124143,,dropped_in_docs,RC,1
CPT104598,,dropped_in_docs,DL,0
CPT124118,,dropped_in_docs,DL,0
CPT124889,,dropped_in_docs,DL,0
CPT114302,2026-04-15 12:31:39.968454411,approved,,5
CPT113896,,dropped_in_docs,AADHAAR,2
CPT113258,,dropped_in_docs,PERMIT,3
CPT108046,,dropped_in_docs,INSURANCE,5
CPT103280,,dropped_in_docs,RC,1
CPT103462,,dropped_in_docs,RC,1
CPT121929,,dropped_in_docs,INSURANCE,5
CPT114687,,dropped_in_docs,FITNESS,4
CPT102632,,dropped_in_docs,PERMIT,3
CPT122808,,dropped_in_docs,DL,0
CPT111535,,dropped_in_docs,RC,1
CPT124947,,dropped_in_docs,RC,1
CPT101498,,dropped_in_docs,INSURANCE,5
CPT122703,,dropped_in_docs,FITNESS,4
CPT124918,,dropped_in_docs,INSURANCE,5
CPT119043,,dropped_in_docs,AADHAAR,2
CPT112468,,dropped_in_docs,DL,0
CPT114320,,dropped_in_docs,PERMIT,3
CPT114239,,dropped_in_docs,RC,1
CPT119499,,dropped_in_docs,RC,1
CPT109116,,dropped_in_docs,FITNESS,4
CPT122673,2026-04-10 07:34:08.157871465,approved,,6
CPT122540,2026-04-10 00:42:39.470254437,approved,,5
CPT109730,,dropped_in_docs,FITNESS,4
CPT122093,,dropped_in_docs,RC,1
CPT101711,,dropped_in_docs,INSURANCE,5
CPT112225,,dropped_in_docs,INSURANCE,5
CPT100165,,dropped_in_docs,RC,1
CPT117710,,dropped_in_docs,FITNESS,4
CPT102095,,dropped_in_docs,RC,1
CPT120056,,dropped_in_docs,DL,0
CPT105496,,dropped_in_docs,DL,0
CPT113761,,dropped_in_docs,RC,1
CPT105009,,dropped_in_docs,PERMIT,3
CPT104421,,dropped_in_docs,INSURANCE,5
CPT118405,,dropped_in_docs,RC,1
CPT108577,2026-04-10 09:27:55.226302600,approved,,6
CPT118107,2026-04-10 23:07:06.335524369,approved,,6
CPT116834,,dropped_in_docs,FITNESS,4
CPT102028,,dropped_in_docs,FITNESS,4
CPT121692,,dropped_in_docs,AADHAAR,2
CPT107821,,dropped_in_docs,RC,1
CPT104844,2026-04-10 20:41:41.996693525,approved,,6
CPT117131,,dropped_in_docs,PERMIT,3
CPT114651,,dropped_in_docs,INSURANCE,5
CPT103074,2026-04-09 17:55:52.332682535,rejected,background_check_failed,6
CPT103828,2026-04-10 17:12:29.560921085,rejected,duplicate_captain,6
CPT107697,,dropped_in_docs,DL,0
CPT101178,,dropped_in_docs,RC,1
CPT111763,,dropped_in_docs,INSURANCE,5
CPT108269,,dropped_in_docs,AADHAAR,2
CPT104189,2026-04-10 04:44:21.796382228,approved,,6
CPT110869,,dropped_in_docs,PERMIT,3
CPT109105,,dropped_in_docs,DL,0
CPT102148,,dropped_in_docs,RC,1
CPT110978,,dropped_in_docs,DL,0
CPT110788,,dropped_in_docs,INSURANCE,5
CPT109846,2026-04-14 11:21:37.668602668,approved,,6
CPT113931,2026-04-09 21:12:17.806577422,approved,,5
CPT102469,,dropped_in_docs,FITNESS,4
CPT118007,,dropped_in_docs,FITNESS,4
CPT122175,,dropped_in_docs,FITNESS,4
CPT110905,2026-04-09 03:48:19.604039829,rejected,doc_authenticity_flag,6
CPT106007,,dropped_in_docs,PERMIT,3
CPT111705,,dropped_in_docs,RC,1
CPT107590,,dropped_in_docs,INSURANCE,5
CPT111193,,dropped_in_docs,RC,1
CPT101570,,dropped_in_docs,FITNESS,4
CPT116044,,dropped_in_docs,FITNESS,4
CPT111281,2026-04-10 02:18:16.428125268,approved,,5
CPT115759,,dropped_in_docs,AADHAAR,2
CPT103750,2026-04-10 20:38:21.735196812,approved,,5
CPT115353,,dropped_in_docs,PERMIT,3
CPT117194,,dropped_in_docs,RC,1
CPT102218,,dropped_in_docs,RC,1
CPT119494,,dropped_in_docs,RC,1
CPT123978,2026-04-09 17:00:38.005952280,approved,,6
CPT111119,,dropped_in_docs,FITNESS,4
CPT120396,2026-04-10 21:36:52.173012579,rejected,background_check_failed,6
CPT118127,,dropped_in_docs,DL,0
CPT116143,,dropped_in_docs,PERMIT,3
CPT101943,,dropped_in_docs,DL,0
CPT107357,,dropped_in_docs,RC,1
CPT118967,2026-04-10 12:39:49.162415517,approved,,6
CPT123009,,dropped_in_docs,AADHAAR,2
CPT104158,,dropped_in_docs,PERMIT,3
CPT124007,,dropped_in_docs,INSURANCE,5
CPT123331,,dropped_in_docs,PERMIT,3
CPT115684,2026-04-08 05:27:32.377839824,approved,,5
CPT103818,2026-04-13 00:41:54.585342814,approved,,6
CPT106904,,dropped_in_docs,FITNESS,4
CPT117564,2026-04-14 06:42:16.918232392,approved,,6
CPT113728,,dropped_in_docs,AADHAAR,2
CPT123400,2026-04-14 19:50:28.235554811,approved,,5
CPT119060,,dropped_in_docs,PERMIT,3
CPT119987,,dropped_in_docs,INSURANCE,5
CPT110003,,dropped_in_docs,PERMIT,3
CPT123897,,dropped_in_docs,RC,1
CPT106027,,dropped_in_docs,INSURANCE,5
CPT117484,,dropped_in_docs,RC,1
CPT112758,,dropped_in_docs,RC,1
CPT114637,,dropped_in_docs,INSURANCE,5
CPT106474,,dropped_in_docs,RC,1
CPT115064,,dropped_in_docs,RC,1
CPT107809,2026-04-11 13:30:17.426013881,approved,,6
CPT120283,,dropped_in_docs,PERMIT,3
CPT123370,,dropped_in_docs,PERMIT,3
CPT112596,,dropped_in_docs,INSURANCE,5
CPT114342,,dropped_in_docs,RC,1
CPT122362,,dropped_in_docs,DL,0
CPT116065,,dropped_in_docs,PERMIT,3
CPT111834,,dropped_in_docs,FITNESS,4
CPT120732,2026-04-17 22:29:22.148085643,approved,,5
CPT112886,2026-04-14 14:20:25.931307142,approved,,6
CPT106055,,dropped_in_docs,RC,1
CPT122230,,dropped_in_docs,RC,1
CPT103724,,dropped_in_docs,RC,1
CPT115899,,dropped_in_docs,AADHAAR,2
CPT124138,,dropped_in_docs,RC,1
CPT116709,,dropped_in_docs,INSURANCE,5
CPT103320,,dropped_in_docs,PERMIT,3
CPT116113,,dropped_in_docs,FITNESS,4
CPT102207,2026-04-13 02:59:53.365144870,approved,,6
CPT113046,,dropped_in_docs,PERMIT,3
CPT118156,2026-04-10 06:52:54.196644581,approved,,6
CPT107241,2026-04-12 04:00:46.533823894,rejected,background_check_failed,6
CPT121504,2026-04-12 14:20:04.992728619,approved,,6
CPT122906,2026-04-12 10:28:46.247494581,approved,,5
CPT123690,,dropped_in_docs,PERMIT,3
CPT102173,,dropped_in_docs,DL,0
CPT104309,2026-04-09 17:02:00.834807090,approved,,5
CPT118707,,dropped_in_docs,AADHAAR,2
CPT106917,,dropped_in_docs,FITNESS,4
CPT108167,,dropped_in_docs,FITNESS,4
CPT115482,,dropped_in_docs,FITNESS,4
CPT118409,,dropped_in_docs,FITNESS,4
CPT121360,,dropped_in_docs,FITNESS,4
CPT106373,2026-04-13 03:33:49.497248918,approved,,6
CPT124793,2026-04-12 11:44:30.190915997,approved,,6
CPT123309,,dropped_in_docs,PERMIT,3
CPT105925,,dropped_in_docs,DL,0
CPT116434,,dropped_in_docs,FITNESS,4
CPT101161,,dropped_in_docs,INSURANCE,5
CPT109557,,dropped_in_docs,RC,1
CPT119974,,dropped_in_docs,RC,1
CPT116762,2026-04-14 18:00:36.582677831,approved,,6
CPT108175,,dropped_in_docs,RC,1
CPT121862,2026-04-12 13:50:21.945823539,approved,,5
CPT119958,2026-04-14 12:32:36.731616056,approved,,6
CPT119533,,dropped_in_docs,INSURANCE,5
CPT122235,,dropped_in_docs,DL,0
CPT102788,,dropped_in_docs,AADHAAR,2
CPT116005,,dropped_in_docs,AADHAAR,2
CPT119910,,dropped_in_docs,PERMIT,3
CPT105063,2026-04-17 19:14:43.624400050,approved,,6
CPT115157,,dropped_in_docs,FITNESS,4
CPT121516,2026-04-10 10:31:40.640363133,approved,,6
CPT114867,,dropped_in_docs,RC,1
CPT110554,2026-04-13 06:23:32.678862267,approved,,6
CPT106024,2026-04-11 20:56:10.775478227,approved,,6
CPT121773,,dropped_in_docs,INSURANCE,5
CPT106932,,dropped_in_docs,FITNESS,4
CPT122858,2026-04-11 02:25:13.545200575,approved,,5
CPT118291,,dropped_in_docs,FITNESS,4
CPT123728,,dropped_in_docs,RC,1
CPT108357,,dropped_in_docs,FITNESS,4
CPT111222,,dropped_in_docs,DL,0
CPT103277,,dropped_in_docs,DL,0
CPT118071,2026-04-12 10:14:40.454528079,approved,,5
CPT121672,,dropped_in_docs,DL,0
CPT108595,,dropped_in_docs,DL,0
CPT102229,,dropped_in_docs,RC,1
CPT118389,,dropped_in_docs,INSURANCE,5
CPT122197,,dropped_in_docs,RC,1
CPT105048,,dropped_in_docs,RC,1
CPT116181,,dropped_in_docs,PERMIT,3
CPT119204,2026-04-11 13:55:48.065527446,approved,,5
CPT106230,,dropped_in_docs,RC,1
CPT105076,,dropped_in_docs,INSURANCE,5
CPT102139,,dropped_in_docs,PERMIT,3
CPT111163,2026-04-10 20:31:59.375042758,approved,,6
CPT112863,,dropped_in_docs,AADHAAR,2
CPT114930,,dropped_in_docs,RC,1
CPT100357,,dropped_in_docs,PERMIT,3
CPT116131,2026-04-16 23:20:09.881944353,approved,,6
CPT116158,,dropped_in_docs,PERMIT,3
CPT124711,,dropped_in_docs,PERMIT,3
CPT119653,,dropped_in_docs,DL,0
CPT104601,,dropped_in_docs,PERMIT,3
CPT116444,,dropped_in_docs,PERMIT,3
CPT121854,,dropped_in_docs,RC,1
CPT122461,,dropped_in_docs,RC,1
CPT103092,2026-04-12 23:58:14.056150637,approved,,5
CPT121403,2026-04-12 17:21:14.544886121,approved,,6
CPT104202,2026-04-11 16:32:43.265422545,approved,,5
CPT115651,,dropped_in_docs,RC,1
CPT109775,2026-04-14 03:14:08.212503257,approved,,5
CPT123244,,dropped_in_docs,RC,1
CPT102245,,dropped_in_docs,PERMIT,3
CPT104303,,dropped_in_docs,PERMIT,3
CPT100539,2026-04-12 17:07:22.644219506,approved,,6
CPT124461,,dropped_in_docs,PERMIT,3
CPT108868,,dropped_in_docs,INSURANCE,5
CPT116930,,dropped_in_docs,DL,0
CPT116643,2026-04-15 01:10:26.174416775,approved,,6
CPT119240,,dropped_in_docs,RC,1
CPT104009,,dropped_in_docs,PERMIT,3
CPT116187,,dropped_in_docs,FITNESS,4
CPT122625,,dropped_in_docs,DL,0
CPT113976,,dropped_in_docs,DL,0
CPT110727,2026-04-12 06:38:50.842072916,approved,,6
CPT116263,,dropped_in_docs,PERMIT,3
CPT109407,,dropped_in_docs,RC,1
CPT102491,2026-04-11 05:37:33.328060031,rejected,doc_authenticity_flag,6
CPT102993,,dropped_in_docs,AADHAAR,2
CPT105563,,dropped_in_docs,INSURANCE,5
CPT112153,,dropped_in_docs,INSURANCE,5
CPT111506,,dropped_in_docs,DL,0
CPT100707,,dropped_in_docs,FITNESS,4
CPT117894,2026-04-12 05:34:04.982518107,approved,,6
CPT121315,,dropped_in_docs,RC,1
CPT102590,,dropped_in_docs,RC,1
CPT101188,,dropped_in_docs,DL,0
CPT102640,,dropped_in_docs,AADHAAR,2
CPT110418,,dropped_in_docs,RC,1
CPT103199,,dropped_in_docs,RC,1
CPT104251,2026-04-11 01:45:52.664861034,approved,,5
CPT114857,,dropped_in_docs,RC,1
CPT101812,,dropped_in_docs,FITNESS,4
CPT112578,,dropped_in_docs,INSURANCE,5
CPT124496,,dropped_in_docs,RC,1
CPT101474,,dropped_in_docs,AADHAAR,2
CPT106725,,dropped_in_docs,RC,1
CPT121370,,dropped_in_docs,RC,1
CPT101927,,dropped_in_docs,RC,1
CPT112159,2026-04-13 01:35:19.043549623,approved,,6
CPT110647,2026-04-13 09:47:08.121676614,approved,,6
CPT124568,,dropped_in_docs,RC,1
CPT105677,,dropped_in_docs,PERMIT,3
CPT114604,2026-04-14 16:58:35.734792664,approved,,6
CPT124784,,dropped_in_docs,FITNESS,4
CPT104558,,dropped_in_docs,RC,1
CPT106670,,dropped_in_docs,PERMIT,3
CPT105684,,dropped_in_docs,DL,0
CPT114760,,dropped_in_docs,PERMIT,3
CPT123989,2026-04-13 18:19:35.713533893,approved,,6
CPT115054,2026-04-12 20:30:22.162842692,approved,,6
CPT119402,,dropped_in_docs,PERMIT,3
CPT107336,,dropped_in_docs,PERMIT,3
CPT103634,,dropped_in_docs,PERMIT,3
CPT111837,,dropped_in_docs,INSURANCE,5
CPT113724,,dropped_in_docs,FITNESS,4
CPT108900,,dropped_in_docs,PERMIT,3
CPT107433,,dropped_in_docs,DL,0
CPT123927,2026-04-13 22:33:42.173971346,approved,,6
CPT107410,,dropped_in_docs,INSURANCE,5
CPT111971,,dropped_in_docs,RC,1
CPT119509,,dropped_in_docs,FITNESS,4
CPT106683,2026-04-15 00:53:35.038614309,approved,,6
CPT118949,,dropped_in_docs,DL,0
CPT101333,,dropped_in_docs,RC,1
CPT115354,,dropped_in_docs,DL,0
CPT112232,,dropped_in_docs,PERMIT,3
CPT117266,,dropped_in_docs,RC,1
CPT120340,2026-04-12 16:32:15.992295014,approved,,6
CPT111162,,dropped_in_docs,PERMIT,3
CPT123130,2026-04-13 07:52:58.132216415,rejected,vehicle_age_policy,6
CPT122123,,dropped_in_docs,FITNESS,4
CPT114268,,dropped_in_docs,PERMIT,3
CPT115996,,dropped_in_docs,RC,1
CPT105505,,dropped_in_docs,DL,0
CPT112340,2026-04-13 09:47:11.855236000,approved,,6
CPT111420,,dropped_in_docs,DL,0
CPT108207,,dropped_in_docs,FITNESS,4
CPT112019,,dropped_in_docs,RC,1
CPT103304,2026-04-13 02:48:44.115120036,approved,,6
CPT123512,,dropped_in_docs,PERMIT,3
CPT111813,,dropped_in_docs,PERMIT,3
CPT116529,,dropped_in_docs,PERMIT,3
CPT117874,,dropped_in_docs,INSURANCE,5
CPT106119,,dropped_in_docs,INSURANCE,5
CPT121732,,dropped_in_docs,RC,1
CPT113394,,dropped_in_docs,FITNESS,4
CPT114257,,dropped_in_docs,FITNESS,4
CPT120795,,dropped_in_docs,PERMIT,3
CPT123949,,dropped_in_docs,PERMIT,3
CPT113499,,dropped_in_docs,RC,1
CPT105259,,dropped_in_docs,RC,1
CPT103080,,dropped_in_docs,PERMIT,3
CPT108836,,dropped_in_docs,DL,0
CPT123209,,dropped_in_docs,INSURANCE,5
CPT121647,,dropped_in_docs,PERMIT,3
CPT108454,,dropped_in_docs,INSURANCE,5
CPT122688,,dropped_in_docs,RC,1
CPT117146,,dropped_in_docs,RC,1
CPT119248,,dropped_in_docs,PERMIT,3
CPT119435,,dropped_in_docs,RC,1
CPT102772,2026-04-13 02:48:22.018694513,rejected,doc_authenticity_flag,6
CPT120894,,dropped_in_docs,RC,1
CPT109736,,dropped_in_docs,PERMIT,3
CPT113907,,dropped_in_docs,PERMIT,3
CPT101419,,dropped_in_docs,AADHAAR,2
CPT103547,,dropped_in_docs,FITNESS,4
CPT109579,,dropped_in_docs,PERMIT,3
CPT121488,,dropped_in_docs,FITNESS,4
CPT120414,,dropped_in_docs,INSURANCE,5
CPT103433,,dropped_in_docs,RC,1
CPT121182,2026-04-12 01:29:50.921130514,approved,,5
CPT117124,,dropped_in_docs,DL,0
CPT107694,,dropped_in_docs,PERMIT,3
CPT105792,,dropped_in_docs,AADHAAR,2
CPT109848,,dropped_in_docs,PERMIT,3
CPT110097,2026-04-13 12:27:09.386752612,approved,,5
CPT121936,,dropped_in_docs,RC,1
CPT104263,,dropped_in_docs,RC,1
CPT112789,,dropped_in_docs,FITNESS,4
CPT116754,,dropped_in_docs,RC,1
CPT114928,,dropped_in_docs,RC,1
CPT106242,,dropped_in_docs,AADHAAR,2
CPT121095,2026-04-13 07:42:58.284303456,approved,,6
CPT110875,,dropped_in_docs,FITNESS,4
CPT113259,,dropped_in_docs,PERMIT,3
CPT110858,,dropped_in_docs,RC,1
CPT121051,2026-04-15 21:01:14.690008377,approved,,6
CPT113829,,dropped_in_docs,AADHAAR,2
CPT121007,,dropped_in_docs,INSURANCE,5
CPT124327,,dropped_in_docs,RC,1
CPT101715,,dropped_in_docs,FITNESS,4
CPT104985,,dropped_in_docs,RC,1
CPT104968,,dropped_in_docs,AADHAAR,2
CPT117396,,dropped_in_docs,FITNESS,4
CPT100548,2026-04-14 00:40:57.662126940,approved,,6
CPT100735,,dropped_in_docs,RC,1
CPT124848,,dropped_in_docs,INSURANCE,5
CPT124978,,dropped_in_docs,PERMIT,3
CPT114270,2026-04-15 14:27:58.652559889,approved,,6
CPT101566,,dropped_in_docs,RC,1
CPT115661,,dropped_in_docs,DL,0
CPT124535,2026-04-14 02:40:25.322614476,approved,,6
CPT102774,,dropped_in_docs,INSURANCE,5
CPT109885,,dropped_in_docs,RC,1
CPT123320,,dropped_in_docs,DL,0
CPT112949,,dropped_in_docs,AADHAAR,2
CPT122324,,dropped_in_docs,DL,0
CPT122680,,dropped_in_docs,INSURANCE,5
CPT121700,,dropped_in_docs,PERMIT,3
CPT106715,,dropped_in_docs,RC,1
CPT106365,,dropped_in_docs,RC,1
CPT121125,,dropped_in_docs,PERMIT,3
CPT112108,,dropped_in_docs,PERMIT,3
CPT114063,,dropped_in_docs,RC,1
CPT123632,,dropped_in_docs,RC,1
CPT112959,,dropped_in_docs,INSURANCE,5
CPT124153,2026-04-14 22:36:37.634833748,approved,,6
CPT121596,,dropped_in_docs,FITNESS,4
CPT116141,,dropped_in_docs,INSURANCE,5
CPT119717,,dropped_in_docs,RC,1
CPT118962,,dropped_in_docs,PERMIT,3
CPT114514,,dropped_in_docs,AADHAAR,2
CPT124791,,dropped_in_docs,RC,1
CPT114597,2026-04-12 07:07:12.686763283,approved,,5
CPT112998,,dropped_in_docs,INSURANCE,5
CPT103037,,dropped_in_docs,INSURANCE,5
CPT109414,2026-04-14 14:50:33.309262157,approved,,5
CPT104236,,dropped_in_docs,RC,1
CPT102120,2026-04-13 14:54:07.680469266,approved,,6
CPT119828,,dropped_in_docs,INSURANCE,5
CPT124375,,dropped_in_docs,INSURANCE,5
CPT101085,,dropped_in_docs,RC,1
CPT109303,,dropped_in_docs,INSURANCE,5
CPT105855,,dropped_in_docs,PERMIT,3
CPT112059,,dropped_in_docs,RC,1
CPT113190,,dropped_in_docs,FITNESS,4
CPT114523,2026-04-11 03:37:29.771920122,approved,,6
CPT109314,2026-04-13 15:51:38.050170047,rejected,doc_authenticity_flag,5
CPT110040,,dropped_in_docs,PERMIT,3
CPT113485,,dropped_in_docs,RC,1
CPT114671,,dropped_in_docs,PERMIT,3
CPT104859,,dropped_in_docs,PERMIT,3
CPT116645,,dropped_in_docs,RC,1
CPT100498,,dropped_in_docs,PERMIT,3
CPT122266,,dropped_in_docs,INSURANCE,5
CPT110159,,dropped_in_docs,FITNESS,4
CPT116445,2026-04-13 00:15:38.538564266,approved,,5
CPT109260,,dropped_in_docs,PERMIT,3
CPT117320,,dropped_in_docs,INSURANCE,5
CPT119359,2026-04-17 09:55:26.136875640,approved,,5
CPT101714,,dropped_in_docs,DL,0
CPT120535,,dropped_in_docs,RC,1
CPT124233,,dropped_in_docs,RC,1
CPT110404,,dropped_in_docs,RC,1
CPT117302,,dropped_in_docs,INSURANCE,5
CPT101950,,dropped_in_docs,INSURANCE,5
CPT114703,2026-04-13 09:21:25.854358911,approved,,6
CPT109430,,dropped_in_docs,DL,0
CPT111959,,dropped_in_docs,DL,0
CPT114043,,dropped_in_docs,RC,1
CPT105682,,dropped_in_docs,PERMIT,3
CPT100493,2026-04-14 04:35:43.031335754,approved,,6
CPT122214,,dropped_in_docs,RC,1
CPT122878,2026-04-13 02:34:02.441705545,approved,,6
CPT105315,,dropped_in_docs,FITNESS,4
CPT120090,2026-04-15 01:13:36.257471294,approved,,6
CPT110630,,dropped_in_docs,FITNESS,4
CPT103764,,dropped_in_docs,INSURANCE,5
CPT102001,,dropped_in_docs,AADHAAR,2
CPT118855,,dropped_in_docs,DL,0
CPT112134,,dropped_in_docs,AADHAAR,2
CPT113656,,dropped_in_docs,DL,0
CPT122196,,dropped_in_docs,RC,1
CPT110864,2026-04-14 18:04:34.376343100,rejected,duplicate_captain,6
CPT124163,,dropped_in_docs,RC,1
CPT100973,,dropped_in_docs,PERMIT,3
CPT109153,2026-04-13 06:08:33.944596680,approved,,5
CPT108887,,dropped_in_docs,DL,0
CPT101180,2026-04-15 08:13:12.739750884,approved,,6
CPT120311,,dropped_in_docs,RC,1
CPT115706,,dropped_in_docs,AADHAAR,2
CPT106652,,dropped_in_docs,DL,0
CPT108045,,dropped_in_docs,RC,1
CPT123667,,dropped_in_docs,FITNESS,4
CPT117291,,dropped_in_docs,RC,1
CPT102288,,dropped_in_docs,RC,1
CPT114084,,dropped_in_docs,RC,1
CPT119007,,dropped_in_docs,RC,1
CPT105367,2026-04-13 20:38:04.514190435,approved,,5
CPT120676,,dropped_in_docs,FITNESS,4
CPT116672,,dropped_in_docs,FITNESS,4
CPT102872,,dropped_in_docs,PERMIT,3
CPT101614,,dropped_in_docs,PERMIT,3
CPT119926,,dropped_in_docs,PERMIT,3
CPT124287,,dropped_in_docs,RC,1
CPT118329,,dropped_in_docs,FITNESS,4
CPT123150,,dropped_in_docs,PERMIT,3
CPT108006,,dropped_in_docs,RC,1
CPT109417,,dropped_in_docs,INSURANCE,5
CPT103803,2026-04-13 23:09:18.687322693,approved,,5
CPT123909,,dropped_in_docs,RC,1
CPT116998,,dropped_in_docs,FITNESS,4
CPT115390,2026-04-13 18:33:25.646084379,approved,,6
CPT110270,,dropped_in_docs,RC,1
CPT112014,,dropped_in_docs,FITNESS,4
CPT109926,,dropped_in_docs,FITNESS,4
CPT104240,2026-04-11 07:23:21.699734526,approved,,6
CPT116175,,dropped_in_docs,PERMIT,3
CPT101358,,dropped_in_docs,RC,1
CPT108686,2026-04-14 04:11:30.131241596,approved,,5
CPT120923,,dropped_in_docs,INSURANCE,5
CPT114648,,dropped_in_docs,RC,1
CPT102311,,dropped_in_docs,PERMIT,3
CPT121558,,dropped_in_docs,PERMIT,3
CPT111472,,dropped_in_docs,INSURANCE,5
CPT118283,,dropped_in_docs,DL,0
CPT108657,,dropped_in_docs,RC,1
CPT115383,2026-04-11 16:24:39.041758107,approved,,5
CPT120280,,dropped_in_docs,INSURANCE,5
CPT104062,,dropped_in_docs,RC,1
CPT113987,,dropped_in_docs,FITNESS,4
CPT119189,,dropped_in_docs,DL,0
CPT119803,,dropped_in_docs,INSURANCE,5
CPT110714,,dropped_in_docs,RC,1
CPT101963,,dropped_in_docs,DL,0
CPT117436,,dropped_in_docs,AADHAAR,2
CPT101481,,dropped_in_docs,DL,0
CPT115121,,dropped_in_docs,RC,1
CPT122627,,dropped_in_docs,FITNESS,4
CPT123234,,dropped_in_docs,AADHAAR,2
CPT100030,2026-04-16 10:12:34.267119352,approved,,6
CPT111579,,dropped_in_docs,AADHAAR,2
CPT122875,,dropped_in_docs,INSURANCE,5
CPT103871,2026-04-14 14:42:51.806021417,approved,,6
CPT107494,,dropped_in_docs,RC,1
CPT121792,,dropped_in_docs,PERMIT,3
CPT114806,,dropped_in_docs,PERMIT,3
CPT113463,,dropped_in_docs,RC,1
CPT124122,,dropped_in_docs,DL,0
CPT104266,,dropped_in_docs,RC,1
CPT100378,,dropped_in_docs,PERMIT,3
CPT121964,,dropped_in_docs,RC,1
CPT107124,,dropped_in_docs,RC,1
CPT118871,2026-04-11 21:05:27.522971204,approved,,5
CPT102967,,dropped_in_docs,RC,1
CPT122731,,dropped_in_docs,DL,0
CPT101278,,dropped_in_docs,PERMIT,3
CPT124014,,dropped_in_docs,RC,1
CPT122953,,dropped_in_docs,INSURANCE,5
CPT104125,,dropped_in_docs,DL,0
CPT109053,,dropped_in_docs,FITNESS,4
CPT119498,,dropped_in_docs,FITNESS,4
CPT112852,,dropped_in_docs,AADHAAR,2
CPT101710,,dropped_in_docs,DL,0
CPT103947,,dropped_in_docs,FITNESS,4
CPT121174,2026-04-16 03:22:42.438539070,approved,,5
CPT109711,,dropped_in_docs,RC,1
CPT121839,,dropped_in_docs,INSURANCE,5
CPT107970,2026-04-21 01:37:17.473859136,approved,,6
CPT110146,,dropped_in_docs,RC,1
CPT110192,,dropped_in_docs,AADHAAR,2
CPT122390,2026-04-12 21:04:17.767967385,approved,,6
CPT106869,,dropped_in_docs,PERMIT,3
CPT123390,,dropped_in_docs,RC,1
CPT100940,,dropped_in_docs,PERMIT,3
CPT116632,,dropped_in_docs,INSURANCE,5
CPT112934,,dropped_in_docs,RC,1
CPT124119,,dropped_in_docs,AADHAAR,2
CPT105484,,dropped_in_docs,FITNESS,4
CPT117803,,dropped_in_docs,PERMIT,3
CPT111051,,dropped_in_docs,FITNESS,4
CPT105623,,dropped_in_docs,DL,0
CPT115935,,dropped_in_docs,PERMIT,3
CPT101763,,dropped_in_docs,DL,0
CPT118705,,dropped_in_docs,INSURANCE,5
CPT114135,,dropped_in_docs,PERMIT,3
CPT101899,,dropped_in_docs,PERMIT,3
CPT121629,,dropped_in_docs,FITNESS,4
CPT116516,,dropped_in_docs,FITNESS,4
CPT118965,,dropped_in_docs,RC,1
CPT114568,,dropped_in_docs,RC,1
CPT109556,,dropped_in_docs,PERMIT,3
CPT111352,,dropped_in_docs,AADHAAR,2
CPT113386,,dropped_in_docs,DL,0
CPT112672,,dropped_in_docs,RC,1
CPT107790,,dropped_in_docs,PERMIT,3
CPT101244,,dropped_in_docs,INSURANCE,5
CPT122981,,dropped_in_docs,RC,1
CPT103692,,dropped_in_docs,AADHAAR,2
CPT118520,,dropped_in_docs,DL,0
CPT113544,2026-04-15 05:40:06.752957038,approved,,6
CPT118145,,dropped_in_docs,DL,0
CPT102065,2026-04-13 06:50:03.583592119,approved,,6
CPT113646,,dropped_in_docs,DL,0
CPT110546,,dropped_in_docs,PERMIT,3
CPT105781,,dropped_in_docs,DL,0
CPT117437,,dropped_in_docs,INSURANCE,5
CPT104313,,dropped_in_docs,DL,0
CPT105698,2026-04-16 04:39:30.744690469,approved,,6
CPT113507,2026-04-12 04:29:03.976390057,approved,,6
CPT114715,,dropped_in_docs,RC,1
CPT124684,,dropped_in_docs,AADHAAR,2
CPT115514,,dropped_in_docs,RC,1
CPT108192,,dropped_in_docs,DL,0
CPT116975,,dropped_in_docs,RC,1
CPT108157,,dropped_in_docs,PERMIT,3
CPT117142,,dropped_in_docs,FITNESS,4
CPT114790,,dropped_in_docs,PERMIT,3
CPT123054,,dropped_in_docs,RC,1
CPT116848,,dropped_in_docs,FITNESS,4
CPT111529,,dropped_in_docs,RC,1
CPT113832,,dropped_in_docs,INSURANCE,5
CPT103774,,dropped_in_docs,INSURANCE,5
CPT118324,,dropped_in_docs,INSURANCE,5
CPT124123,,dropped_in_docs,FITNESS,4
CPT118441,2026-04-17 09:40:30.824078963,approved,,6
CPT103825,,dropped_in_docs,AADHAAR,2
CPT120380,2026-04-16 00:25:03.436446296,approved,,6
CPT107092,,dropped_in_docs,DL,0
CPT106747,,dropped_in_docs,INSURANCE,5
CPT101242,,dropped_in_docs,RC,1
CPT106548,,dropped_in_docs,DL,0
CPT122374,,dropped_in_docs,RC,1
CPT100933,,dropped_in_docs,PERMIT,3
CPT122326,2026-04-14 03:06:44.551840363,approved,,5
CPT111408,,dropped_in_docs,RC,1
CPT114096,2026-04-17 01:16:21.585669092,approved,,6
CPT122779,,dropped_in_docs,FITNESS,4
CPT102106,,dropped_in_docs,RC,1
CPT118155,,dropped_in_docs,RC,1
CPT108051,,dropped_in_docs,DL,0
CPT118868,,dropped_in_docs,RC,1
CPT116954,,dropped_in_docs,DL,0
CPT106037,,dropped_in_docs,PERMIT,3
CPT100967,,dropped_in_docs,INSURANCE,5
CPT110766,2026-04-18 09:54:10.471631964,rejected,vehicle_age_policy,6
CPT111292,,dropped_in_docs,FITNESS,4
CPT108433,,dropped_in_docs,INSURANCE,5
CPT120815,,dropped_in_docs,FITNESS,4
CPT113447,,dropped_in_docs,FITNESS,4
CPT117239,,dropped_in_docs,PERMIT,3
CPT122412,,dropped_in_docs,RC,1
CPT118919,,dropped_in_docs,FITNESS,4
CPT120377,,dropped_in_docs,RC,1
CPT107423,,dropped_in_docs,RC,1
CPT124447,,dropped_in_docs,RC,1
CPT100353,,dropped_in_docs,AADHAAR,2
CPT100462,2026-04-13 18:48:37.649967471,approved,,6
CPT106957,,dropped_in_docs,RC,1
CPT104104,,dropped_in_docs,PERMIT,3
CPT110517,,dropped_in_docs,FITNESS,4
CPT103180,,dropped_in_docs,RC,1
CPT110793,,dropped_in_docs,PERMIT,3
CPT102919,,dropped_in_docs,PERMIT,3
CPT110881,,dropped_in_docs,DL,0
CPT114002,,dropped_in_docs,FITNESS,4
CPT104269,,dropped_in_docs,DL,0
CPT109554,,dropped_in_docs,AADHAAR,2
CPT120188,2026-04-15 06:45:33.853151732,approved,,6
CPT112377,,dropped_in_docs,RC,1
CPT113841,,dropped_in_docs,AADHAAR,2
CPT100014,,dropped_in_docs,DL,0
CPT104057,2026-04-16 03:10:15.107059117,approved,,6
CPT115412,,dropped_in_docs,RC,1
CPT116628,2026-04-14 06:08:51.264671571,approved,,6
CPT103383,,dropped_in_docs,INSURANCE,5
CPT117185,,dropped_in_docs,RC,1
CPT103127,2026-04-13 19:21:24.938756832,approved,,6
CPT100927,,dropped_in_docs,AADHAAR,2
CPT110928,,dropped_in_docs,DL,0
CPT112994,,dropped_in_docs,PERMIT,3
CPT105890,,dropped_in_docs,DL,0
CPT112170,,dropped_in_docs,RC,1
CPT121376,,dropped_in_docs,FITNESS,4
CPT105931,,dropped_in_docs,DL,0
CPT117028,2026-04-15 07:45:41.626161874,approved,,5
CPT103399,,dropped_in_docs,PERMIT,3
CPT108795,,dropped_in_docs,FITNESS,4
CPT122901,,dropped_in_docs,RC,1
CPT115297,,dropped_in_docs,DL,0
CPT101345,,dropped_in_docs,PERMIT,3
CPT121220,,dropped_in_docs,RC,1
CPT121170,,dropped_in_docs,FITNESS,4
CPT109328,,dropped_in_docs,FITNESS,4
CPT119573,,dropped_in_docs,AADHAAR,2
CPT117662,,dropped_in_docs,INSURANCE,5
CPT108297,,dropped_in_docs,INSURANCE,5
CPT108676,,dropped_in_docs,RC,1
CPT109618,,dropped_in_docs,INSURANCE,5
CPT119833,,dropped_in_docs,FITNESS,4
CPT109108,2026-04-18 07:41:37.711856607,approved,,6
CPT107568,,dropped_in_docs,AADHAAR,2
CPT106530,,dropped_in_docs,INSURANCE,5
CPT105044,2026-04-15 18:37:17.920228267,approved,,5
CPT114510,,dropped_in_docs,FITNESS,4
CPT101729,,dropped_in_docs,PERMIT,3
CPT122308,,dropped_in_docs,PERMIT,3
CPT110442,,dropped_in_docs,INSURANCE,5
CPT114553,,dropped_in_docs,DL,0
CPT117243,,dropped_in_docs,DL,0
CPT101959,,dropped_in_docs,DL,0
CPT102109,,dropped_in_docs,RC,1
CPT114037,,dropped_in_docs,AADHAAR,2
CPT113173,2026-04-14 16:21:45.163217807,approved,,6
CPT102191,,dropped_in_docs,RC,1
CPT102134,,dropped_in_docs,DL,0
CPT100042,2026-04-16 00:50:42.108483238,approved,,6
CPT103527,2026-04-15 05:15:23.752409243,approved,,6
CPT114307,2026-04-14 15:20:14.794113652,approved,,5
CPT112922,,dropped_in_docs,AADHAAR,2
CPT110565,,dropped_in_docs,PERMIT,3
CPT117377,2026-04-16 14:16:08.992475309,rejected,vehicle_age_policy,6
CPT113405,,dropped_in_docs,RC,1
CPT113836,2026-04-17 04:20:11.293209857,approved,,6
CPT120896,2026-04-14 15:51:30.241626823,approved,,6
CPT101434,,dropped_in_docs,AADHAAR,2
CPT122154,,dropped_in_docs,AADHAAR,2
CPT103132,,dropped_in_docs,INSURANCE,5
CPT114674,,dropped_in_docs,INSURANCE,5
CPT113540,,dropped_in_docs,INSURANCE,5
CPT118245,,dropped_in_docs,RC,1
CPT120740,,dropped_in_docs,PERMIT,3
CPT113366,,dropped_in_docs,RC,1
CPT105990,2026-04-16 02:40:16.048534047,approved,,6
CPT116614,,dropped_in_docs,RC,1
CPT121283,,dropped_in_docs,PERMIT,3
CPT119783,,dropped_in_docs,DL,0
CPT122087,,dropped_in_docs,RC,1
CPT106471,,dropped_in_docs,RC,1
CPT117854,,dropped_in_docs,FITNESS,4
CPT104077,2026-04-16 21:56:15.997703503,approved,,6
CPT120382,,dropped_in_docs,FITNESS,4
CPT105965,,dropped_in_docs,FITNESS,4
CPT115894,2026-04-13 14:40:49.105511838,approved,,5
CPT119352,,dropped_in_docs,DL,0
CPT121224,,dropped_in_docs,INSURANCE,5
CPT106300,2026-04-14 23:46:09.943334709,approved,,5
CPT111697,,dropped_in_docs,FITNESS,4
CPT110133,2026-04-17 16:41:30.143981112,approved,,5
CPT103438,,dropped_in_docs,RC,1
CPT109279,,dropped_in_docs,RC,1
CPT119756,,dropped_in_docs,DL,0
CPT100048,,dropped_in_docs,FITNESS,4
CPT123434,,dropped_in_docs,INSURANCE,5
CPT100752,2026-04-14 04:40:53.683170878,approved,,6
CPT112012,,dropped_in_docs,RC,1
CPT117225,,dropped_in_docs,DL,0
CPT110426,2026-04-17 18:59:22.386685779,approved,,6
CPT118415,,dropped_in_docs,RC,1
CPT113340,,dropped_in_docs,FITNESS,4
CPT117814,,dropped_in_docs,FITNESS,4
CPT108662,,dropped_in_docs,DL,0
CPT108621,2026-04-13 10:53:40.598667073,approved,,5
CPT118760,2026-04-15 21:25:51.031725210,approved,,6
CPT103989,,dropped_in_docs,RC,1
CPT107020,,dropped_in_docs,FITNESS,4
CPT100377,,dropped_in_docs,INSURANCE,5
CPT123257,2026-04-15 18:56:56.771932665,approved,,6
CPT123402,,dropped_in_docs,FITNESS,4
CPT117668,,dropped_in_docs,FITNESS,4
CPT115976,,dropped_in_docs,RC,1
CPT124735,,dropped_in_docs,FITNESS,4
CPT114442,2026-04-14 06:12:23.606131564,rejected,duplicate_captain,6
CPT123885,2026-04-12 00:54:54.098946411,approved,,5
CPT100670,,dropped_in_docs,DL,0
CPT105342,,dropped_in_docs,RC,1
CPT115885,2026-04-14 13:50:46.332991675,approved,,5
CPT108943,,dropped_in_docs,DL,0
CPT117955,,dropped_in_docs,PERMIT,3
CPT106944,,dropped_in_docs,INSURANCE,5
CPT102494,,dropped_in_docs,RC,1
CPT110468,,dropped_in_docs,DL,0
CPT106575,,dropped_in_docs,DL,0
CPT123573,,dropped_in_docs,INSURANCE,5
CPT124302,,dropped_in_docs,RC,1
CPT119737,,dropped_in_docs,INSURANCE,5
CPT112813,,dropped_in_docs,FITNESS,4
CPT119057,,dropped_in_docs,RC,1
CPT120503,2026-04-15 18:03:09.187506072,approved,,5
CPT108275,,dropped_in_docs,RC,1
CPT105357,,dropped_in_docs,RC,1
CPT112662,2026-04-17 01:16:16.744779996,approved,,6
CPT110953,,dropped_in_docs,DL,0
CPT105667,,dropped_in_docs,AADHAAR,2
CPT107805,,dropped_in_docs,FITNESS,4
CPT107140,2026-04-14 21:28:14.600682964,approved,,6
CPT117758,,dropped_in_docs,DL,0
CPT120220,,dropped_in_docs,PERMIT,3
CPT120006,,dropped_in_docs,DL,0
CPT113074,,dropped_in_docs,RC,1
CPT119966,2026-04-15 06:09:47.705914715,approved,,5
CPT111204,2026-04-16 19:00:06.290614783,approved,,6
CPT111028,,dropped_in_docs,RC,1
CPT103246,,dropped_in_docs,INSURANCE,5
CPT122711,,dropped_in_docs,INSURANCE,5
CPT113309,,dropped_in_docs,FITNESS,4
CPT109698,2026-04-14 07:19:10.318717508,approved,,6
CPT119849,2026-04-15 16:39:08.846653880,approved,,6
CPT115655,,dropped_in_docs,RC,1
CPT109560,,dropped_in_docs,PERMIT,3
CPT107717,,dropped_in_docs,PERMIT,3
CPT112148,,dropped_in_docs,AADHAAR,2
CPT107576,,dropped_in_docs,INSURANCE,5
CPT123119,,dropped_in_docs,DL,0
CPT115332,,dropped_in_docs,RC,1
CPT100922,,dropped_in_docs,RC,1
CPT114943,2026-04-16 10:32:51.030426363,approved,,6
CPT119149,,dropped_in_docs,AADHAAR,2
CPT112720,,dropped_in_docs,RC,1
CPT114071,2026-04-14 17:13:50.846066672,approved,,6
CPT119919,,dropped_in_docs,RC,1
CPT119191,,dropped_in_docs,RC,1
CPT102894,2026-04-16 19:00:08.512533466,approved,,6
CPT123926,,dropped_in_docs,RC,1
CPT107115,,dropped_in_docs,RC,1
CPT117895,,dropped_in_docs,RC,1
CPT122293,,dropped_in_docs,RC,1
CPT108999,,dropped_in_docs,FITNESS,4
CPT106289,2026-04-16 23:26:31.764551236,approved,,6
CPT115274,2026-04-16 10:02:02.141059224,approved,,6
CPT118621,,dropped_in_docs,AADHAAR,2
CPT117523,2026-04-15 09:32:07.499497754,approved,,6
CPT119464,,dropped_in_docs,INSURANCE,5
CPT107535,,dropped_in_docs,DL,0
CPT101981,,dropped_in_docs,PERMIT,3
CPT107436,,dropped_in_docs,INSURANCE,5
CPT119008,2026-04-14 11:32:34.729653840,approved,,5
CPT106903,2026-04-17 06:05:43.902643122,approved,,6
CPT107265,2026-04-16 06:48:51.446683224,approved,,6
CPT118279,,dropped_in_docs,FITNESS,4
CPT107934,,dropped_in_docs,RC,1
CPT107455,,dropped_in_docs,RC,1
CPT109638,,dropped_in_docs,INSURANCE,5
CPT123785,,dropped_in_docs,DL,0
CPT119527,2026-04-15 09:04:06.061501702,approved,,5
CPT121412,,dropped_in_docs,DL,0
CPT105344,,dropped_in_docs,INSURANCE,5
CPT108265,,dropped_in_docs,DL,0
CPT110334,,dropped_in_docs,RC,1
CPT117050,2026-04-15 12:40:33.687294990,approved,,5
CPT112314,,dropped_in_docs,DL,0
CPT101303,2026-04-18 03:11:53.462684047,approved,,6
CPT102315,,dropped_in_docs,PERMIT,3
CPT101191,2026-04-16 23:37:10.575369391,approved,,6
CPT119568,,dropped_in_docs,PERMIT,3
CPT116791,,dropped_in_docs,PERMIT,3
CPT113542,,dropped_in_docs,PERMIT,3
CPT114443,2026-04-16 18:16:23.926862955,approved,,6
CPT111156,,dropped_in_docs,PERMIT,3
CPT102035,,dropped_in_docs,INSURANCE,5
CPT114624,,dropped_in_docs,AADHAAR,2
CPT101030,,dropped_in_docs,RC,1
CPT101169,2026-04-14 20:25:38.327417095,approved,,6
CPT108292,2026-04-18 06:21:08.198229377,approved,,5
CPT101438,,dropped_in_docs,RC,1
CPT101427,,dropped_in_docs,AADHAAR,2
CPT102617,,dropped_in_docs,PERMIT,3
CPT113694,,dropped_in_docs,FITNESS,4
CPT109207,,dropped_in_docs,AADHAAR,2
CPT106136,,dropped_in_docs,DL,0
CPT115909,2026-04-17 19:36:09.190621938,approved,,6
CPT107756,,dropped_in_docs,FITNESS,4
CPT113834,,dropped_in_docs,RC,1
CPT117305,,dropped_in_docs,AADHAAR,2
CPT112123,,dropped_in_docs,INSURANCE,5
CPT114440,,dropped_in_docs,FITNESS,4
CPT118343,,dropped_in_docs,PERMIT,3
CPT107646,,dropped_in_docs,DL,0
CPT124224,,dropped_in_docs,RC,1
CPT122287,,dropped_in_docs,FITNESS,4
CPT107560,,dropped_in_docs,INSURANCE,5
CPT118274,,dropped_in_docs,RC,1
CPT103027,,dropped_in_docs,RC,1
CPT120997,,dropped_in_docs,RC,1
CPT117632,,dropped_in_docs,FITNESS,4
CPT102579,,dropped_in_docs,RC,1
CPT121115,,dropped_in_docs,PERMIT,3
CPT113827,,dropped_in_docs,INSURANCE,5
CPT109857,,dropped_in_docs,RC,1
CPT101140,,dropped_in_docs,FITNESS,4
CPT119238,,dropped_in_docs,PERMIT,3
CPT101617,,dropped_in_docs,RC,1
CPT100939,,dropped_in_docs,AADHAAR,2
CPT103905,2026-04-17 04:30:45.584893029,approved,,6
CPT115126,,dropped_in_docs,FITNESS,4
CPT103395,,dropped_in_docs,AADHAAR,2
CPT123715,2026-04-17 19:05:35.922862428,approved,,6
CPT105079,,dropped_in_docs,DL,0
CPT109375,,dropped_in_docs,AADHAAR,2
CPT115279,2026-04-16 13:04:26.988433071,approved,,5
CPT119031,,dropped_in_docs,PERMIT,3
CPT116099,,dropped_in_docs,FITNESS,4
CPT104113,,dropped_in_docs,INSURANCE,5
CPT123199,,dropped_in_docs,FITNESS,4
CPT110740,2026-04-16 16:09:07.476050373,approved,,5
CPT100025,,dropped_in_docs,PERMIT,3
CPT113701,,dropped_in_docs,PERMIT,3
CPT124931,,dropped_in_docs,PERMIT,3
CPT103370,,dropped_in_docs,DL,0
CPT105800,,dropped_in_docs,RC,1
CPT117789,,dropped_in_docs,PERMIT,3
CPT113239,,dropped_in_docs,INSURANCE,5
CPT116322,,dropped_in_docs,FITNESS,4
CPT112690,,dropped_in_docs,RC,1
CPT118831,,dropped_in_docs,PERMIT,3
CPT107649,,dropped_in_docs,RC,1
CPT123458,2026-04-18 23:48:00.307475388,approved,,6
CPT105407,2026-04-16 23:09:21.426669182,approved,,6
CPT112112,,dropped_in_docs,AADHAAR,2
CPT116777,,dropped_in_docs,DL,0
CPT107954,,dropped_in_docs,INSURANCE,5
CPT102225,,dropped_in_docs,AADHAAR,2
CPT119103,,dropped_in_docs,INSURANCE,5
CPT122932,,dropped_in_docs,DL,0
CPT101111,2026-04-16 07:51:45.683914052,approved,,5
CPT117992,,dropped_in_docs,PERMIT,3
CPT121817,,dropped_in_docs,INSURANCE,5
CPT107086,,dropped_in_docs,RC,1
CPT101601,,dropped_in_docs,PERMIT,3
CPT118731,,dropped_in_docs,INSURANCE,5
CPT111569,,dropped_in_docs,DL,0
CPT113303,,dropped_in_docs,FITNESS,4
CPT105109,,dropped_in_docs,FITNESS,4
CPT124928,,dropped_in_docs,FITNESS,4
CPT115343,,dropped_in_docs,RC,1
CPT106897,,dropped_in_docs,DL,0
CPT108778,,dropped_in_docs,INSURANCE,5
CPT118419,,dropped_in_docs,RC,1
CPT114223,,dropped_in_docs,RC,1
CPT100595,,dropped_in_docs,RC,1
CPT102808,,dropped_in_docs,RC,1
CPT123213,,dropped_in_docs,RC,1
CPT110590,,dropped_in_docs,RC,1
CPT100363,,dropped_in_docs,DL,0
CPT114580,,dropped_in_docs,INSURANCE,5
CPT106128,2026-04-14 11:05:34.180483222,approved,,6
CPT122067,2026-04-18 00:16:16.589554701,approved,,6
CPT124582,,dropped_in_docs,PERMIT,3
CPT116605,,dropped_in_docs,PERMIT,3
CPT109356,,dropped_in_docs,DL,0
CPT105337,,dropped_in_docs,AADHAAR,2
CPT114965,,dropped_in_docs,FITNESS,4
CPT118859,,dropped_in_docs,DL,0
CPT113959,,dropped_in_docs,DL,0
CPT102429,,dropped_in_docs,RC,1
CPT107293,,dropped_in_docs,DL,0
CPT109180,,dropped_in_docs,FITNESS,4
CPT122537,2026-04-15 08:25:47.096337575,approved,,6
CPT113708,,dropped_in_docs,FITNESS,4
CPT103903,,dropped_in_docs,PERMIT,3
CPT105991,2026-04-15 15:51:23.849448563,approved,,5
CPT106409,2026-04-15 13:48:44.578890723,approved,,5
CPT108757,,dropped_in_docs,INSURANCE,5
CPT116541,2026-04-18 21:00:52.527852772,approved,,6
CPT110130,,dropped_in_docs,RC,1
CPT118117,,dropped_in_docs,DL,0
CPT115228,,dropped_in_docs,FITNESS,4
CPT104323,,dropped_in_docs,INSURANCE,5
CPT100137,,dropped_in_docs,FITNESS,4
CPT107985,,dropped_in_docs,RC,1
CPT110818,,dropped_in_docs,RC,1
CPT111994,,dropped_in_docs,PERMIT,3
CPT120966,,dropped_in_docs,PERMIT,3
CPT100628,,dropped_in_docs,FITNESS,4
CPT115363,,dropped_in_docs,AADHAAR,2
CPT111105,,dropped_in_docs,RC,1
CPT110949,,dropped_in_docs,RC,1
CPT100029,2026-04-16 05:01:25.864119380,approved,,6
CPT111069,2026-04-19 19:13:07.001798136,approved,,6
CPT115252,2026-04-18 23:18:06.133267222,approved,,6
CPT105791,,dropped_in_docs,DL,0
CPT100123,,dropped_in_docs,INSURANCE,5
CPT111380,2026-04-17 07:10:00.485017783,approved,,6
CPT105833,,dropped_in_docs,DL,0
CPT116726,,dropped_in_docs,RC,1
CPT121096,,dropped_in_docs,FITNESS,4
CPT114323,,dropped_in_docs,AADHAAR,2
CPT123356,,dropped_in_docs,INSURANCE,5
CPT123204,,dropped_in_docs,INSURANCE,5
CPT119934,2026-04-16 22:07:13.574608184,approved,,6
CPT106941,2026-04-16 08:47:32.563531186,approved,,6
CPT114317,,dropped_in_docs,INSURANCE,5
CPT112701,,dropped_in_docs,RC,1
CPT108335,,dropped_in_docs,INSURANCE,5
CPT100403,,dropped_in_docs,RC,1
CPT102658,,dropped_in_docs,RC,1
CPT109197,2026-04-16 12:12:16.843901113,approved,,5
CPT108510,,dropped_in_docs,FITNESS,4
CPT120261,,dropped_in_docs,PERMIT,3
CPT122000,,dropped_in_docs,PERMIT,3
CPT101056,,dropped_in_docs,DL,0
CPT101070,,dropped_in_docs,RC,1
CPT119058,,dropped_in_docs,INSURANCE,5
CPT106341,,dropped_in_docs,RC,1
CPT117585,,dropped_in_docs,RC,1
CPT124924,,dropped_in_docs,RC,1
CPT113515,,dropped_in_docs,DL,0
CPT123071,,dropped_in_docs,INSURANCE,5
CPT113218,,dropped_in_docs,PERMIT,3
CPT117977,,dropped_in_docs,AADHAAR,2
CPT120407,2026-04-17 20:06:14.157369256,approved,,6
CPT122838,,dropped_in_docs,RC,1
CPT102474,,dropped_in_docs,FITNESS,4
CPT109878,2026-04-21 15:53:52.877793770,approved,,6
CPT118779,,dropped_in_docs,FITNESS,4
CPT112221,2026-04-16 19:12:19.995315667,approved,,6
CPT124868,,dropped_in_docs,PERMIT,3
CPT101685,,dropped_in_docs,RC,1
CPT115787,,dropped_in_docs,AADHAAR,2
CPT124783,,dropped_in_docs,FITNESS,4
CPT121003,2026-04-17 22:33:22.795559051,rejected,vehicle_age_policy,6
CPT109783,,dropped_in_docs,DL,0
CPT111888,,dropped_in_docs,AADHAAR,2
CPT112461,,dropped_in_docs,INSURANCE,5
CPT117169,,dropped_in_docs,PERMIT,3
CPT124709,,dropped_in_docs,PERMIT,3
CPT124229,2026-04-18 00:08:45.827649174,approved,,6
CPT110023,,dropped_in_docs,AADHAAR,2
CPT103676,,dropped_in_docs,DL,0
CPT113182,,dropped_in_docs,RC,1
CPT115671,,dropped_in_docs,AADHAAR,2
CPT123090,,dropped_in_docs,RC,1
CPT119963,2026-04-19 07:27:23.941455579,approved,,6
CPT102005,2026-04-16 13:24:24.249814038,approved,,5
CPT111212,,dropped_in_docs,INSURANCE,5
CPT109220,,dropped_in_docs,RC,1
CPT103394,,dropped_in_docs,AADHAAR,2
CPT101657,,dropped_in_docs,RC,1
CPT107561,,dropped_in_docs,RC,1
CPT113268,2026-04-20 15:32:37.059412984,approved,,6
CPT115559,,dropped_in_docs,PERMIT,3
CPT121765,,dropped_in_docs,PERMIT,3
CPT104670,,dropped_in_docs,DL,0
CPT102837,,dropped_in_docs,DL,0
CPT104475,2026-04-14 20:31:25.396449570,approved,,5
CPT115370,,dropped_in_docs,DL,0
CPT108194,,dropped_in_docs,DL,0
CPT111844,2026-04-20 22:20:05.356052829,approved,,5
CPT106332,2026-04-17 14:43:30.040014915,approved,,5
CPT118220,,dropped_in_docs,DL,0
CPT122729,,dropped_in_docs,DL,0
CPT118659,,dropped_in_docs,RC,1
CPT123849,,dropped_in_docs,PERMIT,3
CPT103704,2026-04-18 03:19:56.020800967,approved,,6
CPT114851,,dropped_in_docs,FITNESS,4
CPT112717,2026-04-16 00:58:44.239076257,approved,,6
CPT116722,2026-04-18 15:29:29.114414523,rejected,duplicate_captain,6
CPT121030,,dropped_in_docs,INSURANCE,5
CPT110919,,dropped_in_docs,AADHAAR,2
CPT115838,,dropped_in_docs,AADHAAR,2
CPT101415,,dropped_in_docs,FITNESS,4
CPT120120,,dropped_in_docs,FITNESS,4
CPT111726,,dropped_in_docs,AADHAAR,2
CPT102944,,dropped_in_docs,INSURANCE,5
CPT100148,,dropped_in_docs,PERMIT,3
CPT111466,,dropped_in_docs,RC,1
CPT111243,,dropped_in_docs,FITNESS,4
CPT118527,2026-04-16 08:42:35.439066277,rejected,background_check_failed,6
CPT122284,,dropped_in_docs,RC,1
CPT102624,,dropped_in_docs,PERMIT,3
CPT120041,,dropped_in_docs,RC,1
CPT109195,,dropped_in_docs,RC,1
CPT100109,,dropped_in_docs,DL,0
CPT110563,,dropped_in_docs,FITNESS,4
CPT110268,2026-04-21 08:37:14.139768658,approved,,6
CPT106137,2026-04-18 23:10:40.420607542,approved,,6
CPT118944,,dropped_in_docs,RC,1
CPT101895,,dropped_in_docs,INSURANCE,5
CPT119925,,dropped_in_docs,RC,1
CPT122661,,dropped_in_docs,RC,1
CPT114250,,dropped_in_docs,RC,1
CPT107381,2026-04-17 19:01:05.596249417,approved,,6
CPT116670,,dropped_in_docs,PERMIT,3
CPT121757,,dropped_in_docs,INSURANCE,5
CPT107635,,dropped_in_docs,FITNESS,4
CPT106472,2026-04-19 18:35:54.942188912,approved,,6
CPT114042,2026-04-16 23:40:36.135551095,approved,,6
CPT101658,2026-04-19 04:08:27.741700617,approved,,5
CPT100283,,dropped_in_docs,INSURANCE,5
CPT122709,2026-04-20 03:16:09.937666298,approved,,6
CPT124504,2026-04-19 07:15:29.729909642,approved,,6
CPT113387,,dropped_in_docs,AADHAAR,2
CPT111795,,dropped_in_docs,FITNESS,4
CPT111320,,dropped_in_docs,RC,1
CPT122094,,dropped_in_docs,RC,1
CPT112516,,dropped_in_docs,FITNESS,4
CPT122903,2026-04-16 15:04:08.621265520,approved,,6
CPT104923,,dropped_in_docs,DL,0
CPT116609,2026-04-17 02:21:18.220703945,rejected,doc_authenticity_flag,5
CPT107074,,dropped_in_docs,FITNESS,4
CPT114551,,dropped_in_docs,RC,1
CPT123540,,dropped_in_docs,INSURANCE,5
CPT100138,2026-04-18 15:09:40.296180435,approved,,6
CPT120816,,dropped_in_docs,PERMIT,3
CPT109453,,dropped_in_docs,PERMIT,3
CPT118335,,dropped_in_docs,INSURANCE,5
CPT101005,,dropped_in_docs,AADHAAR,2
CPT111194,2026-04-16 11:44:30.737096143,approved,,5
CPT109725,2026-04-17 18:38:29.750785473,approved,,5
CPT100860,,dropped_in_docs,RC,1
CPT100905,,dropped_in_docs,RC,1
CPT109438,,dropped_in_docs,PERMIT,3
CPT118969,2026-04-15 05:22:03.868112580,approved,,5
CPT123339,,dropped_in_docs,FITNESS,4
CPT119786,,dropped_in_docs,DL,0
CPT106514,2026-04-17 04:58:19.758933779,approved,,6
CPT105726,,dropped_in_docs,DL,0
CPT119212,,dropped_in_docs,FITNESS,4
CPT115763,,dropped_in_docs,DL,0
CPT106780,,dropped_in_docs,AADHAAR,2
CPT102689,,dropped_in_docs,INSURANCE,5
CPT111399,,dropped_in_docs,DL,0
CPT108918,,dropped_in_docs,AADHAAR,2
CPT117342,,dropped_in_docs,DL,0
CPT109177,,dropped_in_docs,RC,1
CPT113285,,dropped_in_docs,RC,1
CPT115281,,dropped_in_docs,PERMIT,3
CPT112011,,dropped_in_docs,PERMIT,3
CPT114428,,dropped_in_docs,DL,0
CPT116352,,dropped_in_docs,INSURANCE,5
CPT102550,2026-04-17 08:26:32.949727070,approved,,5
CPT109285,2026-04-20 12:09:56.968789330,approved,,6
CPT100524,2026-04-18 06:57:28.510224106,approved,,6
CPT105297,,dropped_in_docs,INSURANCE,5
CPT105368,,dropped_in_docs,DL,0
CPT101269,2026-04-17 14:36:59.945903926,approved,,6
CPT106951,2026-04-16 10:33:08.098038990,approved,,5
CPT107412,,dropped_in_docs,FITNESS,4
CPT106687,,dropped_in_docs,RC,1
CPT101829,,dropped_in_docs,RC,1
CPT123907,,dropped_in_docs,DL,0
CPT124390,,dropped_in_docs,RC,1
CPT108201,,dropped_in_docs,INSURANCE,5
CPT105145,,dropped_in_docs,INSURANCE,5
CPT106604,,dropped_in_docs,RC,1
CPT121352,,dropped_in_docs,INSURANCE,5
CPT123455,,dropped_in_docs,FITNESS,4
CPT100103,,dropped_in_docs,RC,1
CPT118059,,dropped_in_docs,DL,0
CPT124675,2026-04-19 16:18:41.566495798,approved,,5
CPT119699,,dropped_in_docs,RC,1
CPT122190,2026-04-18 18:46:54.033725789,approved,,6
CPT123981,,dropped_in_docs,FITNESS,4
CPT119745,,dropped_in_docs,PERMIT,3
CPT105447,,dropped_in_docs,DL,0
CPT100183,,dropped_in_docs,AADHAAR,2
CPT111838,,dropped_in_docs,DL,0
CPT119190,,dropped_in_docs,FITNESS,4
CPT120075,,dropped_in_docs,FITNESS,4
CPT116833,2026-04-19 03:23:48.129734307,approved,,5
CPT124814,,dropped_in_docs,PERMIT,3
CPT102681,,dropped_in_docs,PERMIT,3
CPT116673,,dropped_in_docs,DL,0
CPT117690,,dropped_in_docs,RC,1
CPT118026,,dropped_in_docs,FITNESS,4
CPT107774,,dropped_in_docs,RC,1
CPT114166,,dropped_in_docs,AADHAAR,2
CPT123374,2026-04-18 20:38:20.474602970,approved,,6
CPT111620,2026-04-19 05:56:06.336951304,approved,,5
CPT110079,,dropped_in_docs,FITNESS,4
CPT116858,,dropped_in_docs,RC,1
CPT112565,,dropped_in_docs,INSURANCE,5
CPT104716,,dropped_in_docs,PERMIT,3
CPT111047,,dropped_in_docs,PERMIT,3
CPT105075,,dropped_in_docs,RC,1
CPT109076,,dropped_in_docs,RC,1
CPT120998,,dropped_in_docs,FITNESS,4
CPT119675,,dropped_in_docs,INSURANCE,5
CPT124360,,dropped_in_docs,RC,1
CPT102081,,dropped_in_docs,PERMIT,3
CPT106459,,dropped_in_docs,RC,1
CPT113882,,dropped_in_docs,DL,0
CPT112306,,dropped_in_docs,DL,0
CPT102964,,dropped_in_docs,PERMIT,3
CPT111298,,dropped_in_docs,RC,1
CPT109905,2026-04-17 00:34:04.778581206,approved,,5
CPT110000,,dropped_in_docs,PERMIT,3
CPT106028,,dropped_in_docs,AADHAAR,2
CPT108911,2026-04-19 08:11:01.753764968,approved,,6
CPT113909,,dropped_in_docs,PERMIT,3
CPT123344,,dropped_in_docs,INSURANCE,5
CPT107261,,dropped_in_docs,PERMIT,3
CPT111546,,dropped_in_docs,RC,1
CPT111315,,dropped_in_docs,RC,1
CPT118277,2026-04-18 04:10:32.157406332,rejected,duplicate_captain,6
CPT111528,,dropped_in_docs,INSURANCE,5
CPT112847,,dropped_in_docs,RC,1
CPT109510,,dropped_in_docs,INSURANCE,5
CPT115945,,dropped_in_docs,RC,1
CPT123436,,dropped_in_docs,DL,0
CPT120021,2026-04-20 06:00:29.370818744,approved,,6
CPT121147,,dropped_in_docs,AADHAAR,2
CPT107853,,dropped_in_docs,PERMIT,3
CPT113893,,dropped_in_docs,FITNESS,4
CPT109178,,dropped_in_docs,RC,1
CPT100681,,dropped_in_docs,INSURANCE,5
CPT122940,,dropped_in_docs,FITNESS,4
CPT115674,,dropped_in_docs,PERMIT,3
CPT100736,,dropped_in_docs,PERMIT,3
CPT109198,,dropped_in_docs,RC,1
CPT113184,,dropped_in_docs,RC,1
CPT110137,2026-04-18 11:59:43.924464774,approved,,6
CPT117163,,dropped_in_docs,RC,1
CPT105765,,dropped_in_docs,PERMIT,3
CPT101225,,dropped_in_docs,AADHAAR,2
CPT116354,,dropped_in_docs,RC,1
CPT103398,,dropped_in_docs,PERMIT,3
CPT107926,,dropped_in_docs,FITNESS,4
CPT115365,,dropped_in_docs,PERMIT,3
CPT108724,2026-04-18 21:48:20.696823603,approved,,5
CPT123256,2026-04-18 07:31:08.307627189,approved,,6
CPT109659,2026-04-17 12:50:17.615294625,approved,,6
CPT119552,,dropped_in_docs,INSURANCE,5
CPT120762,,dropped_in_docs,INSURANCE,5
CPT113136,,dropped_in_docs,DL,0
CPT106454,,dropped_in_docs,PERMIT,3
CPT102103,,dropped_in_docs,DL,0
CPT122302,,dropped_in_docs,INSURANCE,5
CPT109008,,dropped_in_docs,RC,1
CPT105346,,dropped_in_docs,RC,1
CPT101003,,dropped_in_docs,RC,1
CPT108589,,dropped_in_docs,PERMIT,3
CPT122134,,dropped_in_docs,PERMIT,3
CPT118498,,dropped_in_docs,RC,1
CPT116491,2026-04-17 21:26:26.019713835,approved,,5
CPT112143,,dropped_in_docs,INSURANCE,5
CPT113164,,dropped_in_docs,RC,1
CPT106924,,dropped_in_docs,RC,1
CPT111683,,dropped_in_docs,RC,1
CPT116587,,dropped_in_docs,DL,0
CPT100429,,dropped_in_docs,RC,1
CPT115200,,dropped_in_docs,FITNESS,4
CPT106584,,dropped_in_docs,FITNESS,4
CPT116476,,dropped_in_docs,INSURANCE,5
CPT117027,,dropped_in_docs,RC,1
CPT124873,,dropped_in_docs,DL,0
CPT116270,,dropped_in_docs,AADHAAR,2
CPT101646,,dropped_in_docs,FITNESS,4
CPT120275,,dropped_in_docs,INSURANCE,5
CPT123799,,dropped_in_docs,INSURANCE,5
CPT123936,,dropped_in_docs,INSURANCE,5
CPT106071,,dropped_in_docs,RC,1
CPT114072,,dropped_in_docs,PERMIT,3
CPT106758,2026-04-18 13:55:03.199676149,approved,,6
CPT123171,,dropped_in_docs,INSURANCE,5
CPT110921,,dropped_in_docs,INSURANCE,5
CPT114036,,dropped_in_docs,PERMIT,3
CPT102709,,dropped_in_docs,PERMIT,3
CPT121909,,dropped_in_docs,PERMIT,3
CPT106237,,dropped_in_docs,PERMIT,3
CPT124750,2026-04-20 21:55:52.783967429,approved,,6
CPT119348,,dropped_in_docs,RC,1
CPT123761,,dropped_in_docs,RC,1
CPT106114,,dropped_in_docs,INSURANCE,5
CPT117802,,dropped_in_docs,INSURANCE,5
CPT107552,,dropped_in_docs,RC,1
CPT113102,,dropped_in_docs,DL,0
CPT122330,,dropped_in_docs,DL,0
CPT120288,,dropped_in_docs,FITNESS,4
CPT116877,,dropped_in_docs,DL,0
CPT115432,,dropped_in_docs,RC,1
CPT116109,,dropped_in_docs,RC,1
CPT105234,,dropped_in_docs,AADHAAR,2
CPT108152,,dropped_in_docs,AADHAAR,2
CPT111988,,dropped_in_docs,PERMIT,3
CPT112611,,dropped_in_docs,INSURANCE,5
CPT110708,2026-04-20 04:15:27.773557336,approved,,5
CPT108070,,dropped_in_docs,DL,0
CPT116725,,dropped_in_docs,FITNESS,4
CPT120831,,dropped_in_docs,PERMIT,3
CPT103048,,dropped_in_docs,RC,1
CPT104268,2026-04-20 22:38:52.566575737,approved,,6
CPT117245,2026-04-20 04:27:14.817548460,approved,,5
CPT116146,,dropped_in_docs,INSURANCE,5
CPT122860,,dropped_in_docs,RC,1
CPT101906,,dropped_in_docs,RC,1
CPT117489,,dropped_in_docs,PERMIT,3
CPT119603,,dropped_in_docs,RC,1
CPT123863,,dropped_in_docs,AADHAAR,2
CPT110029,,dropped_in_docs,PERMIT,3
CPT114074,2026-04-20 01:51:30.159184715,approved,,5
CPT101862,,dropped_in_docs,RC,1
CPT122969,,dropped_in_docs,PERMIT,3
CPT122509,,dropped_in_docs,AADHAAR,2
CPT102335,,dropped_in_docs,DL,0
CPT107709,2026-04-22 15:37:50.105955052,approved,,6
CPT105400,2026-04-19 22:58:05.499832570,approved,,6
CPT116130,2026-04-19 00:37:34.373753880,approved,,5
CPT115876,,dropped_in_docs,AADHAAR,2
CPT122950,2026-04-19 05:25:14.944242103,rejected,background_check_failed,6
CPT102460,,dropped_in_docs,PERMIT,3
CPT108752,,dropped_in_docs,FITNESS,4
CPT120428,,dropped_in_docs,RC,1
CPT114847,,dropped_in_docs,PERMIT,3
CPT121002,,dropped_in_docs,DL,0
CPT116320,,dropped_in_docs,PERMIT,3
CPT102257,,dropped_in_docs,RC,1
CPT108502,,dropped_in_docs,PERMIT,3
CPT116450,,dropped_in_docs,PERMIT,3
CPT123422,,dropped_in_docs,RC,1
CPT107078,,dropped_in_docs,DL,0
CPT123407,,dropped_in_docs,FITNESS,4
CPT106883,2026-04-18 02:18:10.799988599,approved,,5
CPT109759,2026-04-18 02:21:24.235684782,approved,,5
CPT123327,,dropped_in_docs,DL,0
CPT104531,,dropped_in_docs,FITNESS,4
CPT118773,,dropped_in_docs,RC,1
CPT113356,2026-04-18 12:45:57.834919541,approved,,6
CPT111106,,dropped_in_docs,RC,1
CPT114020,,dropped_in_docs,AADHAAR,2
CPT101854,2026-04-19 00:43:55.716591053,approved,,6
CPT124210,2026-04-21 02:09:31.054160450,rejected,background_check_failed,6
CPT117053,2026-04-20 21:36:40.926933022,approved,,5
CPT124672,,dropped_in_docs,PERMIT,3
CPT121059,2026-04-20 09:08:25.427279136,rejected,vehicle_age_policy,6
CPT115145,,dropped_in_docs,INSURANCE,5
CPT100361,,dropped_in_docs,DL,0
CPT107547,,dropped_in_docs,PERMIT,3
CPT109749,,dropped_in_docs,AADHAAR,2
CPT117301,,dropped_in_docs,RC,1
CPT103996,,dropped_in_docs,RC,1
CPT105194,,dropped_in_docs,PERMIT,3
CPT103665,2026-04-20 00:21:58.371882698,approved,,5
CPT119945,2026-04-19 01:39:20.908038199,approved,,6
CPT117466,,dropped_in_docs,DL,0
CPT107556,,dropped_in_docs,DL,0
CPT121397,,dropped_in_docs,RC,1
CPT116173,,dropped_in_docs,FITNESS,4
CPT115669,,dropped_in_docs,RC,1
CPT107488,,dropped_in_docs,FITNESS,4
CPT110822,,dropped_in_docs,PERMIT,3
CPT112459,,dropped_in_docs,FITNESS,4
CPT116828,,dropped_in_docs,FITNESS,4
CPT112133,,dropped_in_docs,PERMIT,3
CPT103489,,dropped_in_docs,AADHAAR,2
CPT117165,,dropped_in_docs,RC,1
CPT112712,2026-04-18 16:30:41.733807960,approved,,6
CPT107048,,dropped_in_docs,FITNESS,4
CPT104192,,dropped_in_docs,FITNESS,4
CPT115231,,dropped_in_docs,RC,1
CPT116105,2026-04-20 08:44:41.090071444,approved,,5
CPT104579,,dropped_in_docs,RC,1
CPT122138,,dropped_in_docs,DL,0
CPT109621,,dropped_in_docs,RC,1
CPT113359,,dropped_in_docs,PERMIT,3
CPT124657,,dropped_in_docs,AADHAAR,2
CPT111739,,dropped_in_docs,PERMIT,3
CPT124905,,dropped_in_docs,RC,1
CPT101334,,dropped_in_docs,DL,0
CPT113535,2026-04-19 14:40:46.004325971,approved,,6
CPT124629,,dropped_in_docs,DL,0
CPT114998,,dropped_in_docs,FITNESS,4
CPT119449,,dropped_in_docs,FITNESS,4
CPT117527,,dropped_in_docs,DL,0
CPT119643,,dropped_in_docs,AADHAAR,2
CPT122675,,dropped_in_docs,FITNESS,4
CPT108205,,dropped_in_docs,FITNESS,4
CPT114560,,dropped_in_docs,AADHAAR,2
CPT112693,,dropped_in_docs,PERMIT,3
CPT104705,,dropped_in_docs,RC,1
CPT124721,,dropped_in_docs,RC,1
CPT122018,,dropped_in_docs,RC,1
CPT123766,2026-04-20 23:35:41.344137830,approved,,6
CPT123312,,dropped_in_docs,FITNESS,4
CPT102829,,dropped_in_docs,PERMIT,3
CPT122065,,dropped_in_docs,INSURANCE,5
CPT121694,,dropped_in_docs,RC,1
CPT111655,,dropped_in_docs,FITNESS,4
CPT103972,,dropped_in_docs,PERMIT,3
CPT109115,,dropped_in_docs,DL,0
CPT119885,,dropped_in_docs,RC,1
CPT120668,,dropped_in_docs,DL,0
CPT119921,,dropped_in_docs,FITNESS,4
CPT102117,,dropped_in_docs,FITNESS,4
CPT112759,2026-04-23 16:18:20.921993014,approved,,6
CPT101725,,dropped_in_docs,RC,1
CPT123855,,dropped_in_docs,DL,0
CPT103898,,dropped_in_docs,AADHAAR,2
CPT102975,2026-04-19 09:07:12.106563413,approved,,6
CPT104123,2026-04-18 22:35:36.354287657,approved,,6
CPT117845,2026-04-19 03:37:21.095071967,approved,,6
CPT120672,,dropped_in_docs,DL,0
CPT122316,,dropped_in_docs,RC,1
CPT112422,2026-04-19 12:25:16.455881149,approved,,6
CPT104715,2026-04-18 20:48:52.584875200,approved,,5
CPT104297,,dropped_in_docs,PERMIT,3
CPT106561,,dropped_in_docs,RC,1
CPT121521,2026-04-21 08:20:54.234968205,approved,,6
CPT115783,,dropped_in_docs,RC,1
CPT124463,,dropped_in_docs,INSURANCE,5
CPT101978,,dropped_in_docs,AADHAAR,2
CPT107209,2026-04-21 13:06:03.317662468,approved,,6
CPT120634,,dropped_in_docs,RC,1
CPT115433,,dropped_in_docs,RC,1
CPT121408,,dropped_in_docs,RC,1
CPT116138,,dropped_in_docs,RC,1
CPT109306,,dropped_in_docs,RC,1
CPT104599,,dropped_in_docs,PERMIT,3
CPT117515,2026-04-17 03:50:11.012753061,approved,,5
CPT107585,,dropped_in_docs,RC,1
CPT109715,,dropped_in_docs,PERMIT,3
CPT104552,,dropped_in_docs,AADHAAR,2
CPT118535,,dropped_in_docs,INSURANCE,5
CPT108843,2026-04-20 02:25:16.956038806,approved,,5
CPT122328,,dropped_in_docs,RC,1
CPT115688,,dropped_in_docs,RC,1
CPT122406,,dropped_in_docs,RC,1
CPT101856,,dropped_in_docs,RC,1
CPT111333,2026-04-22 02:02:53.253964902,approved,,6
CPT102947,,dropped_in_docs,FITNESS,4
CPT101457,,dropped_in_docs,RC,1
CPT101538,,dropped_in_docs,RC,1
CPT113135,,dropped_in_docs,FITNESS,4
CPT110503,,dropped_in_docs,PERMIT,3
CPT101670,2026-04-19 23:24:49.063956930,approved,,6
CPT114131,,dropped_in_docs,INSURANCE,5
CPT124700,,dropped_in_docs,FITNESS,4
CPT122866,,dropped_in_docs,DL,0
CPT111347,,dropped_in_docs,PERMIT,3
CPT115404,,dropped_in_docs,RC,1
CPT122842,,dropped_in_docs,RC,1
CPT113518,,dropped_in_docs,RC,1
CPT103421,,dropped_in_docs,RC,1
CPT119220,,dropped_in_docs,PERMIT,3
CPT113715,2026-04-20 23:41:28.629645880,approved,,5
CPT117602,,dropped_in_docs,FITNESS,4
CPT105749,,dropped_in_docs,RC,1
CPT121401,,dropped_in_docs,RC,1
CPT115979,2026-04-21 12:01:03.581656057,rejected,vehicle_age_policy,6
CPT101551,2026-04-19 12:44:04.630812218,approved,,5
CPT120369,2026-04-23 08:30:24.261773553,approved,,5
CPT114057,2026-04-21 18:01:57.924313315,approved,,6
CPT108549,2026-04-21 15:34:26.603688844,rejected,vehicle_age_policy,6
CPT122173,,dropped_in_docs,FITNESS,4
CPT106702,2026-04-21 02:58:31.162560894,approved,,6
CPT121695,,dropped_in_docs,RC,1
CPT108780,,dropped_in_docs,RC,1
CPT108865,,dropped_in_docs,INSURANCE,5
CPT112765,,dropped_in_docs,AADHAAR,2
CPT104134,,dropped_in_docs,PERMIT,3
CPT118352,2026-04-20 04:53:41.721043416,approved,,6
CPT111250,,dropped_in_docs,PERMIT,3
CPT113791,,dropped_in_docs,FITNESS,4
CPT102282,,dropped_in_docs,RC,1
CPT109351,,dropped_in_docs,INSURANCE,5
CPT121632,,dropped_in_docs,RC,1
CPT106074,,dropped_in_docs,RC,1
CPT124908,,dropped_in_docs,DL,0
CPT102190,,dropped_in_docs,AADHAAR,2
CPT105084,,dropped_in_docs,RC,1
CPT107852,,dropped_in_docs,RC,1
CPT114898,,dropped_in_docs,FITNESS,4
CPT121753,,dropped_in_docs,AADHAAR,2
CPT117655,,dropped_in_docs,RC,1
CPT103486,,dropped_in_docs,FITNESS,4
CPT111081,,dropped_in_docs,INSURANCE,5
CPT112550,,dropped_in_docs,AADHAAR,2
CPT116525,2026-04-21 08:15:33.683090376,approved,,5
CPT109006,,dropped_in_docs,RC,1
CPT118506,2026-04-21 22:13:24.695830673,approved,,6
CPT112802,,dropped_in_docs,DL,0
CPT105940,2026-04-19 18:10:01.891567296,approved,,6
CPT122413,,dropped_in_docs,INSURANCE,5
CPT110826,2026-04-19 18:30:36.198829324,approved,,5
CPT101475,,dropped_in_docs,RC,1
CPT114132,,dropped_in_docs,FITNESS,4
CPT107471,2026-04-24 04:54:54.427481326,approved,,6
CPT102953,,dropped_in_docs,RC,1
CPT123595,,dropped_in_docs,RC,1
CPT122261,,dropped_in_docs,INSURANCE,5
CPT110379,,dropped_in_docs,PERMIT,3
CPT102996,,dropped_in_docs,AADHAAR,2
CPT111056,2026-04-19 06:11:40.755889577,rejected,doc_authenticity_flag,6
CPT113982,,dropped_in_docs,RC,1
CPT122122,,dropped_in_docs,AADHAAR,2
CPT101252,,dropped_in_docs,RC,1
CPT118815,,dropped_in_docs,DL,0
CPT109509,2026-04-20 13:55:45.068412161,approved,,6
CPT114214,,dropped_in_docs,PERMIT,3
CPT111831,,dropped_in_docs,FITNESS,4
CPT106859,,dropped_in_docs,RC,1
CPT102329,,dropped_in_docs,PERMIT,3
CPT121788,,dropped_in_docs,AADHAAR,2
CPT118576,,dropped_in_docs,DL,0
CPT113004,,dropped_in_docs,RC,1
CPT122112,,dropped_in_docs,AADHAAR,2
CPT105575,,dropped_in_docs,FITNESS,4
CPT112811,,dropped_in_docs,FITNESS,4
CPT111032,,dropped_in_docs,INSURANCE,5
CPT104407,,dropped_in_docs,PERMIT,3
CPT103541,,dropped_in_docs,FITNESS,4
CPT108036,,dropped_in_docs,INSURANCE,5
CPT105665,,dropped_in_docs,PERMIT,3
CPT105746,2026-04-20 07:25:46.353160834,approved,,5
CPT116369,,dropped_in_docs,INSURANCE,5
CPT114526,,dropped_in_docs,RC,1
CPT113099,,dropped_in_docs,FITNESS,4
CPT113020,,dropped_in_docs,PERMIT,3
CPT113729,,dropped_in_docs,PERMIT,3
CPT112624,2026-04-20 22:14:36.804248991,approved,,6
CPT110037,2026-04-20 22:43:38.266881059,approved,,6
CPT108524,,dropped_in_docs,PERMIT,3
CPT122050,,dropped_in_docs,FITNESS,4
CPT105632,2026-04-18 08:44:47.351962711,approved,,5
CPT117545,,dropped_in_docs,PERMIT,3
CPT109030,,dropped_in_docs,RC,1
CPT116548,,dropped_in_docs,INSURANCE,5
CPT112782,,dropped_in_docs,DL,0
CPT124805,,dropped_in_docs,RC,1
CPT117304,,dropped_in_docs,INSURANCE,5
CPT122784,,dropped_in_docs,DL,0
CPT111093,,dropped_in_docs,RC,1
CPT115485,,dropped_in_docs,RC,1
CPT113713,,dropped_in_docs,FITNESS,4
CPT114429,,dropped_in_docs,INSURANCE,5
CPT110765,2026-04-21 17:31:48.021651528,approved,,5
CPT113994,,dropped_in_docs,RC,1
CPT105032,,dropped_in_docs,FITNESS,4
CPT115401,2026-04-20 16:41:03.526939245,approved,,6
CPT100287,,dropped_in_docs,PERMIT,3
CPT114822,2026-04-20 19:00:12.576514593,approved,,6
CPT100365,,dropped_in_docs,RC,1
CPT124625,,dropped_in_docs,PERMIT,3
CPT120066,,dropped_in_docs,FITNESS,4
CPT105996,2026-04-21 03:33:30.338154078,rejected,doc_authenticity_flag,5
CPT109805,,dropped_in_docs,PERMIT,3
CPT107274,2026-04-19 20:28:23.153606151,approved,,6
CPT113848,,dropped_in_docs,FITNESS,4
CPT116073,,dropped_in_docs,RC,1
CPT123691,,dropped_in_docs,AADHAAR,2
CPT122285,,dropped_in_docs,FITNESS,4
CPT107689,2026-04-22 01:32:47.034993704,approved,,6
CPT123108,,dropped_in_docs,AADHAAR,2
CPT118326,,dropped_in_docs,PERMIT,3
CPT114126,,dropped_in_docs,PERMIT,3
CPT103881,,dropped_in_docs,DL,0
CPT124273,,dropped_in_docs,DL,0
CPT101554,,dropped_in_docs,RC,1
CPT116466,,dropped_in_docs,RC,1
CPT108599,,dropped_in_docs,INSURANCE,5
CPT103295,,dropped_in_docs,DL,0
CPT107558,,dropped_in_docs,DL,0
CPT114603,,dropped_in_docs,RC,1
CPT106209,,dropped_in_docs,AADHAAR,2
CPT115304,2026-04-22 11:15:53.308206419,rejected,duplicate_captain,5
CPT115158,,dropped_in_docs,PERMIT,3
CPT106541,,dropped_in_docs,INSURANCE,5
CPT121462,2026-04-21 03:36:30.270911448,approved,,5
CPT124887,2026-04-21 19:22:27.381370820,approved,,6
CPT110105,,dropped_in_docs,PERMIT,3
CPT108431,,dropped_in_docs,INSURANCE,5
CPT117833,,dropped_in_docs,RC,1
CPT109047,2026-04-23 05:59:29.000784808,approved,,5
CPT124548,,dropped_in_docs,FITNESS,4
CPT124983,,dropped_in_docs,DL,0
CPT119174,,dropped_in_docs,RC,1
CPT114876,,dropped_in_docs,FITNESS,4
CPT112619,,dropped_in_docs,PERMIT,3
CPT106781,,dropped_in_docs,RC,1
CPT108997,,dropped_in_docs,INSURANCE,5
CPT124881,2026-04-21 22:30:33.174753345,approved,,6
CPT105886,,dropped_in_docs,DL,0
CPT112859,,dropped_in_docs,FITNESS,4
CPT118439,,dropped_in_docs,AADHAAR,2
CPT112618,,dropped_in_docs,AADHAAR,2
CPT124072,,dropped_in_docs,PERMIT,3
CPT111121,,dropped_in_docs,RC,1
CPT112236,2026-04-22 16:46:36.309674335,approved,,6
CPT116009,,dropped_in_docs,RC,1
CPT122796,2026-04-22 22:53:13.590187885,approved,,6
CPT107631,,dropped_in_docs,PERMIT,3
CPT112421,,dropped_in_docs,RC,1
CPT117228,,dropped_in_docs,PERMIT,3
CPT107685,,dropped_in_docs,PERMIT,3
CPT104945,2026-04-20 11:31:55.083682941,approved,,6
CPT116345,2026-04-21 22:39:58.072799967,approved,,6
CPT113979,,dropped_in_docs,AADHAAR,2
CPT104514,,dropped_in_docs,RC,1
CPT100310,,dropped_in_docs,FITNESS,4
CPT112419,,dropped_in_docs,INSURANCE,5
CPT109951,,dropped_in_docs,DL,0
CPT121520,2026-04-19 09:11:51.621359556,approved,,6
CPT113743,,dropped_in_docs,INSURANCE,5
CPT113673,,dropped_in_docs,AADHAAR,2
CPT114332,,dropped_in_docs,AADHAAR,2
CPT110466,,dropped_in_docs,DL,0
CPT105381,,dropped_in_docs,RC,1
CPT108315,,dropped_in_docs,DL,0
CPT100717,,dropped_in_docs,RC,1
CPT102768,,dropped_in_docs,RC,1
CPT107431,,dropped_in_docs,DL,0
CPT103852,,dropped_in_docs,AADHAAR,2
CPT106680,,dropped_in_docs,INSURANCE,5
CPT109377,,dropped_in_docs,DL,0
CPT103120,,dropped_in_docs,RC,1
CPT119780,,dropped_in_docs,INSURANCE,5
CPT111238,,dropped_in_docs,RC,1
CPT123665,,dropped_in_docs,RC,1
CPT102542,,dropped_in_docs,DL,0
CPT122819,,dropped_in_docs,DL,0
CPT101643,,dropped_in_docs,AADHAAR,2
CPT108548,,dropped_in_docs,FITNESS,4
CPT113363,,dropped_in_docs,INSURANCE,5
CPT104481,,dropped_in_docs,PERMIT,3
CPT118175,,dropped_in_docs,DL,0
CPT118162,,dropped_in_docs,FITNESS,4
CPT104929,,dropped_in_docs,AADHAAR,2
CPT124054,2026-04-22 18:01:04.220773521,approved,,6
CPT121601,,dropped_in_docs,FITNESS,4
CPT100199,,dropped_in_docs,RC,1
CPT118985,,dropped_in_docs,INSURANCE,5
CPT117726,,dropped_in_docs,PERMIT,3
CPT109217,2026-04-22 10:59:36.213272863,approved,,5
CPT109666,,dropped_in_docs,AADHAAR,2
CPT117551,2026-04-24 21:10:14.627499498,approved,,6
CPT103404,,dropped_in_docs,RC,1
CPT111538,,dropped_in_docs,FITNESS,4
CPT118996,2026-04-22 11:34:40.951802348,approved,,6
CPT123737,,dropped_in_docs,RC,1
CPT109173,,dropped_in_docs,DL,0
CPT115901,,dropped_in_docs,DL,0
CPT117872,,dropped_in_docs,DL,0
CPT124702,,dropped_in_docs,FITNESS,4
CPT110150,,dropped_in_docs,RC,1
CPT118212,,dropped_in_docs,DL,0
CPT101323,,dropped_in_docs,RC,1
CPT115062,,dropped_in_docs,PERMIT,3
CPT107633,,dropped_in_docs,INSURANCE,5
CPT114085,,dropped_in_docs,DL,0
CPT116411,,dropped_in_docs,INSURANCE,5
CPT116120,,dropped_in_docs,DL,0
CPT104210,2026-04-24 11:47:02.611965665,approved,,6
CPT103695,,dropped_in_docs,FITNESS,4
CPT108890,,dropped_in_docs,FITNESS,4
CPT121235,2026-04-19 22:03:41.281995540,approved,,6
CPT119917,,dropped_in_docs,RC,1
CPT114744,,dropped_in_docs,RC,1
CPT103872,2026-04-24 22:01:28.456030599,approved,,6
CPT105838,2026-04-21 08:51:13.261417168,approved,,6
CPT103110,,dropped_in_docs,FITNESS,4
CPT107102,,dropped_in_docs,INSURANCE,5
CPT104124,,dropped_in_docs,INSURANCE,5
CPT105379,,dropped_in_docs,PERMIT,3
CPT124227,,dropped_in_docs,RC,1
CPT115995,,dropped_in_docs,RC,1
CPT123295,,dropped_in_docs,DL,0
CPT104002,,dropped_in_docs,RC,1
CPT104988,,dropped_in_docs,INSURANCE,5
CPT100965,,dropped_in_docs,RC,1
CPT100985,,dropped_in_docs,RC,1
CPT102159,,dropped_in_docs,FITNESS,4
CPT116571,,dropped_in_docs,INSURANCE,5
CPT100047,2026-04-20 14:52:53.008212250,approved,,6
CPT108414,,dropped_in_docs,AADHAAR,2
CPT114890,,dropped_in_docs,PERMIT,3
CPT116500,,dropped_in_docs,PERMIT,3
CPT118620,,dropped_in_docs,FITNESS,4
CPT107097,,dropped_in_docs,PERMIT,3
CPT121691,,dropped_in_docs,RC,1
CPT114377,,dropped_in_docs,DL,0
CPT124827,,dropped_in_docs,INSURANCE,5
CPT105868,,dropped_in_docs,INSURANCE,5
CPT116095,,dropped_in_docs,INSURANCE,5
CPT100958,,dropped_in_docs,AADHAAR,2
CPT111557,2026-04-23 11:06:12.989778398,rejected,vehicle_age_policy,6
CPT120272,,dropped_in_docs,AADHAAR,2
CPT101868,,dropped_in_docs,INSURANCE,5
CPT121195,,dropped_in_docs,PERMIT,3
CPT117737,,dropped_in_docs,FITNESS,4
CPT102227,2026-04-20 11:32:37.762207977,approved,,5
CPT105393,,dropped_in_docs,RC,1
CPT105585,,dropped_in_docs,DL,0
CPT103487,,dropped_in_docs,AADHAAR,2
CPT107977,,dropped_in_docs,RC,1
CPT122341,,dropped_in_docs,FITNESS,4
CPT101051,,dropped_in_docs,PERMIT,3
CPT119385,,dropped_in_docs,RC,1
CPT104453,2026-04-22 10:42:59.660686737,approved,,6
CPT103596,,dropped_in_docs,FITNESS,4
CPT106630,,dropped_in_docs,DL,0
CPT111009,,dropped_in_docs,RC,1
CPT109928,,dropped_in_docs,RC,1
CPT100251,2026-04-22 07:04:26.228295644,approved,,6
CPT111972,,dropped_in_docs,RC,1
CPT121650,,dropped_in_docs,RC,1
CPT111376,2026-04-22 08:49:49.943788385,approved,,6
CPT123317,,dropped_in_docs,AADHAAR,2
CPT104203,,dropped_in_docs,RC,1
CPT115043,,dropped_in_docs,DL,0
CPT120187,,dropped_in_docs,AADHAAR,2
CPT114109,,dropped_in_docs,INSURANCE,5
CPT112259,,dropped_in_docs,INSURANCE,5
CPT108901,,dropped_in_docs,FITNESS,4
CPT112528,,dropped_in_docs,PERMIT,3
CPT112086,,dropped_in_docs,PERMIT,3
CPT111059,,dropped_in_docs,AADHAAR,2
CPT121953,,dropped_in_docs,PERMIT,3
CPT122952,,dropped_in_docs,RC,1
CPT117677,,dropped_in_docs,DL,0
CPT121249,,dropped_in_docs,DL,0
CPT119245,2026-04-23 01:04:07.150464771,approved,,6
CPT120825,2026-04-21 14:09:02.289203564,approved,,6
CPT105544,2026-04-24 12:46:53.862431012,approved,,6
CPT122833,,dropped_in_docs,RC,1
CPT117806,,dropped_in_docs,RC,1
CPT119697,,dropped_in_docs,DL,0
CPT113871,,dropped_in_docs,INSURANCE,5
CPT105000,,dropped_in_docs,RC,1
CPT107620,,dropped_in_docs,RC,1
CPT124965,,dropped_in_docs,RC,1
CPT121100,,dropped_in_docs,RC,1
CPT109247,,dropped_in_docs,RC,1
CPT120354,,dropped_in_docs,RC,1
CPT104131,,dropped_in_docs,PERMIT,3
CPT111696,,dropped_in_docs,PERMIT,3
CPT120895,,dropped_in_docs,INSURANCE,5
CPT102019,,dropped_in_docs,RC,1
CPT100630,,dropped_in_docs,RC,1
CPT122202,,dropped_in_docs,RC,1
CPT111350,,dropped_in_docs,RC,1
CPT100507,2026-04-24 16:19:47.276389422,approved,,6
CPT120766,,dropped_in_docs,INSURANCE,5
CPT118672,,dropped_in_docs,INSURANCE,5
CPT122043,,dropped_in_docs,RC,1
CPT106672,,dropped_in_docs,FITNESS,4
CPT104128,,dropped_in_docs,PERMIT,3
CPT113272,,dropped_in_docs,RC,1
CPT116583,,dropped_in_docs,RC,1
CPT110591,2026-04-22 16:41:55.908210893,approved,,5
CPT108321,2026-04-22 06:44:45.716526936,rejected,duplicate_captain,5
CPT115442,,dropped_in_docs,RC,1
CPT108730,,dropped_in_docs,FITNESS,4
CPT124068,,dropped_in_docs,INSURANCE,5
CPT124145,,dropped_in_docs,INSURANCE,5
CPT119196,,dropped_in_docs,RC,1
CPT120738,,dropped_in_docs,FITNESS,4
CPT113192,2026-04-23 04:58:14.868188188,approved,,5
CPT108150,,dropped_in_docs,DL,0
CPT122714,,dropped_in_docs,DL,0
CPT107594,,dropped_in_docs,PERMIT,3
CPT120330,,dropped_in_docs,FITNESS,4
CPT100867,,dropped_in_docs,AADHAAR,2
CPT104069,,dropped_in_docs,INSURANCE,5
CPT103052,2026-04-23 10:13:30.697046651,approved,,6
CPT118301,,dropped_in_docs,RC,1
CPT122283,2026-04-22 04:17:27.859023221,approved,,5
CPT112005,,dropped_in_docs,INSURANCE,5
CPT121400,,dropped_in_docs,PERMIT,3
CPT100312,,dropped_in_docs,FITNESS,4
CPT123640,2026-04-23 20:38:42.062262645,approved,,6
CPT115375,2026-04-24 12:38:35.364639541,approved,,6
CPT101139,,dropped_in_docs,FITNESS,4
CPT114472,,dropped_in_docs,PERMIT,3
CPT101257,,dropped_in_docs,INSURANCE,5
CPT116553,,dropped_in_docs,RC,1
CPT113774,,dropped_in_docs,DL,0
CPT119229,,dropped_in_docs,DL,0
CPT119870,,dropped_in_docs,RC,1
CPT113888,,dropped_in_docs,FITNESS,4
CPT124366,,dropped_in_docs,AADHAAR,2
CPT118314,2026-04-21 14:00:42.316788410,approved,,6
CPT101113,,dropped_in_docs,RC,1
CPT122320,,dropped_in_docs,PERMIT,3
CPT124856,,dropped_in_docs,DL,0
CPT120423,,dropped_in_docs,AADHAAR,2
CPT116577,,dropped_in_docs,RC,1
CPT123366,,dropped_in_docs,FITNESS,4
CPT117543,,dropped_in_docs,RC,1
CPT112536,2026-04-23 08:13:19.373789901,approved,,6
CPT103868,,dropped_in_docs,DL,0
CPT102443,2026-04-22 09:05:50.449388151,approved,,6
CPT123902,2026-04-24 04:03:36.644875260,approved,,6
CPT121314,,dropped_in_docs,AADHAAR,2
CPT119642,2026-04-22 11:36:21.102473982,approved,,6
CPT118473,,dropped_in_docs,INSURANCE,5
CPT119579,,dropped_in_docs,RC,1
CPT116604,,dropped_in_docs,INSURANCE,5
CPT121551,2026-04-20 07:41:10.610771023,approved,,6
CPT107031,,dropped_in_docs,INSURANCE,5
CPT122912,,dropped_in_docs,INSURANCE,5
CPT100093,2026-04-23 07:34:35.543894517,approved,,6
CPT116634,,dropped_in_docs,PERMIT,3
CPT122327,,dropped_in_docs,FITNESS,4
CPT121138,,dropped_in_docs,DL,0
CPT104569,,dropped_in_docs,RC,1
CPT111211,,dropped_in_docs,DL,0
CPT120744,,dropped_in_docs,DL,0
CPT116558,,dropped_in_docs,DL,0
CPT108630,,dropped_in_docs,RC,1
CPT100712,,dropped_in_docs,AADHAAR,2
CPT122037,,dropped_in_docs,FITNESS,4
CPT121265,,dropped_in_docs,FITNESS,4
CPT105026,2026-04-21 22:22:04.448416107,approved,,6
CPT119618,,dropped_in_docs,RC,1
CPT112370,2026-04-23 17:37:58.314827171,approved,,6
CPT111416,,dropped_in_docs,PERMIT,3
CPT118140,,dropped_in_docs,INSURANCE,5
CPT119978,,dropped_in_docs,FITNESS,4
CPT122195,,dropped_in_docs,RC,1
CPT123017,,dropped_in_docs,FITNESS,4
CPT121389,,dropped_in_docs,FITNESS,4
CPT101087,,dropped_in_docs,AADHAAR,2
CPT102647,,dropped_in_docs,FITNESS,4
CPT121272,,dropped_in_docs,FITNESS,4
CPT122186,,dropped_in_docs,INSURANCE,5
CPT111884,,dropped_in_docs,FITNESS,4
CPT122644,,dropped_in_docs,INSURANCE,5
CPT111455,2026-04-24 19:32:34.296108707,approved,,6
CPT104412,,dropped_in_docs,AADHAAR,2
CPT124864,,dropped_in_docs,RC,1
CPT121803,,dropped_in_docs,RC,1
CPT115174,,dropped_in_docs,RC,1
CPT116568,,dropped_in_docs,RC,1
CPT122136,,dropped_in_docs,FITNESS,4
CPT105867,,dropped_in_docs,FITNESS,4
CPT116151,,dropped_in_docs,DL,0
CPT100897,,dropped_in_docs,INSURANCE,5
CPT116514,,dropped_in_docs,INSURANCE,5
CPT102897,,dropped_in_docs,RC,1
CPT118517,,dropped_in_docs,PERMIT,3
CPT123059,,dropped_in_docs,FITNESS,4
CPT103848,,dropped_in_docs,FITNESS,4
CPT112219,,dropped_in_docs,RC,1
CPT104735,,dropped_in_docs,RC,1
CPT115664,,dropped_in_docs,DL,0
CPT117615,,dropped_in_docs,RC,1
CPT109261,2026-04-25 05:24:05.623196751,approved,,6
CPT100015,,dropped_in_docs,PERMIT,3
CPT107193,,dropped_in_docs,RC,1
CPT122448,,dropped_in_docs,AADHAAR,2
CPT106741,,dropped_in_docs,AADHAAR,2
CPT118224,,dropped_in_docs,INSURANCE,5
CPT107382,,dropped_in_docs,DL,0
CPT117546,,dropped_in_docs,RC,1
CPT119769,,dropped_in_docs,RC,1
CPT124414,,dropped_in_docs,AADHAAR,2
CPT113565,,dropped_in_docs,RC,1
CPT108551,,dropped_in_docs,AADHAAR,2
CPT101195,2026-04-22 13:14:19.282910003,approved,,6
CPT112067,,dropped_in_docs,RC,1
CPT113343,,dropped_in_docs,AADHAAR,2
CPT109566,,dropped_in_docs,AADHAAR,2
CPT110828,,dropped_in_docs,RC,1
CPT121378,2026-04-21 23:13:04.356348740,approved,,6
CPT116912,,dropped_in_docs,DL,0
CPT118657,2026-04-22 04:08:12.990969652,approved,,5
CPT111522,2026-04-23 07:09:15.254245589,approved,,6
CPT120432,,dropped_in_docs,AADHAAR,2
CPT109954,2026-04-25 23:00:28.234923123,approved,,6
CPT123566,,dropped_in_docs,PERMIT,3
CPT124986,,dropped_in_docs,RC,1
CPT108863,,dropped_in_docs,AADHAAR,2
CPT104024,2026-04-24 13:18:16.735660390,approved,,6
CPT118738,,dropped_in_docs,AADHAAR,2
CPT123014,,dropped_in_docs,RC,1
CPT111704,,dropped_in_docs,PERMIT,3
CPT100704,,dropped_in_docs,PERMIT,3
CPT110175,,dropped_in_docs,PERMIT,3
CPT122219,,dropped_in_docs,FITNESS,4
CPT118388,,dropped_in_docs,DL,0
CPT112431,2026-04-24 09:22:19.023094718,approved,,6
CPT102815,,dropped_in_docs,RC,1
CPT106829,,dropped_in_docs,FITNESS,4
CPT106582,2026-04-25 17:15:50.466110462,approved,,6
CPT106618,,dropped_in_docs,RC,1
CPT102724,,dropped_in_docs,FITNESS,4
CPT103228,,dropped_in_docs,RC,1
CPT103064,,dropped_in_docs,PERMIT,3
CPT112449,,dropped_in_docs,PERMIT,3
CPT118078,,dropped_in_docs,RC,1
CPT118772,,dropped_in_docs,PERMIT,3
CPT106418,,dropped_in_docs,DL,0
CPT121382,,dropped_in_docs,INSURANCE,5
CPT103621,,dropped_in_docs,PERMIT,3
CPT117647,,dropped_in_docs,RC,1
CPT106966,2026-04-22 04:15:26.351003893,approved,,5
CPT113915,,dropped_in_docs,RC,1
CPT115905,,dropped_in_docs,FITNESS,4
CPT105482,,dropped_in_docs,RC,1
CPT104516,2026-04-23 06:28:19.691172620,approved,,6
CPT120652,,dropped_in_docs,INSURANCE,5
CPT103813,,dropped_in_docs,PERMIT,3
CPT124521,,dropped_in_docs,RC,1
CPT102703,2026-04-24 07:05:14.758690811,approved,,6
CPT119308,,dropped_in_docs,RC,1
CPT104048,,dropped_in_docs,FITNESS,4
CPT118697,,dropped_in_docs,DL,0
CPT122049,,dropped_in_docs,FITNESS,4
CPT102933,,dropped_in_docs,PERMIT,3
CPT113326,2026-04-27 09:29:50.985250364,approved,,6
CPT100082,,dropped_in_docs,PERMIT,3
CPT111494,2026-04-22 07:33:56.354054714,approved,,5
CPT122987,,dropped_in_docs,AADHAAR,2
CPT115179,2026-04-26 22:49:17.305620280,approved,,6
CPT115567,,dropped_in_docs,RC,1
CPT116890,,dropped_in_docs,RC,1
CPT124455,,dropped_in_docs,FITNESS,4
CPT107026,,dropped_in_docs,RC,1
CPT100420,,dropped_in_docs,PERMIT,3
CPT106594,,dropped_in_docs,PERMIT,3
CPT119734,,dropped_in_docs,PERMIT,3
CPT101801,2026-04-22 11:33:46.527231510,approved,,5
CPT118639,,dropped_in_docs,PERMIT,3
CPT122645,2026-04-23 00:12:09.535161372,approved,,6
CPT100438,2026-04-26 02:12:37.164500981,approved,,5
CPT107358,,dropped_in_docs,INSURANCE,5
CPT101461,,dropped_in_docs,INSURANCE,5
CPT101290,,dropped_in_docs,RC,1
CPT107878,,dropped_in_docs,RC,1
CPT120111,2026-04-28 02:49:41.519587606,approved,,6
CPT105006,,dropped_in_docs,RC,1
CPT124358,2026-04-23 01:50:32.493462581,approved,,6
CPT124452,,dropped_in_docs,FITNESS,4
CPT114988,,dropped_in_docs,PERMIT,3
CPT107750,,dropped_in_docs,PERMIT,3
CPT111919,,dropped_in_docs,DL,0
CPT112517,,dropped_in_docs,RC,1
CPT113660,,dropped_in_docs,RC,1
CPT121613,,dropped_in_docs,AADHAAR,2
CPT123592,,dropped_in_docs,DL,0
CPT111369,,dropped_in_docs,PERMIT,3
CPT102939,,dropped_in_docs,PERMIT,3
CPT118675,,dropped_in_docs,FITNESS,4
CPT124606,,dropped_in_docs,RC,1
CPT104031,2026-04-23 09:45:06.211923696,approved,,6
CPT104851,,dropped_in_docs,AADHAAR,2
CPT117127,,dropped_in_docs,FITNESS,4
CPT102588,,dropped_in_docs,AADHAAR,2
CPT103924,,dropped_in_docs,DL,0
CPT106177,,dropped_in_docs,FITNESS,4
CPT108047,2026-04-27 10:50:48.462755979,approved,,6
CPT116098,,dropped_in_docs,FITNESS,4
CPT102438,,dropped_in_docs,RC,1
CPT106154,,dropped_in_docs,INSURANCE,5
CPT105662,,dropped_in_docs,RC,1
CPT108618,,dropped_in_docs,PERMIT,3
CPT118376,,dropped_in_docs,INSURANCE,5
CPT110844,,dropped_in_docs,FITNESS,4
CPT123187,2026-04-24 20:00:03.923374766,approved,,6
CPT124448,,dropped_in_docs,INSURANCE,5
CPT101933,,dropped_in_docs,DL,0
CPT101913,2026-04-24 14:39:17.388494292,approved,,5
CPT115458,,dropped_in_docs,RC,1
CPT106721,,dropped_in_docs,DL,0
CPT116884,2026-04-22 02:46:24.759168731,approved,,5
CPT114706,,dropped_in_docs,DL,0
CPT114593,,dropped_in_docs,RC,1
CPT122633,,dropped_in_docs,RC,1
CPT119268,2026-04-24 00:33:59.888550998,approved,,5
CPT124251,,dropped_in_docs,INSURANCE,5
CPT100448,,dropped_in_docs,RC,1
CPT118902,,dropped_in_docs,RC,1
CPT119484,,dropped_in_docs,FITNESS,4
CPT113040,2026-04-25 10:13:02.857384468,approved,,6
CPT118941,,dropped_in_docs,INSURANCE,5
CPT122232,,dropped_in_docs,RC,1
CPT109822,,dropped_in_docs,FITNESS,4
CPT120937,,dropped_in_docs,FITNESS,4
CPT118723,2026-04-25 09:56:50.931081262,approved,,6
CPT114909,,dropped_in_docs,DL,0
CPT103315,,dropped_in_docs,RC,1
CPT103857,2026-04-24 11:51:46.244216084,approved,,6
CPT123883,,dropped_in_docs,RC,1
CPT112719,,dropped_in_docs,RC,1
CPT115308,,dropped_in_docs,PERMIT,3
CPT110059,,dropped_in_docs,DL,0
CPT114662,,dropped_in_docs,PERMIT,3
CPT110744,,dropped_in_docs,PERMIT,3
CPT122055,,dropped_in_docs,INSURANCE,5
CPT107213,2026-04-22 18:44:01.621410528,approved,,5
CPT116621,2026-04-26 18:26:50.578824228,approved,,6
CPT114481,,dropped_in_docs,AADHAAR,2
CPT122271,,dropped_in_docs,DL,0
CPT102291,2026-04-22 12:19:29.490227791,approved,,6
CPT115460,,dropped_in_docs,INSURANCE,5
CPT113598,,dropped_in_docs,DL,0
CPT105426,,dropped_in_docs,RC,1
CPT104436,,dropped_in_docs,FITNESS,4
CPT120980,,dropped_in_docs,PERMIT,3
CPT124069,2026-04-22 23:47:17.261048263,approved,,6
CPT112281,,dropped_in_docs,RC,1
CPT120931,2026-04-26 11:51:12.315382176,approved,,5
CPT108067,,dropped_in_docs,RC,1
CPT122228,,dropped_in_docs,RC,1
CPT109763,,dropped_in_docs,FITNESS,4
CPT112980,,dropped_in_docs,RC,1
CPT106588,,dropped_in_docs,FITNESS,4
CPT106518,2026-04-28 01:05:48.639711294,approved,,6
CPT103083,,dropped_in_docs,PERMIT,3
CPT112049,,dropped_in_docs,RC,1
CPT116795,,dropped_in_docs,AADHAAR,2
CPT115793,,dropped_in_docs,AADHAAR,2
CPT106515,,dropped_in_docs,PERMIT,3
CPT124733,,dropped_in_docs,PERMIT,3
CPT116314,,dropped_in_docs,DL,0
CPT120628,2026-04-21 13:40:45.953397475,approved,,6
CPT103468,,dropped_in_docs,DL,0
CPT122449,,dropped_in_docs,RC,1
CPT123444,,dropped_in_docs,PERMIT,3
CPT101224,,dropped_in_docs,RC,1
CPT103614,,dropped_in_docs,INSURANCE,5
CPT106558,2026-04-26 08:53:31.886090522,approved,,6
CPT108173,,dropped_in_docs,FITNESS,4
CPT107039,,dropped_in_docs,DL,0
CPT106501,,dropped_in_docs,FITNESS,4
CPT120576,,dropped_in_docs,FITNESS,4
CPT116694,,dropped_in_docs,INSURANCE,5
CPT109943,,dropped_in_docs,RC,1
CPT107359,,dropped_in_docs,FITNESS,4
CPT109847,,dropped_in_docs,INSURANCE,5
CPT112201,,dropped_in_docs,RC,1
CPT118975,,dropped_in_docs,FITNESS,4
CPT122532,,dropped_in_docs,FITNESS,4
CPT117609,,dropped_in_docs,FITNESS,4
CPT107801,,dropped_in_docs,DL,0
CPT116497,,dropped_in_docs,RC,1
CPT121368,,dropped_in_docs,RC,1
CPT116843,,dropped_in_docs,RC,1
CPT102865,2026-04-26 08:20:45.411487156,approved,,6
CPT123763,,dropped_in_docs,RC,1
CPT105975,,dropped_in_docs,PERMIT,3
CPT111263,,dropped_in_docs,AADHAAR,2
CPT120496,2026-04-22 18:08:35.256445712,approved,,6
CPT104187,,dropped_in_docs,INSURANCE,5
CPT111364,,dropped_in_docs,RC,1
CPT117382,,dropped_in_docs,DL,0
CPT119173,,dropped_in_docs,PERMIT,3
CPT120468,,dropped_in_docs,INSURANCE,5
CPT101597,,dropped_in_docs,FITNESS,4
CPT121985,,dropped_in_docs,RC,1
CPT109162,,dropped_in_docs,INSURANCE,5
CPT112657,,dropped_in_docs,RC,1
CPT120119,,dropped_in_docs,PERMIT,3
CPT100456,,dropped_in_docs,RC,1
CPT119706,,dropped_in_docs,RC,1
CPT100474,2026-04-24 20:37:49.794576740,approved,,6
CPT106801,,dropped_in_docs,PERMIT,3
CPT106975,,dropped_in_docs,FITNESS,4
CPT102043,,dropped_in_docs,AADHAAR,2
CPT110185,2026-04-25 14:21:39.764188976,approved,,6
CPT108027,,dropped_in_docs,PERMIT,3
CPT101892,,dropped_in_docs,INSURANCE,5
CPT111711,,dropped_in_docs,DL,0
CPT123901,,dropped_in_docs,RC,1
CPT112362,,dropped_in_docs,DL,0
CPT104037,,dropped_in_docs,FITNESS,4
CPT110070,,dropped_in_docs,RC,1
CPT108846,2026-04-25 05:57:39.586777557,approved,,6
CPT124533,,dropped_in_docs,INSURANCE,5
CPT102874,,dropped_in_docs,RC,1
CPT100719,,dropped_in_docs,INSURANCE,5
CPT119358,,dropped_in_docs,INSURANCE,5
CPT117817,,dropped_in_docs,RC,1
CPT113552,2026-04-23 23:43:02.998716747,approved,,5
CPT103472,,dropped_in_docs,RC,1
CPT113214,,dropped_in_docs,RC,1
CPT114675,,dropped_in_docs,RC,1
CPT117381,,dropped_in_docs,DL,0
CPT122006,,dropped_in_docs,PERMIT,3
CPT117221,,dropped_in_docs,FITNESS,4
CPT122480,2026-04-27 10:30:55.592960260,approved,,6
CPT106288,,dropped_in_docs,DL,0
CPT100433,,dropped_in_docs,DL,0
CPT115393,,dropped_in_docs,FITNESS,4
CPT112761,,dropped_in_docs,FITNESS,4
CPT111220,2026-04-25 03:29:43.008178148,rejected,doc_authenticity_flag,6
CPT118303,2026-04-26 11:14:40.911651953,approved,,6
CPT119025,,dropped_in_docs,AADHAAR,2
CPT105095,,dropped_in_docs,RC,1
CPT105448,,dropped_in_docs,PERMIT,3
CPT102575,,dropped_in_docs,PERMIT,3
CPT121548,,dropped_in_docs,DL,0
CPT115886,,dropped_in_docs,FITNESS,4
CPT108755,,dropped_in_docs,INSURANCE,5
CPT123823,2026-04-23 23:15:06.242264319,rejected,background_check_failed,6
CPT106807,,dropped_in_docs,RC,1
CPT113012,,dropped_in_docs,AADHAAR,2
CPT114371,,dropped_in_docs,RC,1
CPT110874,,dropped_in_docs,PERMIT,3
CPT101049,,dropped_in_docs,PERMIT,3
CPT124910,2026-04-24 02:57:02.736346865,rejected,vehicle_age_policy,5
CPT109101,,dropped_in_docs,INSURANCE,5
CPT122887,,dropped_in_docs,PERMIT,3
CPT106431,,dropped_in_docs,DL,0
CPT109181,,dropped_in_docs,RC,1
CPT124979,,dropped_in_docs,FITNESS,4
CPT118596,,dropped_in_docs,RC,1
CPT111266,,dropped_in_docs,RC,1
CPT113427,,dropped_in_docs,INSURANCE,5
CPT106539,,dropped_in_docs,FITNESS,4
CPT106437,,dropped_in_docs,RC,1
CPT122586,,dropped_in_docs,PERMIT,3
CPT105912,,dropped_in_docs,DL,0
CPT122656,2026-04-25 03:38:09.097271032,rejected,duplicate_captain,5
CPT109326,,dropped_in_docs,FITNESS,4
CPT106572,,dropped_in_docs,PERMIT,3
CPT118488,,dropped_in_docs,RC,1
CPT107373,,dropped_in_docs,AADHAAR,2
CPT111187,,dropped_in_docs,PERMIT,3
CPT105624,,dropped_in_docs,AADHAAR,2
CPT107754,,dropped_in_docs,PERMIT,3
CPT113566,,dropped_in_docs,DL,0
CPT113680,,dropped_in_docs,RC,1
CPT114916,,dropped_in_docs,RC,1
CPT118703,2026-04-25 04:14:54.949083396,rejected,doc_authenticity_flag,6
CPT121359,,dropped_in_docs,PERMIT,3
CPT101058,,dropped_in_docs,DL,0
CPT110882,,dropped_in_docs,RC,1
CPT107589,2026-04-26 05:29:16.953462221,rejected,duplicate_captain,6
CPT110086,,dropped_in_docs,PERMIT,3
CPT111019,,dropped_in_docs,DL,0
CPT115187,2026-04-27 21:48:59.129345594,approved,,6
CPT121775,,dropped_in_docs,DL,0
CPT112050,,dropped_in_docs,RC,1
CPT119039,,dropped_in_docs,INSURANCE,5
CPT115451,,dropped_in_docs,INSURANCE,5
CPT120016,,dropped_in_docs,INSURANCE,5
CPT102581,,dropped_in_docs,FITNESS,4
CPT113539,,dropped_in_docs,RC,1
CPT101343,,dropped_in_docs,INSURANCE,5
CPT103836,2026-04-24 11:40:50.654178744,approved,,6
CPT109870,,dropped_in_docs,FITNESS,4
CPT102842,2026-04-29 08:55:23.732331796,approved,,6
CPT102771,2026-04-25 03:36:53.917269763,approved,,5
CPT108775,,dropped_in_docs,DL,0
CPT124897,,dropped_in_docs,INSURANCE,5
CPT114034,2026-04-25 11:58:00.578284179,approved,,6
CPT119375,,dropped_in_docs,RC,1
CPT111278,,dropped_in_docs,RC,1
CPT109829,,dropped_in_docs,AADHAAR,2
CPT107469,,dropped_in_docs,FITNESS,4
CPT121111,,dropped_in_docs,RC,1
CPT117504,,dropped_in_docs,RC,1
CPT124919,,dropped_in_docs,FITNESS,4
CPT100432,,dropped_in_docs,FITNESS,4
CPT121016,2026-04-25 13:06:05.211299384,approved,,6
CPT100823,,dropped_in_docs,DL,0
CPT122936,,dropped_in_docs,AADHAAR,2
CPT122139,,dropped_in_docs,DL,0
CPT107157,,dropped_in_docs,PERMIT,3
CPT106907,,dropped_in_docs,FITNESS,4
CPT102004,,dropped_in_docs,PERMIT,3
CPT118435,,dropped_in_docs,RC,1
CPT118644,,dropped_in_docs,RC,1
CPT106105,,dropped_in_docs,DL,0
CPT121590,,dropped_in_docs,PERMIT,3
CPT121494,,dropped_in_docs,RC,1
CPT104486,,dropped_in_docs,FITNESS,4
CPT106906,,dropped_in_docs,RC,1
CPT116093,,dropped_in_docs,RC,1
CPT104344,2026-04-28 20:21:37.807663001,rejected,vehicle_age_policy,6
CPT110250,,dropped_in_docs,DL,0
CPT113961,,dropped_in_docs,RC,1
CPT107278,,dropped_in_docs,RC,1
CPT106765,2026-04-24 12:27:02.707594686,approved,,6
CPT108513,2026-04-26 01:51:59.700098196,approved,,5
CPT105034,,dropped_in_docs,RC,1
CPT116654,,dropped_in_docs,INSURANCE,5
CPT108498,,dropped_in_docs,RC,1
CPT120455,2026-04-27 04:01:00.736430867,approved,,5
CPT113866,,dropped_in_docs,INSURANCE,5
CPT111955,,dropped_in_docs,FITNESS,4
CPT110571,,dropped_in_docs,FITNESS,4
CPT112390,,dropped_in_docs,INSURANCE,5
CPT122560,,dropped_in_docs,RC,1
CPT100797,,dropped_in_docs,AADHAAR,2
CPT120050,,dropped_in_docs,RC,1
CPT106407,,dropped_in_docs,DL,0
CPT103229,,dropped_in_docs,INSURANCE,5
CPT115309,,dropped_in_docs,INSURANCE,5
CPT102437,,dropped_in_docs,RC,1
CPT105008,,dropped_in_docs,FITNESS,4
CPT100238,,dropped_in_docs,RC,1
CPT115170,,dropped_in_docs,FITNESS,4
CPT117606,,dropped_in_docs,DL,0
CPT110306,,dropped_in_docs,RC,1
CPT119233,2026-04-24 13:50:14.529270911,approved,,6
CPT118089,,dropped_in_docs,AADHAAR,2
CPT106526,2026-04-25 15:12:11.832304312,approved,,6
CPT118627,,dropped_in_docs,FITNESS,4
CPT104858,,dropped_in_docs,AADHAAR,2
CPT103919,,dropped_in_docs,DL,0
CPT109739,,dropped_in_docs,DL,0
CPT116788,,dropped_in_docs,AADHAAR,2
CPT121726,,dropped_in_docs,FITNESS,4
CPT118884,,dropped_in_docs,AADHAAR,2
CPT121703,,dropped_in_docs,INSURANCE,5
CPT104406,,dropped_in_docs,RC,1
CPT106206,2026-04-26 03:39:44.516720091,approved,,6
CPT124479,,dropped_in_docs,PERMIT,3
CPT120748,,dropped_in_docs,RC,1
CPT106044,2026-04-25 15:09:43.644782223,approved,,5
CPT110366,,dropped_in_docs,FITNESS,4
CPT101782,2026-04-27 06:00:26.218548984,rejected,background_check_failed,5
CPT111900,2026-04-27 02:23:57.463989759,approved,,5
CPT100700,,dropped_in_docs,DL,0
CPT113998,,dropped_in_docs,FITNESS,4
CPT120038,,dropped_in_docs,DL,0
CPT100191,,dropped_in_docs,DL,0
CPT120132,,dropped_in_docs,FITNESS,4
CPT118682,,dropped_in_docs,INSURANCE,5
CPT116664,,dropped_in_docs,PERMIT,3
CPT116361,,dropped_in_docs,PERMIT,3
CPT102424,,dropped_in_docs,RC,1
CPT116821,,dropped_in_docs,PERMIT,3
CPT117269,2026-04-27 13:29:09.574705639,approved,,6
CPT107127,,dropped_in_docs,FITNESS,4
CPT124531,,dropped_in_docs,AADHAAR,2
CPT122351,,dropped_in_docs,INSURANCE,5
CPT106414,,dropped_in_docs,INSURANCE,5
CPT106583,,dropped_in_docs,FITNESS,4
CPT122380,,dropped_in_docs,PERMIT,3
CPT106996,,dropped_in_docs,RC,1
CPT108694,,dropped_in_docs,DL,0
CPT106383,,dropped_in_docs,AADHAAR,2
CPT103993,,dropped_in_docs,DL,0
CPT115265,,dropped_in_docs,RC,1
CPT111478,,dropped_in_docs,FITNESS,4
CPT115271,,dropped_in_docs,RC,1
CPT103373,,dropped_in_docs,RC,1
CPT108509,,dropped_in_docs,RC,1
CPT116830,,dropped_in_docs,RC,1
CPT102759,,dropped_in_docs,RC,1
CPT116035,2026-04-23 08:08:51.499759907,approved,,6
CPT123829,,dropped_in_docs,PERMIT,3
CPT109992,,dropped_in_docs,FITNESS,4
CPT100086,,dropped_in_docs,AADHAAR,2
CPT109168,,dropped_in_docs,RC,1
CPT108511,,dropped_in_docs,RC,1
CPT113395,,dropped_in_docs,RC,1
CPT124394,,dropped_in_docs,PERMIT,3
CPT115101,,dropped_in_docs,PERMIT,3
CPT104748,2026-04-25 20:45:54.051096739,approved,,6
CPT124207,2026-04-28 14:52:40.725428580,approved,,6
CPT106348,2026-04-24 09:49:44.041176918,approved,,5
CPT123333,,dropped_in_docs,PERMIT,3
CPT105534,,dropped_in_docs,FITNESS,4
CPT119605,,dropped_in_docs,INSURANCE,5
CPT104173,,dropped_in_docs,PERMIT,3
CPT117621,2026-04-26 11:02:56.301572306,approved,,6
CPT119490,,dropped_in_docs,PERMIT,3
CPT117214,,dropped_in_docs,FITNESS,4
CPT103907,2026-04-26 19:17:32.396139083,approved,,6
CPT119954,,dropped_in_docs,AADHAAR,2
CPT122591,,dropped_in_docs,AADHAAR,2
CPT118571,2026-04-25 20:24:56.909076992,approved,,6
CPT111023,,dropped_in_docs,DL,0
CPT100695,,dropped_in_docs,RC,1
CPT103335,,dropped_in_docs,FITNESS,4
CPT105554,2026-04-24 18:43:48.170037661,approved,,6
CPT109397,,dropped_in_docs,RC,1
CPT106076,,dropped_in_docs,DL,0
CPT106095,,dropped_in_docs,PERMIT,3
CPT122239,,dropped_in_docs,INSURANCE,5
CPT105983,,dropped_in_docs,PERMIT,3
CPT112136,,dropped_in_docs,PERMIT,3
CPT121693,2026-04-27 23:46:01.131965417,approved,,6
CPT115012,,dropped_in_docs,RC,1
CPT101095,,dropped_in_docs,FITNESS,4
CPT115384,,dropped_in_docs,RC,1
CPT111241,,dropped_in_docs,FITNESS,4
CPT104663,,dropped_in_docs,DL,0
CPT106286,,dropped_in_docs,FITNESS,4
CPT104449,,dropped_in_docs,FITNESS,4
CPT124929,2026-04-26 14:12:18.374210434,approved,,6
CPT102990,,dropped_in_docs,INSURANCE,5
CPT113719,,dropped_in_docs,RC,1
CPT114118,,dropped_in_docs,RC,1
CPT114193,2026-04-28 05:15:10.212843395,approved,,6
CPT109106,2026-04-25 03:33:39.955078814,approved,,5
CPT115575,,dropped_in_docs,DL,0
CPT107018,,dropped_in_docs,PERMIT,3
CPT105680,,dropped_in_docs,FITNESS,4
CPT124980,,dropped_in_docs,PERMIT,3
CPT106921,,dropped_in_docs,PERMIT,3
CPT105823,2026-04-26 17:22:03.112722725,approved,,6
CPT115368,,dropped_in_docs,FITNESS,4
CPT105011,,dropped_in_docs,FITNESS,4
CPT111291,,dropped_in_docs,INSURANCE,5
CPT115656,,dropped_in_docs,AADHAAR,2
CPT113762,,dropped_in_docs,RC,1
CPT109140,,dropped_in_docs,DL,0
CPT113653,,dropped_in_docs,PERMIT,3
CPT107161,,dropped_in_docs,RC,1
CPT109167,,dropped_in_docs,PERMIT,3
CPT123565,,dropped_in_docs,DL,0
CPT109081,,dropped_in_docs,INSURANCE,5
CPT105812,,dropped_in_docs,RC,1
CPT117604,2026-04-26 07:33:28.378584030,approved,,6
CPT121882,2026-04-27 13:52:28.146680096,approved,,6
CPT120725,,dropped_in_docs,PERMIT,3
CPT111366,,dropped_in_docs,RC,1
CPT117155,,dropped_in_docs,RC,1
CPT101885,2026-04-28 23:38:27.323812583,approved,,6
CPT113350,,dropped_in_docs,FITNESS,4
CPT108299,,dropped_in_docs,PERMIT,3
CPT112397,,dropped_in_docs,PERMIT,3
CPT118503,2026-04-26 08:10:21.851524555,approved,,5
CPT106032,,dropped_in_docs,FITNESS,4
CPT105454,,dropped_in_docs,RC,1
CPT110706,,dropped_in_docs,RC,1
CPT111707,,dropped_in_docs,INSURANCE,5
CPT100078,,dropped_in_docs,RC,1
CPT114663,,dropped_in_docs,DL,0
CPT114699,,dropped_in_docs,DL,0
CPT108732,,dropped_in_docs,INSURANCE,5
CPT104501,,dropped_in_docs,INSURANCE,5
CPT111303,2026-04-30 05:09:34.623067795,approved,,6
CPT103222,,dropped_in_docs,DL,0
CPT113676,,dropped_in_docs,RC,1
CPT114475,,dropped_in_docs,RC,1
CPT124757,2026-04-26 13:05:28.015002392,approved,,6
CPT117054,,dropped_in_docs,PERMIT,3
CPT123551,,dropped_in_docs,INSURANCE,5
CPT118076,,dropped_in_docs,RC,1
CPT109163,,dropped_in_docs,RC,1
CPT114240,,dropped_in_docs,RC,1
CPT106598,2026-04-27 03:58:55.208275574,approved,,5
CPT102452,2026-04-29 21:31:55.756676170,approved,,6
CPT103134,,dropped_in_docs,FITNESS,4
CPT100591,,dropped_in_docs,PERMIT,3
CPT119089,2026-04-25 19:47:39.977094404,approved,,6
CPT124075,,dropped_in_docs,FITNESS,4
CPT117901,,dropped_in_docs,FITNESS,4
CPT122446,,dropped_in_docs,PERMIT,3
CPT122528,,dropped_in_docs,INSURANCE,5
CPT111560,,dropped_in_docs,INSURANCE,5
CPT114216,2026-04-29 04:57:20.317071909,rejected,duplicate_captain,6
CPT115321,,dropped_in_docs,INSURANCE,5
CPT119343,,dropped_in_docs,PERMIT,3
CPT109139,,dropped_in_docs,RC,1
CPT103626,,dropped_in_docs,INSURANCE,5
CPT107177,,dropped_in_docs,PERMIT,3
CPT121815,,dropped_in_docs,DL,0
CPT122464,,dropped_in_docs,INSURANCE,5
CPT111192,,dropped_in_docs,RC,1
CPT114256,,dropped_in_docs,PERMIT,3
CPT113344,,dropped_in_docs,DL,0
CPT104582,,dropped_in_docs,FITNESS,4
CPT109138,2026-04-28 02:38:15.657441336,approved,,6
CPT118019,,dropped_in_docs,RC,1
CPT121281,,dropped_in_docs,PERMIT,3
CPT123185,,dropped_in_docs,RC,1
CPT115680,,dropped_in_docs,INSURANCE,5
CPT113256,2026-04-27 04:55:23.182521011,approved,,6
CPT115766,,dropped_in_docs,DL,0
CPT110533,,dropped_in_docs,FITNESS,4
CPT116126,,dropped_in_docs,PERMIT,3
CPT100795,,dropped_in_docs,AADHAAR,2
CPT115423,,dropped_in_docs,AADHAAR,2
CPT120938,,dropped_in_docs,DL,0
CPT112828,,dropped_in_docs,FITNESS,4
CPT113013,,dropped_in_docs,RC,1
CPT124912,,dropped_in_docs,DL,0
CPT109817,2026-04-26 20:27:11.634841738,approved,,6
CPT107687,,dropped_in_docs,FITNESS,4
CPT123116,,dropped_in_docs,AADHAAR,2
CPT120970,,dropped_in_docs,PERMIT,3
CPT116942,,dropped_in_docs,AADHAAR,2
CPT111876,,dropped_in_docs,DL,0
CPT122074,2026-04-25 03:14:38.572069139,approved,,5
CPT115244,,dropped_in_docs,FITNESS,4
CPT109337,,dropped_in_docs,RC,1
CPT104692,,dropped_in_docs,INSURANCE,5
CPT118334,,dropped_in_docs,PERMIT,3
CPT121193,,dropped_in_docs,DL,0
CPT108962,2026-04-27 23:00:30.635450984,approved,,5
CPT110902,,dropped_in_docs,RC,1
CPT100222,,dropped_in_docs,AADHAAR,2
CPT119399,2026-04-27 20:55:22.300442209,approved,,6
CPT106163,,dropped_in_docs,AADHAAR,2
CPT101654,,dropped_in_docs,RC,1
CPT109272,,dropped_in_docs,PERMIT,3
CPT123795,,dropped_in_docs,DL,0
CPT124401,,dropped_in_docs,PERMIT,3
CPT100406,2026-04-30 01:52:08.392741855,approved,,6
CPT112604,,dropped_in_docs,DL,0
CPT122071,,dropped_in_docs,AADHAAR,2
CPT108210,,dropped_in_docs,FITNESS,4
CPT109719,,dropped_in_docs,RC,1
CPT100131,2026-04-27 04:23:37.808804860,approved,,5
CPT123465,2026-04-28 03:45:58.113578161,approved,,5
CPT106796,,dropped_in_docs,DL,0
CPT109710,,dropped_in_docs,PERMIT,3
CPT114997,,dropped_in_docs,INSURANCE,5
CPT108741,,dropped_in_docs,FITNESS,4
CPT117088,2026-04-30 23:47:46.623066828,approved,,5
CPT117828,,dropped_in_docs,DL,0
CPT100669,2026-04-26 23:11:44.964190479,approved,,5
CPT108959,,dropped_in_docs,RC,1
CPT119013,2026-04-29 05:58:50.093554930,approved,,6
CPT115944,2026-04-25 02:48:24.067070724,approved,,5
CPT100950,,dropped_in_docs,RC,1
CPT112247,,dropped_in_docs,RC,1
CPT119501,,dropped_in_docs,DL,0
CPT112299,,dropped_in_docs,DL,0
CPT118522,,dropped_in_docs,INSURANCE,5
CPT107134,,dropped_in_docs,INSURANCE,5
CPT123553,,dropped_in_docs,INSURANCE,5
CPT109825,,dropped_in_docs,PERMIT,3
CPT110026,,dropped_in_docs,RC,1
CPT103660,,dropped_in_docs,FITNESS,4
CPT119627,2026-04-25 17:17:20.266356877,approved,,6
CPT108146,,dropped_in_docs,PERMIT,3
CPT104934,2026-04-26 11:26:40.053878022,rejected,background_check_failed,6
CPT117071,2026-04-26 16:47:40.518857545,approved,,6
CPT101992,,dropped_in_docs,PERMIT,3
CPT100204,,dropped_in_docs,DL,0
CPT107437,,dropped_in_docs,DL,0
CPT102166,,dropped_in_docs,INSURANCE,5
CPT103980,2026-04-29 06:35:29.076728800,approved,,5
CPT119827,2026-04-26 06:58:10.229245593,approved,,5
CPT107251,,dropped_in_docs,AADHAAR,2
CPT102116,,dropped_in_docs,DL,0
CPT113899,,dropped_in_docs,FITNESS,4
CPT120047,,dropped_in_docs,INSURANCE,5
CPT118867,,dropped_in_docs,DL,0
CPT117648,,dropped_in_docs,INSURANCE,5
CPT116379,,dropped_in_docs,DL,0
CPT116299,2026-04-25 05:40:03.626820316,approved,,5
CPT119018,,dropped_in_docs,RC,1
CPT113166,,dropped_in_docs,INSURANCE,5
CPT118135,,dropped_in_docs,PERMIT,3
CPT109539,,dropped_in_docs,PERMIT,3
CPT120033,,dropped_in_docs,INSURANCE,5
CPT105492,2026-04-29 08:45:44.545593730,approved,,6
CPT109877,,dropped_in_docs,PERMIT,3
CPT115136,2026-04-28 13:03:43.692612882,approved,,6
CPT114987,,dropped_in_docs,RC,1
CPT121486,,dropped_in_docs,PERMIT,3
CPT103917,,dropped_in_docs,RC,1
CPT107822,2026-04-26 03:21:24.515701455,approved,,5
CPT103975,,dropped_in_docs,FITNESS,4
CPT106033,2026-04-25 05:34:02.755280022,approved,,6
CPT102248,,dropped_in_docs,PERMIT,3
CPT113228,,dropped_in_docs,RC,1
CPT123424,,dropped_in_docs,RC,1
CPT105388,2026-04-27 02:08:32.125694840,approved,,5
CPT107564,,dropped_in_docs,RC,1
CPT107432,,dropped_in_docs,RC,1
CPT119774,,dropped_in_docs,RC,1
CPT115317,,dropped_in_docs,PERMIT,3
CPT119384,,dropped_in_docs,RC,1
CPT113924,,dropped_in_docs,AADHAAR,2
CPT111866,,dropped_in_docs,PERMIT,3
CPT116172,,dropped_in_docs,INSURANCE,5
CPT122343,,dropped_in_docs,INSURANCE,5
CPT104347,2026-04-30 01:59:52.642790525,approved,,6
CPT114017,2026-04-26 23:39:11.841806469,approved,,6
CPT114399,,dropped_in_docs,PERMIT,3
CPT111359,2026-04-28 11:29:57.143992692,approved,,6
CPT118377,,dropped_in_docs,RC,1
CPT101314,,dropped_in_docs,RC,1
CPT104155,,dropped_in_docs,DL,0
CPT123358,2026-04-28 14:39:27.599517769,approved,,5
CPT101912,,dropped_in_docs,DL,0
CPT118231,,dropped_in_docs,RC,1
CPT110446,,dropped_in_docs,AADHAAR,2
CPT102144,,dropped_in_docs,AADHAAR,2
CPT120866,,dropped_in_docs,RC,1
CPT110952,,dropped_in_docs,RC,1
CPT115259,,dropped_in_docs,FITNESS,4
CPT117261,,dropped_in_docs,DL,0
CPT120307,,dropped_in_docs,DL,0
CPT110699,,dropped_in_docs,AADHAAR,2
CPT108772,2026-04-27 21:51:45.129938906,approved,,5
CPT113151,,dropped_in_docs,INSURANCE,5
CPT124260,,dropped_in_docs,INSURANCE,5
CPT111268,,dropped_in_docs,PERMIT,3
CPT122761,,dropped_in_docs,RC,1
CPT122719,,dropped_in_docs,RC,1
CPT109046,,dropped_in_docs,INSURANCE,5
CPT102200,,dropped_in_docs,PERMIT,3
CPT123418,,dropped_in_docs,DL,0
CPT100330,,dropped_in_docs,RC,1
CPT111567,,dropped_in_docs,AADHAAR,2
CPT116927,,dropped_in_docs,RC,1
CPT113995,,dropped_in_docs,FITNESS,4
CPT120742,,dropped_in_docs,DL,0
CPT103754,,dropped_in_docs,PERMIT,3
CPT111297,,dropped_in_docs,RC,1
CPT113577,,dropped_in_docs,FITNESS,4
CPT103793,,dropped_in_docs,INSURANCE,5
CPT116253,,dropped_in_docs,INSURANCE,5
CPT118184,,dropped_in_docs,RC,1
CPT114267,,dropped_in_docs,DL,0
CPT122404,2026-04-27 12:44:41.292713923,approved,,5
CPT109602,2026-04-27 08:50:44.279365808,rejected,vehicle_age_policy,6
CPT107322,,dropped_in_docs,DL,0
CPT120971,,dropped_in_docs,FITNESS,4
CPT122356,,dropped_in_docs,RC,1
CPT120776,,dropped_in_docs,FITNESS,4
CPT111418,2026-04-28 23:46:22.961613227,approved,,6
CPT105498,,dropped_in_docs,PERMIT,3
CPT104072,,dropped_in_docs,RC,1
CPT117846,,dropped_in_docs,INSURANCE,5
CPT103353,,dropped_in_docs,AADHAAR,2
CPT109955,2026-04-29 18:01:45.994953589,approved,,6
CPT104812,,dropped_in_docs,RC,1
CPT111337,2026-04-26 02:03:49.390993350,approved,,6
CPT105012,,dropped_in_docs,INSURANCE,5
CPT120236,,dropped_in_docs,FITNESS,4
CPT111630,,dropped_in_docs,AADHAAR,2
CPT121735,2026-04-26 10:31:07.781540217,rejected,doc_authenticity_flag,6
CPT115444,,dropped_in_docs,RC,1
CPT109837,,dropped_in_docs,AADHAAR,2
CPT115380,,dropped_in_docs,DL,0
CPT100937,,dropped_in_docs,INSURANCE,5
CPT120811,2026-04-28 09:25:03.398017281,approved,,6
CPT109441,,dropped_in_docs,INSURANCE,5
CPT117952,2026-04-28 09:57:31.278557239,rejected,duplicate_captain,5
CPT100697,,dropped_in_docs,INSURANCE,5
CPT118875,,dropped_in_docs,FITNESS,4
CPT109803,,dropped_in_docs,AADHAAR,2
CPT100842,,dropped_in_docs,PERMIT,3
CPT110726,,dropped_in_docs,AADHAAR,2
CPT101123,,dropped_in_docs,DL,0
CPT118120,,dropped_in_docs,FITNESS,4
CPT108742,,dropped_in_docs,RC,1
CPT100258,,dropped_in_docs,PERMIT,3
CPT109056,,dropped_in_docs,RC,1
CPT108666,2026-04-27 09:26:53.825601455,approved,,5
CPT123068,,dropped_in_docs,PERMIT,3
CPT122984,,dropped_in_docs,DL,0
CPT122253,,dropped_in_docs,DL,0
CPT108106,2026-04-29 14:36:26.639358600,approved,,6
CPT122278,,dropped_in_docs,RC,1
CPT123298,,dropped_in_docs,RC,1
CPT113837,,dropped_in_docs,RC,1
CPT122338,2026-05-03 03:30:47.908216772,approved,,5
CPT107126,,dropped_in_docs,AADHAAR,2
CPT121362,,dropped_in_docs,PERMIT,3
CPT118490,,dropped_in_docs,RC,1
CPT110189,,dropped_in_docs,AADHAAR,2
CPT109843,,dropped_in_docs,FITNESS,4
CPT107368,,dropped_in_docs,RC,1
CPT111953,,dropped_in_docs,DL,0
CPT102115,,dropped_in_docs,FITNESS,4
CPT106804,2026-04-29 02:52:45.654591071,approved,,6
CPT100473,2026-04-27 14:14:08.418704045,rejected,doc_authenticity_flag,6
CPT109420,,dropped_in_docs,AADHAAR,2
CPT110534,,dropped_in_docs,PERMIT,3
CPT111902,,dropped_in_docs,INSURANCE,5
CPT113644,,dropped_in_docs,INSURANCE,5
CPT119821,,dropped_in_docs,RC,1
CPT124045,,dropped_in_docs,RC,1
CPT100477,,dropped_in_docs,RC,1
CPT108442,,dropped_in_docs,DL,0
CPT121813,,dropped_in_docs,RC,1
CPT119956,2026-04-27 20:46:26.911925241,approved,,6
CPT122635,2026-05-01 03:13:28.041051516,approved,,6
CPT121262,2026-04-26 02:00:58.897873052,approved,,5
CPT105223,2026-04-29 15:54:13.743291715,approved,,6
CPT109760,,dropped_in_docs,DL,0
CPT119711,2026-04-28 17:01:48.103113234,approved,,6
CPT106068,,dropped_in_docs,INSURANCE,5
CPT114070,,dropped_in_docs,RC,1
CPT106295,,dropped_in_docs,DL,0
CPT112507,2026-04-27 07:11:55.724211376,rejected,duplicate_captain,6
CPT107143,,dropped_in_docs,RC,1
CPT110908,,dropped_in_docs,PERMIT,3
CPT103797,,dropped_in_docs,FITNESS,4
CPT102082,,dropped_in_docs,PERMIT,3
CPT102682,,dropped_in_docs,RC,1
CPT113570,,dropped_in_docs,INSURANCE,5
CPT101151,,dropped_in_docs,PERMIT,3
CPT124798,,dropped_in_docs,INSURANCE,5
CPT100487,,dropped_in_docs,PERMIT,3
CPT103630,,dropped_in_docs,PERMIT,3
CPT108459,,dropped_in_docs,FITNESS,4
CPT112706,,dropped_in_docs,PERMIT,3
CPT103900,2026-04-29 07:08:00.626507930,approved,,6
CPT106993,,dropped_in_docs,INSURANCE,5
CPT105574,,dropped_in_docs,RC,1
CPT106760,,dropped_in_docs,FITNESS,4
CPT117288,,dropped_in_docs,PERMIT,3
CPT124741,,dropped_in_docs,PERMIT,3
CPT108552,2026-04-28 02:44:15.872983988,approved,,5
CPT109547,,dropped_in_docs,FITNESS,4
CPT122853,,dropped_in_docs,AADHAAR,2
CPT114528,,dropped_in_docs,AADHAAR,2
CPT107616,2026-04-29 23:20:27.360758033,approved,,6
CPT102782,,dropped_in_docs,DL,0
CPT107103,,dropped_in_docs,DL,0
CPT118338,,dropped_in_docs,INSURANCE,5
CPT117743,,dropped_in_docs,INSURANCE,5
CPT124638,,dropped_in_docs,INSURANCE,5
CPT110717,2026-04-27 18:05:29.407360203,rejected,vehicle_age_policy,5
CPT104955,,dropped_in_docs,INSURANCE,5
CPT109732,2026-04-27 03:46:42.226797620,approved,,6
CPT100706,,dropped_in_docs,RC,1
CPT120415,,dropped_in_docs,FITNESS,4
CPT108964,2026-04-28 02:14:57.565026374,approved,,6
CPT118267,,dropped_in_docs,FITNESS,4
CPT108015,,dropped_in_docs,RC,1
CPT122815,2026-04-25 21:47:52.355029884,approved,,5
CPT124893,,dropped_in_docs,PERMIT,3
CPT102925,,dropped_in_docs,DL,0
CPT111218,,dropped_in_docs,INSURANCE,5
CPT116590,,dropped_in_docs,FITNESS,4
CPT109861,2026-04-29 18:03:35.157781110,rejected,vehicle_age_policy,6
CPT113550,,dropped_in_docs,AADHAAR,2
CPT102844,,dropped_in_docs,DL,0
CPT100901,,dropped_in_docs,PERMIT,3
CPT121010,,dropped_in_docs,FITNESS,4
CPT124308,,dropped_in_docs,AADHAAR,2
CPT113284,,dropped_in_docs,FITNESS,4
CPT104637,2026-04-29 08:05:39.470778111,approved,,5
CPT112199,,dropped_in_docs,DL,0
CPT119427,2026-04-28 10:29:31.752714267,approved,,6
CPT115989,,dropped_in_docs,AADHAAR,2
CPT113373,,dropped_in_docs,INSURANCE,5
CPT108850,,dropped_in_docs,DL,0
CPT104448,,dropped_in_docs,RC,1
CPT108860,,dropped_in_docs,PERMIT,3
CPT104572,,dropped_in_docs,DL,0
CPT116359,,dropped_in_docs,FITNESS,4
CPT116539,,dropped_in_docs,DL,0
CPT101817,,dropped_in_docs,RC,1
CPT100141,,dropped_in_docs,INSURANCE,5
CPT113812,,dropped_in_docs,PERMIT,3
CPT121666,,dropped_in_docs,INSURANCE,5
CPT103656,,dropped_in_docs,INSURANCE,5
CPT123373,,dropped_in_docs,PERMIT,3
CPT101016,,dropped_in_docs,FITNESS,4
CPT119797,,dropped_in_docs,FITNESS,4
CPT111842,,dropped_in_docs,PERMIT,3
CPT109809,,dropped_in_docs,DL,0
CPT106795,,dropped_in_docs,FITNESS,4
CPT103269,,dropped_in_docs,INSURANCE,5
CPT104165,,dropped_in_docs,RC,1
CPT101367,,dropped_in_docs,RC,1
CPT121427,2026-05-01 08:19:59.090010736,approved,,6
CPT124636,,dropped_in_docs,RC,1
CPT114750,2026-04-29 12:22:30.024560671,approved,,6
CPT121004,2026-04-26 07:54:18.260610146,approved,,5
CPT116024,,dropped_in_docs,FITNESS,4
CPT105495,,dropped_in_docs,DL,0
CPT105386,,dropped_in_docs,PERMIT,3
CPT111786,,dropped_in_docs,PERMIT,3
CPT123938,2026-05-02 10:37:13.378061655,approved,,6
CPT103011,2026-04-29 11:08:45.895568701,approved,,6
CPT116493,,dropped_in_docs,PERMIT,3
CPT116644,,dropped_in_docs,RC,1
CPT107826,,dropped_in_docs,DL,0
CPT113869,,dropped_in_docs,RC,1
CPT106315,,dropped_in_docs,PERMIT,3
CPT115067,,dropped_in_docs,DL,0
CPT120715,,dropped_in_docs,PERMIT,3
CPT107022,,dropped_in_docs,RC,1
CPT105374,,dropped_in_docs,RC,1
CPT117557,,dropped_in_docs,PERMIT,3
CPT120258,2026-04-29 10:00:53.783592126,approved,,5
CPT108289,,dropped_in_docs,PERMIT,3
CPT107637,,dropped_in_docs,PERMIT,3
CPT102805,,dropped_in_docs,PERMIT,3
CPT107787,,dropped_in_docs,INSURANCE,5
CPT104208,,dropped_in_docs,PERMIT,3
CPT124863,,dropped_in_docs,RC,1
CPT111024,2026-04-28 14:01:52.989682125,approved,,6
CPT103705,,dropped_in_docs,RC,1
CPT119030,,dropped_in_docs,RC,1
CPT116731,,dropped_in_docs,RC,1
CPT115889,,dropped_in_docs,RC,1
CPT106701,,dropped_in_docs,RC,1
CPT110710,,dropped_in_docs,PERMIT,3
CPT117227,2026-04-27 14:06:22.301645412,approved,,6
CPT113208,,dropped_in_docs,RC,1
CPT117488,,dropped_in_docs,RC,1
CPT107661,,dropped_in_docs,RC,1
CPT115295,,dropped_in_docs,PERMIT,3
CPT102924,,dropped_in_docs,PERMIT,3
CPT106233,,dropped_in_docs,INSURANCE,5
CPT112488,,dropped_in_docs,RC,1
CPT123249,,dropped_in_docs,DL,0
CPT108550,2026-04-28 11:44:21.194194321,approved,,6
CPT114039,,dropped_in_docs,PERMIT,3
CPT102987,,dropped_in_docs,DL,0
CPT118316,,dropped_in_docs,PERMIT,3
CPT117432,,dropped_in_docs,PERMIT,3
CPT117862,,dropped_in_docs,PERMIT,3
CPT110501,,dropped_in_docs,INSURANCE,5
CPT110114,,dropped_in_docs,RC,1
CPT114409,,dropped_in_docs,PERMIT,3
CPT115599,,dropped_in_docs,FITNESS,4
CPT100702,,dropped_in_docs,RC,1
CPT115756,,dropped_in_docs,DL,0
CPT107938,,dropped_in_docs,RC,1
CPT124842,,dropped_in_docs,PERMIT,3
CPT121434,,dropped_in_docs,AADHAAR,2
CPT116154,,dropped_in_docs,INSURANCE,5
CPT117298,,dropped_in_docs,RC,1
CPT124940,,dropped_in_docs,DL,0
CPT123241,,dropped_in_docs,FITNESS,4
CPT109969,,dropped_in_docs,DL,0
CPT123023,,dropped_in_docs,DL,0
CPT110276,2026-04-30 16:59:24.953428112,rejected,vehicle_age_policy,5
CPT119946,,dropped_in_docs,PERMIT,3
CPT106015,,dropped_in_docs,AADHAAR,2
CPT116203,,dropped_in_docs,INSURANCE,5
CPT116404,,dropped_in_docs,RC,1
CPT113077,,dropped_in_docs,RC,1
CPT112964,,dropped_in_docs,DL,0
CPT106937,,dropped_in_docs,DL,0
CPT114695,2026-04-30 07:03:59.212204991,approved,,6
CPT124241,2026-04-29 08:35:10.807191094,approved,,6
CPT105604,,dropped_in_docs,AADHAAR,2
CPT117651,,dropped_in_docs,RC,1
CPT110764,,dropped_in_docs,FITNESS,4
CPT102551,,dropped_in_docs,INSURANCE,5
CPT101152,2026-04-29 09:03:33.414442879,approved,,5
CPT109319,2026-04-28 23:05:38.868577447,approved,,5
CPT108063,,dropped_in_docs,AADHAAR,2
CPT122388,2026-04-28 20:39:11.774104765,approved,,6
CPT114866,,dropped_in_docs,FITNESS,4
CPT122310,,dropped_in_docs,INSURANCE,5
CPT121151,,dropped_in_docs,RC,1
CPT121822,,dropped_in_docs,AADHAAR,2
CPT105288,2026-04-30 21:09:29.173964881,approved,,6
CPT107670,,dropped_in_docs,INSURANCE,5
CPT101949,2026-05-02 04:23:38.443793587,approved,,6
CPT112630,,dropped_in_docs,DL,0
CPT113237,,dropped_in_docs,INSURANCE,5
CPT123873,2026-04-30 15:50:18.230015591,approved,,6
CPT123286,,dropped_in_docs,PERMIT,3
CPT120248,2026-05-03 05:38:13.064930771,approved,,6
CPT113665,,dropped_in_docs,RC,1
CPT114350,,dropped_in_docs,PERMIT,3
CPT104056,,dropped_in_docs,INSURANCE,5
CPT124987,,dropped_in_docs,PERMIT,3
CPT104555,,dropped_in_docs,DL,0
CPT117665,,dropped_in_docs,RC,1
CPT124015,2026-04-29 14:47:57.676147655,rejected,doc_authenticity_flag,6
CPT105808,2026-04-29 02:46:45.917651416,approved,,6
CPT121849,,dropped_in_docs,DL,0
CPT118904,,dropped_in_docs,PERMIT,3
CPT110428,,dropped_in_docs,RC,1
CPT105500,,dropped_in_docs,RC,1
CPT103247,,dropped_in_docs,PERMIT,3
CPT104045,,dropped_in_docs,PERMIT,3
CPT110465,,dropped_in_docs,FITNESS,4
CPT119145,,dropped_in_docs,RC,1
CPT119262,,dropped_in_docs,FITNESS,4
CPT112054,,dropped_in_docs,FITNESS,4
CPT107105,,dropped_in_docs,RC,1
CPT115849,2026-04-28 11:55:43.410281119,rejected,doc_authenticity_flag,6
CPT103875,2026-04-30 18:51:43.209410690,approved,,6
CPT121906,,dropped_in_docs,INSURANCE,5
CPT118125,,dropped_in_docs,RC,1
CPT111623,,dropped_in_docs,AADHAAR,2
CPT115150,,dropped_in_docs,RC,1
CPT112999,,dropped_in_docs,RC,1
CPT105816,,dropped_in_docs,PERMIT,3
CPT113814,2026-04-30 02:41:39.915882635,approved,,6
CPT117777,,dropped_in_docs,PERMIT,3
CPT100059,,dropped_in_docs,RC,1
CPT100846,,dropped_in_docs,FITNESS,4
CPT124971,,dropped_in_docs,RC,1
CPT118515,,dropped_in_docs,PERMIT,3
CPT111340,,dropped_in_docs,AADHAAR,2
CPT114018,,dropped_in_docs,RC,1
CPT109675,,dropped_in_docs,DL,0
CPT121353,,dropped_in_docs,RC,1
CPT120421,,dropped_in_docs,RC,1
CPT102687,,dropped_in_docs,RC,1
CPT114500,,dropped_in_docs,INSURANCE,5
CPT120000,2026-04-29 00:55:42.136557274,approved,,5
CPT118869,2026-04-29 18:54:46.961981228,approved,,6
CPT112750,,dropped_in_docs,FITNESS,4
CPT119960,2026-04-28 14:17:36.157519469,approved,,5
CPT112266,,dropped_in_docs,RC,1
CPT124782,2026-04-29 15:23:07.783894038,approved,,5
CPT121078,2026-04-28 15:35:30.487431215,approved,,5
CPT104162,,dropped_in_docs,DL,0
CPT101741,,dropped_in_docs,FITNESS,4
CPT122604,,dropped_in_docs,RC,1
CPT101709,,dropped_in_docs,RC,1
CPT123036,,dropped_in_docs,RC,1
CPT116939,,dropped_in_docs,INSURANCE,5
CPT114391,,dropped_in_docs,DL,0
CPT108837,2026-04-30 00:23:23.936266475,approved,,6
CPT123521,2026-05-03 19:26:26.411303084,approved,,6
CPT110336,,dropped_in_docs,FITNESS,4
CPT106677,,dropped_in_docs,AADHAAR,2
CPT108749,,dropped_in_docs,DL,0
CPT116110,,dropped_in_docs,RC,1
CPT124877,,dropped_in_docs,FITNESS,4
CPT103571,,dropped_in_docs,PERMIT,3
CPT104091,,dropped_in_docs,INSURANCE,5
CPT104003,,dropped_in_docs,FITNESS,4
CPT113835,2026-04-29 03:30:46.449537064,approved,,6
CPT100761,,dropped_in_docs,AADHAAR,2
CPT102513,,dropped_in_docs,DL,0
CPT109901,,dropped_in_docs,RC,1
CPT117392,,dropped_in_docs,PERMIT,3
CPT121986,,dropped_in_docs,AADHAAR,2
CPT111665,,dropped_in_docs,RC,1
CPT100166,2026-04-30 13:34:39.787534026,approved,,6
CPT114000,,dropped_in_docs,DL,0
CPT104772,2026-04-29 01:57:49.799540599,approved,,6
CPT119153,,dropped_in_docs,PERMIT,3
CPT120561,,dropped_in_docs,RC,1
CPT122647,,dropped_in_docs,PERMIT,3
CPT102406,,dropped_in_docs,PERMIT,3
CPT119852,,dropped_in_docs,INSURANCE,5
CPT120708,,dropped_in_docs,PERMIT,3
CPT100440,,dropped_in_docs,DL,0
CPT107952,,dropped_in_docs,PERMIT,3
CPT112085,,dropped_in_docs,PERMIT,3
CPT118188,,dropped_in_docs,RC,1
CPT121951,2026-05-04 09:52:37.544476971,approved,,6
CPT105986,2026-04-29 23:00:19.416126140,approved,,6
CPT119972,,dropped_in_docs,INSURANCE,5
CPT101513,,dropped_in_docs,INSURANCE,5
CPT113404,,dropped_in_docs,RC,1
CPT106842,,dropped_in_docs,PERMIT,3
CPT109581,2026-04-30 19:13:15.141963991,approved,,6
CPT117686,,dropped_in_docs,FITNESS,4
CPT114340,,dropped_in_docs,FITNESS,4
CPT103888,,dropped_in_docs,RC,1
CPT117242,,dropped_in_docs,FITNESS,4
CPT115424,,dropped_in_docs,RC,1
CPT100106,,dropped_in_docs,PERMIT,3
CPT111274,,dropped_in_docs,RC,1
CPT105072,2026-05-03 09:50:38.558179706,approved,,6
CPT124642,2026-05-01 13:41:17.665330180,approved,,5
CPT113793,,dropped_in_docs,AADHAAR,2
CPT123184,2026-04-29 07:32:30.279984741,rejected,doc_authenticity_flag,6
CPT102402,2026-05-04 07:00:02.420270694,approved,,6
CPT102240,,dropped_in_docs,PERMIT,3
CPT120734,2026-05-01 11:43:07.163906051,approved,,6
CPT121496,,dropped_in_docs,AADHAAR,2
CPT115627,2026-04-30 02:52:01.857158083,approved,,6
CPT115503,,dropped_in_docs,PERMIT,3
CPT107677,,dropped_in_docs,AADHAAR,2
CPT124807,,dropped_in_docs,PERMIT,3
CPT115769,2026-04-29 07:44:16.471265217,approved,,5
CPT110381,,dropped_in_docs,INSURANCE,5
CPT100193,,dropped_in_docs,PERMIT,3
CPT109585,,dropped_in_docs,DL,0
CPT122724,2026-04-28 15:02:44.267518728,approved,,5
CPT107426,,dropped_in_docs,RC,1
CPT118510,,dropped_in_docs,FITNESS,4
CPT114613,2026-04-30 11:33:23.193760224,approved,,6
CPT112819,,dropped_in_docs,FITNESS,4
CPT106751,,dropped_in_docs,DL,0
CPT108290,,dropped_in_docs,PERMIT,3
CPT103113,,dropped_in_docs,PERMIT,3
CPT121041,,dropped_in_docs,PERMIT,3
CPT121201,,dropped_in_docs,INSURANCE,5
CPT105479,,dropped_in_docs,DL,0
CPT124762,,dropped_in_docs,FITNESS,4
CPT114577,,dropped_in_docs,INSURANCE,5
CPT123657,,dropped_in_docs,INSURANCE,5
CPT124194,,dropped_in_docs,RC,1
CPT121420,,dropped_in_docs,RC,1
CPT103010,,dropped_in_docs,FITNESS,4
CPT108654,,dropped_in_docs,AADHAAR,2
CPT105237,,dropped_in_docs,PERMIT,3
CPT116952,,dropped_in_docs,RC,1
CPT108961,,dropped_in_docs,DL,0
CPT104040,,dropped_in_docs,RC,1
CPT124037,2026-04-29 00:07:56.090110700,approved,,5
CPT107639,,dropped_in_docs,DL,0
CPT101800,2026-05-01 06:41:38.349952513,approved,,5
CPT115739,,dropped_in_docs,AADHAAR,2
CPT115082,2026-04-30 14:45:51.455842975,approved,,6
CPT120023,,dropped_in_docs,PERMIT,3
CPT110768,,dropped_in_docs,PERMIT,3
CPT119380,,dropped_in_docs,INSURANCE,5
CPT101132,,dropped_in_docs,AADHAAR,2
CPT124753,,dropped_in_docs,FITNESS,4
CPT121374,2026-04-28 02:28:26.040840974,approved,,6
CPT108844,,dropped_in_docs,AADHAAR,2
CPT116503,,dropped_in_docs,AADHAAR,2
CPT124981,,dropped_in_docs,FITNESS,4
CPT107638,,dropped_in_docs,PERMIT,3
CPT121161,,dropped_in_docs,INSURANCE,5
CPT117650,2026-04-30 18:45:15.092908753,approved,,6
CPT107254,,dropped_in_docs,AADHAAR,2
CPT118443,,dropped_in_docs,PERMIT,3
CPT122379,,dropped_in_docs,RC,1
CPT101044,,dropped_in_docs,INSURANCE,5
CPT120318,,dropped_in_docs,AADHAAR,2
CPT121233,,dropped_in_docs,RC,1
CPT124399,2026-05-03 08:06:47.498563513,approved,,6
CPT123033,,dropped_in_docs,RC,1
CPT101745,,dropped_in_docs,FITNESS,4
CPT107662,2026-04-30 13:22:25.092992240,approved,,5
CPT103298,,dropped_in_docs,RC,1
CPT112626,,dropped_in_docs,RC,1
CPT111389,,dropped_in_docs,FITNESS,4
CPT114959,2026-04-28 12:51:51.117489219,approved,,5
CPT113440,,dropped_in_docs,FITNESS,4
CPT109122,2026-05-01 09:54:13.178647117,approved,,6
CPT103532,2026-05-02 21:21:42.804240113,approved,,6
CPT117177,,dropped_in_docs,PERMIT,3
CPT103473,,dropped_in_docs,FITNESS,4
CPT106318,,dropped_in_docs,PERMIT,3
CPT105152,2026-05-02 15:54:27.287971996,approved,,6
CPT105744,,dropped_in_docs,INSURANCE,5
CPT116696,,dropped_in_docs,RC,1
CPT119230,,dropped_in_docs,PERMIT,3
CPT117315,,dropped_in_docs,RC,1
CPT109190,,dropped_in_docs,PERMIT,3
CPT106378,,dropped_in_docs,INSURANCE,5
CPT106567,,dropped_in_docs,DL,0
CPT106610,2026-04-29 16:04:05.458692054,approved,,6
CPT103057,,dropped_in_docs,PERMIT,3
CPT123003,,dropped_in_docs,PERMIT,3
CPT112510,,dropped_in_docs,RC,1
CPT112027,,dropped_in_docs,FITNESS,4
CPT114793,,dropped_in_docs,FITNESS,4
CPT115022,,dropped_in_docs,PERMIT,3
CPT121483,2026-05-01 16:43:05.355420062,approved,,6
CPT121110,,dropped_in_docs,RC,1
CPT107338,,dropped_in_docs,INSURANCE,5
CPT106213,2026-05-01 12:45:31.125032368,approved,,5
CPT109980,,dropped_in_docs,RC,1
CPT106349,2026-05-01 01:29:47.714179686,rejected,vehicle_age_policy,6
CPT106855,,dropped_in_docs,PERMIT,3
CPT112551,,dropped_in_docs,PERMIT,3
CPT111516,,dropped_in_docs,DL,0
CPT105557,2026-05-01 16:24:26.727211346,rejected,background_check_failed,5
CPT102018,,dropped_in_docs,FITNESS,4
CPT111234,,dropped_in_docs,FITNESS,4
CPT115744,2026-04-30 05:12:55.888995861,approved,,6
CPT119556,,dropped_in_docs,RC,1
CPT107008,,dropped_in_docs,FITNESS,4
CPT103957,,dropped_in_docs,PERMIT,3
CPT101117,,dropped_in_docs,AADHAAR,2
CPT100677,,dropped_in_docs,AADHAAR,2
CPT103675,,dropped_in_docs,PERMIT,3
CPT116021,,dropped_in_docs,PERMIT,3
CPT117019,,dropped_in_docs,PERMIT,3
CPT124140,,dropped_in_docs,AADHAAR,2
CPT102666,,dropped_in_docs,RC,1
CPT117834,,dropped_in_docs,AADHAAR,2
CPT109482,,dropped_in_docs,PERMIT,3
CPT122255,,dropped_in_docs,DL,0
CPT124821,2026-05-01 04:14:37.621224179,approved,,6
CPT112167,,dropped_in_docs,RC,1
CPT101147,,dropped_in_docs,INSURANCE,5
CPT116698,,dropped_in_docs,DL,0
CPT104857,,dropped_in_docs,PERMIT,3
CPT107053,2026-04-30 01:29:13.104439270,rejected,vehicle_age_policy,6
CPT121668,,dropped_in_docs,INSURANCE,5
CPT115425,,dropped_in_docs,PERMIT,3
CPT109020,,dropped_in_docs,FITNESS,4
CPT101237,2026-05-01 10:26:07.074583822,approved,,6
CPT114595,2026-05-03 15:36:39.656292804,approved,,6
CPT107671,,dropped_in_docs,AADHAAR,2
CPT114779,,dropped_in_docs,FITNESS,4
CPT101980,,dropped_in_docs,RC,1
CPT113225,,dropped_in_docs,DL,0
CPT119349,2026-05-02 03:48:09.421996574,approved,,6
CPT109208,,dropped_in_docs,PERMIT,3
CPT123594,,dropped_in_docs,RC,1
CPT106401,,dropped_in_docs,FITNESS,4
CPT122828,,dropped_in_docs,AADHAAR,2
CPT105261,,dropped_in_docs,RC,1
CPT117642,,dropped_in_docs,PERMIT,3
CPT106385,,dropped_in_docs,RC,1
CPT109777,,dropped_in_docs,PERMIT,3
CPT114722,,dropped_in_docs,PERMIT,3
CPT120486,,dropped_in_docs,FITNESS,4
CPT117115,,dropped_in_docs,RC,1
CPT124641,2026-04-30 00:46:42.203400913,approved,,6
CPT124558,,dropped_in_docs,PERMIT,3
CPT123995,,dropped_in_docs,FITNESS,4
CPT118920,2026-05-01 15:50:55.579281732,rejected,doc_authenticity_flag,6
CPT123454,,dropped_in_docs,INSURANCE,5
CPT124424,,dropped_in_docs,PERMIT,3
CPT105907,,dropped_in_docs,PERMIT,3
CPT103478,,dropped_in_docs,INSURANCE,5
CPT100577,,dropped_in_docs,DL,0
CPT121731,,dropped_in_docs,PERMIT,3
CPT115912,2026-05-01 16:58:38.478881496,approved,,6
CPT106653,,dropped_in_docs,DL,0
CPT117868,,dropped_in_docs,RC,1
CPT105269,,dropped_in_docs,DL,0
CPT100399,,dropped_in_docs,PERMIT,3
CPT104408,2026-05-04 13:28:28.938538207,rejected,vehicle_age_policy,6
CPT111384,2026-05-03 11:01:05.987771215,approved,,6
CPT109476,,dropped_in_docs,RC,1
CPT111242,,dropped_in_docs,RC,1
CPT114807,,dropped_in_docs,INSURANCE,5
CPT100051,,dropped_in_docs,DL,0
CPT109270,2026-05-01 14:29:21.572080142,approved,,6
CPT107907,,dropped_in_docs,RC,1
CPT104404,2026-05-01 14:29:53.741307850,approved,,6
CPT105002,2026-04-29 23:34:56.146700300,approved,,6
CPT117965,2026-05-01 23:02:43.223032918,approved,,6
CPT105135,,dropped_in_docs,DL,0
CPT105774,,dropped_in_docs,PERMIT,3
CPT114736,,dropped_in_docs,RC,1
CPT124645,,dropped_in_docs,RC,1
CPT111551,,dropped_in_docs,RC,1
CPT120808,,dropped_in_docs,RC,1
CPT115890,,dropped_in_docs,RC,1
CPT114685,,dropped_in_docs,PERMIT,3
CPT113260,,dropped_in_docs,FITNESS,4
CPT111948,,dropped_in_docs,RC,1
CPT113397,,dropped_in_docs,INSURANCE,5
CPT119016,,dropped_in_docs,RC,1
CPT124454,,dropped_in_docs,AADHAAR,2
CPT118899,,dropped_in_docs,FITNESS,4
CPT124038,2026-05-02 10:39:30.682179416,rejected,vehicle_age_policy,5
CPT114353,,dropped_in_docs,INSURANCE,5
CPT110377,,dropped_in_docs,PERMIT,3
CPT119866,,dropped_in_docs,PERMIT,3
CPT109447,,dropped_in_docs,INSURANCE,5
CPT119387,,dropped_in_docs,RC,1
CPT115810,,dropped_in_docs,PERMIT,3
CPT107667,2026-05-01 01:58:07.734320062,approved,,5
CPT105959,,dropped_in_docs,INSURANCE,5
CPT112117,,dropped_in_docs,AADHAAR,2
CPT120778,2026-05-04 16:11:11.667806752,approved,,6
CPT115090,,dropped_in_docs,INSURANCE,5
CPT119406,,dropped_in_docs,AADHAAR,2
CPT123030,2026-05-01 01:20:45.558637611,approved,,6
CPT110922,2026-05-03 06:08:42.561400378,approved,,6
CPT100382,,dropped_in_docs,INSURANCE,5
CPT101890,,dropped_in_docs,INSURANCE,5
CPT108386,,dropped_in_docs,PERMIT,3
CPT116192,,dropped_in_docs,PERMIT,3
CPT102668,2026-04-30 16:31:09.312770855,approved,,6
CPT121348,,dropped_in_docs,FITNESS,4
CPT121988,,dropped_in_docs,DL,0
CPT124019,,dropped_in_docs,DL,0
CPT123542,,dropped_in_docs,PERMIT,3
CPT105973,,dropped_in_docs,PERMIT,3
CPT103349,,dropped_in_docs,RC,1
CPT103013,2026-05-02 17:04:32.705874212,approved,,5
CPT109426,,dropped_in_docs,FITNESS,4
CPT124262,,dropped_in_docs,PERMIT,3
CPT110734,2026-04-30 18:47:25.681777927,approved,,6
CPT115846,,dropped_in_docs,PERMIT,3
CPT109419,,dropped_in_docs,DL,0
CPT122690,,dropped_in_docs,FITNESS,4
CPT107490,,dropped_in_docs,DL,0
CPT110619,,dropped_in_docs,INSURANCE,5
CPT121022,,dropped_in_docs,PERMIT,3
CPT123070,,dropped_in_docs,FITNESS,4
CPT108562,,dropped_in_docs,DL,0
CPT114872,,dropped_in_docs,DL,0
CPT116811,,dropped_in_docs,AADHAAR,2
CPT122929,,dropped_in_docs,PERMIT,3
CPT109672,,dropped_in_docs,RC,1
CPT106835,,dropped_in_docs,RC,1
CPT115336,,dropped_in_docs,RC,1
CPT112243,,dropped_in_docs,INSURANCE,5
CPT104785,,dropped_in_docs,INSURANCE,5
CPT111217,,dropped_in_docs,INSURANCE,5
CPT118727,2026-05-03 19:10:31.669036913,approved,,6
CPT124667,,dropped_in_docs,RC,1
CPT109350,,dropped_in_docs,AADHAAR,2
CPT111712,,dropped_in_docs,RC,1
CPT112448,,dropped_in_docs,PERMIT,3
CPT107986,,dropped_in_docs,RC,1
CPT103597,,dropped_in_docs,RC,1
CPT101910,,dropped_in_docs,PERMIT,3
CPT121226,,dropped_in_docs,INSURANCE,5
CPT121583,,dropped_in_docs,INSURANCE,5
CPT118003,,dropped_in_docs,FITNESS,4
CPT110361,,dropped_in_docs,AADHAAR,2
CPT112249,,dropped_in_docs,DL,0
CPT108084,,dropped_in_docs,AADHAAR,2
CPT108338,,dropped_in_docs,RC,1
CPT104617,,dropped_in_docs,FITNESS,4
CPT100060,2026-05-05 00:01:02.440011085,approved,,6
CPT116566,,dropped_in_docs,FITNESS,4
CPT105527,2026-05-01 04:46:58.580719664,approved,,5
CPT102926,,dropped_in_docs,RC,1
CPT103136,,dropped_in_docs,FITNESS,4
CPT109389,,dropped_in_docs,RC,1
CPT116439,2026-05-04 02:16:51.390922566,approved,,6
CPT115891,2026-04-30 11:02:19.953325935,approved,,6
CPT110946,,dropped_in_docs,FITNESS,4
CPT119126,,dropped_in_docs,RC,1
CPT100856,2026-05-02 20:56:24.781710753,approved,,6
CPT119782,,dropped_in_docs,FITNESS,4
CPT120669,,dropped_in_docs,DL,0
CPT107088,,dropped_in_docs,DL,0
CPT113086,,dropped_in_docs,FITNESS,4
CPT111363,,dropped_in_docs,DL,0
CPT121782,,dropped_in_docs,FITNESS,4
CPT100861,2026-05-01 03:36:03.404475057,approved,,5
CPT117196,,dropped_in_docs,PERMIT,3
CPT111896,2026-05-02 22:40:53.822381401,approved,,6
CPT109374,,dropped_in_docs,INSURANCE,5
CPT103765,2026-05-03 14:46:01.355475197,approved,,6
CPT107268,,dropped_in_docs,PERMIT,3
CPT120467,,dropped_in_docs,INSURANCE,5
CPT101083,,dropped_in_docs,FITNESS,4
CPT112271,,dropped_in_docs,RC,1
CPT100777,,dropped_in_docs,FITNESS,4
CPT114079,,dropped_in_docs,PERMIT,3
CPT119006,,dropped_in_docs,RC,1
CPT115278,,dropped_in_docs,RC,1
CPT109479,,dropped_in_docs,DL,0
CPT123631,,dropped_in_docs,RC,1
CPT114041,2026-05-02 21:18:54.019947006,approved,,6
CPT117333,,dropped_in_docs,DL,0
CPT122850,2026-05-05 19:03:38.597303224,approved,,6
CPT124797,2026-05-02 08:04:30.790439086,approved,,5
CPT114772,,dropped_in_docs,DL,0
CPT110951,,dropped_in_docs,DL,0
CPT117784,,dropped_in_docs,RC,1
CPT118497,,dropped_in_docs,RC,1
CPT110527,,dropped_in_docs,PERMIT,3
CPT108799,,dropped_in_docs,RC,1
CPT117249,,dropped_in_docs,AADHAAR,2
CPT112149,,dropped_in_docs,FITNESS,4
CPT123906,,dropped_in_docs,RC,1
CPT111197,,dropped_in_docs,RC,1
CPT114327,,dropped_in_docs,DL,0
CPT101091,,dropped_in_docs,RC,1
CPT105114,,dropped_in_docs,AADHAAR,2
CPT104264,,dropped_in_docs,RC,1
CPT114263,,dropped_in_docs,INSURANCE,5
CPT111448,,dropped_in_docs,DL,0
CPT107288,,dropped_in_docs,FITNESS,4
CPT121260,,dropped_in_docs,DL,0
CPT112217,,dropped_in_docs,PERMIT,3
CPT100981,,dropped_in_docs,RC,1
CPT117775,2026-05-02 13:32:37.831187609,approved,,6
CPT103483,,dropped_in_docs,DL,0
CPT102208,2026-05-02 02:52:28.216981214,approved,,6
CPT112716,,dropped_in_docs,RC,1
CPT112152,,dropped_in_docs,INSURANCE,5
CPT123547,,dropped_in_docs,DL,0
CPT118018,,dropped_in_docs,PERMIT,3
CPT113763,2026-05-04 07:58:42.278532487,approved,,6
CPT122276,,dropped_in_docs,RC,1
CPT103879,,dropped_in_docs,INSURANCE,5
CPT104088,,dropped_in_docs,DL,0
CPT100164,2026-04-30 20:18:18.986631772,approved,,6
CPT112036,2026-05-01 05:09:40.719715695,approved,,5
CPT109887,2026-05-03 18:31:27.619404477,approved,,6
CPT112877,,dropped_in_docs,AADHAAR,2
CPT119959,,dropped_in_docs,AADHAAR,2
CPT122028,,dropped_in_docs,PERMIT,3
CPT115634,,dropped_in_docs,RC,1
CPT110052,,dropped_in_docs,DL,0
CPT110034,,dropped_in_docs,PERMIT,3
CPT117429,,dropped_in_docs,PERMIT,3
CPT103584,,dropped_in_docs,DL,0
CPT118933,,dropped_in_docs,FITNESS,4
CPT124026,2026-05-04 13:47:22.044787147,approved,,5
CPT118450,,dropped_in_docs,FITNESS,4
CPT119279,2026-05-07 19:01:44.415768663,approved,,6
CPT102024,,dropped_in_docs,PERMIT,3
CPT107366,,dropped_in_docs,DL,0
CPT120341,,dropped_in_docs,AADHAAR,2
CPT124368,,dropped_in_docs,PERMIT,3
CPT120888,,dropped_in_docs,INSURANCE,5
CPT123624,,dropped_in_docs,PERMIT,3
CPT106204,,dropped_in_docs,INSURANCE,5
CPT103771,2026-05-05 04:44:14.580765315,approved,,6
CPT121522,,dropped_in_docs,DL,0
CPT110104,,dropped_in_docs,PERMIT,3
CPT119878,,dropped_in_docs,FITNESS,4
CPT103469,,dropped_in_docs,INSURANCE,5
CPT108281,2026-05-03 08:00:14.513179966,approved,,6
CPT100202,,dropped_in_docs,PERMIT,3
CPT122545,,dropped_in_docs,DL,0
CPT123575,2026-05-06 06:16:36.712832225,approved,,5
CPT122248,2026-05-04 06:15:44.510838524,approved,,6
CPT114001,,dropped_in_docs,FITNESS,4
CPT112993,,dropped_in_docs,DL,0
CPT119451,,dropped_in_docs,DL,0
CPT103059,,dropped_in_docs,INSURANCE,5
CPT116101,,dropped_in_docs,DL,0
CPT113016,,dropped_in_docs,PERMIT,3
CPT104478,,dropped_in_docs,INSURANCE,5
CPT122215,,dropped_in_docs,DL,0
CPT111541,,dropped_in_docs,RC,1
CPT118666,,dropped_in_docs,DL,0
CPT113681,2026-05-02 09:27:33.850131394,approved,,5
CPT100793,2026-05-02 11:14:56.814633148,approved,,6
CPT101376,,dropped_in_docs,FITNESS,4
CPT124278,,dropped_in_docs,RC,1
CPT123095,,dropped_in_docs,PERMIT,3
CPT106172,,dropped_in_docs,PERMIT,3
CPT123103,,dropped_in_docs,RC,1
CPT118215,,dropped_in_docs,PERMIT,3
CPT104819,,dropped_in_docs,INSURANCE,5
CPT116326,,dropped_in_docs,RC,1
CPT121670,,dropped_in_docs,INSURANCE,5
CPT100593,2026-05-02 04:48:00.415626216,approved,,6
CPT102068,,dropped_in_docs,AADHAAR,2
CPT101855,,dropped_in_docs,PERMIT,3
CPT103301,,dropped_in_docs,AADHAAR,2
CPT111785,2026-05-02 09:19:29.009028501,approved,,5
CPT113199,,dropped_in_docs,RC,1
CPT112977,,dropped_in_docs,INSURANCE,5
CPT107582,,dropped_in_docs,RC,1
CPT112270,2026-05-03 17:22:01.187187198,approved,,6
CPT103148,,dropped_in_docs,AADHAAR,2
CPT118559,2026-05-02 01:09:14.697182557,approved,,6
CPT108970,,dropped_in_docs,DL,0
CPT113805,2026-05-03 16:21:15.209167379,rejected,duplicate_captain,6
CPT115561,2026-05-06 11:38:06.036831804,approved,,6
CPT114834,,dropped_in_docs,INSURANCE,5
CPT108789,,dropped_in_docs,DL,0
CPT107703,,dropped_in_docs,FITNESS,4
CPT124195,,dropped_in_docs,PERMIT,3
CPT107758,2026-05-03 13:07:26.874513510,rejected,background_check_failed,6
CPT124495,,dropped_in_docs,PERMIT,3
CPT117001,,dropped_in_docs,DL,0
CPT107999,,dropped_in_docs,PERMIT,3
CPT104026,,dropped_in_docs,RC,1
CPT112060,,dropped_in_docs,DL,0
CPT103123,,dropped_in_docs,RC,1
CPT102854,2026-05-01 05:20:54.975984134,approved,,6
CPT111730,,dropped_in_docs,RC,1
CPT114989,2026-05-04 09:54:31.346112822,approved,,6
CPT122125,,dropped_in_docs,PERMIT,3
CPT115913,,dropped_in_docs,DL,0
CPT118499,,dropped_in_docs,INSURANCE,5
CPT114354,,dropped_in_docs,RC,1
CPT105984,,dropped_in_docs,RC,1
CPT118998,,dropped_in_docs,DL,0
CPT106330,,dropped_in_docs,FITNESS,4
CPT106062,,dropped_in_docs,RC,1
CPT102729,,dropped_in_docs,INSURANCE,5
CPT105869,,dropped_in_docs,AADHAAR,2
CPT103845,,dropped_in_docs,INSURANCE,5
CPT114538,,dropped_in_docs,PERMIT,3
CPT117993,2026-05-03 12:12:55.789799068,approved,,6
CPT110592,,dropped_in_docs,PERMIT,3
CPT105992,,dropped_in_docs,INSURANCE,5
CPT114076,,dropped_in_docs,RC,1
CPT109811,,dropped_in_docs,RC,1
CPT115020,,dropped_in_docs,DL,0
CPT121476,,dropped_in_docs,DL,0
CPT106462,,dropped_in_docs,PERMIT,3
CPT123273,,dropped_in_docs,INSURANCE,5
CPT102792,,dropped_in_docs,DL,0
CPT100224,2026-05-03 06:42:03.615450800,approved,,6
CPT100845,,dropped_in_docs,RC,1
CPT109668,,dropped_in_docs,FITNESS,4
CPT110686,,dropped_in_docs,DL,0
CPT104047,,dropped_in_docs,RC,1
CPT102488,,dropped_in_docs,RC,1
CPT109583,2026-05-05 13:17:02.021241590,approved,,6
CPT124948,,dropped_in_docs,DL,0
CPT111299,,dropped_in_docs,RC,1
CPT100635,,dropped_in_docs,RC,1
CPT118618,2026-05-04 11:19:33.917938093,approved,,6
CPT119093,2026-05-04 02:18:36.625635749,approved,,6
CPT117032,,dropped_in_docs,DL,0
CPT108113,,dropped_in_docs,RC,1
CPT121126,,dropped_in_docs,RC,1
CPT120478,,dropped_in_docs,PERMIT,3
CPT119259,,dropped_in_docs,PERMIT,3
CPT104479,,dropped_in_docs,PERMIT,3
CPT107555,2026-05-04 07:40:32.033611869,approved,,6
CPT120961,,dropped_in_docs,FITNESS,4
CPT115160,,dropped_in_docs,PERMIT,3
CPT112263,2026-05-03 05:48:33.672276721,approved,,5
CPT101168,,dropped_in_docs,FITNESS,4
CPT111198,,dropped_in_docs,RC,1
CPT122089,,dropped_in_docs,RC,1
CPT102577,,dropped_in_docs,PERMIT,3
CPT108828,,dropped_in_docs,RC,1
CPT102630,,dropped_in_docs,PERMIT,3
CPT120696,,dropped_in_docs,INSURANCE,5
CPT118133,,dropped_in_docs,RC,1
CPT112443,,dropped_in_docs,DL,0
CPT124543,2026-05-03 03:11:14.062120238,approved,,5
CPT118058,,dropped_in_docs,PERMIT,3
CPT104707,,dropped_in_docs,RC,1
CPT115564,,dropped_in_docs,AADHAAR,2
CPT108435,,dropped_in_docs,PERMIT,3
CPT123564,,dropped_in_docs,DL,0
CPT116483,2026-05-04 10:29:43.911781022,approved,,5
CPT106215,,dropped_in_docs,AADHAAR,2
CPT113640,,dropped_in_docs,AADHAAR,2
CPT106493,,dropped_in_docs,RC,1
CPT118801,,dropped_in_docs,DL,0
CPT106227,,dropped_in_docs,INSURANCE,5
CPT122517,,dropped_in_docs,INSURANCE,5
CPT116013,,dropped_in_docs,INSURANCE,5
CPT118137,,dropped_in_docs,RC,1
CPT122632,,dropped_in_docs,INSURANCE,5
CPT123330,,dropped_in_docs,RC,1
CPT114889,,dropped_in_docs,DL,0
CPT102511,,dropped_in_docs,RC,1
CPT102868,,dropped_in_docs,PERMIT,3
CPT110084,,dropped_in_docs,PERMIT,3
CPT101341,,dropped_in_docs,RC,1
CPT105824,,dropped_in_docs,AADHAAR,2
CPT107119,,dropped_in_docs,DL,0
CPT108833,2026-05-02 01:16:11.703109931,approved,,5
CPT108284,,dropped_in_docs,RC,1
CPT102476,,dropped_in_docs,INSURANCE,5
CPT118141,2026-05-05 04:14:02.039870380,approved,,5
CPT110357,,dropped_in_docs,RC,1
CPT109232,2026-05-07 15:49:14.922862497,approved,,6
CPT112325,,dropped_in_docs,PERMIT,3
CPT105273,,dropped_in_docs,DL,0
CPT103644,,dropped_in_docs,INSURANCE,5
CPT106894,,dropped_in_docs,FITNESS,4
CPT116271,,dropped_in_docs,FITNESS,4
CPT113347,,dropped_in_docs,FITNESS,4
CPT117216,,dropped_in_docs,AADHAAR,2
CPT114225,,dropped_in_docs,PERMIT,3
CPT117528,,dropped_in_docs,DL,0
CPT101247,,dropped_in_docs,FITNESS,4
CPT118152,,dropped_in_docs,RC,1
CPT117798,,dropped_in_docs,AADHAAR,2
CPT117036,2026-05-04 02:06:31.030259722,approved,,6
CPT114619,2026-05-06 06:59:35.299746030,approved,,6
CPT107953,,dropped_in_docs,FITNESS,4
CPT111441,2026-05-04 15:42:14.515334070,approved,,6
CPT111992,,dropped_in_docs,FITNESS,4
CPT118167,2026-05-05 10:10:43.666450616,approved,,6
CPT105398,,dropped_in_docs,DL,0
CPT108576,2026-05-03 11:06:12.121183879,approved,,6
CPT103761,,dropped_in_docs,INSURANCE,5
CPT123363,,dropped_in_docs,FITNESS,4
CPT118028,,dropped_in_docs,FITNESS,4
CPT120244,,dropped_in_docs,RC,1
CPT118508,2026-05-06 08:12:17.978506829,approved,,5
CPT117581,,dropped_in_docs,FITNESS,4
CPT108180,2026-05-04 03:17:07.097634047,approved,,5
CPT111264,,dropped_in_docs,RC,1
CPT123859,2026-05-05 08:37:17.359548262,approved,,6
CPT118986,,dropped_in_docs,RC,1
CPT112013,,dropped_in_docs,AADHAAR,2
CPT106186,2026-05-05 21:36:09.163399095,approved,,6
CPT100022,,dropped_in_docs,PERMIT,3
CPT107091,,dropped_in_docs,RC,1
CPT102279,,dropped_in_docs,FITNESS,4
CPT109480,2026-05-05 04:47:08.496359612,approved,,6
CPT115620,,dropped_in_docs,PERMIT,3
CPT120862,,dropped_in_docs,FITNESS,4
CPT104542,2026-05-08 03:20:36.084284967,rejected,doc_authenticity_flag,6
CPT105443,,dropped_in_docs,DL,0
CPT102339,,dropped_in_docs,INSURANCE,5
CPT102347,,dropped_in_docs,INSURANCE,5
CPT121669,,dropped_in_docs,RC,1
CPT104148,,dropped_in_docs,RC,1
CPT123191,,dropped_in_docs,INSURANCE,5
CPT119899,,dropped_in_docs,RC,1
CPT116662,,dropped_in_docs,AADHAAR,2
CPT106369,,dropped_in_docs,INSURANCE,5
CPT112137,,dropped_in_docs,RC,1
CPT112702,2026-05-05 00:23:58.763463449,approved,,6
CPT101315,,dropped_in_docs,FITNESS,4
CPT104980,,dropped_in_docs,PERMIT,3
CPT100567,,dropped_in_docs,INSURANCE,5
CPT111963,,dropped_in_docs,RC,1
CPT110436,,dropped_in_docs,INSURANCE,5
CPT121208,,dropped_in_docs,INSURANCE,5
CPT121470,,dropped_in_docs,PERMIT,3
CPT123599,,dropped_in_docs,PERMIT,3
CPT111185,,dropped_in_docs,PERMIT,3
CPT121804,,dropped_in_docs,DL,0
CPT120675,2026-05-06 06:52:47.040455588,approved,,6
CPT118781,2026-05-04 06:02:17.300247307,approved,,6
CPT112038,,dropped_in_docs,PERMIT,3
CPT107286,2026-05-03 09:38:44.585097705,approved,,6
CPT109694,2026-05-03 18:10:58.256576491,approved,,6
CPT114140,,dropped_in_docs,RC,1
CPT116896,2026-05-07 10:21:28.715425312,approved,,5
CPT100588,,dropped_in_docs,RC,1
CPT111825,,dropped_in_docs,FITNESS,4
CPT108966,,dropped_in_docs,DL,0
CPT120424,,dropped_in_docs,FITNESS,4
CPT124497,,dropped_in_docs,RC,1
CPT103938,,dropped_in_docs,DL,0
CPT124915,,dropped_in_docs,PERMIT,3
CPT114561,2026-05-04 23:55:40.933012214,approved,,6
CPT117160,,dropped_in_docs,RC,1
CPT106939,,dropped_in_docs,RC,1
CPT102633,2026-05-05 03:39:32.598082870,approved,,6
CPT117691,,dropped_in_docs,AADHAAR,2
CPT104768,,dropped_in_docs,RC,1
CPT116653,,dropped_in_docs,DL,0
CPT117285,2026-05-04 18:48:49.755466781,approved,,6
CPT120522,2026-05-02 09:01:37.144197955,approved,,5
CPT106790,,dropped_in_docs,RC,1
CPT110849,,dropped_in_docs,RC,1
CPT109494,2026-05-06 00:40:17.888541150,approved,,5
CPT113919,,dropped_in_docs,PERMIT,3
CPT104671,,dropped_in_docs,PERMIT,3
CPT108501,,dropped_in_docs,FITNESS,4
CPT102502,,dropped_in_docs,INSURANCE,5
CPT115916,,dropped_in_docs,FITNESS,4
CPT122477,,dropped_in_docs,RC,1
CPT105066,,dropped_in_docs,FITNESS,4
CPT120933,,dropped_in_docs,PERMIT,3
CPT105736,2026-05-07 18:25:19.718091681,approved,,6
CPT106384,,dropped_in_docs,INSURANCE,5
CPT107550,,dropped_in_docs,INSURANCE,5
CPT111357,,dropped_in_docs,AADHAAR,2
CPT123688,,dropped_in_docs,RC,1
CPT105610,,dropped_in_docs,PERMIT,3
CPT112327,2026-05-06 08:03:12.592894681,approved,,5
CPT109368,,dropped_in_docs,FITNESS,4
CPT101156,,dropped_in_docs,AADHAAR,2
CPT122834,,dropped_in_docs,RC,1
CPT118663,,dropped_in_docs,FITNESS,4
CPT124066,2026-05-06 09:51:36.082405311,approved,,5
CPT118325,,dropped_in_docs,FITNESS,4
CPT105955,,dropped_in_docs,PERMIT,3
CPT121787,,dropped_in_docs,PERMIT,3
CPT106329,,dropped_in_docs,DL,0
CPT110804,,dropped_in_docs,INSURANCE,5
CPT117379,,dropped_in_docs,INSURANCE,5
CPT105779,,dropped_in_docs,RC,1
CPT124449,,dropped_in_docs,DL,0
CPT115984,,dropped_in_docs,AADHAAR,2
CPT123666,,dropped_in_docs,PERMIT,3
CPT105535,,dropped_in_docs,FITNESS,4
CPT118803,,dropped_in_docs,RC,1
CPT106460,,dropped_in_docs,PERMIT,3
CPT106232,,dropped_in_docs,PERMIT,3
CPT100898,,dropped_in_docs,RC,1
CPT118548,,dropped_in_docs,FITNESS,4
CPT123878,,dropped_in_docs,FITNESS,4
CPT122479,,dropped_in_docs,RC,1
CPT112544,2026-05-06 15:42:33.330209449,rejected,doc_authenticity_flag,6
CPT103568,2026-05-04 02:28:59.170519777,approved,,5
CPT113996,,dropped_in_docs,AADHAAR,2
CPT114392,,dropped_in_docs,INSURANCE,5
CPT121646,2026-05-03 23:31:47.922795078,approved,,6
CPT102500,,dropped_in_docs,INSURANCE,5
CPT101270,,dropped_in_docs,PERMIT,3
CPT119611,,dropped_in_docs,RC,1
CPT118742,,dropped_in_docs,RC,1
CPT106943,,dropped_in_docs,FITNESS,4
CPT116209,,dropped_in_docs,AADHAAR,2
CPT114956,,dropped_in_docs,RC,1
CPT122242,,dropped_in_docs,FITNESS,4
CPT107663,,dropped_in_docs,RC,1
CPT111533,,dropped_in_docs,AADHAAR,2
CPT102843,,dropped_in_docs,FITNESS,4
CPT103902,2026-05-05 18:00:08.833663326,approved,,6
CPT100948,,dropped_in_docs,AADHAAR,2
CPT118001,,dropped_in_docs,PERMIT,3
CPT110223,,dropped_in_docs,RC,1
CPT113398,,dropped_in_docs,PERMIT,3
CPT103666,2026-05-07 03:49:27.494421660,approved,,6
CPT119850,,dropped_in_docs,AADHAAR,2
CPT122091,2026-05-10 01:13:12.788418957,approved,,6
CPT117776,,dropped_in_docs,FITNESS,4
CPT101613,,dropped_in_docs,RC,1
CPT100018,,dropped_in_docs,INSURANCE,5
CPT110030,,dropped_in_docs,DL,0
CPT105276,,dropped_in_docs,PERMIT,3
CPT110773,,dropped_in_docs,FITNESS,4
CPT115692,2026-05-05 04:51:33.506184058,approved,,6
CPT110168,,dropped_in_docs,INSURANCE,5
CPT104987,,dropped_in_docs,PERMIT,3
CPT124259,,dropped_in_docs,PERMIT,3
CPT110024,,dropped_in_docs,FITNESS,4
CPT122636,,dropped_in_docs,RC,1
CPT105016,,dropped_in_docs,RC,1
CPT105209,,dropped_in_docs,RC,1
CPT123969,,dropped_in_docs,RC,1
CPT105602,,dropped_in_docs,DL,0
CPT113308,,dropped_in_docs,FITNESS,4
CPT111852,,dropped_in_docs,RC,1
CPT108794,,dropped_in_docs,INSURANCE,5
CPT105203,,dropped_in_docs,AADHAAR,2
CPT124017,,dropped_in_docs,AADHAAR,2
CPT102560,2026-05-03 18:55:54.691727727,approved,,5
CPT119976,,dropped_in_docs,PERMIT,3
CPT107122,,dropped_in_docs,PERMIT,3
CPT123930,,dropped_in_docs,AADHAAR,2
CPT117140,,dropped_in_docs,RC,1
CPT112412,,dropped_in_docs,PERMIT,3
CPT103610,,dropped_in_docs,FITNESS,4
CPT119583,,dropped_in_docs,RC,1
CPT105716,,dropped_in_docs,RC,1
CPT103495,,dropped_in_docs,FITNESS,4
CPT103224,,dropped_in_docs,PERMIT,3
CPT115859,,dropped_in_docs,INSURANCE,5
CPT119598,,dropped_in_docs,RC,1
CPT112779,,dropped_in_docs,RC,1
CPT123993,2026-05-08 12:38:44.364148563,approved,,6
CPT112837,2026-05-04 18:49:00.066497679,approved,,5
CPT119520,,dropped_in_docs,RC,1
CPT109118,,dropped_in_docs,INSURANCE,5
CPT115335,,dropped_in_docs,FITNESS,4
CPT119176,,dropped_in_docs,DL,0
CPT117749,,dropped_in_docs,PERMIT,3
CPT118379,,dropped_in_docs,RC,1
CPT124400,,dropped_in_docs,INSURANCE,5
CPT102832,,dropped_in_docs,RC,1
CPT111374,,dropped_in_docs,INSURANCE,5
CPT120693,,dropped_in_docs,PERMIT,3
CPT113798,,dropped_in_docs,FITNESS,4
CPT123913,,dropped_in_docs,AADHAAR,2
CPT106732,,dropped_in_docs,RC,1
CPT101353,,dropped_in_docs,PERMIT,3
CPT112605,,dropped_in_docs,RC,1
CPT114059,2026-05-07 06:21:18.638600142,approved,,6
CPT122225,2026-05-06 11:50:21.552367090,approved,,5
CPT116482,,dropped_in_docs,INSURANCE,5
CPT100451,,dropped_in_docs,RC,1
CPT108136,,dropped_in_docs,INSURANCE,5
CPT119090,,dropped_in_docs,INSURANCE,5
CPT118362,,dropped_in_docs,DL,0
CPT111206,,dropped_in_docs,FITNESS,4
CPT109340,2026-05-04 03:01:37.924929287,approved,,6
CPT112532,2026-05-06 06:55:18.061103038,approved,,6
CPT109063,,dropped_in_docs,PERMIT,3
CPT113560,,dropped_in_docs,RC,1
CPT111015,2026-05-04 00:43:43.453229029,approved,,5
CPT108098,,dropped_in_docs,PERMIT,3
CPT116901,,dropped_in_docs,RC,1
CPT123582,,dropped_in_docs,RC,1
CPT121232,,dropped_in_docs,RC,1
CPT115816,,dropped_in_docs,INSURANCE,5
CPT104993,2026-05-06 16:00:10.635304423,approved,,6
CPT124155,,dropped_in_docs,RC,1
CPT122398,,dropped_in_docs,INSURANCE,5
CPT116815,,dropped_in_docs,FITNESS,4
CPT115142,,dropped_in_docs,PERMIT,3
CPT102092,,dropped_in_docs,INSURANCE,5
CPT121142,,dropped_in_docs,RC,1
CPT116385,,dropped_in_docs,AADHAAR,2
CPT106524,2026-05-06 03:14:15.060296897,approved,,6
CPT106608,,dropped_in_docs,AADHAAR,2
CPT122662,,dropped_in_docs,PERMIT,3
CPT112110,,dropped_in_docs,DL,0
CPT109037,2026-05-05 08:10:21.267697713,approved,,5
CPT123808,,dropped_in_docs,DL,0
CPT118921,2026-05-07 19:45:08.792829181,approved,,6
CPT103149,,dropped_in_docs,RC,1
CPT118092,,dropped_in_docs,INSURANCE,5
CPT122483,,dropped_in_docs,RC,1
CPT118200,,dropped_in_docs,PERMIT,3
CPT115928,,dropped_in_docs,INSURANCE,5
CPT100990,,dropped_in_docs,FITNESS,4
CPT111870,,dropped_in_docs,FITNESS,4
CPT121890,,dropped_in_docs,FITNESS,4
CPT124217,,dropped_in_docs,FITNESS,4
CPT102796,,dropped_in_docs,DL,0
CPT115791,,dropped_in_docs,RC,1
CPT117055,,dropped_in_docs,RC,1
CPT117422,2026-05-06 14:58:02.461635163,approved,,5
CPT107987,2026-05-06 16:32:38.908317815,approved,,6
CPT112896,,dropped_in_docs,INSURANCE,5
CPT121851,,dropped_in_docs,RC,1
CPT113296,,dropped_in_docs,RC,1
CPT113538,,dropped_in_docs,AADHAAR,2
CPT110207,,dropped_in_docs,RC,1
CPT103437,,dropped_in_docs,FITNESS,4
CPT116695,,dropped_in_docs,AADHAAR,2
CPT105897,,dropped_in_docs,FITNESS,4
CPT115437,,dropped_in_docs,FITNESS,4
CPT114338,,dropped_in_docs,RC,1
CPT118051,,dropped_in_docs,PERMIT,3
CPT116295,2026-05-05 06:12:00.465429226,approved,,6
CPT122894,2026-05-04 14:09:39.741173747,approved,,5
CPT101324,,dropped_in_docs,PERMIT,3
CPT100542,,dropped_in_docs,RC,1
CPT123996,,dropped_in_docs,PERMIT,3
CPT101773,,dropped_in_docs,PERMIT,3
CPT104049,,dropped_in_docs,RC,1
CPT114341,,dropped_in_docs,INSURANCE,5
CPT106251,,dropped_in_docs,DL,0
CPT101287,2026-05-07 08:43:22.201034939,approved,,6
CPT119720,2026-05-07 12:42:21.432848687,approved,,6
CPT118923,,dropped_in_docs,RC,1
CPT122156,,dropped_in_docs,PERMIT,3
CPT110803,,dropped_in_docs,INSURANCE,5
CPT104820,2026-05-09 13:07:47.415786962,approved,,6
CPT101383,,dropped_in_docs,AADHAAR,2
CPT101002,,dropped_in_docs,RC,1
CPT112790,,dropped_in_docs,FITNESS,4
CPT100270,2026-05-06 18:33:31.697612143,approved,,6
CPT122963,2026-05-06 05:50:00.294344764,approved,,6
CPT123024,,dropped_in_docs,PERMIT,3
CPT123250,,dropped_in_docs,PERMIT,3
CPT112482,,dropped_in_docs,FITNESS,4
CPT121079,,dropped_in_docs,RC,1
CPT113088,2026-05-05 22:34:38.572309282,approved,,6
CPT124484,2026-05-03 12:21:11.163580335,approved,,6
CPT118759,,dropped_in_docs,INSURANCE,5
CPT113043,,dropped_in_docs,RC,1
CPT114206,,dropped_in_docs,RC,1
CPT115292,2026-05-06 06:19:53.587104349,approved,,6
CPT115210,2026-05-04 12:47:29.379670328,approved,,6
CPT123923,,dropped_in_docs,DL,0
CPT116847,,dropped_in_docs,INSURANCE,5
CPT110402,,dropped_in_docs,PERMIT,3
CPT102871,2026-05-07 01:33:29.178207233,approved,,6
CPT123544,2026-05-07 21:05:15.271537939,approved,,6
CPT112634,2026-05-06 15:03:14.205692161,approved,,6
CPT115941,,dropped_in_docs,AADHAAR,2
CPT108241,,dropped_in_docs,FITNESS,4
CPT110251,,dropped_in_docs,RC,1
CPT120761,2026-05-05 19:20:36.627952210,approved,,5
CPT117613,,dropped_in_docs,PERMIT,3
CPT116863,2026-05-06 02:16:29.769018326,approved,,5
CPT114982,,dropped_in_docs,RC,1
CPT103609,2026-05-04 10:16:42.989533166,approved,,5
CPT102567,,dropped_in_docs,DL,0
CPT123850,2026-05-09 01:03:11.076587117,approved,,6
CPT100709,2026-05-06 11:39:53.455182847,approved,,6
CPT119923,,dropped_in_docs,RC,1
CPT123406,,dropped_in_docs,RC,1
CPT105282,,dropped_in_docs,RC,1
CPT120028,,dropped_in_docs,RC,1
CPT101133,,dropped_in_docs,FITNESS,4
CPT122047,,dropped_in_docs,FITNESS,4
CPT119502,,dropped_in_docs,INSURANCE,5
CPT110172,,dropped_in_docs,RC,1
CPT108178,,dropped_in_docs,RC,1
CPT100637,,dropped_in_docs,RC,1
CPT107673,,dropped_in_docs,RC,1
CPT113955,,dropped_in_docs,PERMIT,3
CPT116669,,dropped_in_docs,RC,1
CPT116688,,dropped_in_docs,PERMIT,3
CPT112647,,dropped_in_docs,PERMIT,3
CPT123387,,dropped_in_docs,PERMIT,3
CPT107495,,dropped_in_docs,INSURANCE,5
CPT111563,,dropped_in_docs,AADHAAR,2
CPT122712,2026-05-05 08:24:16.084884697,approved,,5
CPT107002,,dropped_in_docs,FITNESS,4
CPT114754,,dropped_in_docs,RC,1
CPT102177,,dropped_in_docs,FITNESS,4
CPT101596,,dropped_in_docs,PERMIT,3
CPT120293,,dropped_in_docs,INSURANCE,5
CPT112308,,dropped_in_docs,INSURANCE,5
CPT110429,,dropped_in_docs,FITNESS,4
CPT107129,,dropped_in_docs,RC,1
CPT102325,,dropped_in_docs,RC,1
CPT117161,,dropped_in_docs,FITNESS,4
CPT122279,2026-05-05 23:51:27.200981671,approved,,6
CPT110644,,dropped_in_docs,DL,0
CPT109613,,dropped_in_docs,AADHAAR,2
CPT100213,,dropped_in_docs,DL,0
CPT115512,2026-05-04 10:40:50.098499828,approved,,6
CPT102997,,dropped_in_docs,PERMIT,3
CPT112274,,dropped_in_docs,PERMIT,3
CPT122943,,dropped_in_docs,PERMIT,3
CPT119445,2026-05-08 10:55:04.378681739,approved,,6
CPT104594,,dropped_in_docs,PERMIT,3
CPT106490,,dropped_in_docs,INSURANCE,5
CPT120588,,dropped_in_docs,INSURANCE,5
CPT114817,,dropped_in_docs,FITNESS,4
CPT108232,2026-05-06 05:19:33.664433579,approved,,5
CPT103251,,dropped_in_docs,RC,1
CPT116676,,dropped_in_docs,DL,0
CPT100171,,dropped_in_docs,RC,1
CPT104970,2026-05-06 00:16:35.301418541,approved,,5
CPT122096,2026-05-05 08:10:45.503192319,approved,,5
CPT122816,,dropped_in_docs,RC,1
CPT103450,2026-05-04 05:26:51.993442867,approved,,6
CPT108458,,dropped_in_docs,RC,1
CPT122259,,dropped_in_docs,RC,1
CPT112531,,dropped_in_docs,DL,0
CPT119085,2026-05-04 23:31:31.898504524,approved,,6
CPT118816,,dropped_in_docs,RC,1
CPT106816,2026-05-06 10:37:31.594996379,approved,,6
CPT110490,2026-05-06 16:54:34.200583809,approved,,6
CPT103181,,dropped_in_docs,DL,0
CPT102763,,dropped_in_docs,AADHAAR,2
CPT100028,,dropped_in_docs,FITNESS,4
CPT105085,,dropped_in_docs,DL,0
CPT108223,,dropped_in_docs,RC,1
CPT124405,,dropped_in_docs,PERMIT,3
CPT102138,,dropped_in_docs,PERMIT,3
CPT106776,2026-05-04 02:10:03.724053984,approved,,6
CPT103669,2026-05-09 14:56:53.642737660,approved,,6
CPT112971,,dropped_in_docs,INSURANCE,5
CPT117859,,dropped_in_docs,DL,0
CPT113305,,dropped_in_docs,RC,1
CPT115829,,dropped_in_docs,AADHAAR,2
CPT101523,,dropped_in_docs,PERMIT,3
CPT123315,,dropped_in_docs,FITNESS,4
CPT104230,,dropped_in_docs,DL,0
CPT102021,2026-05-06 17:29:30.192549879,approved,,6
CPT110913,,dropped_in_docs,INSURANCE,5
CPT114005,2026-05-05 04:54:22.124158294,approved,,6
CPT110491,,dropped_in_docs,PERMIT,3
CPT116164,,dropped_in_docs,PERMIT,3
CPT103344,,dropped_in_docs,RC,1
CPT108412,,dropped_in_docs,PERMIT,3
CPT106302,2026-05-05 01:58:18.336491959,rejected,background_check_failed,5
CPT120270,,dropped_in_docs,INSURANCE,5
CPT122642,,dropped_in_docs,FITNESS,4
CPT123984,,dropped_in_docs,DL,0
CPT123181,,dropped_in_docs,RC,1
CPT116712,,dropped_in_docs,INSURANCE,5
CPT100364,,dropped_in_docs,AADHAAR,2
CPT102604,,dropped_in_docs,RC,1
CPT102531,,dropped_in_docs,RC,1
CPT119689,,dropped_in_docs,DL,0
CPT103075,,dropped_in_docs,PERMIT,3
CPT102536,,dropped_in_docs,DL,0
CPT111336,2026-05-04 01:47:47.307769491,approved,,6
CPT116305,2026-05-07 14:28:01.541849578,rejected,vehicle_age_policy,6
CPT100121,,dropped_in_docs,RC,1
CPT109743,,dropped_in_docs,RC,1
CPT114245,2026-05-04 12:53:24.757489577,approved,,6
CPT124630,,dropped_in_docs,PERMIT,3
CPT103387,,dropped_in_docs,DL,0
CPT107038,,dropped_in_docs,RC,1
CPT114010,,dropped_in_docs,RC,1
CPT103119,,dropped_in_docs,RC,1
CPT110255,,dropped_in_docs,RC,1
CPT119425,,dropped_in_docs,DL,0
CPT106075,,dropped_in_docs,PERMIT,3
CPT107185,,dropped_in_docs,RC,1
CPT118287,,dropped_in_docs,FITNESS,4
CPT114292,,dropped_in_docs,PERMIT,3
CPT114712,,dropped_in_docs,INSURANCE,5
CPT121439,,dropped_in_docs,RC,1
CPT105581,,dropped_in_docs,DL,0
CPT105811,,dropped_in_docs,RC,1
CPT112644,,dropped_in_docs,FITNESS,4
CPT112667,,dropped_in_docs,RC,1
CPT108231,,dropped_in_docs,FITNESS,4
CPT121812,,dropped_in_docs,RC,1
CPT118628,2026-05-04 20:42:31.116598377,approved,,6
CPT115508,,dropped_in_docs,RC,1
CPT114203,,dropped_in_docs,DL,0
CPT110365,,dropped_in_docs,RC,1
CPT105042,,dropped_in_docs,INSURANCE,5
CPT113956,,dropped_in_docs,RC,1
CPT113533,,dropped_in_docs,INSURANCE,5
CPT111774,2026-05-07 11:42:03.096681002,approved,,6
CPT101052,,dropped_in_docs,RC,1
CPT108145,,dropped_in_docs,FITNESS,4
CPT113459,,dropped_in_docs,FITNESS,4
CPT122877,,dropped_in_docs,DL,0
CPT121987,,dropped_in_docs,PERMIT,3
CPT111295,2026-05-06 09:35:47.857599763,approved,,5
CPT102007,,dropped_in_docs,AADHAAR,2
CPT110236,,dropped_in_docs,DL,0
CPT115523,,dropped_in_docs,RC,1
CPT115801,,dropped_in_docs,FITNESS,4
CPT104502,,dropped_in_docs,DL,0
CPT114310,2026-05-08 18:51:11.034374576,approved,,6
CPT117768,,dropped_in_docs,RC,1
CPT110435,,dropped_in_docs,AADHAAR,2
CPT105799,,dropped_in_docs,PERMIT,3
CPT103371,,dropped_in_docs,AADHAAR,2
CPT114090,,dropped_in_docs,PERMIT,3
CPT117804,,dropped_in_docs,PERMIT,3
CPT113006,2026-05-08 04:57:35.184339826,approved,,6
CPT119666,,dropped_in_docs,RC,1
CPT114824,,dropped_in_docs,PERMIT,3
CPT104135,,dropped_in_docs,DL,0
CPT110179,2026-05-07 13:07:30.029670777,approved,,6
CPT104636,,dropped_in_docs,PERMIT,3
CPT114384,,dropped_in_docs,DL,0
CPT122629,,dropped_in_docs,PERMIT,3
CPT117634,,dropped_in_docs,PERMIT,3
CPT104717,,dropped_in_docs,PERMIT,3
CPT122166,,dropped_in_docs,RC,1
CPT115167,,dropped_in_docs,INSURANCE,5
CPT100000,,dropped_in_docs,FITNESS,4
CPT116016,,dropped_in_docs,FITNESS,4
CPT117383,,dropped_in_docs,PERMIT,3
CPT124152,,dropped_in_docs,AADHAAR,2
CPT122167,,dropped_in_docs,DL,0
CPT113630,,dropped_in_docs,RC,1
CPT118054,,dropped_in_docs,PERMIT,3
CPT120347,2026-05-06 07:16:22.389783586,approved,,6
CPT100154,2026-05-03 17:29:54.687612845,approved,,5
CPT112772,,dropped_in_docs,RC,1
CPT102012,,dropped_in_docs,RC,1
CPT115781,2026-05-07 03:50:51.686037537,approved,,6
CPT102108,,dropped_in_docs,DL,0
CPT100881,,dropped_in_docs,PERMIT,3
CPT110542,,dropped_in_docs,RC,1
CPT112664,,dropped_in_docs,DL,0
CPT123758,,dropped_in_docs,RC,1
CPT100833,,dropped_in_docs,FITNESS,4
CPT113367,,dropped_in_docs,PERMIT,3
CPT111124,2026-05-10 11:28:26.281213633,approved,,6
CPT107519,,dropped_in_docs,AADHAAR,2
CPT124212,,dropped_in_docs,RC,1
CPT118817,,dropped_in_docs,RC,1
CPT111788,2026-05-06 22:29:06.748075661,approved,,6
CPT101298,,dropped_in_docs,PERMIT,3
CPT114670,,dropped_in_docs,DL,0
CPT119157,,dropped_in_docs,PERMIT,3
CPT106752,,dropped_in_docs,FITNESS,4
CPT121047,2026-05-05 16:51:38.267072090,approved,,5
CPT113130,,dropped_in_docs,PERMIT,3
CPT123579,,dropped_in_docs,DL,0
CPT109884,,dropped_in_docs,RC,1
CPT124165,,dropped_in_docs,RC,1
CPT102305,,dropped_in_docs,AADHAAR,2
CPT100227,,dropped_in_docs,RC,1
CPT118474,2026-05-12 11:36:33.934628824,approved,,6
CPT107141,,dropped_in_docs,DL,0
CPT113908,,dropped_in_docs,INSURANCE,5
CPT116776,,dropped_in_docs,FITNESS,4
CPT103641,,dropped_in_docs,RC,1
CPT117201,,dropped_in_docs,RC,1
CPT102498,,dropped_in_docs,PERMIT,3
CPT105141,,dropped_in_docs,RC,1
CPT121604,,dropped_in_docs,DL,0
CPT113170,,dropped_in_docs,RC,1
CPT110516,,dropped_in_docs,INSURANCE,5
CPT102827,,dropped_in_docs,DL,0
CPT111392,2026-05-09 06:41:59.303546054,approved,,6
CPT102568,,dropped_in_docs,FITNESS,4
CPT108814,,dropped_in_docs,AADHAAR,2
CPT117611,2026-05-07 23:17:18.055035492,approved,,5
CPT106176,,dropped_in_docs,DL,0
CPT114411,,dropped_in_docs,DL,0
CPT121436,,dropped_in_docs,INSURANCE,5
CPT102135,2026-05-07 19:21:03.095240990,approved,,6
CPT108731,,dropped_in_docs,PERMIT,3
CPT122064,,dropped_in_docs,PERMIT,3
CPT100437,,dropped_in_docs,INSURANCE,5
CPT105216,,dropped_in_docs,PERMIT,3
CPT112329,,dropped_in_docs,INSURANCE,5
CPT114664,2026-05-08 21:43:45.569121261,approved,,6
CPT113769,,dropped_in_docs,PERMIT,3
CPT120779,,dropped_in_docs,PERMIT,3
CPT120374,,dropped_in_docs,FITNESS,4
CPT123056,,dropped_in_docs,AADHAAR,2
CPT102525,,dropped_in_docs,RC,1
CPT105745,,dropped_in_docs,FITNESS,4
CPT106047,,dropped_in_docs,AADHAAR,2
CPT104588,2026-05-08 23:44:06.517263224,approved,,6
CPT115137,,dropped_in_docs,PERMIT,3
CPT115439,,dropped_in_docs,RC,1
CPT101973,,dropped_in_docs,RC,1
CPT105236,,dropped_in_docs,RC,1
CPT124528,,dropped_in_docs,INSURANCE,5
CPT109828,,dropped_in_docs,DL,0
CPT112078,,dropped_in_docs,DL,0
CPT120082,,dropped_in_docs,AADHAAR,2
CPT124787,,dropped_in_docs,PERMIT,3
CPT105336,,dropped_in_docs,AADHAAR,2
CPT111523,,dropped_in_docs,AADHAAR,2
CPT109258,2026-05-05 22:15:16.114364658,approved,,6
CPT118153,,dropped_in_docs,INSURANCE,5
CPT119084,,dropped_in_docs,RC,1
CPT118507,2026-05-09 09:23:46.067517229,approved,,6
CPT100642,,dropped_in_docs,FITNESS,4
CPT110193,,dropped_in_docs,FITNESS,4
CPT112526,2026-05-08 14:31:29.004328629,approved,,6
CPT122078,,dropped_in_docs,INSURANCE,5
CPT107335,,dropped_in_docs,PERMIT,3
CPT122774,2026-05-08 11:47:17.202753690,approved,,6
CPT123511,,dropped_in_docs,RC,1
CPT118830,,dropped_in_docs,FITNESS,4
CPT118664,,dropped_in_docs,INSURANCE,5
CPT100172,2026-05-06 17:33:50.396246706,approved,,5
CPT104983,,dropped_in_docs,DL,0
CPT120306,2026-05-07 17:19:04.076401706,approved,,6
CPT110702,,dropped_in_docs,RC,1
CPT108546,,dropped_in_docs,RC,1
CPT106876,,dropped_in_docs,AADHAAR,2
CPT124356,,dropped_in_docs,INSURANCE,5
CPT100525,,dropped_in_docs,PERMIT,3
CPT112953,,dropped_in_docs,FITNESS,4
CPT104615,2026-05-07 12:52:29.039507448,approved,,6
CPT120840,,dropped_in_docs,RC,1
CPT105320,,dropped_in_docs,AADHAAR,2
CPT101939,,dropped_in_docs,PERMIT,3
CPT101516,2026-05-08 10:13:04.429616663,approved,,6
CPT115647,,dropped_in_docs,FITNESS,4
CPT114961,,dropped_in_docs,RC,1
CPT105891,,dropped_in_docs,AADHAAR,2
CPT106603,,dropped_in_docs,FITNESS,4
CPT117213,,dropped_in_docs,DL,0
CPT114495,,dropped_in_docs,DL,0
CPT100839,,dropped_in_docs,DL,0
CPT122476,,dropped_in_docs,FITNESS,4
CPT100888,,dropped_in_docs,RC,1
CPT124189,,dropped_in_docs,PERMIT,3
CPT105821,,dropped_in_docs,DL,0
CPT120757,,dropped_in_docs,PERMIT,3
CPT123914,,dropped_in_docs,AADHAAR,2
CPT121603,,dropped_in_docs,RC,1
CPT122141,,dropped_in_docs,PERMIT,3
CPT106363,,dropped_in_docs,PERMIT,3
CPT108092,,dropped_in_docs,INSURANCE,5
CPT113273,2026-05-09 11:52:59.529507519,approved,,6
CPT116331,,dropped_in_docs,RC,1
CPT104500,2026-05-06 22:59:42.884245928,approved,,6
CPT112241,,dropped_in_docs,FITNESS,4
CPT106933,,dropped_in_docs,RC,1
CPT107804,,dropped_in_docs,RC,1
CPT124466,,dropped_in_docs,FITNESS,4
CPT121864,,dropped_in_docs,INSURANCE,5
CPT120398,,dropped_in_docs,PERMIT,3
CPT117340,,dropped_in_docs,FITNESS,4
CPT106475,2026-05-06 21:09:44.227442862,approved,,6
CPT103094,2026-05-09 01:55:24.151871714,approved,,6
CPT110678,,dropped_in_docs,RC,1
CPT105425,2026-05-08 11:06:24.295942783,approved,,6
CPT104850,,dropped_in_docs,FITNESS,4
CPT121883,,dropped_in_docs,PERMIT,3
CPT123261,,dropped_in_docs,DL,0
CPT124869,,dropped_in_docs,PERMIT,3
CPT101903,,dropped_in_docs,INSURANCE,5
CPT115548,,dropped_in_docs,RC,1
CPT109373,,dropped_in_docs,RC,1
CPT117881,,dropped_in_docs,PERMIT,3
CPT111404,2026-05-09 04:08:30.434932376,approved,,6
CPT102875,,dropped_in_docs,FITNESS,4
CPT103951,,dropped_in_docs,PERMIT,3
CPT119470,2026-05-08 13:27:05.881532015,approved,,6
CPT108506,,dropped_in_docs,INSURANCE,5
CPT115820,,dropped_in_docs,AADHAAR,2
CPT117166,2026-05-08 15:41:48.014946663,approved,,6
CPT108197,,dropped_in_docs,PERMIT,3
CPT105099,,dropped_in_docs,INSURANCE,5
CPT107834,,dropped_in_docs,RC,1
CPT109297,,dropped_in_docs,AADHAAR,2
CPT115764,,dropped_in_docs,PERMIT,3
CPT121183,,dropped_in_docs,INSURANCE,5
CPT119585,,dropped_in_docs,FITNESS,4
CPT114383,2026-05-12 10:31:02.146362053,approved,,5
CPT120327,2026-05-07 13:49:12.764722761,approved,,5
CPT108660,,dropped_in_docs,AADHAAR,2
CPT110873,,dropped_in_docs,INSURANCE,5
CPT115825,,dropped_in_docs,RC,1
CPT120242,2026-05-11 10:42:25.631628292,approved,,6
CPT100904,,dropped_in_docs,FITNESS,4
CPT111633,,dropped_in_docs,PERMIT,3
CPT106146,,dropped_in_docs,RC,1
CPT108954,,dropped_in_docs,INSURANCE,5
CPT106600,,dropped_in_docs,RC,1
CPT104807,,dropped_in_docs,DL,0
CPT115667,,dropped_in_docs,RC,1
CPT115699,2026-05-09 21:15:15.404663952,approved,,6
CPT116204,,dropped_in_docs,DL,0
CPT107959,,dropped_in_docs,RC,1
CPT106301,,dropped_in_docs,RC,1
CPT115844,,dropped_in_docs,FITNESS,4
CPT113280,,dropped_in_docs,FITNESS,4
CPT121978,,dropped_in_docs,INSURANCE,5
CPT107413,,dropped_in_docs,PERMIT,3
CPT100044,2026-05-07 15:01:14.370807769,approved,,6
CPT121560,,dropped_in_docs,INSURANCE,5
CPT124395,,dropped_in_docs,RC,1
CPT101068,,dropped_in_docs,RC,1
CPT122088,2026-05-13 22:28:10.177293139,rejected,doc_authenticity_flag,6
CPT106890,,dropped_in_docs,PERMIT,3
CPT119871,,dropped_in_docs,AADHAAR,2
CPT111171,,dropped_in_docs,FITNESS,4
CPT113602,,dropped_in_docs,RC,1
CPT117583,,dropped_in_docs,DL,0
CPT100521,,dropped_in_docs,RC,1
CPT100061,,dropped_in_docs,PERMIT,3
CPT107748,,dropped_in_docs,AADHAAR,2
CPT100300,,dropped_in_docs,DL,0
CPT123094,2026-05-08 23:15:25.391004632,approved,,5
CPT112729,,dropped_in_docs,PERMIT,3
CPT116020,,dropped_in_docs,INSURANCE,5
CPT103256,,dropped_in_docs,FITNESS,4
CPT100551,,dropped_in_docs,RC,1
CPT113384,,dropped_in_docs,FITNESS,4
CPT109248,,dropped_in_docs,AADHAAR,2
CPT100223,,dropped_in_docs,RC,1
CPT124249,,dropped_in_docs,FITNESS,4
CPT105159,,dropped_in_docs,INSURANCE,5
CPT108253,,dropped_in_docs,RC,1
CPT104938,,dropped_in_docs,PERMIT,3
CPT111342,2026-05-09 20:21:14.444393507,approved,,6
CPT109301,2026-05-07 15:39:28.700537202,approved,,5
CPT113898,,dropped_in_docs,RC,1
CPT120551,,dropped_in_docs,DL,0
CPT109889,,dropped_in_docs,DL,0
CPT112593,2026-05-08 00:56:17.759346133,rejected,doc_authenticity_flag,6
CPT101336,,dropped_in_docs,INSURANCE,5
CPT113332,,dropped_in_docs,RC,1
CPT105895,,dropped_in_docs,FITNESS,4
CPT122264,,dropped_in_docs,DL,0
CPT113230,,dropped_in_docs,FITNESS,4
CPT110398,,dropped_in_docs,RC,1
CPT124652,,dropped_in_docs,PERMIT,3
CPT117503,,dropped_in_docs,FITNESS,4
CPT113080,,dropped_in_docs,DL,0
CPT101852,2026-05-06 16:29:27.831951472,rejected,doc_authenticity_flag,5
CPT102818,2026-05-09 06:09:24.079197036,approved,,6
CPT114484,,dropped_in_docs,DL,0
CPT114904,,dropped_in_docs,DL,0
CPT119443,,dropped_in_docs,RC,1
CPT110616,2026-05-07 09:38:24.914330803,approved,,6
CPT101531,,dropped_in_docs,DL,0
CPT111547,,dropped_in_docs,PERMIT,3
CPT108815,,dropped_in_docs,PERMIT,3
CPT119544,,dropped_in_docs,INSURANCE,5
CPT124444,,dropped_in_docs,DL,0
CPT109758,,dropped_in_docs,DL,0
CPT114128,,dropped_in_docs,INSURANCE,5
CPT115596,,dropped_in_docs,AADHAAR,2
CPT109150,,dropped_in_docs,RC,1
CPT108968,2026-05-07 15:12:25.964890093,approved,,6
CPT106374,2026-05-08 00:45:04.640823950,rejected,background_check_failed,6
CPT101183,2026-05-08 21:39:46.784220180,approved,,6
CPT117482,2026-05-09 13:40:57.962930025,approved,,6
CPT103712,,dropped_in_docs,INSURANCE,5
CPT114614,,dropped_in_docs,FITNESS,4
CPT116338,,dropped_in_docs,DL,0
CPT113875,,dropped_in_docs,AADHAAR,2
CPT102770,,dropped_in_docs,INSURANCE,5
CPT104576,,dropped_in_docs,INSURANCE,5
CPT123106,,dropped_in_docs,PERMIT,3
CPT114524,,dropped_in_docs,RC,1
CPT109409,,dropped_in_docs,FITNESS,4
CPT111821,,dropped_in_docs,PERMIT,3
CPT119567,,dropped_in_docs,RC,1
CPT108163,,dropped_in_docs,RC,1
CPT121361,2026-05-09 16:18:06.367015340,approved,,6
CPT108581,2026-05-07 20:01:37.776319659,approved,,6
CPT106312,,dropped_in_docs,DL,0
CPT104451,,dropped_in_docs,FITNESS,4
CPT106991,,dropped_in_docs,PERMIT,3
CPT115796,,dropped_in_docs,PERMIT,3
CPT106762,,dropped_in_docs,FITNESS,4
CPT110528,,dropped_in_docs,RC,1
CPT122267,2026-05-07 06:22:08.716857836,approved,,6
CPT101636,2026-05-08 00:02:50.012094911,rejected,doc_authenticity_flag,6
CPT111512,,dropped_in_docs,AADHAAR,2
CPT111801,,dropped_in_docs,PERMIT,3
CPT119455,2026-05-09 03:37:03.959429551,approved,,6
CPT106294,2026-05-10 12:14:18.881550673,approved,,5
CPT109249,,dropped_in_docs,RC,1
CPT103018,,dropped_in_docs,PERMIT,3
CPT115900,,dropped_in_docs,INSURANCE,5
CPT112784,,dropped_in_docs,INSURANCE,5
CPT114901,,dropped_in_docs,RC,1
CPT106858,2026-05-08 07:20:00.911280682,approved,,6
CPT110304,,dropped_in_docs,INSURANCE,5
CPT109975,2026-05-09 18:32:44.567772706,approved,,6
CPT124008,,dropped_in_docs,FITNESS,4
CPT100293,,dropped_in_docs,FITNESS,4
CPT124730,,dropped_in_docs,DL,0
CPT122652,2026-05-09 11:43:26.790096224,rejected,vehicle_age_policy,5
CPT107520,2026-05-09 08:10:32.421554348,approved,,6
CPT116052,,dropped_in_docs,DL,0
CPT122671,,dropped_in_docs,DL,0
CPT103965,2026-05-10 13:49:07.626571281,approved,,6
CPT123953,,dropped_in_docs,RC,1
CPT124178,2026-05-13 09:04:33.542559833,approved,,5
CPT104784,2026-05-10 18:17:06.372874439,approved,,6
CPT118636,,dropped_in_docs,PERMIT,3
CPT118873,,dropped_in_docs,PERMIT,3
CPT116008,,dropped_in_docs,RC,1
CPT112587,,dropped_in_docs,RC,1
CPT117368,,dropped_in_docs,RC,1
CPT122090,,dropped_in_docs,FITNESS,4
CPT108004,,dropped_in_docs,INSURANCE,5
CPT102252,,dropped_in_docs,FITNESS,4
CPT108788,,dropped_in_docs,RC,1
CPT105598,2026-05-08 22:27:29.160606384,approved,,6
CPT114919,,dropped_in_docs,RC,1
CPT108441,2026-05-12 22:17:21.642554316,rejected,vehicle_age_policy,6
CPT107257,,dropped_in_docs,RC,1
CPT111411,,dropped_in_docs,DL,0
CPT123957,,dropped_in_docs,INSURANCE,5
CPT108062,,dropped_in_docs,PERMIT,3
CPT115025,,dropped_in_docs,RC,1
CPT102434,,dropped_in_docs,PERMIT,3
CPT103420,,dropped_in_docs,PERMIT,3
CPT119740,,dropped_in_docs,RC,1
CPT110979,,dropped_in_docs,PERMIT,3
CPT102061,,dropped_in_docs,RC,1
CPT122073,,dropped_in_docs,AADHAAR,2
CPT111846,,dropped_in_docs,RC,1
CPT118782,,dropped_in_docs,PERMIT,3
CPT102485,,dropped_in_docs,AADHAAR,2
CPT101500,,dropped_in_docs,RC,1
CPT102634,,dropped_in_docs,AADHAAR,2
CPT107785,,dropped_in_docs,FITNESS,4
CPT117367,,dropped_in_docs,RC,1
CPT103336,,dropped_in_docs,RC,1
CPT112042,2026-05-09 13:20:22.055004360,approved,,6
CPT104305,,dropped_in_docs,RC,1
CPT104724,,dropped_in_docs,RC,1
CPT122146,2026-05-12 20:01:53.824521463,approved,,6
CPT117334,2026-05-13 10:44:10.773647864,approved,,6
CPT116986,,dropped_in_docs,PERMIT,3
CPT119422,,dropped_in_docs,PERMIT,3
CPT115186,,dropped_in_docs,DL,0
CPT120869,,dropped_in_docs,DL,0
CPT105052,,dropped_in_docs,FITNESS,4
CPT106030,2026-05-09 20:53:26.579594656,approved,,6
CPT101909,,dropped_in_docs,PERMIT,3
CPT118475,,dropped_in_docs,AADHAAR,2
CPT112300,2026-05-09 09:24:09.610199983,approved,,5
CPT113962,,dropped_in_docs,AADHAAR,2
CPT116727,,dropped_in_docs,DL,0
CPT122747,,dropped_in_docs,DL,0
CPT111099,2026-05-12 20:24:19.159078269,approved,,6
CPT120402,,dropped_in_docs,INSURANCE,5
CPT112031,2026-05-07 06:42:44.224951959,approved,,5
CPT100519,,dropped_in_docs,INSURANCE,5
CPT100454,,dropped_in_docs,RC,1
CPT121554,,dropped_in_docs,FITNESS,4
CPT117215,,dropped_in_docs,RC,1
CPT108673,,dropped_in_docs,DL,0
CPT109785,,dropped_in_docs,PERMIT,3
CPT107614,2026-05-11 01:19:32.749600838,approved,,6
CPT105010,,dropped_in_docs,PERMIT,3
CPT124796,2026-05-08 15:34:27.052806531,approved,,5
CPT116693,,dropped_in_docs,DL,0
CPT122831,,dropped_in_docs,AADHAAR,2
CPT118447,2026-05-10 09:58:33.037476270,approved,,6
CPT111772,2026-05-11 22:55:47.699236932,approved,,6
CPT113749,,dropped_in_docs,FITNESS,4
CPT109949,2026-05-12 11:45:45.949038768,approved,,6
CPT106239,2026-05-12 08:04:12.749711399,approved,,6
CPT109704,,dropped_in_docs,AADHAAR,2
CPT103411,,dropped_in_docs,PERMIT,3
CPT120104,,dropped_in_docs,PERMIT,3
CPT109443,,dropped_in_docs,DL,0
CPT111396,,dropped_in_docs,DL,0
CPT103142,,dropped_in_docs,PERMIT,3
CPT115341,,dropped_in_docs,INSURANCE,5
CPT113072,2026-05-12 06:41:59.160534149,approved,,6
CPT121658,,dropped_in_docs,INSURANCE,5
CPT114635,,dropped_in_docs,INSURANCE,5
CPT123186,,dropped_in_docs,RC,1
CPT120139,,dropped_in_docs,DL,0
CPT107013,2026-05-12 11:51:59.802555291,approved,,6
CPT122846,,dropped_in_docs,RC,1
CPT103855,,dropped_in_docs,RC,1
CPT117344,,dropped_in_docs,DL,0
CPT100411,,dropped_in_docs,PERMIT,3
CPT101380,2026-05-09 06:31:37.555257267,approved,,6
CPT112628,,dropped_in_docs,RC,1
CPT108271,,dropped_in_docs,AADHAAR,2
CPT116905,,dropped_in_docs,RC,1
CPT100085,,dropped_in_docs,RC,1
CPT111587,2026-05-09 09:21:05.693769923,approved,,5
CPT116157,,dropped_in_docs,RC,1
CPT121463,,dropped_in_docs,PERMIT,3
CPT124759,,dropped_in_docs,AADHAAR,2
CPT105494,,dropped_in_docs,DL,0
CPT123226,,dropped_in_docs,RC,1
CPT117478,,dropped_in_docs,RC,1
CPT102090,,dropped_in_docs,PERMIT,3
CPT107745,,dropped_in_docs,DL,0
CPT109431,,dropped_in_docs,PERMIT,3
CPT106166,,dropped_in_docs,FITNESS,4
CPT106830,,dropped_in_docs,INSURANCE,5
CPT123217,,dropped_in_docs,DL,0
CPT110626,,dropped_in_docs,FITNESS,4
CPT123384,,dropped_in_docs,INSURANCE,5
CPT121271,,dropped_in_docs,RC,1
CPT122738,,dropped_in_docs,PERMIT,3
CPT117218,,dropped_in_docs,AADHAAR,2
CPT117456,,dropped_in_docs,INSURANCE,5
CPT100236,,dropped_in_docs,FITNESS,4
CPT110169,,dropped_in_docs,FITNESS,4
CPT103838,,dropped_in_docs,RC,1
CPT104428,2026-05-08 22:43:12.596944157,approved,,6
CPT121547,,dropped_in_docs,RC,1
CPT104758,,dropped_in_docs,FITNESS,4
CPT107191,2026-05-08 20:21:53.985197483,approved,,6
CPT110634,,dropped_in_docs,FITNESS,4
CPT111509,,dropped_in_docs,INSURANCE,5
CPT110400,,dropped_in_docs,INSURANCE,5
CPT108704,,dropped_in_docs,PERMIT,3
CPT104517,,dropped_in_docs,PERMIT,3
CPT119341,2026-05-09 03:15:38.474816007,approved,,6
CPT101406,,dropped_in_docs,FITNESS,4
CPT111361,,dropped_in_docs,PERMIT,3
CPT109250,2026-05-12 06:33:18.548599863,rejected,duplicate_captain,6
CPT110246,2026-05-09 07:49:49.835468507,approved,,5
CPT120495,,dropped_in_docs,RC,1
CPT122797,,dropped_in_docs,INSURANCE,5
CPT104382,,dropped_in_docs,FITNESS,4
CPT110274,,dropped_in_docs,RC,1
CPT105465,,dropped_in_docs,RC,1
CPT114238,2026-05-09 11:58:45.496929487,approved,,6
CPT101468,,dropped_in_docs,PERMIT,3
CPT122399,,dropped_in_docs,PERMIT,3
CPT111989,,dropped_in_docs,DL,0
CPT109628,,dropped_in_docs,AADHAAR,2
CPT101449,,dropped_in_docs,RC,1
CPT122059,,dropped_in_docs,RC,1
CPT119541,2026-05-10 08:39:58.279964460,approved,,6
CPT111178,,dropped_in_docs,INSURANCE,5
CPT121505,,dropped_in_docs,DL,0
CPT103680,,dropped_in_docs,RC,1
CPT105540,2026-05-09 14:52:44.560728677,approved,,6
CPT110966,,dropped_in_docs,FITNESS,4
CPT124766,,dropped_in_docs,PERMIT,3
CPT105291,,dropped_in_docs,PERMIT,3
CPT123589,,dropped_in_docs,AADHAAR,2
CPT117696,,dropped_in_docs,RC,1
CPT123722,,dropped_in_docs,DL,0
CPT121796,,dropped_in_docs,RC,1
CPT106049,2026-05-10 06:18:49.412641215,approved,,6
CPT100698,,dropped_in_docs,DL,0
CPT121867,,dropped_in_docs,INSURANCE,5
CPT120991,,dropped_in_docs,DL,0
CPT110573,,dropped_in_docs,INSURANCE,5
CPT120622,,dropped_in_docs,RC,1
CPT105613,,dropped_in_docs,DL,0
CPT123830,,dropped_in_docs,RC,1
CPT106698,2026-05-11 17:16:59.580344100,approved,,6
CPT105786,,dropped_in_docs,INSURANCE,5
CPT108077,2026-05-10 00:00:42.826353096,approved,,5
CPT103591,,dropped_in_docs,PERMIT,3
CPT107510,,dropped_in_docs,RC,1
CPT105508,,dropped_in_docs,RC,1
CPT122436,,dropped_in_docs,RC,1
CPT111987,,dropped_in_docs,INSURANCE,5
CPT109371,,dropped_in_docs,RC,1
CPT115459,,dropped_in_docs,PERMIT,3
CPT113733,,dropped_in_docs,AADHAAR,2
CPT106712,,dropped_in_docs,PERMIT,3
CPT111029,,dropped_in_docs,RC,1
CPT111930,,dropped_in_docs,PERMIT,3
CPT123921,,dropped_in_docs,RC,1
CPT102076,,dropped_in_docs,RC,1
CPT115841,2026-05-10 11:57:28.145662987,approved,,6
CPT106220,2026-05-13 06:39:32.408971211,approved,,6
CPT118449,2026-05-12 13:32:22.799011973,approved,,6
CPT121159,,dropped_in_docs,PERMIT,3
CPT124909,2026-05-11 00:49:07.666186465,approved,,6
CPT120591,,dropped_in_docs,RC,1
CPT121781,,dropped_in_docs,INSURANCE,5
CPT119330,2026-05-12 16:33:51.520582064,approved,,6
CPT104101,,dropped_in_docs,RC,1
CPT107095,,dropped_in_docs,FITNESS,4
CPT106333,2026-05-11 05:54:50.113949906,approved,,6
CPT108350,,dropped_in_docs,PERMIT,3
CPT116398,,dropped_in_docs,RC,1
CPT124142,,dropped_in_docs,DL,0
CPT115578,,dropped_in_docs,INSURANCE,5
CPT104713,,dropped_in_docs,FITNESS,4
CPT101292,,dropped_in_docs,PERMIT,3
CPT119999,,dropped_in_docs,RC,1
CPT107984,,dropped_in_docs,RC,1
CPT115183,2026-05-10 14:42:26.548702039,approved,,5
CPT111136,,dropped_in_docs,AADHAAR,2
CPT104441,2026-05-11 14:52:16.128807745,approved,,6
CPT115938,,dropped_in_docs,AADHAAR,2
CPT124498,2026-05-10 19:48:56.133300400,approved,,6
CPT111578,,dropped_in_docs,FITNESS,4
CPT112082,,dropped_in_docs,INSURANCE,5
CPT114941,,dropped_in_docs,RC,1
CPT118978,,dropped_in_docs,RC,1
CPT105873,,dropped_in_docs,RC,1
CPT102316,,dropped_in_docs,RC,1
CPT111245,,dropped_in_docs,FITNESS,4
CPT123677,,dropped_in_docs,RC,1
CPT117130,,dropped_in_docs,RC,1
CPT119519,,dropped_in_docs,RC,1
CPT119801,,dropped_in_docs,DL,0
CPT101697,,dropped_in_docs,AADHAAR,2
CPT114274,,dropped_in_docs,AADHAAR,2
CPT113822,2026-05-12 17:08:06.522816469,approved,,6
CPT119765,,dropped_in_docs,DL,0
CPT121972,2026-05-12 10:08:15.271982133,approved,,6
CPT124208,,dropped_in_docs,PERMIT,3
CPT106706,,dropped_in_docs,PERMIT,3
CPT107962,,dropped_in_docs,DL,0
CPT123314,,dropped_in_docs,PERMIT,3
CPT115420,,dropped_in_docs,INSURANCE,5
CPT105512,,dropped_in_docs,INSURANCE,5
CPT123754,,dropped_in_docs,RC,1
CPT112725,,dropped_in_docs,RC,1
CPT112179,2026-05-11 22:50:40.527864112,approved,,5
CPT106389,,dropped_in_docs,RC,1
CPT104790,,dropped_in_docs,FITNESS,4
CPT115939,2026-05-11 03:03:54.203416698,approved,,6
CPT110718,2026-05-10 17:04:03.020416331,approved,,6
CPT101970,,dropped_in_docs,INSURANCE,5
CPT123577,,dropped_in_docs,AADHAAR,2
CPT103238,,dropped_in_docs,RC,1
CPT122608,,dropped_in_docs,INSURANCE,5
CPT106665,,dropped_in_docs,INSURANCE,5
CPT106592,,dropped_in_docs,PERMIT,3
CPT103359,,dropped_in_docs,FITNESS,4
CPT112808,2026-05-11 00:10:50.645005234,approved,,6
CPT108234,,dropped_in_docs,PERMIT,3
CPT119082,,dropped_in_docs,PERMIT,3
CPT116844,,dropped_in_docs,RC,1
CPT115152,,dropped_in_docs,RC,1
CPT106872,,dropped_in_docs,DL,0
CPT106812,,dropped_in_docs,PERMIT,3
CPT122079,,dropped_in_docs,AADHAAR,2
CPT115735,,dropped_in_docs,INSURANCE,5
CPT106457,2026-05-10 15:08:10.877255389,approved,,5
CPT120444,,dropped_in_docs,FITNESS,4
CPT103201,,dropped_in_docs,RC,1
CPT118910,,dropped_in_docs,FITNESS,4
CPT106814,,dropped_in_docs,AADHAAR,2
CPT102938,2026-05-10 16:59:32.902886099,approved,,6
CPT102337,2026-05-09 10:03:11.520295009,approved,,6
CPT118720,2026-05-12 12:35:09.271237218,rejected,vehicle_age_policy,6
CPT120568,,dropped_in_docs,RC,1
CPT117314,,dropped_in_docs,RC,1
CPT119091,,dropped_in_docs,AADHAAR,2
CPT115246,,dropped_in_docs,DL,0
CPT120510,,dropped_in_docs,DL,0
CPT103193,,dropped_in_docs,FITNESS,4
CPT122824,,dropped_in_docs,AADHAAR,2
CPT112410,,dropped_in_docs,DL,0
CPT120767,,dropped_in_docs,RC,1
CPT111387,,dropped_in_docs,AADHAAR,2
CPT121273,,dropped_in_docs,FITNESS,4
CPT109671,2026-05-11 04:59:25.373645217,approved,,6
CPT110816,2026-05-09 14:18:17.635740343,approved,,6
CPT123951,2026-05-10 05:39:43.178550288,approved,,5
CPT109013,,dropped_in_docs,RC,1
CPT106191,,dropped_in_docs,DL,0
CPT111611,,dropped_in_docs,RC,1
CPT123008,,dropped_in_docs,FITNESS,4
CPT122092,,dropped_in_docs,DL,0
CPT115263,,dropped_in_docs,RC,1
CPT115463,,dropped_in_docs,RC,1
CPT113622,,dropped_in_docs,PERMIT,3
CPT109256,2026-05-14 03:00:16.000091436,approved,,6
CPT116908,,dropped_in_docs,DL,0
CPT104380,,dropped_in_docs,AADHAAR,2
CPT100101,,dropped_in_docs,DL,0
CPT115587,,dropped_in_docs,AADHAAR,2
CPT111151,,dropped_in_docs,FITNESS,4
CPT118870,,dropped_in_docs,PERMIT,3
CPT106002,,dropped_in_docs,FITNESS,4
CPT110754,,dropped_in_docs,PERMIT,3
CPT107196,,dropped_in_docs,RC,1
CPT104827,,dropped_in_docs,INSURANCE,5
CPT110132,,dropped_in_docs,PERMIT,3
CPT109794,,dropped_in_docs,DL,0
CPT108362,,dropped_in_docs,FITNESS,4
CPT119952,,dropped_in_docs,INSURANCE,5
CPT116785,,dropped_in_docs,INSURANCE,5
CPT118463,2026-05-10 23:25:36.008565924,approved,,5
CPT110639,,dropped_in_docs,FITNESS,4
CPT109724,,dropped_in_docs,FITNESS,4
CPT123590,,dropped_in_docs,PERMIT,3
CPT117847,,dropped_in_docs,RC,1
CPT122039,,dropped_in_docs,PERMIT,3
CPT120836,,dropped_in_docs,DL,0
CPT115720,,dropped_in_docs,DL,0
CPT115875,,dropped_in_docs,RC,1
CPT123342,,dropped_in_docs,PERMIT,3
CPT100969,,dropped_in_docs,PERMIT,3
CPT106483,,dropped_in_docs,AADHAAR,2
CPT106069,,dropped_in_docs,PERMIT,3
CPT118221,,dropped_in_docs,PERMIT,3
CPT117098,,dropped_in_docs,RC,1
CPT108238,,dropped_in_docs,AADHAAR,2
CPT101142,,dropped_in_docs,PERMIT,3
CPT116860,,dropped_in_docs,PERMIT,3
CPT113388,,dropped_in_docs,RC,1
CPT115507,,dropped_in_docs,DL,0
CPT117025,2026-05-11 04:59:53.342937010,approved,,5
CPT112861,,dropped_in_docs,AADHAAR,2
CPT100243,,dropped_in_docs,FITNESS,4
CPT102717,2026-05-11 08:37:04.335777382,approved,,5
CPT122129,,dropped_in_docs,PERMIT,3
CPT107248,,dropped_in_docs,AADHAAR,2
CPT107612,,dropped_in_docs,AADHAAR,2
CPT101934,,dropped_in_docs,DL,0
CPT110990,,dropped_in_docs,FITNESS,4
CPT107655,2026-05-10 06:09:03.932827835,approved,,6
CPT109858,,dropped_in_docs,FITNESS,4
CPT108979,2026-05-09 16:04:34.368263626,rejected,duplicate_captain,5
CPT101246,2026-05-11 22:14:45.152082388,approved,,6
CPT117403,,dropped_in_docs,FITNESS,4
CPT112601,,dropped_in_docs,AADHAAR,2
CPT121396,,dropped_in_docs,RC,1
CPT112302,,dropped_in_docs,FITNESS,4
CPT109225,,dropped_in_docs,INSURANCE,5
CPT103688,,dropped_in_docs,DL,0
CPT121932,,dropped_in_docs,INSURANCE,5
CPT119779,,dropped_in_docs,RC,1
CPT124396,,dropped_in_docs,AADHAAR,2
CPT102593,,dropped_in_docs,FITNESS,4
CPT111061,,dropped_in_docs,FITNESS,4
CPT102980,,dropped_in_docs,RC,1
CPT118549,,dropped_in_docs,FITNESS,4
CPT114825,,dropped_in_docs,INSURANCE,5
CPT112950,2026-05-13 11:13:23.163185581,rejected,vehicle_age_policy,6
CPT106419,,dropped_in_docs,PERMIT,3
CPT107526,,dropped_in_docs,DL,0
CPT108235,,dropped_in_docs,FITNESS,4
CPT106079,2026-05-12 15:23:42.695782456,approved,,6
CPT106211,,dropped_in_docs,RC,1
CPT116703,,dropped_in_docs,DL,0
CPT107076,,dropped_in_docs,AADHAAR,2
CPT115065,,dropped_in_docs,DL,0
CPT110522,2026-05-11 23:24:52.543781427,rejected,doc_authenticity_flag,5
CPT112705,,dropped_in_docs,AADHAAR,2
CPT116231,,dropped_in_docs,DL,0
CPT101101,,dropped_in_docs,RC,1
CPT107212,,dropped_in_docs,AADHAAR,2
CPT100541,,dropped_in_docs,RC,1
CPT117276,,dropped_in_docs,FITNESS,4
CPT105660,,dropped_in_docs,RC,1
CPT113265,,dropped_in_docs,PERMIT,3
CPT114643,,dropped_in_docs,FITNESS,4
CPT121750,,dropped_in_docs,PERMIT,3
CPT110939,2026-05-16 17:06:58.752115892,approved,,6
CPT117047,,dropped_in_docs,PERMIT,3
CPT102391,,dropped_in_docs,RC,1
CPT113809,,dropped_in_docs,PERMIT,3
CPT121479,,dropped_in_docs,PERMIT,3
CPT114487,,dropped_in_docs,RC,1
CPT102762,,dropped_in_docs,FITNESS,4
CPT101562,,dropped_in_docs,DL,0
CPT118837,,dropped_in_docs,INSURANCE,5
CPT110123,2026-05-11 14:59:00.127224625,approved,,6
CPT101349,2026-05-09 03:04:24.811696678,rejected,doc_authenticity_flag,5
CPT104138,,dropped_in_docs,PERMIT,3
CPT122522,2026-05-10 07:11:06.573813684,approved,,6
CPT117702,,dropped_in_docs,DL,0
CPT103241,,dropped_in_docs,PERMIT,3
CPT119561,,dropped_in_docs,RC,1
CPT123735,,dropped_in_docs,PERMIT,3
CPT114922,,dropped_in_docs,AADHAAR,2
CPT106046,,dropped_in_docs,AADHAAR,2
CPT120977,,dropped_in_docs,PERMIT,3
CPT114119,,dropped_in_docs,PERMIT,3
CPT124664,,dropped_in_docs,RC,1
CPT110254,2026-05-14 22:48:13.846862993,approved,,6
CPT106581,,dropped_in_docs,INSURANCE,5
CPT101632,2026-05-12 07:21:51.040467991,approved,,6
CPT116743,,dropped_in_docs,FITNESS,4
CPT113734,,dropped_in_docs,RC,1
CPT105100,,dropped_in_docs,PERMIT,3
CPT105963,,dropped_in_docs,DL,0
CPT108806,,dropped_in_docs,RC,1
CPT105033,,dropped_in_docs,RC,1
CPT118292,2026-05-11 21:48:08.441282299,approved,,6
CPT120932,,dropped_in_docs,RC,1
CPT124613,,dropped_in_docs,DL,0
CPT114201,,dropped_in_docs,RC,1
CPT101645,,dropped_in_docs,INSURANCE,5
CPT111540,,dropped_in_docs,INSURANCE,5
CPT111044,,dropped_in_docs,PERMIT,3
CPT115023,,dropped_in_docs,RC,1
CPT119121,,dropped_in_docs,RC,1
CPT110896,,dropped_in_docs,PERMIT,3
CPT100201,,dropped_in_docs,FITNESS,4
CPT117495,2026-05-13 23:14:35.822115689,approved,,6
CPT109964,,dropped_in_docs,INSURANCE,5
CPT117940,,dropped_in_docs,RC,1
CPT103214,,dropped_in_docs,RC,1
CPT105887,,dropped_in_docs,FITNESS,4
CPT106072,,dropped_in_docs,RC,1
CPT118216,,dropped_in_docs,FITNESS,4
CPT102698,,dropped_in_docs,FITNESS,4
CPT112212,2026-05-10 12:01:30.061894123,approved,,5
CPT119156,2026-05-10 14:51:01.789876372,approved,,6
CPT103510,,dropped_in_docs,DL,0
CPT101311,,dropped_in_docs,RC,1
CPT118802,,dropped_in_docs,INSURANCE,5
CPT108680,,dropped_in_docs,RC,1
CPT104334,,dropped_in_docs,DL,0
CPT120749,,dropped_in_docs,DL,0
CPT103944,,dropped_in_docs,RC,1
CPT116769,,dropped_in_docs,RC,1
CPT114113,2026-05-11 01:26:17.794493503,approved,,6
CPT103861,2026-05-13 14:18:09.084511206,approved,,6
CPT110036,,dropped_in_docs,AADHAAR,2
CPT119423,,dropped_in_docs,AADHAAR,2
CPT122023,,dropped_in_docs,RC,1
CPT122569,,dropped_in_docs,RC,1
CPT119004,,dropped_in_docs,PERMIT,3
CPT111525,,dropped_in_docs,PERMIT,3
CPT103286,,dropped_in_docs,PERMIT,3
CPT118625,,dropped_in_docs,RC,1
CPT115689,,dropped_in_docs,FITNESS,4
CPT100073,2026-05-10 08:24:06.439560120,approved,,5
CPT117076,,dropped_in_docs,AADHAAR,2
CPT105729,,dropped_in_docs,PERMIT,3
CPT115417,,dropped_in_docs,INSURANCE,5
CPT120003,,dropped_in_docs,RC,1
CPT107889,,dropped_in_docs,INSURANCE,5
CPT104902,,dropped_in_docs,INSURANCE,5
CPT102349,,dropped_in_docs,DL,0
CPT118687,,dropped_in_docs,DL,0
CPT104900,,dropped_in_docs,RC,1
CPT121398,2026-05-11 18:49:21.776539429,approved,,5
CPT109002,,dropped_in_docs,DL,0
CPT116846,2026-05-15 23:59:21.252944043,approved,,6
CPT114537,,dropped_in_docs,DL,0
CPT102501,,dropped_in_docs,INSURANCE,5
CPT106766,,dropped_in_docs,INSURANCE,5
CPT110508,,dropped_in_docs,RC,1
CPT110853,,dropped_in_docs,FITNESS,4
CPT116156,,dropped_in_docs,RC,1
CPT102823,,dropped_in_docs,DL,0
CPT114048,,dropped_in_docs,RC,1
CPT101528,,dropped_in_docs,RC,1
CPT109819,,dropped_in_docs,PERMIT,3
CPT114645,,dropped_in_docs,FITNESS,4
CPT112868,,dropped_in_docs,AADHAAR,2
CPT100475,,dropped_in_docs,RC,1
CPT113638,2026-05-13 10:24:14.859995579,approved,,6
CPT114078,,dropped_in_docs,RC,1
CPT104665,2026-05-15 20:26:23.798099684,rejected,duplicate_captain,6
CPT112162,2026-05-11 09:42:48.939109261,approved,,5
CPT120410,,dropped_in_docs,PERMIT,3
CPT106678,,dropped_in_docs,RC,1
CPT109388,,dropped_in_docs,RC,1
CPT118203,,dropped_in_docs,INSURANCE,5
CPT110748,2026-05-13 17:08:21.423038374,approved,,6
CPT116407,,dropped_in_docs,RC,1
CPT124589,,dropped_in_docs,INSURANCE,5
CPT110484,2026-05-16 20:19:38.451872782,approved,,6
CPT105804,,dropped_in_docs,PERMIT,3
CPT122764,,dropped_in_docs,PERMIT,3
CPT116982,,dropped_in_docs,AADHAAR,2
CPT116827,2026-05-14 16:29:04.605861275,approved,,5
CPT108056,,dropped_in_docs,INSURANCE,5
CPT105467,,dropped_in_docs,RC,1
CPT121630,,dropped_in_docs,PERMIT,3
CPT105004,,dropped_in_docs,RC,1
CPT103920,,dropped_in_docs,INSURANCE,5
CPT100961,2026-05-13 16:18:17.769619457,approved,,5
CPT101020,,dropped_in_docs,RC,1
CPT121240,2026-05-10 18:07:43.582460847,approved,,5
CPT103885,,dropped_in_docs,DL,0
CPT108744,,dropped_in_docs,INSURANCE,5
CPT102702,,dropped_in_docs,DL,0
CPT121001,,dropped_in_docs,PERMIT,3
CPT118947,2026-05-13 12:18:59.242119919,approved,,6
CPT111035,,dropped_in_docs,AADHAAR,2
CPT117837,,dropped_in_docs,INSURANCE,5
CPT118485,,dropped_in_docs,RC,1
CPT105526,,dropped_in_docs,INSURANCE,5
CPT113171,2026-05-12 04:08:19.505967763,approved,,6
CPT124544,,dropped_in_docs,PERMIT,3
CPT103859,,dropped_in_docs,PERMIT,3
CPT110221,,dropped_in_docs,RC,1
CPT110302,,dropped_in_docs,INSURANCE,5
CPT121222,,dropped_in_docs,AADHAAR,2
CPT109127,,dropped_in_docs,RC,1
CPT120571,,dropped_in_docs,PERMIT,3
CPT113223,,dropped_in_docs,AADHAAR,2
CPT107625,2026-05-12 08:27:14.719519324,approved,,6
CPT101679,,dropped_in_docs,FITNESS,4
CPT108834,,dropped_in_docs,FITNESS,4
CPT121085,2026-05-11 14:29:44.600164564,approved,,6
CPT114808,,dropped_in_docs,RC,1
CPT109244,,dropped_in_docs,AADHAAR,2
CPT106458,,dropped_in_docs,PERMIT,3
CPT123153,2026-05-12 03:16:22.689128056,approved,,5
CPT104140,,dropped_in_docs,RC,1
CPT106391,,dropped_in_docs,PERMIT,3
CPT122405,,dropped_in_docs,FITNESS,4
CPT100226,,dropped_in_docs,PERMIT,3
CPT101740,,dropped_in_docs,AADHAAR,2
CPT121514,,dropped_in_docs,INSURANCE,5
CPT101313,,dropped_in_docs,RC,1
CPT122776,,dropped_in_docs,RC,1
CPT121083,,dropped_in_docs,AADHAAR,2
CPT123164,,dropped_in_docs,PERMIT,3
CPT107607,2026-05-13 08:33:22.521515312,approved,,6
CPT108345,,dropped_in_docs,FITNESS,4
CPT122886,2026-05-15 02:54:57.412103691,approved,,6
CPT106092,,dropped_in_docs,DL,0
CPT107418,,dropped_in_docs,DL,0
CPT120125,,dropped_in_docs,RC,1
CPT110544,,dropped_in_docs,RC,1
CPT100247,,dropped_in_docs,FITNESS,4
CPT123180,2026-05-12 17:42:31.033812424,rejected,vehicle_age_policy,6
CPT120684,,dropped_in_docs,RC,1
CPT119113,,dropped_in_docs,RC,1
CPT123991,,dropped_in_docs,FITNESS,4
CPT120140,,dropped_in_docs,RC,1
CPT102157,,dropped_in_docs,AADHAAR,2
CPT100751,,dropped_in_docs,FITNESS,4
CPT112121,,dropped_in_docs,DL,0
CPT102122,,dropped_in_docs,DL,0
CPT101392,,dropped_in_docs,RC,1
CPT107218,,dropped_in_docs,INSURANCE,5
CPT105272,,dropped_in_docs,RC,1
CPT114280,,dropped_in_docs,PERMIT,3
CPT121042,2026-05-12 10:25:56.761528036,approved,,6
CPT113610,2026-05-11 22:08:57.033858344,approved,,5
CPT102722,2026-05-12 16:01:53.317761831,approved,,6
CPT122281,,dropped_in_docs,PERMIT,3
CPT115850,,dropped_in_docs,RC,1
CPT106696,2026-05-11 03:37:26.869384232,approved,,5
CPT115359,,dropped_in_docs,INSURANCE,5
CPT109630,2026-05-15 03:23:52.874923777,approved,,6
CPT111646,,dropped_in_docs,PERMIT,3
CPT102713,,dropped_in_docs,RC,1
CPT116212,,dropped_in_docs,RC,1
CPT114241,,dropped_in_docs,RC,1
CPT105903,2026-05-11 04:03:37.204194377,approved,,6
CPT121749,,dropped_in_docs,FITNESS,4
CPT124095,,dropped_in_docs,PERMIT,3
CPT118617,,dropped_in_docs,FITNESS,4
CPT119571,,dropped_in_docs,FITNESS,4
CPT110196,,dropped_in_docs,RC,1
CPT123343,,dropped_in_docs,RC,1
CPT106690,,dropped_in_docs,FITNESS,4
CPT103713,,dropped_in_docs,FITNESS,4
CPT120602,,dropped_in_docs,PERMIT,3
CPT108264,,dropped_in_docs,INSURANCE,5
CPT123670,,dropped_in_docs,RC,1
CPT109289,2026-05-12 11:19:13.588990087,approved,,6
CPT100167,2026-05-14 16:06:58.976544103,approved,,6
CPT103628,,dropped_in_docs,RC,1
CPT100576,,dropped_in_docs,RC,1
CPT117081,,dropped_in_docs,PERMIT,3
CPT107935,,dropped_in_docs,DL,0
CPT121058,2026-05-11 10:49:50.877727730,approved,,5
CPT105775,,dropped_in_docs,FITNESS,4
CPT123368,,dropped_in_docs,PERMIT,3
CPT105069,,dropped_in_docs,RC,1
CPT103574,,dropped_in_docs,FITNESS,4
CPT124992,,dropped_in_docs,DL,0
CPT123932,,dropped_in_docs,INSURANCE,5
CPT107238,,dropped_in_docs,INSURANCE,5
CPT119516,,dropped_in_docs,RC,1
CPT108032,,dropped_in_docs,DL,0
CPT112911,,dropped_in_docs,FITNESS,4
CPT119453,,dropped_in_docs,PERMIT,3
CPT123252,2026-05-12 00:55:38.747993378,approved,,6
CPT106188,,dropped_in_docs,INSURANCE,5
CPT111632,,dropped_in_docs,INSURANCE,5
CPT109390,,dropped_in_docs,FITNESS,4
CPT109976,,dropped_in_docs,RC,1
CPT116627,2026-05-10 18:02:42.128349327,approved,,6
CPT116595,,dropped_in_docs,INSURANCE,5
CPT102272,,dropped_in_docs,INSURANCE,5
CPT102066,,dropped_in_docs,PERMIT,3
CPT101780,,dropped_in_docs,DL,0
CPT109502,,dropped_in_docs,RC,1
CPT105849,,dropped_in_docs,RC,1
CPT111731,,dropped_in_docs,INSURANCE,5
CPT102540,,dropped_in_docs,DL,0
CPT101309,,dropped_in_docs,FITNESS,4
CPT119178,,dropped_in_docs,INSURANCE,5
CPT106553,,dropped_in_docs,PERMIT,3
CPT102051,2026-05-13 03:01:16.817366869,rejected,vehicle_age_policy,6
CPT102785,,dropped_in_docs,PERMIT,3
CPT123894,,dropped_in_docs,PERMIT,3
CPT119291,2026-05-14 11:23:23.420338827,approved,,6
CPT123041,2026-05-11 10:28:50.129569777,approved,,6
CPT121826,,dropped_in_docs,RC,1
CPT123945,,dropped_in_docs,DL,0
CPT100359,2026-05-14 05:27:54.166038060,approved,,6
CPT102908,,dropped_in_docs,FITNESS,4
CPT115026,,dropped_in_docs,PERMIT,3
CPT114900,2026-05-13 23:03:22.758263553,approved,,6
CPT105306,,dropped_in_docs,AADHAAR,2
CPT120872,,dropped_in_docs,FITNESS,4
CPT122100,,dropped_in_docs,RC,1
CPT106478,,dropped_in_docs,INSURANCE,5
CPT122357,2026-05-13 12:39:18.658930644,approved,,6
CPT121916,,dropped_in_docs,INSURANCE,5
CPT113614,2026-05-11 18:05:29.868365186,approved,,6
CPT103412,,dropped_in_docs,FITNESS,4
CPT107927,,dropped_in_docs,DL,0
CPT116771,,dropped_in_docs,RC,1
CPT109026,2026-05-14 09:47:49.720123536,approved,,5
CPT124764,,dropped_in_docs,INSURANCE,5
CPT104852,,dropped_in_docs,INSURANCE,5
CPT106722,,dropped_in_docs,PERMIT,3
CPT105997,,dropped_in_docs,FITNESS,4
CPT107025,,dropped_in_docs,PERMIT,3
CPT110013,,dropped_in_docs,PERMIT,3
CPT105703,,dropped_in_docs,DL,0
CPT116665,,dropped_in_docs,PERMIT,3
CPT119654,,dropped_in_docs,AADHAAR,2
CPT116423,2026-05-13 09:41:51.519336674,approved,,6
CPT103658,,dropped_in_docs,RC,1
CPT118989,,dropped_in_docs,PERMIT,3
CPT120492,2026-05-12 09:15:37.645956801,approved,,6
CPT115388,,dropped_in_docs,AADHAAR,2
CPT111316,,dropped_in_docs,INSURANCE,5
CPT112435,,dropped_in_docs,RC,1
CPT107009,,dropped_in_docs,INSURANCE,5
CPT114520,,dropped_in_docs,RC,1
CPT122345,,dropped_in_docs,RC,1
CPT107929,2026-05-13 19:12:34.075488623,approved,,6
CPT119492,,dropped_in_docs,FITNESS,4
CPT119932,,dropped_in_docs,INSURANCE,5
CPT110320,,dropped_in_docs,PERMIT,3
CPT114690,,dropped_in_docs,PERMIT,3
CPT108904,,dropped_in_docs,DL,0
CPT109767,,dropped_in_docs,DL,0
CPT111111,,dropped_in_docs,RC,1
CPT100574,,dropped_in_docs,DL,0
CPT118698,,dropped_in_docs,RC,1
CPT104905,,dropped_in_docs,AADHAAR,2
CPT100418,,dropped_in_docs,AADHAAR,2
CPT114962,,dropped_in_docs,DL,0
CPT106574,,dropped_in_docs,INSURANCE,5
CPT108344,,dropped_in_docs,RC,1
CPT117838,,dropped_in_docs,PERMIT,3
CPT108203,,dropped_in_docs,PERMIT,3
CPT115927,,dropped_in_docs,FITNESS,4
CPT107438,,dropped_in_docs,RC,1
CPT106675,,dropped_in_docs,FITNESS,4
CPT123324,,dropped_in_docs,FITNESS,4
CPT105403,,dropped_in_docs,PERMIT,3
CPT102453,,dropped_in_docs,INSURANCE,5
CPT112535,,dropped_in_docs,INSURANCE,5
CPT114724,,dropped_in_docs,RC,1
CPT105679,,dropped_in_docs,AADHAAR,2
CPT105928,,dropped_in_docs,AADHAAR,2
CPT107007,,dropped_in_docs,PERMIT,3
CPT109264,,dropped_in_docs,DL,0
CPT118433,,dropped_in_docs,RC,1
CPT123816,,dropped_in_docs,FITNESS,4
CPT119256,,dropped_in_docs,DL,0
CPT101623,,dropped_in_docs,INSURANCE,5
CPT116454,,dropped_in_docs,RC,1
CPT114527,,dropped_in_docs,INSURANCE,5
CPT113235,,dropped_in_docs,PERMIT,3
CPT107474,2026-05-14 02:04:41.655626815,approved,,6
CPT100589,2026-05-12 20:47:29.706383950,approved,,5
CPT115558,,dropped_in_docs,PERMIT,3
CPT102479,,dropped_in_docs,INSURANCE,5
CPT122369,,dropped_in_docs,RC,1
CPT121034,,dropped_in_docs,PERMIT,3
CPT106593,,dropped_in_docs,RC,1
CPT113661,,dropped_in_docs,INSURANCE,5
CPT122949,,dropped_in_docs,RC,1
CPT106978,2026-05-14 15:28:32.546844976,rejected,doc_authenticity_flag,6
CPT102242,,dropped_in_docs,INSURANCE,5
CPT107260,,dropped_in_docs,PERMIT,3
CPT120583,,dropped_in_docs,DL,0
CPT112681,,dropped_in_docs,INSURANCE,5
CPT115406,,dropped_in_docs,DL,0
CPT102979,2026-05-13 08:43:07.514240050,approved,,6
CPT113422,,dropped_in_docs,RC,1
CPT123294,,dropped_in_docs,RC,1
CPT117608,2026-05-15 05:00:56.262314207,approved,,6
CPT122890,,dropped_in_docs,RC,1
CPT112989,,dropped_in_docs,DL,0
CPT115812,,dropped_in_docs,RC,1
CPT107159,,dropped_in_docs,RC,1
CPT105683,,dropped_in_docs,PERMIT,3
CPT116784,,dropped_in_docs,PERMIT,3
CPT105469,,dropped_in_docs,AADHAAR,2
CPT110295,,dropped_in_docs,FITNESS,4
CPT114957,,dropped_in_docs,AADHAAR,2
CPT105372,,dropped_in_docs,FITNESS,4
CPT122990,,dropped_in_docs,DL,0
CPT101296,2026-05-16 05:57:13.439090638,approved,,6
CPT104930,,dropped_in_docs,RC,1
CPT119970,,dropped_in_docs,DL,0
CPT118378,,dropped_in_docs,FITNESS,4
CPT113641,2026-05-14 09:48:45.598885154,rejected,background_check_failed,6
CPT102517,,dropped_in_docs,DL,0
CPT108760,2026-05-13 00:14:26.864053014,approved,,6
CPT122102,,dropped_in_docs,PERMIT,3
CPT118293,2026-05-13 00:32:27.094098223,approved,,6
CPT112970,,dropped_in_docs,RC,1
CPT113670,,dropped_in_docs,FITNESS,4
CPT112780,,dropped_in_docs,RC,1
CPT108893,,dropped_in_docs,RC,1
CPT120469,,dropped_in_docs,RC,1
CPT123421,,dropped_in_docs,RC,1
CPT103788,,dropped_in_docs,FITNESS,4
CPT104630,,dropped_in_docs,DL,0
CPT108446,,dropped_in_docs,RC,1
CPT120639,,dropped_in_docs,RC,1
CPT100992,,dropped_in_docs,RC,1
CPT119434,,dropped_in_docs,FITNESS,4
CPT109795,,dropped_in_docs,RC,1
CPT124800,2026-05-13 11:36:18.083785388,approved,,5
CPT108251,,dropped_in_docs,FITNESS,4
CPT111461,,dropped_in_docs,DL,0
CPT115348,,dropped_in_docs,DL,0
CPT108343,,dropped_in_docs,DL,0
CPT119128,,dropped_in_docs,DL,0
CPT114498,,dropped_in_docs,RC,1
CPT120747,,dropped_in_docs,INSURANCE,5
CPT103841,2026-05-11 08:03:08.538333038,approved,,6
CPT103190,2026-05-12 06:38:28.997600544,approved,,5
CPT109221,,dropped_in_docs,PERMIT,3
CPT118031,,dropped_in_docs,PERMIT,3
CPT117689,2026-05-13 13:09:11.561599059,approved,,5
CPT119977,,dropped_in_docs,RC,1
CPT109588,,dropped_in_docs,RC,1
CPT110457,,dropped_in_docs,PERMIT,3
CPT110176,,dropped_in_docs,PERMIT,3
CPT122584,2026-05-12 21:05:25.799283473,approved,,6
CPT114308,,dropped_in_docs,FITNESS,4
CPT124106,2026-05-14 08:25:24.895790591,approved,,6
CPT110281,,dropped_in_docs,FITNESS,4
CPT104067,,dropped_in_docs,FITNESS,4
CPT124972,,dropped_in_docs,DL,0
CPT123587,,dropped_in_docs,RC,1
CPT111459,,dropped_in_docs,DL,0
CPT116508,,dropped_in_docs,RC,1
CPT111777,,dropped_in_docs,INSURANCE,5
CPT113106,,dropped_in_docs,PERMIT,3
CPT124051,,dropped_in_docs,PERMIT,3
CPT124661,,dropped_in_docs,PERMIT,3
CPT106972,,dropped_in_docs,PERMIT,3
CPT111398,2026-05-13 13:18:40.574336726,approved,,6
CPT112616,,dropped_in_docs,RC,1
CPT114543,,dropped_in_docs,RC,1
CPT116686,2026-05-14 00:27:44.169828697,approved,,6
CPT115550,2026-05-17 15:14:52.760517047,approved,,6
CPT104295,,dropped_in_docs,DL,0
CPT123287,,dropped_in_docs,AADHAAR,2
CPT113712,,dropped_in_docs,FITNESS,4
CPT119673,,dropped_in_docs,AADHAAR,2
CPT111254,,dropped_in_docs,PERMIT,3
CPT118123,,dropped_in_docs,DL,0
CPT119001,,dropped_in_docs,FITNESS,4
CPT111422,,dropped_in_docs,FITNESS,4
CPT100280,,dropped_in_docs,INSURANCE,5
CPT112518,,dropped_in_docs,INSURANCE,5
CPT108227,,dropped_in_docs,DL,0
CPT111033,,dropped_in_docs,RC,1
CPT121725,,dropped_in_docs,PERMIT,3
CPT105727,2026-05-14 21:33:06.247063850,approved,,6
CPT103235,,dropped_in_docs,INSURANCE,5
CPT112843,,dropped_in_docs,AADHAAR,2
CPT114136,,dropped_in_docs,AADHAAR,2
CPT113500,,dropped_in_docs,PERMIT,3
CPT106755,,dropped_in_docs,DL,0
CPT120081,,dropped_in_docs,AADHAAR,2
CPT122790,,dropped_in_docs,RC,1
CPT113379,,dropped_in_docs,RC,1
CPT101238,,dropped_in_docs,PERMIT,3
CPT106132,,dropped_in_docs,INSURANCE,5
CPT109206,,dropped_in_docs,DL,0
CPT102923,,dropped_in_docs,RC,1
CPT122027,,dropped_in_docs,PERMIT,3
CPT105334,,dropped_in_docs,RC,1
CPT103240,,dropped_in_docs,INSURANCE,5
CPT115589,,dropped_in_docs,RC,1
CPT121012,,dropped_in_docs,INSURANCE,5
CPT117958,2026-05-15 04:37:22.328363596,approved,,6
CPT104963,,dropped_in_docs,DL,0
CPT110957,,dropped_in_docs,FITNESS,4
CPT120879,,dropped_in_docs,DL,0
CPT108706,,dropped_in_docs,RC,1
CPT101393,2026-05-14 09:13:01.444134384,approved,,5
CPT101499,2026-05-15 20:07:00.496798208,approved,,6
CPT118016,,dropped_in_docs,INSURANCE,5
CPT101682,,dropped_in_docs,DL,0
CPT100070,,dropped_in_docs,FITNESS,4
CPT108601,,dropped_in_docs,AADHAAR,2
CPT108367,,dropped_in_docs,RC,1
CPT119667,,dropped_in_docs,DL,0
CPT116819,,dropped_in_docs,PERMIT,3
CPT111735,,dropped_in_docs,RC,1
CPT114980,,dropped_in_docs,FITNESS,4
CPT107678,,dropped_in_docs,DL,0
CPT119984,,dropped_in_docs,FITNESS,4
CPT121484,,dropped_in_docs,DL,0
CPT105943,,dropped_in_docs,DL,0
CPT107034,,dropped_in_docs,PERMIT,3
CPT116552,,dropped_in_docs,AADHAAR,2
CPT110048,,dropped_in_docs,PERMIT,3
CPT105201,,dropped_in_docs,AADHAAR,2
CPT103615,2026-05-12 15:16:59.347280008,approved,,6
CPT106432,,dropped_in_docs,PERMIT,3
CPT120858,,dropped_in_docs,RC,1
CPT123193,,dropped_in_docs,RC,1
CPT109048,,dropped_in_docs,FITNESS,4
CPT121556,2026-05-12 18:24:57.795715075,approved,,5
CPT115429,,dropped_in_docs,RC,1
CPT119830,,dropped_in_docs,INSURANCE,5
CPT123433,,dropped_in_docs,INSURANCE,5
CPT118346,,dropped_in_docs,DL,0
CPT100062,2026-05-17 16:10:10.130999837,approved,,6
CPT113205,,dropped_in_docs,AADHAAR,2
CPT111290,2026-05-13 20:55:47.537218577,approved,,6
CPT105834,,dropped_in_docs,RC,1
CPT104310,,dropped_in_docs,INSURANCE,5
CPT117359,,dropped_in_docs,FITNESS,4
CPT102699,,dropped_in_docs,PERMIT,3
CPT124437,,dropped_in_docs,PERMIT,3
CPT112213,,dropped_in_docs,RC,1
CPT112827,,dropped_in_docs,PERMIT,3
CPT117593,2026-05-17 08:19:08.303974257,approved,,6
CPT114547,,dropped_in_docs,DL,0
CPT110536,,dropped_in_docs,RC,1
CPT120810,,dropped_in_docs,AADHAAR,2
CPT101032,2026-05-14 19:45:26.376768002,approved,,6
CPT103051,,dropped_in_docs,AADHAAR,2
CPT108683,,dropped_in_docs,RC,1
CPT114530,,dropped_in_docs,DL,0
CPT101730,,dropped_in_docs,PERMIT,3
CPT100476,,dropped_in_docs,PERMIT,3
CPT111599,,dropped_in_docs,RC,1
CPT105944,,dropped_in_docs,FITNESS,4
CPT119239,,dropped_in_docs,DL,0
CPT101414,,dropped_in_docs,RC,1
CPT109936,,dropped_in_docs,RC,1
CPT104661,,dropped_in_docs,AADHAAR,2
CPT103049,,dropped_in_docs,RC,1
CPT105842,,dropped_in_docs,PERMIT,3
CPT112267,,dropped_in_docs,RC,1
CPT112730,,dropped_in_docs,PERMIT,3
CPT121923,2026-05-13 14:07:18.777389428,approved,,6
CPT102845,2026-05-13 16:27:41.649163058,approved,,6
CPT121065,2026-05-15 05:47:30.683095197,approved,,6
CPT121555,,dropped_in_docs,PERMIT,3
CPT106112,,dropped_in_docs,PERMIT,3
CPT111573,,dropped_in_docs,RC,1
CPT122159,,dropped_in_docs,DL,0
CPT112132,,dropped_in_docs,RC,1
CPT123887,,dropped_in_docs,PERMIT,3
CPT116079,2026-05-13 20:12:56.194186096,rejected,doc_authenticity_flag,6
CPT106088,,dropped_in_docs,RC,1
CPT116656,,dropped_in_docs,DL,0
CPT104180,2026-05-15 05:35:41.571824248,rejected,background_check_failed,6
CPT103823,,dropped_in_docs,PERMIT,3
CPT106985,,dropped_in_docs,AADHAAR,2
CPT107978,,dropped_in_docs,FITNESS,4
CPT110974,,dropped_in_docs,INSURANCE,5
CPT114489,2026-05-15 18:11:28.241677384,rejected,doc_authenticity_flag,6
CPT102022,,dropped_in_docs,RC,1
CPT119982,2026-05-14 15:15:13.978506738,approved,,5
CPT115745,,dropped_in_docs,DL,0
CPT119298,,dropped_in_docs,RC,1
CPT110261,,dropped_in_docs,PERMIT,3
CPT118255,,dropped_in_docs,PERMIT,3
CPT100896,2026-05-14 11:01:31.552357233,approved,,6
CPT118432,,dropped_in_docs,RC,1
CPT101339,,dropped_in_docs,RC,1
CPT123922,,dropped_in_docs,RC,1
CPT112752,,dropped_in_docs,AADHAAR,2
CPT114473,,dropped_in_docs,INSURANCE,5
CPT122077,,dropped_in_docs,RC,1
CPT110970,2026-05-15 13:50:37.250364328,approved,,6
CPT118725,,dropped_in_docs,FITNESS,4
CPT101477,,dropped_in_docs,RC,1
CPT112563,,dropped_in_docs,FITNESS,4
CPT110368,,dropped_in_docs,FITNESS,4
CPT100152,,dropped_in_docs,DL,0
CPT100824,,dropped_in_docs,FITNESS,4
CPT104910,,dropped_in_docs,RC,1
CPT123660,,dropped_in_docs,RC,1
CPT118458,,dropped_in_docs,AADHAAR,2
CPT103151,2026-05-13 01:16:20.237548492,approved,,5
CPT103994,,dropped_in_docs,DL,0
CPT121247,2026-05-12 00:38:15.943525697,approved,,5
CPT105317,2026-05-15 04:23:00.188358654,approved,,6
CPT101582,,dropped_in_docs,DL,0
CPT114185,,dropped_in_docs,DL,0
CPT108122,,dropped_in_docs,DL,0
CPT104533,,dropped_in_docs,INSURANCE,5
CPT111058,,dropped_in_docs,PERMIT,3
CPT106167,,dropped_in_docs,DL,0
CPT102600,2026-05-15 22:22:03.459594799,approved,,6
CPT110901,,dropped_in_docs,PERMIT,3
CPT116406,2026-05-13 14:07:01.942425473,approved,,5
CPT120165,2026-05-13 17:06:24.687342186,approved,,6
CPT108390,,dropped_in_docs,AADHAAR,2
CPT122944,2026-05-14 17:36:26.112192894,approved,,6
CPT112194,,dropped_in_docs,RC,1
CPT106968,,dropped_in_docs,AADHAAR,2
CPT105577,,dropped_in_docs,FITNESS,4
CPT103893,2026-05-15 12:31:21.238282665,approved,,6
CPT121901,2026-05-15 05:07:33.753081240,approved,,6
CPT118416,,dropped_in_docs,RC,1
CPT124679,,dropped_in_docs,FITNESS,4
CPT116360,,dropped_in_docs,DL,0
CPT102950,,dropped_in_docs,PERMIT,3
CPT117603,,dropped_in_docs,FITNESS,4
CPT105129,,dropped_in_docs,RC,1
CPT123675,,dropped_in_docs,PERMIT,3
CPT120659,,dropped_in_docs,FITNESS,4
CPT102055,,dropped_in_docs,PERMIT,3
CPT104882,,dropped_in_docs,FITNESS,4
CPT119604,,dropped_in_docs,RC,1
CPT105155,,dropped_in_docs,PERMIT,3
CPT111744,,dropped_in_docs,DL,0
CPT118550,,dropped_in_docs,PERMIT,3
CPT102752,,dropped_in_docs,FITNESS,4
CPT110601,,dropped_in_docs,RC,1
CPT110053,,dropped_in_docs,PERMIT,3
CPT100590,,dropped_in_docs,RC,1
CPT112467,,dropped_in_docs,RC,1
CPT123588,,dropped_in_docs,RC,1
CPT118711,2026-05-16 08:17:17.478260164,approved,,6
CPT105440,,dropped_in_docs,DL,0
CPT101423,2026-05-17 02:03:22.252955223,approved,,6
CPT107065,,dropped_in_docs,DL,0
CPT119770,,dropped_in_docs,RC,1
CPT113541,,dropped_in_docs,INSURANCE,5
CPT114190,,dropped_in_docs,INSURANCE,5
CPT115141,,dropped_in_docs,AADHAAR,2
CPT117112,,dropped_in_docs,AADHAAR,2
CPT119513,,dropped_in_docs,PERMIT,3
CPT124973,,dropped_in_docs,FITNESS,4
CPT117029,,dropped_in_docs,AADHAAR,2
CPT103531,,dropped_in_docs,DL,0
CPT114842,,dropped_in_docs,AADHAAR,2
CPT103360,,dropped_in_docs,DL,0
CPT112416,2026-05-15 20:28:33.969907002,approved,,6
CPT102444,2026-05-14 23:34:49.867362521,approved,,6
CPT107362,,dropped_in_docs,INSURANCE,5
CPT116196,,dropped_in_docs,RC,1
CPT119080,,dropped_in_docs,FITNESS,4
CPT106504,,dropped_in_docs,AADHAAR,2
CPT115848,,dropped_in_docs,INSURANCE,5
CPT115041,,dropped_in_docs,DL,0
CPT106667,,dropped_in_docs,PERMIT,3
CPT100611,,dropped_in_docs,FITNESS,4
CPT120087,,dropped_in_docs,PERMIT,3
CPT113731,,dropped_in_docs,DL,0
CPT108322,,dropped_in_docs,RC,1
CPT107006,,dropped_in_docs,DL,0
CPT119718,,dropped_in_docs,AADHAAR,2
CPT101337,,dropped_in_docs,FITNESS,4
CPT106508,,dropped_in_docs,FITNESS,4
CPT100453,,dropped_in_docs,DL,0
CPT123129,2026-05-15 05:45:03.824313234,approved,,6
CPT117356,,dropped_in_docs,RC,1
CPT110174,2026-05-15 10:31:25.001486434,approved,,6
CPT112297,,dropped_in_docs,FITNESS,4
CPT116879,2026-05-14 13:20:30.922681317,approved,,5
CPT109643,,dropped_in_docs,DL,0
CPT114060,,dropped_in_docs,RC,1
CPT103785,,dropped_in_docs,PERMIT,3
CPT123239,,dropped_in_docs,DL,0
CPT105981,2026-05-14 09:29:35.881039204,approved,,5
CPT104805,,dropped_in_docs,FITNESS,4
CPT123771,,dropped_in_docs,PERMIT,3
CPT112753,2026-05-18 19:06:45.421125049,approved,,6
CPT108927,,dropped_in_docs,RC,1
CPT118529,,dropped_in_docs,FITNESS,4
CPT115842,,dropped_in_docs,FITNESS,4
CPT120887,,dropped_in_docs,FITNESS,4
CPT107234,,dropped_in_docs,RC,1
CPT111417,,dropped_in_docs,DL,0
CPT113407,,dropped_in_docs,FITNESS,4
CPT119012,2026-05-16 05:19:31.379105762,approved,,5
CPT110022,2026-05-15 22:55:12.479653406,approved,,5
CPT116135,,dropped_in_docs,INSURANCE,5
CPT104281,,dropped_in_docs,RC,1
CPT123393,,dropped_in_docs,PERMIT,3
CPT102773,,dropped_in_docs,FITNESS,4
CPT121922,,dropped_in_docs,DL,0
CPT101304,,dropped_in_docs,AADHAAR,2
CPT117136,2026-05-15 02:06:37.587526257,approved,,5
CPT107045,,dropped_in_docs,RC,1
CPT120996,,dropped_in_docs,INSURANCE,5
CPT107593,2026-05-15 11:24:40.570519919,approved,,6
CPT112660,,dropped_in_docs,RC,1
CPT103008,,dropped_in_docs,DL,0
CPT115097,,dropped_in_docs,RC,1
CPT112462,,dropped_in_docs,PERMIT,3
CPT124334,,dropped_in_docs,INSURANCE,5
CPT122297,,dropped_in_docs,AADHAAR,2
CPT117757,,dropped_in_docs,PERMIT,3
CPT107379,,dropped_in_docs,AADHAAR,2
CPT106622,,dropped_in_docs,RC,1
CPT121313,,dropped_in_docs,FITNESS,4
CPT120792,,dropped_in_docs,FITNESS,4
CPT110716,2026-05-15 18:13:49.786864936,approved,,6
CPT118248,,dropped_in_docs,DL,0
CPT112883,,dropped_in_docs,FITNESS,4
CPT102902,,dropped_in_docs,RC,1
CPT107289,,dropped_in_docs,RC,1
CPT111554,,dropped_in_docs,PERMIT,3
CPT107342,,dropped_in_docs,RC,1
CPT106543,,dropped_in_docs,INSURANCE,5
CPT121478,,dropped_in_docs,DL,0
CPT107353,,dropped_in_docs,FITNESS,4
CPT120445,2026-05-16 18:55:10.188295122,rejected,background_check_failed,6
CPT107409,2026-05-15 20:20:58.843527748,approved,,6
CPT109766,,dropped_in_docs,RC,1
CPT100195,,dropped_in_docs,RC,1
CPT101424,2026-05-14 09:43:48.956139140,approved,,6
CPT118838,,dropped_in_docs,RC,1
CPT119662,,dropped_in_docs,FITNESS,4
CPT102294,2026-05-16 13:27:08.362429623,approved,,6
CPT115579,,dropped_in_docs,PERMIT,3
CPT100799,2026-05-18 11:49:45.525800278,approved,,6
CPT108553,,dropped_in_docs,RC,1
CPT118148,,dropped_in_docs,PERMIT,3
CPT111488,,dropped_in_docs,PERMIT,3
CPT111001,,dropped_in_docs,RC,1
CPT112991,,dropped_in_docs,INSURANCE,5
CPT106846,,dropped_in_docs,DL,0
CPT120690,,dropped_in_docs,FITNESS,4
CPT110154,,dropped_in_docs,RC,1
CPT121546,2026-05-13 19:43:27.002833882,approved,,5
CPT113627,,dropped_in_docs,RC,1
CPT115400,,dropped_in_docs,DL,0
CPT117063,,dropped_in_docs,RC,1
CPT122681,,dropped_in_docs,FITNESS,4
CPT105082,,dropped_in_docs,FITNESS,4
CPT111863,,dropped_in_docs,FITNESS,4
CPT117051,2026-05-16 09:00:33.235650310,approved,,6
CPT122409,,dropped_in_docs,PERMIT,3
CPT118461,,dropped_in_docs,RC,1
CPT120392,,dropped_in_docs,RC,1
CPT111034,,dropped_in_docs,FITNESS,4
CPT113010,,dropped_in_docs,DL,0
CPT106774,,dropped_in_docs,PERMIT,3
CPT121311,,dropped_in_docs,AADHAAR,2
CPT117681,,dropped_in_docs,RC,1
CPT113960,,dropped_in_docs,FITNESS,4
CPT122486,,dropped_in_docs,PERMIT,3
CPT112987,,dropped_in_docs,INSURANCE,5
CPT100392,,dropped_in_docs,FITNESS,4
CPT116903,2026-05-17 08:53:56.296118614,rejected,doc_authenticity_flag,6
CPT113169,,dropped_in_docs,PERMIT,3
CPT115060,,dropped_in_docs,RC,1
CPT114546,2026-05-16 09:49:20.533381838,approved,,6
CPT111318,,dropped_in_docs,DL,0
CPT124402,,dropped_in_docs,PERMIT,3
CPT108602,,dropped_in_docs,INSURANCE,5
CPT100517,,dropped_in_docs,RC,1
CPT109575,,dropped_in_docs,FITNESS,4
CPT110632,2026-05-18 01:13:08.455311679,approved,,6
CPT107465,2026-05-16 21:09:15.376886198,approved,,6
CPT115124,,dropped_in_docs,PERMIT,3
CPT120456,2026-05-17 18:01:32.212509879,approved,,6
CPT109240,2026-05-15 19:09:17.493592532,approved,,5
CPT115681,,dropped_in_docs,RC,1
CPT114917,,dropped_in_docs,RC,1
CPT111246,,dropped_in_docs,RC,1
CPT108701,,dropped_in_docs,DL,0
CPT119589,,dropped_in_docs,PERMIT,3
CPT110992,2026-05-15 05:17:23.902012327,approved,,5
CPT108093,,dropped_in_docs,PERMIT,3
CPT116374,,dropped_in_docs,PERMIT,3
CPT123753,,dropped_in_docs,INSURANCE,5
CPT111440,,dropped_in_docs,AADHAAR,2
CPT116050,,dropped_in_docs,PERMIT,3
CPT121287,2026-05-15 15:18:11.430638522,approved,,6
CPT112053,,dropped_in_docs,INSURANCE,5
CPT107543,,dropped_in_docs,AADHAAR,2
CPT100494,,dropped_in_docs,FITNESS,4
CPT118317,,dropped_in_docs,INSURANCE,5
CPT116799,,dropped_in_docs,RC,1
CPT104312,,dropped_in_docs,FITNESS,4
CPT107653,,dropped_in_docs,DL,0
CPT122852,,dropped_in_docs,FITNESS,4
CPT100718,,dropped_in_docs,DL,0
CPT110886,,dropped_in_docs,RC,1
CPT119117,,dropped_in_docs,PERMIT,3
CPT104605,,dropped_in_docs,AADHAAR,2
CPT111993,,dropped_in_docs,PERMIT,3
CPT116225,2026-05-17 06:56:29.429918773,approved,,5
CPT121576,,dropped_in_docs,DL,0
CPT104198,,dropped_in_docs,PERMIT,3
CPT112155,2026-05-14 22:16:49.187391633,approved,,6
CPT110319,2026-05-18 02:18:34.407188334,approved,,5
CPT102380,,dropped_in_docs,DL,0
CPT117438,,dropped_in_docs,RC,1
CPT102249,,dropped_in_docs,PERMIT,3
CPT112227,,dropped_in_docs,FITNESS,4
CPT118210,,dropped_in_docs,AADHAAR,2
CPT124354,,dropped_in_docs,PERMIT,3
CPT113690,,dropped_in_docs,FITNESS,4
CPT112625,,dropped_in_docs,RC,1
CPT105712,,dropped_in_docs,INSURANCE,5
CPT121925,,dropped_in_docs,AADHAAR,2
CPT113748,,dropped_in_docs,RC,1
CPT120475,,dropped_in_docs,PERMIT,3
CPT116753,,dropped_in_docs,RC,1
CPT109770,,dropped_in_docs,PERMIT,3
CPT122268,,dropped_in_docs,INSURANCE,5
CPT101508,2026-05-15 06:35:51.213631564,approved,,6
CPT110910,,dropped_in_docs,RC,1
CPT106564,,dropped_in_docs,PERMIT,3
CPT110805,2026-05-18 08:00:36.415013900,approved,,6
CPT101647,,dropped_in_docs,FITNESS,4
CPT116898,,dropped_in_docs,DL,0
CPT103202,,dropped_in_docs,RC,1
CPT122713,,dropped_in_docs,RC,1
CPT111017,2026-05-18 22:03:48.860368712,approved,,6
CPT104553,,dropped_in_docs,FITNESS,4
CPT105277,,dropped_in_docs,AADHAAR,2
CPT122014,2026-05-20 14:21:24.140370659,rejected,vehicle_age_policy,6
CPT111467,,dropped_in_docs,PERMIT,3
CPT104405,,dropped_in_docs,RC,1
CPT105810,,dropped_in_docs,DL,0
CPT118423,,dropped_in_docs,RC,1
CPT124829,,dropped_in_docs,PERMIT,3
CPT122920,,dropped_in_docs,FITNESS,4
CPT121523,,dropped_in_docs,RC,1
CPT115316,,dropped_in_docs,DL,0
CPT118590,,dropped_in_docs,RC,1
CPT107882,,dropped_in_docs,AADHAAR,2
CPT114331,,dropped_in_docs,RC,1
CPT116019,,dropped_in_docs,RC,1
CPT104146,,dropped_in_docs,PERMIT,3
CPT122942,,dropped_in_docs,PERMIT,3
CPT100619,,dropped_in_docs,RC,1
CPT106601,,dropped_in_docs,PERMIT,3
CPT113913,2026-05-15 13:55:51.119908214,approved,,5
CPT124743,,dropped_in_docs,DL,0
CPT106415,,dropped_in_docs,FITNESS,4
CPT118150,,dropped_in_docs,INSURANCE,5
CPT113009,,dropped_in_docs,INSURANCE,5
CPT106271,,dropped_in_docs,RC,1
CPT117996,2026-05-17 17:30:08.872753009,approved,,6
CPT118437,,dropped_in_docs,PERMIT,3
CPT103725,,dropped_in_docs,AADHAAR,2
CPT100107,,dropped_in_docs,DL,0
CPT106400,,dropped_in_docs,DL,0
CPT115039,,dropped_in_docs,RC,1
CPT115969,,dropped_in_docs,INSURANCE,5
CPT118558,,dropped_in_docs,PERMIT,3
CPT109652,2026-05-16 11:53:54.684573677,approved,,5
CPT116900,,dropped_in_docs,PERMIT,3
CPT115590,2026-05-18 15:55:37.168044416,approved,,6
CPT105017,2026-05-16 01:48:56.567963843,approved,,5
CPT108211,,dropped_in_docs,DL,0
CPT121764,,dropped_in_docs,DL,0
CPT115430,,dropped_in_docs,FITNESS,4
CPT117229,,dropped_in_docs,RC,1
CPT120658,2026-05-17 11:17:04.674397095,approved,,6
CPT108249,,dropped_in_docs,FITNESS,4
CPT117390,,dropped_in_docs,AADHAAR,2
CPT122003,2026-05-15 19:41:52.278564936,approved,,5
CPT109972,2026-05-18 09:21:01.439017980,approved,,5
CPT113917,,dropped_in_docs,INSURANCE,5
CPT112984,2026-05-17 12:45:25.985886487,approved,,6
CPT100415,,dropped_in_docs,RC,1
CPT103576,2026-05-18 21:11:00.076667945,approved,,6
CPT102720,,dropped_in_docs,FITNESS,4
CPT105173,2026-05-19 04:30:36.793270524,approved,,6
CPT119371,,dropped_in_docs,INSURANCE,5
CPT108109,,dropped_in_docs,AADHAAR,2
CPT124913,,dropped_in_docs,INSURANCE,5
CPT107024,,dropped_in_docs,RC,1
CPT106159,,dropped_in_docs,FITNESS,4
CPT107351,,dropped_in_docs,INSURANCE,5
CPT123057,,dropped_in_docs,RC,1
CPT124406,,dropped_in_docs,FITNESS,4
CPT108476,,dropped_in_docs,AADHAAR,2
CPT111147,,dropped_in_docs,AADHAAR,2
CPT114735,,dropped_in_docs,PERMIT,3
CPT118964,,dropped_in_docs,DL,0
CPT109016,,dropped_in_docs,PERMIT,3
CPT105859,,dropped_in_docs,RC,1
CPT113476,,dropped_in_docs,AADHAAR,2
CPT119323,2026-05-17 11:06:54.817941570,approved,,6
CPT117928,,dropped_in_docs,DL,0
CPT104457,,dropped_in_docs,FITNESS,4
CPT107302,,dropped_in_docs,FITNESS,4
CPT118541,2026-05-19 03:18:22.235143032,approved,,6
CPT118035,,dropped_in_docs,INSURANCE,5
CPT106615,,dropped_in_docs,RC,1
CPT104147,2026-05-18 02:51:30.466985806,approved,,6
CPT103435,2026-05-16 06:04:44.568125692,approved,,5
CPT110062,,dropped_in_docs,RC,1
CPT118342,,dropped_in_docs,PERMIT,3
CPT122247,,dropped_in_docs,FITNESS,4
CPT107272,2026-05-17 23:43:40.371807517,approved,,6
CPT118040,,dropped_in_docs,RC,1
CPT119941,,dropped_in_docs,RC,1
CPT100034,,dropped_in_docs,PERMIT,3
CPT113923,2026-05-18 22:14:12.863556965,approved,,5
CPT117150,,dropped_in_docs,DL,0
CPT122032,,dropped_in_docs,RC,1
CPT116038,,dropped_in_docs,INSURANCE,5
CPT116775,,dropped_in_docs,RC,1
CPT108909,2026-05-16 10:26:04.395422383,approved,,5
CPT121291,,dropped_in_docs,RC,1
CPT104065,,dropped_in_docs,RC,1
CPT121447,,dropped_in_docs,INSURANCE,5
CPT119322,,dropped_in_docs,PERMIT,3
CPT107858,,dropped_in_docs,DL,0
CPT101272,,dropped_in_docs,RC,1
CPT102756,,dropped_in_docs,FITNESS,4
CPT114598,,dropped_in_docs,INSURANCE,5
CPT119724,,dropped_in_docs,RC,1
CPT118753,,dropped_in_docs,DL,0
CPT106936,2026-05-16 01:06:24.135245672,approved,,6
CPT114910,,dropped_in_docs,PERMIT,3
CPT119429,,dropped_in_docs,PERMIT,3
CPT118853,,dropped_in_docs,RC,1
CPT110184,,dropped_in_docs,PERMIT,3
CPT104168,,dropped_in_docs,AADHAAR,2
CPT111530,,dropped_in_docs,PERMIT,3
CPT108668,,dropped_in_docs,PERMIT,3
CPT105227,,dropped_in_docs,RC,1
CPT113581,,dropped_in_docs,PERMIT,3
CPT114787,,dropped_in_docs,PERMIT,3
CPT102954,,dropped_in_docs,PERMIT,3
CPT104549,,dropped_in_docs,FITNESS,4
CPT115815,,dropped_in_docs,FITNESS,4
CPT116392,,dropped_in_docs,RC,1
CPT117815,2026-05-17 03:35:09.005753610,approved,,6
CPT116869,,dropped_in_docs,FITNESS,4
CPT112348,,dropped_in_docs,RC,1
CPT103105,2026-05-17 19:35:49.549796372,approved,,6
CPT101896,,dropped_in_docs,INSURANCE,5
CPT123122,2026-05-20 06:56:51.590497695,approved,,6
CPT107584,,dropped_in_docs,FITNESS,4
CPT101532,,dropped_in_docs,FITNESS,4
CPT115471,,dropped_in_docs,INSURANCE,5
CPT124087,2026-05-15 13:00:35.906152866,approved,,6
CPT119462,,dropped_in_docs,INSURANCE,5
CPT104527,,dropped_in_docs,DL,0
CPT104185,2026-05-16 20:42:01.340783248,approved,,6
CPT111293,,dropped_in_docs,AADHAAR,2
CPT106522,,dropped_in_docs,RC,1
CPT123459,,dropped_in_docs,RC,1
CPT104643,,dropped_in_docs,PERMIT,3
CPT116353,,dropped_in_docs,FITNESS,4
CPT116029,,dropped_in_docs,FITNESS,4
CPT113321,,dropped_in_docs,PERMIT,3
CPT104433,,dropped_in_docs,FITNESS,4
CPT113883,,dropped_in_docs,DL,0
CPT101766,,dropped_in_docs,DL,0
CPT101811,,dropped_in_docs,DL,0
CPT119223,,dropped_in_docs,FITNESS,4
CPT106485,,dropped_in_docs,RC,1
CPT104008,2026-05-17 01:29:23.694402742,approved,,6
CPT103364,2026-05-18 05:55:08.209331384,approved,,6
CPT123532,2026-05-17 14:43:40.842095772,approved,,6
CPT102104,2026-05-17 05:10:50.104187502,approved,,6
CPT108719,2026-05-16 05:53:06.615930129,approved,,6
CPT118451,,dropped_in_docs,INSURANCE,5
CPT106723,,dropped_in_docs,PERMIT,3
CPT123689,,dropped_in_docs,INSURANCE,5
CPT102101,,dropped_in_docs,PERMIT,3
CPT109100,,dropped_in_docs,FITNESS,4
CPT121756,,dropped_in_docs,FITNESS,4
CPT109102,2026-05-15 22:34:24.181396868,approved,,5
CPT111749,,dropped_in_docs,RC,1
CPT108164,,dropped_in_docs,PERMIT,3
CPT103458,2026-05-22 18:31:08.002832297,approved,,6
CPT117532,2026-05-19 23:24:16.006711520,approved,,6
CPT100910,,dropped_in_docs,DL,0
CPT111668,,dropped_in_docs,INSURANCE,5
CPT117597,2026-05-17 18:47:09.081688586,approved,,6
CPT110051,,dropped_in_docs,RC,1
CPT117258,,dropped_in_docs,RC,1
CPT111285,,dropped_in_docs,DL,0
CPT112722,,dropped_in_docs,PERMIT,3
CPT103068,,dropped_in_docs,PERMIT,3
CPT102268,,dropped_in_docs,DL,0
CPT108069,,dropped_in_docs,PERMIT,3
CPT110183,2026-05-17 08:29:56.293497214,approved,,6
CPT105064,,dropped_in_docs,INSURANCE,5
CPT105805,,dropped_in_docs,RC,1
CPT110570,,dropped_in_docs,RC,1
CPT119640,,dropped_in_docs,AADHAAR,2
CPT120473,,dropped_in_docs,RC,1
CPT122172,,dropped_in_docs,RC,1
CPT108578,,dropped_in_docs,FITNESS,4
CPT110705,,dropped_in_docs,RC,1
CPT117316,,dropped_in_docs,FITNESS,4
CPT121319,,dropped_in_docs,DL,0
CPT103786,2026-05-19 18:00:26.899465705,approved,,6
CPT107791,2026-05-20 04:41:15.868049683,approved,,6
CPT109935,,dropped_in_docs,AADHAAR,2
CPT115808,2026-05-17 06:09:41.437047721,approved,,6
CPT101077,,dropped_in_docs,RC,1
CPT117179,,dropped_in_docs,FITNESS,4
CPT103934,2026-05-18 14:44:46.031041819,approved,,6
CPT119985,,dropped_in_docs,RC,1
CPT109596,2026-05-18 00:27:31.095002558,approved,,6
CPT103746,,dropped_in_docs,AADHAAR,2
CPT109977,,dropped_in_docs,RC,1
CPT111968,,dropped_in_docs,FITNESS,4
CPT119766,,dropped_in_docs,DL,0
CPT122556,2026-05-21 11:27:08.261661904,approved,,6
CPT102006,,dropped_in_docs,FITNESS,4
CPT102398,,dropped_in_docs,INSURANCE,5
CPT123190,,dropped_in_docs,INSURANCE,5
CPT108179,,dropped_in_docs,RC,1
CPT121410,,dropped_in_docs,PERMIT,3
CPT106362,,dropped_in_docs,PERMIT,3
CPT117086,,dropped_in_docs,AADHAAR,2
CPT120848,,dropped_in_docs,RC,1
CPT117167,,dropped_in_docs,RC,1
CPT101626,2026-05-19 10:57:29.331103485,rejected,vehicle_age_policy,6
CPT105445,,dropped_in_docs,RC,1
CPT101411,,dropped_in_docs,INSURANCE,5
CPT111647,,dropped_in_docs,INSURANCE,5
CPT118298,,dropped_in_docs,INSURANCE,5
CPT113726,,dropped_in_docs,INSURANCE,5
CPT118098,,dropped_in_docs,PERMIT,3
CPT106449,,dropped_in_docs,INSURANCE,5
CPT104211,,dropped_in_docs,RC,1
CPT113635,,dropped_in_docs,PERMIT,3
CPT113491,2026-05-22 00:23:57.548634601,approved,,6
CPT118708,,dropped_in_docs,INSURANCE,5
CPT107075,,dropped_in_docs,RC,1
CPT123494,,dropped_in_docs,DL,0
CPT118519,,dropped_in_docs,PERMIT,3
CPT112515,,dropped_in_docs,RC,1
CPT104871,2026-05-23 08:50:11.859883015,approved,,5
CPT101489,,dropped_in_docs,PERMIT,3
CPT104864,,dropped_in_docs,DL,0
CPT109920,,dropped_in_docs,INSURANCE,5
CPT124244,,dropped_in_docs,PERMIT,3
CPT110045,,dropped_in_docs,PERMIT,3
CPT102541,,dropped_in_docs,PERMIT,3
CPT103775,2026-05-21 12:10:12.241223732,approved,,6
CPT104895,,dropped_in_docs,RC,1
CPT106376,,dropped_in_docs,PERMIT,3
CPT113316,2026-05-16 13:21:15.526793074,approved,,6
CPT108370,,dropped_in_docs,DL,0
CPT103436,2026-05-21 05:48:07.790091847,approved,,6
CPT122160,,dropped_in_docs,INSURANCE,5
CPT122807,,dropped_in_docs,RC,1
CPT111255,,dropped_in_docs,RC,1
CPT105899,,dropped_in_docs,RC,1
CPT120575,,dropped_in_docs,DL,0
CPT108331,,dropped_in_docs,PERMIT,3
CPT100646,,dropped_in_docs,INSURANCE,5
CPT113322,2026-05-18 02:06:15.977329330,approved,,6
CPT109765,,dropped_in_docs,AADHAAR,2
CPT122876,,dropped_in_docs,DL,0
CPT111008,,dropped_in_docs,RC,1
CPT101871,2026-05-18 12:55:00.514186622,approved,,6
CPT105664,,dropped_in_docs,INSURANCE,5
CPT122702,,dropped_in_docs,FITNESS,4
CPT100836,,dropped_in_docs,RC,1
CPT105193,,dropped_in_docs,PERMIT,3
CPT122857,2026-05-17 07:26:57.785214191,approved,,6
CPT101388,,dropped_in_docs,AADHAAR,2
CPT124347,,dropped_in_docs,FITNESS,4
CPT111469,,dropped_in_docs,PERMIT,3
CPT114819,,dropped_in_docs,RC,1
CPT106212,,dropped_in_docs,RC,1
CPT107501,2026-05-16 16:41:22.172110064,approved,,6
CPT115153,,dropped_in_docs,RC,1
CPT109059,,dropped_in_docs,RC,1
CPT112603,,dropped_in_docs,FITNESS,4
CPT113234,2026-05-19 06:47:16.413779793,approved,,6
CPT112631,2026-05-20 10:45:06.144742283,approved,,6
CPT109358,,dropped_in_docs,RC,1
CPT120014,2026-05-19 04:36:08.520581244,approved,,6
CPT110733,,dropped_in_docs,AADHAAR,2
CPT123684,,dropped_in_docs,RC,1
CPT103736,,dropped_in_docs,AADHAAR,2
CPT115201,,dropped_in_docs,RC,1
CPT124744,,dropped_in_docs,AADHAAR,2
CPT109493,,dropped_in_docs,AADHAAR,2
CPT121289,,dropped_in_docs,FITNESS,4
CPT111175,,dropped_in_docs,INSURANCE,5
CPT100784,,dropped_in_docs,INSURANCE,5
CPT118929,2026-05-21 20:52:45.207760263,approved,,6
CPT110547,2026-05-18 03:29:52.994064894,approved,,6
CPT112498,2026-05-16 02:05:13.068278008,approved,,5
CPT102228,,dropped_in_docs,DL,0
CPT122566,,dropped_in_docs,PERMIT,3
CPT110604,2026-05-21 21:38:25.541707574,approved,,6
CPT100954,,dropped_in_docs,RC,1
CPT101335,2026-05-18 19:46:05.426454562,approved,,6
CPT118017,,dropped_in_docs,RC,1
CPT123687,,dropped_in_docs,AADHAAR,2
CPT121282,,dropped_in_docs,DL,0
CPT106413,,dropped_in_docs,RC,1
CPT103636,,dropped_in_docs,PERMIT,3
CPT113839,,dropped_in_docs,INSURANCE,5
CPT108447,,dropped_in_docs,PERMIT,3
CPT113847,,dropped_in_docs,RC,1
CPT111449,,dropped_in_docs,RC,1
CPT104853,,dropped_in_docs,RC,1
CPT114259,,dropped_in_docs,RC,1
CPT114512,,dropped_in_docs,RC,1
CPT120071,,dropped_in_docs,RC,1
CPT107928,2026-05-21 00:20:26.290579290,approved,,6
CPT117933,,dropped_in_docs,INSURANCE,5
CPT114309,2026-05-16 19:30:25.529214262,approved,,5
CPT101802,,dropped_in_docs,RC,1
CPT104556,,dropped_in_docs,AADHAAR,2
CPT120596,,dropped_in_docs,INSURANCE,5
CPT121090,2026-05-19 04:30:48.623652807,approved,,5
CPT123942,2026-05-20 11:29:24.580350651,approved,,6
CPT123705,,dropped_in_docs,FITNESS,4
CPT102883,,dropped_in_docs,RC,1
CPT104292,,dropped_in_docs,RC,1
CPT124116,,dropped_in_docs,RC,1
CPT107304,,dropped_in_docs,DL,0
CPT124534,,dropped_in_docs,INSURANCE,5
CPT119873,2026-05-18 09:38:57.828623852,approved,,5
CPT121543,2026-05-17 22:39:41.318505916,approved,,6
CPT102344,,dropped_in_docs,DL,0
CPT122383,2026-05-18 10:13:07.457651725,approved,,6
CPT122298,,dropped_in_docs,RC,1
CPT117043,2026-05-20 05:36:56.300955421,approved,,6
CPT120941,,dropped_in_docs,RC,1
CPT101330,2026-05-19 03:07:25.184270261,approved,,6
CPT111742,,dropped_in_docs,DL,0
CPT107746,,dropped_in_docs,RC,1
CPT113161,,dropped_in_docs,DL,0
CPT102070,,dropped_in_docs,INSURANCE,5
CPT109435,,dropped_in_docs,RC,1
CPT117590,,dropped_in_docs,DL,0
CPT105960,,dropped_in_docs,RC,1
CPT112441,,dropped_in_docs,FITNESS,4
CPT105321,2026-05-18 17:14:42.046949458,approved,,6
CPT101969,,dropped_in_docs,INSURANCE,5
CPT113543,2026-05-18 04:10:43.949544109,approved,,6
CPT106834,,dropped_in_docs,INSURANCE,5
CPT110545,2026-05-20 04:06:44.876759397,approved,,6
CPT107004,2026-05-17 22:48:24.977399119,rejected,vehicle_age_policy,6
CPT102887,,dropped_in_docs,RC,1
CPT105706,,dropped_in_docs,RC,1
CPT108481,,dropped_in_docs,RC,1
CPT103577,,dropped_in_docs,RC,1
CPT124572,2026-05-18 01:35:32.371397476,approved,,6
CPT100598,,dropped_in_docs,FITNESS,4
CPT103434,,dropped_in_docs,RC,1
CPT102142,,dropped_in_docs,INSURANCE,5
CPT115356,,dropped_in_docs,FITNESS,4
CPT120850,,dropped_in_docs,RC,1
CPT118984,,dropped_in_docs,PERMIT,3
CPT116000,,dropped_in_docs,PERMIT,3
CPT112293,,dropped_in_docs,PERMIT,3
CPT102466,,dropped_in_docs,INSURANCE,5
CPT108044,,dropped_in_docs,PERMIT,3
CPT108777,2026-05-17 22:02:16.035779849,approved,,6
CPT107168,,dropped_in_docs,INSURANCE,5
CPT107575,,dropped_in_docs,FITNESS,4
CPT124542,,dropped_in_docs,FITNESS,4
CPT103886,2026-05-17 06:30:27.338159103,approved,,5
CPT107435,,dropped_in_docs,FITNESS,4
CPT120295,2026-05-20 12:27:06.856675919,approved,,6
CPT107925,,dropped_in_docs,RC,1
CPT104081,,dropped_in_docs,PERMIT,3
CPT123038,,dropped_in_docs,AADHAAR,2
CPT123723,,dropped_in_docs,PERMIT,3
CPT124651,,dropped_in_docs,INSURANCE,5
CPT118634,,dropped_in_docs,PERMIT,3
CPT112926,,dropped_in_docs,INSURANCE,5
CPT115409,2026-05-20 02:53:03.183687984,approved,,5
CPT114625,,dropped_in_docs,FITNESS,4
CPT112210,2026-05-18 05:36:06.343704483,approved,,6
CPT101686,,dropped_in_docs,INSURANCE,5
CPT107301,,dropped_in_docs,FITNESS,4
CPT100624,2026-05-22 04:19:00.439211863,approved,,6
CPT114297,,dropped_in_docs,RC,1
CPT108956,,dropped_in_docs,FITNESS,4
CPT110292,,dropped_in_docs,RC,1
CPT118823,,dropped_in_docs,AADHAAR,2
CPT117785,2026-05-20 02:26:16.325733113,approved,,6
CPT105389,,dropped_in_docs,FITNESS,4
CPT105055,,dropped_in_docs,PERMIT,3
CPT103821,,dropped_in_docs,DL,0
CPT123449,,dropped_in_docs,INSURANCE,5
CPT121713,,dropped_in_docs,PERMIT,3
CPT111708,,dropped_in_docs,DL,0
CPT122564,,dropped_in_docs,RC,1
CPT116585,,dropped_in_docs,FITNESS,4
CPT118265,,dropped_in_docs,INSURANCE,5
CPT110383,,dropped_in_docs,RC,1
CPT111102,,dropped_in_docs,FITNESS,4
CPT124040,,dropped_in_docs,DL,0
CPT107271,,dropped_in_docs,PERMIT,3
CPT115250,2026-05-18 16:45:07.030168550,approved,,5
CPT118418,,dropped_in_docs,INSURANCE,5
CPT118912,,dropped_in_docs,DL,0
CPT109103,2026-05-19 22:54:38.290188637,approved,,6
CPT116273,,dropped_in_docs,INSURANCE,5
CPT116519,2026-05-21 19:00:38.974415582,approved,,6
CPT107230,2026-05-18 09:07:21.003151031,approved,,5
CPT123937,,dropped_in_docs,DL,0
CPT109245,,dropped_in_docs,FITNESS,4
CPT107654,,dropped_in_docs,PERMIT,3
CPT102317,,dropped_in_docs,AADHAAR,2
CPT106257,,dropped_in_docs,FITNESS,4
CPT124243,,dropped_in_docs,RC,1
CPT122170,,dropped_in_docs,DL,0
CPT119138,,dropped_in_docs,RC,1
CPT108278,,dropped_in_docs,INSURANCE,5
CPT109865,2026-05-18 06:25:22.993132766,approved,,6
CPT107648,,dropped_in_docs,PERMIT,3
CPT115633,,dropped_in_docs,PERMIT,3
CPT123488,,dropped_in_docs,FITNESS,4
CPT106161,,dropped_in_docs,FITNESS,4
CPT107307,2026-05-19 17:17:30.843114506,approved,,6
CPT100410,,dropped_in_docs,FITNESS,4
CPT119479,,dropped_in_docs,DL,0
CPT111942,,dropped_in_docs,FITNESS,4
CPT122947,,dropped_in_docs,FITNESS,4
CPT115694,,dropped_in_docs,INSURANCE,5
CPT119219,,dropped_in_docs,PERMIT,3
CPT119003,,dropped_in_docs,RC,1
CPT113471,,dropped_in_docs,FITNESS,4
CPT107003,,dropped_in_docs,RC,1
CPT102188,2026-05-19 13:08:09.901068240,approved,,6
CPT117103,2026-05-18 18:49:39.935226791,approved,,5
CPT117742,,dropped_in_docs,RC,1
CPT114231,,dropped_in_docs,RC,1
CPT110719,,dropped_in_docs,FITNESS,4
CPT120131,,dropped_in_docs,AADHAAR,2
CPT112613,,dropped_in_docs,RC,1
CPT102538,,dropped_in_docs,AADHAAR,2
CPT124296,,dropped_in_docs,AADHAAR,2
CPT116980,,dropped_in_docs,PERMIT,3
CPT122210,,dropped_in_docs,INSURANCE,5
CPT113632,,dropped_in_docs,RC,1
CPT119316,,dropped_in_docs,RC,1
CPT105213,,dropped_in_docs,DL,0
CPT116418,,dropped_in_docs,INSURANCE,5
CPT110333,,dropped_in_docs,FITNESS,4
CPT119023,,dropped_in_docs,RC,1
CPT124325,,dropped_in_docs,RC,1
CPT119205,2026-05-17 19:44:38.058960244,approved,,5
CPT123742,2026-05-22 08:57:40.416750865,approved,,6
CPT124430,,dropped_in_docs,PERMIT,3
CPT115703,,dropped_in_docs,FITNESS,4
CPT112821,,dropped_in_docs,FITNESS,4
CPT101158,,dropped_in_docs,RC,1
CPT106810,,dropped_in_docs,RC,1
CPT116428,,dropped_in_docs,RC,1
CPT102269,,dropped_in_docs,FITNESS,4
CPT113716,,dropped_in_docs,RC,1
CPT107911,2026-05-19 09:47:17.142559779,approved,,6
CPT121957,,dropped_in_docs,RC,1
CPT116467,,dropped_in_docs,RC,1
CPT107683,,dropped_in_docs,INSURANCE,5
CPT103453,2026-05-17 09:52:29.932757230,approved,,5
CPT117038,,dropped_in_docs,AADHAAR,2
CPT107548,,dropped_in_docs,INSURANCE,5
CPT122451,,dropped_in_docs,FITNESS,4
CPT119811,,dropped_in_docs,RC,1
CPT107420,2026-05-20 11:33:08.835622570,approved,,6
CPT102992,,dropped_in_docs,FITNESS,4
CPT124289,,dropped_in_docs,INSURANCE,5
CPT119304,,dropped_in_docs,RC,1
CPT100862,2026-05-19 21:41:12.537080595,rejected,vehicle_age_policy,6
CPT119199,,dropped_in_docs,RC,1
CPT114441,,dropped_in_docs,PERMIT,3
CPT123900,,dropped_in_docs,INSURANCE,5
CPT115382,2026-05-20 13:59:43.893103864,approved,,6
CPT118144,,dropped_in_docs,INSURANCE,5
CPT114747,,dropped_in_docs,RC,1
CPT123443,,dropped_in_docs,RC,1
CPT117907,,dropped_in_docs,FITNESS,4
CPT112269,,dropped_in_docs,RC,1
CPT112572,,dropped_in_docs,RC,1
CPT107939,2026-05-20 08:34:28.939996003,rejected,background_check_failed,6
CPT112867,,dropped_in_docs,AADHAAR,2
CPT122759,,dropped_in_docs,PERMIT,3
CPT104894,,dropped_in_docs,RC,1
CPT101993,2026-05-19 06:47:10.006883631,approved,,5
CPT103578,,dropped_in_docs,PERMIT,3
CPT124293,,dropped_in_docs,RC,1
CPT102447,,dropped_in_docs,PERMIT,3
CPT106305,,dropped_in_docs,DL,0
CPT114955,,dropped_in_docs,PERMIT,3
CPT116195,2026-05-25 15:51:06.740130739,approved,,6
CPT117745,,dropped_in_docs,PERMIT,3
CPT108137,,dropped_in_docs,FITNESS,4
CPT123013,2026-05-22 23:34:36.873256918,approved,,6
CPT123035,,dropped_in_docs,INSURANCE,5
CPT105190,,dropped_in_docs,FITNESS,4
CPT103031,,dropped_in_docs,RC,1
CPT115723,,dropped_in_docs,RC,1
CPT101212,,dropped_in_docs,AADHAAR,2
CPT104136,,dropped_in_docs,RC,1
CPT124237,2026-05-21 19:11:10.253698320,approved,,6
CPT104290,,dropped_in_docs,RC,1
CPT113671,,dropped_in_docs,PERMIT,3
CPT118286,,dropped_in_docs,AADHAAR,2
CPT110327,,dropped_in_docs,FITNESS,4
CPT122525,,dropped_in_docs,DL,0
CPT106591,,dropped_in_docs,PERMIT,3
CPT114968,,dropped_in_docs,RC,1
CPT119096,,dropped_in_docs,PERMIT,3
CPT103106,,dropped_in_docs,DL,0
CPT111985,,dropped_in_docs,INSURANCE,5
CPT105419,,dropped_in_docs,DL,0
CPT109098,,dropped_in_docs,INSURANCE,5
CPT115617,,dropped_in_docs,FITNESS,4
CPT107478,,dropped_in_docs,RC,1
CPT102695,,dropped_in_docs,INSURANCE,5
CPT105961,,dropped_in_docs,RC,1
CPT116335,,dropped_in_docs,AADHAAR,2
CPT120649,,dropped_in_docs,RC,1
CPT104792,,dropped_in_docs,RC,1
CPT101701,2026-05-19 01:58:55.461915115,approved,,5
CPT102187,2026-05-19 08:26:39.025654715,approved,,6
CPT111534,,dropped_in_docs,AADHAAR,2
CPT124417,,dropped_in_docs,RC,1
CPT119596,2026-05-21 12:39:06.593920993,approved,,5
CPT123109,,dropped_in_docs,PERMIT,3
CPT117624,,dropped_in_docs,PERMIT,3
CPT101826,2026-05-20 10:20:09.769627559,approved,,5
CPT109262,,dropped_in_docs,AADHAAR,2
CPT117175,,dropped_in_docs,INSURANCE,5
CPT103873,,dropped_in_docs,AADHAAR,2
CPT104680,,dropped_in_docs,RC,1
CPT120153,,dropped_in_docs,FITNESS,4
CPT111188,,dropped_in_docs,FITNESS,4
CPT106959,,dropped_in_docs,FITNESS,4
CPT103945,,dropped_in_docs,INSURANCE,5
CPT116856,2026-05-22 22:45:31.172029363,approved,,6
CPT120256,,dropped_in_docs,INSURANCE,5
CPT102243,,dropped_in_docs,RC,1
CPT109148,,dropped_in_docs,DL,0
CPT112781,,dropped_in_docs,PERMIT,3
CPT117026,,dropped_in_docs,PERMIT,3
CPT105998,,dropped_in_docs,FITNESS,4
CPT118648,,dropped_in_docs,INSURANCE,5
CPT101301,,dropped_in_docs,AADHAAR,2
CPT120919,,dropped_in_docs,RC,1
CPT102725,,dropped_in_docs,INSURANCE,5
CPT120882,,dropped_in_docs,FITNESS,4
CPT109784,,dropped_in_docs,AADHAAR,2
CPT100390,,dropped_in_docs,FITNESS,4
CPT114975,,dropped_in_docs,INSURANCE,5
CPT116344,2026-05-17 22:21:15.877999763,approved,,5
CPT101263,,dropped_in_docs,FITNESS,4
CPT118671,,dropped_in_docs,DL,0
CPT106496,,dropped_in_docs,RC,1
CPT121565,,dropped_in_docs,FITNESS,4
CPT108019,,dropped_in_docs,RC,1
CPT117640,,dropped_in_docs,PERMIT,3
CPT108064,,dropped_in_docs,INSURANCE,5
CPT110216,,dropped_in_docs,FITNESS,4
CPT102529,,dropped_in_docs,INSURANCE,5
CPT123634,,dropped_in_docs,AADHAAR,2
CPT111962,,dropped_in_docs,INSURANCE,5
CPT100926,,dropped_in_docs,RC,1
CPT113900,2026-05-18 23:05:40.939134459,approved,,6
CPT122427,,dropped_in_docs,RC,1
CPT102655,,dropped_in_docs,PERMIT,3
CPT105268,2026-05-20 01:58:16.020977326,rejected,vehicle_age_policy,6
CPT104578,2026-05-19 00:17:38.801847008,approved,,6
CPT113128,,dropped_in_docs,RC,1
CPT108690,,dropped_in_docs,INSURANCE,5
CPT112367,,dropped_in_docs,INSURANCE,5
CPT122865,2026-05-23 16:08:03.593315764,approved,,5
CPT103781,,dropped_in_docs,FITNESS,4
CPT106269,,dropped_in_docs,RC,1
CPT114914,,dropped_in_docs,RC,1
CPT105922,,dropped_in_docs,RC,1
CPT123834,,dropped_in_docs,PERMIT,3
CPT115552,,dropped_in_docs,PERMIT,3
CPT112092,2026-05-19 18:55:07.429012172,approved,,6
CPT109421,,dropped_in_docs,INSURANCE,5
CPT101649,,dropped_in_docs,FITNESS,4
CPT112477,,dropped_in_docs,DL,0
CPT112895,,dropped_in_docs,FITNESS,4
CPT114627,,dropped_in_docs,RC,1
CPT118180,,dropped_in_docs,AADHAAR,2
CPT108783,,dropped_in_docs,AADHAAR,2
CPT120451,2026-05-22 19:24:09.971871739,approved,,5
CPT111537,,dropped_in_docs,RC,1
CPT116386,,dropped_in_docs,FITNESS,4
CPT103842,,dropped_in_docs,PERMIT,3
CPT104986,,dropped_in_docs,PERMIT,3
CPT111871,2026-05-18 15:01:36.464457340,approved,,6
CPT119412,,dropped_in_docs,INSURANCE,5
CPT106345,,dropped_in_docs,RC,1
CPT114106,,dropped_in_docs,DL,0
CPT123591,,dropped_in_docs,RC,1
CPT124573,,dropped_in_docs,PERMIT,3
CPT102371,,dropped_in_docs,DL,0
CPT112352,,dropped_in_docs,PERMIT,3
CPT100848,,dropped_in_docs,PERMIT,3
CPT112089,,dropped_in_docs,FITNESS,4
CPT111680,,dropped_in_docs,PERMIT,3
CPT100534,,dropped_in_docs,INSURANCE,5
CPT120387,,dropped_in_docs,INSURANCE,5
CPT110652,,dropped_in_docs,AADHAAR,2
CPT118925,,dropped_in_docs,FITNESS,4
CPT112183,,dropped_in_docs,RC,1
CPT103405,2026-05-19 22:57:38.612015347,approved,,6
CPT107392,,dropped_in_docs,INSURANCE,5
CPT102700,,dropped_in_docs,PERMIT,3
CPT118502,,dropped_in_docs,DL,0
CPT104618,2026-05-22 08:29:38.085084475,approved,,5
CPT113238,,dropped_in_docs,RC,1
CPT107565,,dropped_in_docs,AADHAAR,2
CPT108645,,dropped_in_docs,RC,1
CPT109984,2026-05-21 04:00:00.985684106,approved,,6
CPT103678,,dropped_in_docs,DL,0
CPT118111,,dropped_in_docs,PERMIT,3
CPT109171,2026-05-18 13:22:42.470741362,approved,,5
CPT109944,,dropped_in_docs,DL,0
CPT118536,2026-05-20 08:48:01.190996827,rejected,duplicate_captain,6
CPT102841,,dropped_in_docs,INSURANCE,5
CPT124810,,dropped_in_docs,FITNESS,4
CPT113226,,dropped_in_docs,INSURANCE,5
CPT118850,,dropped_in_docs,FITNESS,4
CPT123438,,dropped_in_docs,PERMIT,3
CPT100510,,dropped_in_docs,PERMIT,3
CPT113930,,dropped_in_docs,PERMIT,3
CPT120360,,dropped_in_docs,RC,1
CPT111640,,dropped_in_docs,RC,1
CPT100876,,dropped_in_docs,PERMIT,3
CPT102910,,dropped_in_docs,RC,1
CPT121256,,dropped_in_docs,RC,1
CPT108202,,dropped_in_docs,RC,1
CPT106759,,dropped_in_docs,RC,1
CPT100447,,dropped_in_docs,DL,0
CPT106529,,dropped_in_docs,INSURANCE,5
CPT100275,2026-05-21 06:09:24.101576446,approved,,6
CPT109956,,dropped_in_docs,RC,1
CPT110405,2026-05-21 06:47:41.238163102,approved,,6
CPT106174,,dropped_in_docs,PERMIT,3
CPT107719,,dropped_in_docs,RC,1
CPT100780,,dropped_in_docs,FITNESS,4
CPT116255,,dropped_in_docs,RC,1
CPT109424,,dropped_in_docs,FITNESS,4
CPT123126,,dropped_in_docs,RC,1
CPT105904,,dropped_in_docs,PERMIT,3
CPT108196,,dropped_in_docs,DL,0
CPT120871,,dropped_in_docs,INSURANCE,5
CPT112394,,dropped_in_docs,INSURANCE,5
CPT107184,,dropped_in_docs,RC,1
CPT102521,,dropped_in_docs,PERMIT,3
CPT103748,,dropped_in_docs,DL,0
CPT107715,,dropped_in_docs,RC,1
CPT108896,,dropped_in_docs,INSURANCE,5
CPT105789,,dropped_in_docs,PERMIT,3
CPT104776,,dropped_in_docs,RC,1
CPT110078,,dropped_in_docs,DL,0
CPT102487,2026-05-18 11:49:55.091616827,rejected,doc_authenticity_flag,5
CPT105917,,dropped_in_docs,PERMIT,3
CPT112382,,dropped_in_docs,RC,1
CPT118613,,dropped_in_docs,PERMIT,3
CPT101201,,dropped_in_docs,INSURANCE,5
CPT123247,,dropped_in_docs,INSURANCE,5
CPT112707,,dropped_in_docs,PERMIT,3
CPT104307,,dropped_in_docs,FITNESS,4
CPT105503,,dropped_in_docs,DL,0
CPT108821,2026-05-21 07:04:58.947303027,approved,,6
CPT111991,,dropped_in_docs,INSURANCE,5
CPT108112,2026-05-22 09:05:04.292202490,approved,,6
CPT112024,2026-05-21 19:13:13.620194412,approved,,5
CPT108631,,dropped_in_docs,AADHAAR,2
CPT121270,2026-05-19 13:55:50.127729558,approved,,6
CPT105860,,dropped_in_docs,PERMIT,3
CPT107489,,dropped_in_docs,RC,1
CPT115880,2026-05-21 02:30:54.087257575,rejected,doc_authenticity_flag,6
CPT106763,,dropped_in_docs,INSURANCE,5
CPT124503,2026-05-18 13:36:03.988580245,rejected,doc_authenticity_flag,5
CPT111847,,dropped_in_docs,PERMIT,3
CPT121363,,dropped_in_docs,FITNESS,4
CPT102342,,dropped_in_docs,PERMIT,3
CPT110635,,dropped_in_docs,PERMIT,3
CPT113154,,dropped_in_docs,RC,1
CPT119088,,dropped_in_docs,RC,1
CPT118154,,dropped_in_docs,PERMIT,3
CPT115518,,dropped_in_docs,PERMIT,3
CPT102519,,dropped_in_docs,RC,1
CPT111816,,dropped_in_docs,DL,0
CPT115364,2026-05-20 21:41:38.638388489,approved,,5
CPT103289,,dropped_in_docs,INSURANCE,5
CPT106637,,dropped_in_docs,PERMIT,3
CPT112321,2026-05-21 22:40:29.379248971,approved,,5
CPT117387,2026-05-21 19:41:25.866149631,approved,,6
CPT102275,,dropped_in_docs,FITNESS,4
CPT119029,,dropped_in_docs,RC,1
CPT106187,,dropped_in_docs,FITNESS,4
CPT122562,,dropped_in_docs,DL,0
CPT114195,,dropped_in_docs,RC,1
CPT101026,,dropped_in_docs,FITNESS,4
CPT117408,,dropped_in_docs,RC,1
CPT109152,,dropped_in_docs,RC,1
CPT101537,,dropped_in_docs,RC,1
CPT114861,,dropped_in_docs,RC,1
CPT110008,2026-05-22 12:23:39.733801071,approved,,5
CPT101619,,dropped_in_docs,DL,0
CPT117321,,dropped_in_docs,PERMIT,3
CPT116343,,dropped_in_docs,RC,1
CPT124214,,dropped_in_docs,RC,1
CPT106733,,dropped_in_docs,RC,1
CPT123388,2026-05-21 14:38:37.828823974,approved,,6
CPT116852,,dropped_in_docs,RC,1
CPT114781,2026-05-20 14:37:31.095447291,approved,,5
CPT112773,,dropped_in_docs,FITNESS,4
CPT121535,,dropped_in_docs,FITNESS,4
CPT107794,,dropped_in_docs,DL,0
CPT123643,,dropped_in_docs,PERMIT,3
CPT119715,,dropped_in_docs,RC,1
CPT112343,,dropped_in_docs,PERMIT,3
CPT109404,,dropped_in_docs,FITNESS,4
CPT115750,,dropped_in_docs,RC,1
CPT114188,,dropped_in_docs,RC,1
CPT119600,,dropped_in_docs,PERMIT,3
CPT121704,,dropped_in_docs,DL,0
CPT122124,,dropped_in_docs,RC,1
CPT109469,,dropped_in_docs,RC,1
CPT101471,,dropped_in_docs,DL,0
CPT103044,2026-05-20 14:04:32.667432866,approved,,6
CPT102128,2026-05-23 10:05:22.238189632,approved,,6
CPT118251,2026-05-24 18:03:57.782488142,approved,,5
CPT105298,,dropped_in_docs,PERMIT,3
CPT105913,,dropped_in_docs,PERMIT,3
CPT105942,,dropped_in_docs,PERMIT,3
CPT117386,,dropped_in_docs,PERMIT,3
CPT106178,,dropped_in_docs,INSURANCE,5
CPT111302,,dropped_in_docs,RC,1
CPT102150,,dropped_in_docs,FITNESS,4
CPT112458,2026-05-22 23:33:42.007368570,approved,,6
CPT101128,,dropped_in_docs,PERMIT,3
CPT122580,,dropped_in_docs,FITNESS,4
CPT124499,2026-05-21 08:20:47.319828543,approved,,5
CPT110925,,dropped_in_docs,AADHAAR,2
CPT100322,2026-05-21 21:07:45.369717141,rejected,duplicate_captain,6
CPT108784,,dropped_in_docs,PERMIT,3
CPT102966,,dropped_in_docs,RC,1
CPT101362,,dropped_in_docs,DL,0
CPT119305,,dropped_in_docs,INSURANCE,5
CPT112914,,dropped_in_docs,DL,0
CPT109607,,dropped_in_docs,PERMIT,3
CPT116671,,dropped_in_docs,PERMIT,3
CPT122437,,dropped_in_docs,DL,0
CPT117502,,dropped_in_docs,DL,0
CPT115490,,dropped_in_docs,AADHAAR,2
CPT115738,,dropped_in_docs,RC,1
CPT124218,,dropped_in_docs,FITNESS,4
CPT116233,,dropped_in_docs,INSURANCE,5
CPT112432,,dropped_in_docs,FITNESS,4
CPT108878,,dropped_in_docs,PERMIT,3
CPT111239,,dropped_in_docs,FITNESS,4
CPT120722,2026-05-19 08:50:26.474191942,approved,,5
CPT113297,,dropped_in_docs,DL,0
CPT121819,2026-05-21 16:59:51.426350869,approved,,6
CPT115075,2026-05-24 00:40:21.251055878,approved,,6
CPT100650,,dropped_in_docs,RC,1
CPT101258,2026-05-20 17:33:05.441884723,approved,,5
CPT118253,,dropped_in_docs,INSURANCE,5
CPT123043,,dropped_in_docs,RC,1
CPT124575,,dropped_in_docs,FITNESS,4
CPT109647,,dropped_in_docs,PERMIT,3
CPT120910,2026-05-20 12:19:18.009270409,approved,,6
CPT122510,,dropped_in_docs,DL,0
CPT108995,,dropped_in_docs,FITNESS,4
CPT110222,,dropped_in_docs,RC,1
CPT114476,,dropped_in_docs,RC,1
CPT107898,,dropped_in_docs,RC,1
CPT101274,,dropped_in_docs,PERMIT,3
CPT109690,,dropped_in_docs,RC,1
CPT115453,,dropped_in_docs,FITNESS,4
CPT113189,,dropped_in_docs,DL,0
CPT114067,,dropped_in_docs,RC,1
CPT112692,,dropped_in_docs,RC,1
CPT118646,,dropped_in_docs,FITNESS,4
CPT103002,,dropped_in_docs,INSURANCE,5
CPT123776,2026-05-20 10:19:35.564769752,approved,,6
CPT120851,,dropped_in_docs,INSURANCE,5
CPT104536,,dropped_in_docs,RC,1
CPT121295,2026-05-21 08:07:56.549887493,approved,,6
CPT119471,,dropped_in_docs,FITNESS,4
CPT106424,2026-05-23 10:57:25.186915389,approved,,6
CPT114154,,dropped_in_docs,AADHAAR,2
CPT105644,,dropped_in_docs,FITNESS,4
CPT100469,,dropped_in_docs,FITNESS,4
CPT112685,2026-05-23 00:40:01.279530348,approved,,6
CPT123280,,dropped_in_docs,AADHAAR,2
CPT103444,,dropped_in_docs,RC,1
CPT101866,,dropped_in_docs,INSURANCE,5
CPT101069,,dropped_in_docs,PERMIT,3
CPT106720,2026-05-21 15:50:15.377766770,approved,,6
CPT121563,,dropped_in_docs,RC,1
CPT115803,,dropped_in_docs,FITNESS,4
CPT120719,,dropped_in_docs,RC,1
CPT108803,2026-05-25 14:36:52.649486550,approved,,6
CPT121621,,dropped_in_docs,DL,0
CPT111493,,dropped_in_docs,RC,1
CPT120333,,dropped_in_docs,DL,0
CPT113703,,dropped_in_docs,INSURANCE,5
CPT112333,,dropped_in_docs,INSURANCE,5
CPT104570,,dropped_in_docs,PERMIT,3
CPT104505,,dropped_in_docs,FITNESS,4
CPT102817,,dropped_in_docs,RC,1
CPT119441,,dropped_in_docs,FITNESS,4
CPT106070,2026-05-22 18:14:38.002934975,approved,,6
CPT111805,,dropped_in_docs,RC,1
CPT112830,,dropped_in_docs,INSURANCE,5
CPT107650,,dropped_in_docs,AADHAAR,2
CPT117327,2026-05-23 02:22:43.879653612,approved,,5
CPT121772,,dropped_in_docs,INSURANCE,5
CPT103367,,dropped_in_docs,RC,1
CPT103067,,dropped_in_docs,FITNESS,4
CPT111273,,dropped_in_docs,FITNESS,4
CPT118525,,dropped_in_docs,RC,1
CPT106528,,dropped_in_docs,INSURANCE,5
CPT106120,,dropped_in_docs,RC,1
CPT121307,2026-05-22 18:32:32.062754925,approved,,6
CPT113493,,dropped_in_docs,FITNESS,4
CPT100153,,dropped_in_docs,INSURANCE,5
CPT110997,,dropped_in_docs,RC,1
CPT118228,2026-05-21 10:02:57.845340167,approved,,6
CPT115499,2026-05-20 20:30:35.424245570,approved,,5
CPT123966,,dropped_in_docs,FITNESS,4
CPT115362,,dropped_in_docs,FITNESS,4
CPT103767,,dropped_in_docs,RC,1
CPT101215,,dropped_in_docs,RC,1
CPT106262,,dropped_in_docs,DL,0
CPT109347,,dropped_in_docs,AADHAAR,2
CPT106011,,dropped_in_docs,PERMIT,3
CPT106469,,dropped_in_docs,RC,1
CPT117899,,dropped_in_docs,INSURANCE,5
CPT116636,,dropped_in_docs,INSURANCE,5
CPT108055,,dropped_in_docs,RC,1
CPT124184,2026-05-21 15:29:28.420591793,rejected,background_check_failed,6
CPT110485,,dropped_in_docs,PERMIT,3
CPT102732,,dropped_in_docs,RC,1
CPT113853,,dropped_in_docs,RC,1
CPT109514,2026-05-21 05:24:26.401241093,approved,,6
CPT121443,,dropped_in_docs,RC,1
CPT123264,,dropped_in_docs,PERMIT,3
CPT105848,,dropped_in_docs,RC,1
CPT111823,,dropped_in_docs,PERMIT,3
CPT116364,,dropped_in_docs,DL,0
CPT110975,,dropped_in_docs,RC,1
CPT105671,,dropped_in_docs,INSURANCE,5
CPT115653,,dropped_in_docs,PERMIT,3
CPT122321,,dropped_in_docs,RC,1
CPT102701,2026-05-24 10:36:13.808371311,approved,,5
CPT116183,,dropped_in_docs,FITNESS,4
CPT104979,2026-05-21 11:52:56.616510056,approved,,6
CPT114545,,dropped_in_docs,RC,1
CPT121865,,dropped_in_docs,FITNESS,4
CPT100342,,dropped_in_docs,PERMIT,3
CPT104884,,dropped_in_docs,RC,1
CPT124127,,dropped_in_docs,FITNESS,4
CPT112250,,dropped_in_docs,AADHAAR,2
CPT105769,2026-05-22 10:57:35.340593313,rejected,doc_authenticity_flag,6
CPT116226,,dropped_in_docs,RC,1
CPT108043,,dropped_in_docs,FITNESS,4
CPT114871,,dropped_in_docs,PERMIT,3
CPT105941,,dropped_in_docs,RC,1
CPT107891,,dropped_in_docs,PERMIT,3
CPT100428,,dropped_in_docs,AADHAAR,2
CPT117247,2026-05-22 04:47:04.262642822,approved,,6
CPT111669,,dropped_in_docs,RC,1
CPT114486,,dropped_in_docs,PERMIT,3
CPT113517,,dropped_in_docs,DL,0
CPT110198,,dropped_in_docs,FITNESS,4
CPT109852,2026-05-27 00:35:02.636635810,rejected,background_check_failed,6
CPT106520,,dropped_in_docs,RC,1
CPT108416,,dropped_in_docs,RC,1
CPT106788,,dropped_in_docs,PERMIT,3
CPT100304,,dropped_in_docs,RC,1
CPT110840,2026-05-20 17:29:57.312103869,approved,,5
CPT107901,,dropped_in_docs,FITNESS,4
CPT124409,,dropped_in_docs,INSURANCE,5
CPT108984,,dropped_in_docs,RC,1
CPT100294,,dropped_in_docs,PERMIT,3
CPT113369,,dropped_in_docs,DL,0
CPT103226,,dropped_in_docs,PERMIT,3
CPT108606,2026-05-24 08:51:03.066132202,approved,,6
CPT120604,,dropped_in_docs,FITNESS,4
CPT116179,,dropped_in_docs,INSURANCE,5
CPT116734,,dropped_in_docs,PERMIT,3
CPT108847,,dropped_in_docs,FITNESS,4
CPT120441,,dropped_in_docs,PERMIT,3
CPT123329,,dropped_in_docs,RC,1
CPT101624,,dropped_in_docs,PERMIT,3
CPT114293,2026-05-25 09:04:37.405834351,approved,,6
CPT101459,,dropped_in_docs,PERMIT,3
CPT104169,,dropped_in_docs,INSURANCE,5
CPT110926,,dropped_in_docs,DL,0
CPT123580,,dropped_in_docs,PERMIT,3
CPT101833,,dropped_in_docs,INSURANCE,5
CPT124246,,dropped_in_docs,INSURANCE,5
CPT122456,,dropped_in_docs,AADHAAR,2
CPT104856,,dropped_in_docs,FITNESS,4
CPT111109,,dropped_in_docs,FITNESS,4
CPT113416,,dropped_in_docs,PERMIT,3
CPT124161,,dropped_in_docs,RC,1
CPT109831,,dropped_in_docs,DL,0
CPT117199,,dropped_in_docs,DL,0
CPT100979,2026-05-22 15:19:28.426975572,approved,,5
CPT106221,,dropped_in_docs,RC,1
CPT100231,2026-05-22 07:17:16.750941709,approved,,6
CPT102480,,dropped_in_docs,INSURANCE,5
CPT115240,2026-05-24 01:16:27.982559201,approved,,6
CPT100313,,dropped_in_docs,FITNESS,4
CPT113702,2026-05-23 02:46:58.474316637,approved,,6
CPT107146,,dropped_in_docs,FITNESS,4
CPT106634,,dropped_in_docs,DL,0
CPT114608,,dropped_in_docs,AADHAAR,2
CPT120316,,dropped_in_docs,RC,1
CPT114349,2026-05-23 18:52:42.532186363,approved,,6
CPT123762,,dropped_in_docs,DL,0
CPT121615,,dropped_in_docs,PERMIT,3
CPT115251,,dropped_in_docs,AADHAAR,2
CPT112251,,dropped_in_docs,RC,1
CPT121912,,dropped_in_docs,RC,1
CPT108117,,dropped_in_docs,PERMIT,3
CPT102373,,dropped_in_docs,PERMIT,3
CPT123235,,dropped_in_docs,PERMIT,3
CPT121625,,dropped_in_docs,PERMIT,3
CPT109359,,dropped_in_docs,RC,1
CPT115058,,dropped_in_docs,FITNESS,4
CPT107099,,dropped_in_docs,AADHAAR,2
CPT114333,,dropped_in_docs,RC,1
CPT119564,2026-05-22 17:49:20.457658585,approved,,6
CPT105244,,dropped_in_docs,RC,1
CPT111586,,dropped_in_docs,PERMIT,3
CPT101063,,dropped_in_docs,AADHAAR,2
CPT114936,,dropped_in_docs,AADHAAR,2
CPT124265,,dropped_in_docs,DL,0
CPT101651,,dropped_in_docs,RC,1
CPT115802,,dropped_in_docs,FITNESS,4
CPT119674,,dropped_in_docs,RC,1
CPT121716,2026-05-26 16:08:42.940344072,approved,,6
CPT115640,,dropped_in_docs,DL,0
CPT124090,,dropped_in_docs,RC,1
CPT100423,2026-05-26 11:38:46.198038995,approved,,6
CPT111125,,dropped_in_docs,INSURANCE,5
CPT116286,,dropped_in_docs,PERMIT,3
CPT112401,,dropped_in_docs,PERMIT,3
CPT103960,,dropped_in_docs,RC,1
CPT115155,,dropped_in_docs,INSURANCE,5
CPT118757,,dropped_in_docs,PERMIT,3
CPT116456,,dropped_in_docs,AADHAAR,2
CPT119472,,dropped_in_docs,RC,1
CPT108885,2026-05-23 05:11:58.080407840,approved,,6
CPT103087,,dropped_in_docs,FITNESS,4
CPT119269,2026-05-24 08:47:01.105231343,rejected,duplicate_captain,6
CPT103019,,dropped_in_docs,DL,0
CPT102237,,dropped_in_docs,INSURANCE,5
CPT104759,,dropped_in_docs,DL,0
CPT121848,,dropped_in_docs,PERMIT,3
CPT124921,2026-05-23 15:41:16.333553384,approved,,6
CPT112826,,dropped_in_docs,RC,1
CPT104111,,dropped_in_docs,RC,1
CPT124501,,dropped_in_docs,PERMIT,3
CPT101220,2026-05-21 15:17:17.257127438,approved,,6
CPT121657,,dropped_in_docs,FITNESS,4
CPT106708,2026-05-24 14:49:27.932016954,approved,,6
CPT124413,,dropped_in_docs,FITNESS,4
CPT100277,2026-05-25 02:05:09.092776071,approved,,6
CPT124599,,dropped_in_docs,RC,1
CPT107753,2026-05-23 08:49:08.801134772,approved,,6
CPT105280,,dropped_in_docs,RC,1
CPT105752,,dropped_in_docs,DL,0
CPT115483,,dropped_in_docs,DL,0
CPT122257,,dropped_in_docs,INSURANCE,5
CPT109203,2026-05-24 18:09:01.481673440,approved,,6
CPT109548,,dropped_in_docs,INSURANCE,5
CPT101501,,dropped_in_docs,PERMIT,3
CPT114497,,dropped_in_docs,RC,1
CPT105507,,dropped_in_docs,FITNESS,4
CPT116037,,dropped_in_docs,AADHAAR,2
CPT117765,,dropped_in_docs,FITNESS,4
CPT117653,2026-05-21 14:49:56.399572614,approved,,5
CPT120807,,dropped_in_docs,FITNESS,4
CPT101591,,dropped_in_docs,PERMIT,3
CPT106377,,dropped_in_docs,PERMIT,3
CPT110391,,dropped_in_docs,RC,1
CPT103549,,dropped_in_docs,RC,1
CPT100645,,dropped_in_docs,RC,1
CPT114897,,dropped_in_docs,AADHAAR,2
CPT115950,,dropped_in_docs,RC,1
CPT100124,,dropped_in_docs,RC,1
CPT104754,2026-05-23 09:14:41.638762494,approved,,5
CPT101409,,dropped_in_docs,AADHAAR,2
CPT102991,,dropped_in_docs,DL,0
CPT102088,2026-05-25 05:49:27.211283517,approved,,6
CPT100597,,dropped_in_docs,RC,1
CPT121532,,dropped_in_docs,DL,0
CPT112649,2026-05-24 06:20:34.298377116,approved,,6
CPT116586,,dropped_in_docs,INSURANCE,5
CPT106509,,dropped_in_docs,DL,0
CPT109483,,dropped_in_docs,INSURANCE,5
CPT108791,,dropped_in_docs,DL,0
CPT122737,,dropped_in_docs,FITNESS,4
CPT119883,,dropped_in_docs,FITNESS,4
CPT120613,,dropped_in_docs,RC,1
CPT122373,2026-05-23 04:38:08.502502375,approved,,6
CPT110646,,dropped_in_docs,PERMIT,3
CPT123162,,dropped_in_docs,PERMIT,3
CPT118512,,dropped_in_docs,FITNESS,4
CPT121213,,dropped_in_docs,RC,1
CPT106736,,dropped_in_docs,PERMIT,3
CPT103977,,dropped_in_docs,DL,0
CPT104010,,dropped_in_docs,PERMIT,3
CPT102775,,dropped_in_docs,PERMIT,3
CPT117399,,dropped_in_docs,INSURANCE,5
CPT121950,,dropped_in_docs,INSURANCE,5
CPT109089,2026-05-25 05:58:18.720723246,approved,,6
CPT122423,2026-05-22 22:29:49.941775619,approved,,5
CPT105705,,dropped_in_docs,FITNESS,4
CPT120091,,dropped_in_docs,INSURANCE,5
CPT113921,2026-05-25 14:36:43.614231169,approved,,6
CPT117805,,dropped_in_docs,INSURANCE,5
CPT108118,,dropped_in_docs,PERMIT,3
CPT108346,,dropped_in_docs,AADHAAR,2
CPT115008,,dropped_in_docs,PERMIT,3
CPT123985,,dropped_in_docs,RC,1
CPT101318,,dropped_in_docs,INSURANCE,5
CPT118351,2026-05-23 21:06:27.461232598,approved,,5
CPT108743,,dropped_in_docs,DL,0
CPT119514,2026-05-22 17:10:02.027944381,approved,,5
CPT122305,,dropped_in_docs,RC,1
CPT121702,2026-05-22 15:51:45.820960309,approved,,5
CPT112156,,dropped_in_docs,INSURANCE,5
CPT106440,,dropped_in_docs,RC,1
CPT117469,,dropped_in_docs,INSURANCE,5
CPT118300,,dropped_in_docs,AADHAAR,2
CPT115541,,dropped_in_docs,INSURANCE,5
CPT122470,,dropped_in_docs,DL,0
CPT105815,,dropped_in_docs,RC,1
CPT117257,,dropped_in_docs,PERMIT,3
CPT119649,,dropped_in_docs,RC,1
CPT106828,,dropped_in_docs,RC,1
CPT110576,,dropped_in_docs,RC,1
CPT115164,,dropped_in_docs,RC,1
CPT118841,,dropped_in_docs,AADHAAR,2
CPT111349,,dropped_in_docs,RC,1
CPT119768,,dropped_in_docs,INSURANCE,5
CPT100713,,dropped_in_docs,INSURANCE,5
CPT118014,,dropped_in_docs,RC,1
CPT110082,,dropped_in_docs,FITNESS,4
CPT104235,2026-05-26 13:19:12.929694029,approved,,6
CPT106523,,dropped_in_docs,RC,1
CPT116630,,dropped_in_docs,PERMIT,3
CPT104336,,dropped_in_docs,FITNESS,4
CPT111205,,dropped_in_docs,AADHAAR,2
CPT107010,,dropped_in_docs,AADHAAR,2
CPT104898,,dropped_in_docs,DL,0
CPT112858,2026-05-24 14:44:22.225002782,approved,,5
CPT117701,,dropped_in_docs,RC,1
CPT111310,,dropped_in_docs,FITNESS,4
CPT110937,2026-05-25 05:12:01.536967024,approved,,6
CPT124710,,dropped_in_docs,AADHAAR,2
CPT101581,2026-05-27 00:44:13.780864488,approved,,6
CPT119296,,dropped_in_docs,PERMIT,3
CPT117860,,dropped_in_docs,FITNESS,4
CPT119938,,dropped_in_docs,RC,1
CPT107504,,dropped_in_docs,DL,0
CPT103292,,dropped_in_docs,FITNESS,4
CPT109574,,dropped_in_docs,RC,1
CPT109942,,dropped_in_docs,RC,1
CPT100430,,dropped_in_docs,PERMIT,3
CPT119195,2026-05-25 15:44:33.580445325,rejected,vehicle_age_policy,6
CPT108425,,dropped_in_docs,RC,1
CPT108810,2026-05-24 18:56:24.371076348,approved,,6
CPT113022,,dropped_in_docs,FITNESS,4
CPT116659,,dropped_in_docs,RC,1
CPT114496,,dropped_in_docs,DL,0
CPT116517,,dropped_in_docs,INSURANCE,5
CPT103108,,dropped_in_docs,FITNESS,4
CPT100178,,dropped_in_docs,FITNESS,4
CPT123334,,dropped_in_docs,PERMIT,3
CPT111379,,dropped_in_docs,FITNESS,4
CPT113783,,dropped_in_docs,PERMIT,3
CPT106133,,dropped_in_docs,RC,1
CPT116899,,dropped_in_docs,PERMIT,3
CPT114013,,dropped_in_docs,PERMIT,3
CPT104212,,dropped_in_docs,FITNESS,4
CPT111770,2026-05-24 04:20:54.793538511,approved,,6
CPT101822,,dropped_in_docs,FITNESS,4
CPT109665,,dropped_in_docs,DL,0
CPT105552,,dropped_in_docs,AADHAAR,2
CPT109336,,dropped_in_docs,PERMIT,3
CPT104102,,dropped_in_docs,AADHAAR,2
CPT122005,,dropped_in_docs,RC,1
CPT116077,,dropped_in_docs,INSURANCE,5
CPT103330,2026-05-26 09:47:48.828919710,approved,,6
CPT114087,,dropped_in_docs,RC,1
CPT102244,,dropped_in_docs,PERMIT,3
CPT114516,,dropped_in_docs,INSURANCE,5
CPT109661,,dropped_in_docs,AADHAAR,2
CPT102067,,dropped_in_docs,DL,0
CPT120182,,dropped_in_docs,PERMIT,3
CPT108729,2026-05-27 15:12:16.699305902,approved,,6
CPT113750,,dropped_in_docs,DL,0
CPT121585,,dropped_in_docs,INSURANCE,5
CPT110761,,dropped_in_docs,RC,1
CPT121487,,dropped_in_docs,RC,1
CPT112209,,dropped_in_docs,RC,1
CPT105303,,dropped_in_docs,RC,1
CPT120773,,dropped_in_docs,RC,1
CPT102160,,dropped_in_docs,FITNESS,4
CPT120637,2026-05-24 13:54:06.129918088,approved,,6
CPT115697,,dropped_in_docs,FITNESS,4
CPT110512,,dropped_in_docs,AADHAAR,2
CPT124012,,dropped_in_docs,RC,1
CPT115360,,dropped_in_docs,FITNESS,4
CPT113752,,dropped_in_docs,INSURANCE,5
CPT102302,,dropped_in_docs,PERMIT,3
CPT106067,,dropped_in_docs,AADHAAR,2
CPT118808,2026-05-23 18:15:10.379991258,approved,,5
CPT113287,,dropped_in_docs,RC,1
CPT100949,,dropped_in_docs,FITNESS,4
CPT124985,,dropped_in_docs,DL,0
CPT107573,,dropped_in_docs,DL,0
CPT118633,,dropped_in_docs,PERMIT,3
CPT110602,2026-05-25 14:50:40.056177231,approved,,6
CPT116735,,dropped_in_docs,PERMIT,3
CPT122601,,dropped_in_docs,FITNESS,4
CPT110033,,dropped_in_docs,INSURANCE,5
CPT115882,,dropped_in_docs,RC,1
CPT121943,2026-05-23 04:32:44.560626133,approved,,6
CPT103321,,dropped_in_docs,PERMIT,3
CPT114599,,dropped_in_docs,DL,0
CPT103372,,dropped_in_docs,FITNESS,4
CPT116702,2026-05-24 08:10:17.692674992,approved,,6
CPT116535,,dropped_in_docs,AADHAAR,2
CPT101650,,dropped_in_docs,RC,1
CPT100652,2026-05-24 21:43:50.346962275,approved,,6
CPT105835,,dropped_in_docs,RC,1
CPT102573,,dropped_in_docs,AADHAAR,2
CPT112030,,dropped_in_docs,RC,1
CPT102003,,dropped_in_docs,FITNESS,4
CPT119300,,dropped_in_docs,RC,1
CPT112313,,dropped_in_docs,INSURANCE,5
CPT108149,,dropped_in_docs,INSURANCE,5
CPT123135,,dropped_in_docs,DL,0
CPT112727,,dropped_in_docs,FITNESS,4
CPT106531,,dropped_in_docs,RC,1
CPT109639,,dropped_in_docs,FITNESS,4
CPT120581,,dropped_in_docs,RC,1
CPT114709,,dropped_in_docs,RC,1
CPT115221,,dropped_in_docs,INSURANCE,5
CPT101060,,dropped_in_docs,AADHAAR,2
CPT115249,2026-05-23 03:55:06.641452107,approved,,5
CPT116882,,dropped_in_docs,PERMIT,3
CPT121928,,dropped_in_docs,INSURANCE,5
CPT103135,,dropped_in_docs,DL,0
CPT105974,,dropped_in_docs,RC,1
CPT123138,,dropped_in_docs,AADHAAR,2
CPT111771,2026-05-24 17:26:41.388622561,approved,,6
CPT101705,2026-05-23 00:22:09.908324963,approved,,6
CPT109999,,dropped_in_docs,FITNESS,4
CPT118700,,dropped_in_docs,INSURANCE,5
CPT101239,,dropped_in_docs,INSURANCE,5
CPT112669,,dropped_in_docs,DL,0
CPT102653,,dropped_in_docs,RC,1
CPT107033,,dropped_in_docs,RC,1
CPT110649,,dropped_in_docs,PERMIT,3
CPT117426,2026-05-22 21:00:39.018003083,approved,,6
CPT118641,,dropped_in_docs,INSURANCE,5
CPT112809,,dropped_in_docs,RC,1
CPT113464,,dropped_in_docs,INSURANCE,5
CPT112016,,dropped_in_docs,RC,1
CPT118491,,dropped_in_docs,RC,1
CPT105513,,dropped_in_docs,AADHAAR,2
CPT116189,,dropped_in_docs,AADHAAR,2
CPT111899,,dropped_in_docs,RC,1
CPT124843,,dropped_in_docs,INSURANCE,5
CPT115964,,dropped_in_docs,FITNESS,4
CPT116592,,dropped_in_docs,PERMIT,3
CPT104791,2026-05-27 23:28:06.657466441,approved,,6
CPT113669,,dropped_in_docs,RC,1
CPT105212,,dropped_in_docs,FITNESS,4
CPT105369,,dropped_in_docs,DL,0
CPT100513,,dropped_in_docs,FITNESS,4
CPT103385,2026-05-25 14:00:32.244145201,approved,,6
CPT110014,,dropped_in_docs,RC,1
CPT117880,,dropped_in_docs,RC,1
CPT109042,,dropped_in_docs,PERMIT,3
CPT113283,,dropped_in_docs,FITNESS,4
CPT122974,,dropped_in_docs,FITNESS,4
CPT114757,,dropped_in_docs,FITNESS,4
CPT109691,2026-05-23 21:05:27.427069876,approved,,6
CPT110202,,dropped_in_docs,RC,1
CPT110359,,dropped_in_docs,PERMIT,3
CPT119227,2026-05-25 00:16:20.119258131,approved,,5
CPT124522,2026-05-25 12:31:12.890977324,approved,,6
CPT105905,,dropped_in_docs,INSURANCE,5
CPT114291,,dropped_in_docs,DL,0
CPT104831,,dropped_in_docs,INSURANCE,5
CPT102955,,dropped_in_docs,DL,0
CPT105013,,dropped_in_docs,FITNESS,4
CPT120555,2026-05-27 11:06:20.603237729,approved,,6
CPT100393,2026-05-25 06:39:49.372244545,approved,,6
CPT116891,,dropped_in_docs,DL,0
CPT118761,,dropped_in_docs,RC,1
CPT112017,,dropped_in_docs,DL,0
CPT113469,2026-05-26 21:55:58.175791616,approved,,5
CPT124318,,dropped_in_docs,FITNESS,4
CPT110139,2026-05-27 14:15:01.160663648,approved,,5
CPT112171,,dropped_in_docs,FITNESS,4
CPT110932,,dropped_in_docs,RC,1
CPT118465,,dropped_in_docs,RC,1
CPT112599,,dropped_in_docs,PERMIT,3
CPT114021,,dropped_in_docs,FITNESS,4
CPT123376,,dropped_in_docs,PERMIT,3
CPT107317,,dropped_in_docs,RC,1
CPT104013,,dropped_in_docs,RC,1
CPT118075,2026-05-23 14:53:50.844966124,approved,,5
CPT118673,2026-05-28 02:43:48.111643905,approved,,6
CPT114410,2026-05-28 21:30:35.063928887,approved,,6
CPT121934,,dropped_in_docs,RC,1
CPT122659,2026-05-24 05:37:48.963124662,approved,,5
CPT123052,,dropped_in_docs,PERMIT,3
CPT123403,,dropped_in_docs,PERMIT,3
CPT104092,,dropped_in_docs,RC,1
CPT110943,2026-05-24 12:34:04.698974856,approved,,6
CPT101260,,dropped_in_docs,RC,1
CPT124006,2026-05-24 21:49:27.887683031,approved,,6
CPT113554,,dropped_in_docs,PERMIT,3
CPT118410,,dropped_in_docs,DL,0
CPT103328,,dropped_in_docs,RC,1
CPT102151,,dropped_in_docs,DL,0
CPT112825,,dropped_in_docs,DL,0
CPT101379,,dropped_in_docs,RC,1
CPT118445,2026-05-28 00:11:52.319442241,approved,,5
CPT113186,,dropped_in_docs,RC,1
CPT114809,,dropped_in_docs,FITNESS,4
CPT119526,,dropped_in_docs,RC,1
CPT102952,,dropped_in_docs,RC,1
CPT109701,,dropped_in_docs,RC,1
CPT113118,,dropped_in_docs,RC,1
CPT109681,,dropped_in_docs,DL,0
CPT110584,2026-05-26 03:05:34.389658266,approved,,6
CPT114855,,dropped_in_docs,RC,1
CPT104771,,dropped_in_docs,RC,1
CPT110798,,dropped_in_docs,PERMIT,3
CPT106900,,dropped_in_docs,RC,1
CPT110443,,dropped_in_docs,RC,1
CPT113032,,dropped_in_docs,PERMIT,3
CPT117673,,dropped_in_docs,INSURANCE,5
CPT107869,,dropped_in_docs,INSURANCE,5
CPT107118,,dropped_in_docs,RC,1
CPT123828,2026-05-26 13:08:41.236806374,approved,,6
CPT102054,,dropped_in_docs,RC,1
CPT105146,2026-05-28 16:53:44.108033931,approved,,6
CPT122552,,dropped_in_docs,INSURANCE,5
CPT114924,,dropped_in_docs,DL,0
CPT113426,,dropped_in_docs,FITNESS,4
CPT109393,,dropped_in_docs,DL,0
CPT121861,2026-05-26 13:05:55.362017608,approved,,5
CPT110725,,dropped_in_docs,RC,1
CPT116507,,dropped_in_docs,FITNESS,4
CPT115566,,dropped_in_docs,PERMIT,3
CPT116570,,dropped_in_docs,RC,1
CPT116220,,dropped_in_docs,FITNESS,4
CPT111562,,dropped_in_docs,DL,0
CPT100666,2026-05-25 18:42:53.936060213,approved,,6
CPT105718,,dropped_in_docs,RC,1
CPT121528,,dropped_in_docs,RC,1
CPT110283,,dropped_in_docs,INSURANCE,5
CPT101245,,dropped_in_docs,PERMIT,3
CPT119070,,dropped_in_docs,PERMIT,3
CPT111240,,dropped_in_docs,PERMIT,3
CPT118468,,dropped_in_docs,FITNESS,4
CPT121171,2026-05-26 13:22:36.689371641,approved,,5
CPT124384,2026-05-25 16:58:48.068369885,rejected,duplicate_captain,6
CPT104664,,dropped_in_docs,AADHAAR,2
CPT114485,,dropped_in_docs,FITNESS,4
CPT107333,,dropped_in_docs,RC,1
CPT112900,2026-05-28 11:48:28.464495798,approved,,6
CPT112058,,dropped_in_docs,AADHAAR,2
CPT107498,,dropped_in_docs,RC,1
CPT121453,,dropped_in_docs,INSURANCE,5
CPT111498,,dropped_in_docs,PERMIT,3
CPT119705,,dropped_in_docs,DL,0
CPT124677,,dropped_in_docs,INSURANCE,5
CPT113781,,dropped_in_docs,DL,0
CPT100643,,dropped_in_docs,RC,1
CPT121550,,dropped_in_docs,PERMIT,3
CPT118952,,dropped_in_docs,AADHAAR,2
CPT124372,2026-05-26 10:55:15.748226063,approved,,5
CPT106473,,dropped_in_docs,RC,1
CPT110294,2026-05-26 07:45:54.477015510,rejected,vehicle_age_policy,6
CPT124023,,dropped_in_docs,PERMIT,3
CPT114081,,dropped_in_docs,RC,1
CPT100798,,dropped_in_docs,AADHAAR,2
CPT106595,2026-05-29 20:29:44.068153440,approved,,6
CPT119576,2026-05-29 19:19:00.178254130,approved,,6
CPT110341,,dropped_in_docs,DL,0
CPT124423,,dropped_in_docs,RC,1
CPT123311,2026-05-24 11:50:28.787328636,approved,,6
CPT113997,2026-05-26 08:08:15.725630562,approved,,6
CPT110382,,dropped_in_docs,PERMIT,3
CPT112873,2026-05-26 01:22:13.023074887,approved,,6
CPT107217,2026-05-24 05:50:07.721346074,approved,,5
CPT114519,,dropped_in_docs,RC,1
CPT115096,,dropped_in_docs,DL,0
CPT101916,2026-05-27 06:32:39.256692709,approved,,6
CPT118662,,dropped_in_docs,FITNESS,4
CPT104273,,dropped_in_docs,INSURANCE,5
CPT119890,2026-05-26 23:23:11.769498790,rejected,background_check_failed,6
CPT110396,,dropped_in_docs,DL,0
CPT119916,,dropped_in_docs,PERMIT,3
CPT112771,,dropped_in_docs,PERMIT,3
CPT115151,,dropped_in_docs,DL,0
CPT112405,,dropped_in_docs,RC,1
CPT108445,2026-05-26 00:10:12.360231024,rejected,vehicle_age_policy,6
CPT123998,,dropped_in_docs,INSURANCE,5
CPT108326,,dropped_in_docs,DL,0
CPT108107,2026-05-26 22:50:10.631651793,approved,,6
CPT116584,,dropped_in_docs,INSURANCE,5
CPT102118,,dropped_in_docs,PERMIT,3
CPT109280,,dropped_in_docs,FITNESS,4
CPT104332,,dropped_in_docs,INSURANCE,5
CPT123104,2026-05-25 15:03:26.871277195,approved,,5
CPT101841,2026-05-27 09:39:50.353098283,approved,,5
CPT104989,2026-05-25 22:10:08.930205188,approved,,6
CPT102309,2026-05-27 00:37:18.071541451,approved,,5
CPT121581,,dropped_in_docs,PERMIT,3
CPT116720,,dropped_in_docs,INSURANCE,5
CPT108001,,dropped_in_docs,RC,1
CPT105147,,dropped_in_docs,RC,1
CPT109498,2026-05-30 13:08:35.599813630,approved,,6
CPT100773,,dropped_in_docs,PERMIT,3
CPT105627,,dropped_in_docs,INSURANCE,5
CPT116218,,dropped_in_docs,FITNESS,4
CPT104522,2026-05-27 08:23:23.012830916,approved,,6
CPT116459,,dropped_in_docs,DL,0
CPT113411,,dropped_in_docs,PERMIT,3
CPT106831,,dropped_in_docs,RC,1
CPT101907,,dropped_in_docs,RC,1
CPT106948,,dropped_in_docs,RC,1
CPT100737,2026-05-29 02:38:26.233654093,approved,,6
CPT110296,2026-05-26 00:18:08.304510248,approved,,6
CPT100140,2026-05-28 18:26:20.297037239,approved,,6
CPT124411,,dropped_in_docs,RC,1
CPT115296,2026-05-30 11:39:33.851824707,approved,,6
CPT110352,2026-05-27 21:19:49.377307417,approved,,6
CPT102707,,dropped_in_docs,FITNESS,4
CPT102465,,dropped_in_docs,DL,0
CPT115156,2026-05-27 21:09:18.774381561,approved,,6
CPT124956,2026-05-25 05:30:13.255871847,approved,,6
CPT114937,,dropped_in_docs,PERMIT,3
CPT121843,,dropped_in_docs,AADHAAR,2
CPT121417,,dropped_in_docs,DL,0
CPT108687,,dropped_in_docs,PERMIT,3
CPT105578,,dropped_in_docs,DL,0
CPT113224,,dropped_in_docs,DL,0
CPT102704,2026-05-24 13:17:07.026082109,approved,,6
CPT111513,,dropped_in_docs,DL,0
CPT114782,,dropped_in_docs,AADHAAR,2
CPT119992,2026-05-30 02:28:15.740763452,rejected,vehicle_age_policy,6
CPT119637,,dropped_in_docs,DL,0
CPT108236,,dropped_in_docs,PERMIT,3
CPT105614,,dropped_in_docs,INSURANCE,5
CPT118813,,dropped_in_docs,INSURANCE,5
CPT115261,,dropped_in_docs,PERMIT,3
CPT119098,2026-05-25 00:57:58.543355775,approved,,5
CPT101320,,dropped_in_docs,PERMIT,3
CPT118995,,dropped_in_docs,INSURANCE,5
CPT101487,,dropped_in_docs,PERMIT,3
CPT123759,,dropped_in_docs,INSURANCE,5
CPT110039,2026-05-27 12:18:02.255449234,rejected,background_check_failed,6
CPT107064,,dropped_in_docs,RC,1
CPT108807,2026-05-26 21:12:35.425543523,approved,,5
CPT122381,,dropped_in_docs,FITNESS,4
CPT116740,,dropped_in_docs,RC,1
CPT102113,2026-05-27 15:46:41.370727660,approved,,6
CPT102273,,dropped_in_docs,AADHAAR,2
CPT109090,,dropped_in_docs,RC,1
CPT101410,,dropped_in_docs,PERMIT,3
CPT118660,,dropped_in_docs,RC,1
CPT123622,,dropped_in_docs,DL,0
CPT102077,,dropped_in_docs,DL,0
CPT108288,2026-05-29 03:26:34.907138128,approved,,6
CPT117012,,dropped_in_docs,RC,1
CPT116603,2026-05-24 22:35:37.279217772,approved,,6
CPT123950,,dropped_in_docs,RC,1
CPT110659,,dropped_in_docs,FITNESS,4
CPT117893,,dropped_in_docs,RC,1
CPT117704,,dropped_in_docs,PERMIT,3
CPT116916,,dropped_in_docs,PERMIT,3
CPT101938,,dropped_in_docs,PERMIT,3
CPT121165,2026-05-28 04:13:53.490939621,approved,,6
CPT110539,,dropped_in_docs,PERMIT,3
CPT113583,,dropped_in_docs,PERMIT,3
CPT107458,,dropped_in_docs,PERMIT,3
CPT116682,,dropped_in_docs,INSURANCE,5
CPT107567,,dropped_in_docs,RC,1
CPT106202,2026-05-27 18:06:56.162831409,approved,,6
CPT110692,2026-05-27 02:58:49.600581960,approved,,6
CPT109567,2026-05-29 00:22:30.343546013,approved,,6
CPT104592,,dropped_in_docs,INSURANCE,5
CPT112491,2026-05-27 21:24:17.202632095,approved,,6
CPT102100,,dropped_in_docs,INSURANCE,5
CPT110640,,dropped_in_docs,RC,1
CPT121317,,dropped_in_docs,PERMIT,3
CPT124136,,dropped_in_docs,DL,0
CPT115572,,dropped_in_docs,RC,1
CPT124279,,dropped_in_docs,RC,1
CPT112033,,dropped_in_docs,PERMIT,3
CPT107991,,dropped_in_docs,FITNESS,4
CPT120699,,dropped_in_docs,DL,0
CPT112955,2026-05-25 02:45:13.140802745,approved,,5
CPT124959,,dropped_in_docs,FITNESS,4
CPT115465,,dropped_in_docs,AADHAAR,2
CPT106806,2026-05-29 18:03:52.032691774,rejected,duplicate_captain,6
CPT117934,,dropped_in_docs,DL,0
CPT100458,,dropped_in_docs,FITNESS,4
CPT110141,,dropped_in_docs,FITNESS,4
CPT112969,,dropped_in_docs,DL,0
CPT117183,2026-05-25 15:26:15.525751899,approved,,5
CPT120785,,dropped_in_docs,PERMIT,3
CPT117178,,dropped_in_docs,FITNESS,4
CPT124681,,dropped_in_docs,FITNESS,4
CPT101397,,dropped_in_docs,RC,1
CPT118674,,dropped_in_docs,PERMIT,3
CPT120789,2026-05-26 01:34:12.684406300,approved,,6
CPT113152,,dropped_in_docs,INSURANCE,5
CPT114773,,dropped_in_docs,FITNESS,4
CPT118124,2026-05-28 17:31:41.501503092,approved,,6
CPT119762,,dropped_in_docs,DL,0
CPT110986,,dropped_in_docs,INSURANCE,5
CPT114105,,dropped_in_docs,INSURANCE,5
CPT103357,,dropped_in_docs,AADHAAR,2
CPT119208,,dropped_in_docs,FITNESS,4
CPT116300,,dropped_in_docs,DL,0
CPT111626,,dropped_in_docs,RC,1
CPT119995,,dropped_in_docs,FITNESS,4
CPT117189,,dropped_in_docs,RC,1
CPT112353,,dropped_in_docs,PERMIT,3
CPT107868,,dropped_in_docs,INSURANCE,5
CPT113508,,dropped_in_docs,AADHAAR,2
CPT107066,2026-05-25 18:53:49.728604342,approved,,5
CPT103339,,dropped_in_docs,FITNESS,4
CPT116302,,dropped_in_docs,PERMIT,3
CPT114014,,dropped_in_docs,RC,1
CPT123136,,dropped_in_docs,RC,1
CPT123789,,dropped_in_docs,INSURANCE,5
CPT109953,,dropped_in_docs,RC,1
CPT112197,,dropped_in_docs,DL,0
CPT114796,,dropped_in_docs,AADHAAR,2
CPT108049,,dropped_in_docs,RC,1
CPT115403,2026-05-27 05:43:05.778450954,approved,,6
CPT114406,,dropped_in_docs,INSURANCE,5
CPT107595,,dropped_in_docs,FITNESS,4
CPT108000,,dropped_in_docs,RC,1
CPT115171,,dropped_in_docs,RC,1
CPT122961,,dropped_in_docs,INSURANCE,5
CPT119477,,dropped_in_docs,PERMIT,3
CPT110191,,dropped_in_docs,RC,1
CPT101371,,dropped_in_docs,DL,0
CPT121216,,dropped_in_docs,DL,0
CPT104760,,dropped_in_docs,RC,1
CPT107634,,dropped_in_docs,PERMIT,3
CPT121459,2026-05-29 21:34:51.466338269,approved,,6
CPT113320,,dropped_in_docs,PERMIT,3
CPT121680,,dropped_in_docs,RC,1
CPT109530,2026-05-27 13:50:33.063608297,approved,,5
CPT104642,,dropped_in_docs,RC,1
CPT123441,,dropped_in_docs,INSURANCE,5
CPT120928,,dropped_in_docs,RC,1
CPT112654,,dropped_in_docs,RC,1
CPT111645,2026-05-30 03:37:24.173759931,approved,,6
CPT104580,,dropped_in_docs,PERMIT,3
CPT103505,,dropped_in_docs,AADHAAR,2
CPT103157,2026-05-24 16:26:19.773721222,approved,,5
CPT111436,2026-05-24 15:03:53.886941515,approved,,5
CPT105536,,dropped_in_docs,FITNESS,4
CPT118337,,dropped_in_docs,AADHAAR,2
CPT101114,,dropped_in_docs,DL,0
CPT116239,,dropped_in_docs,DL,0
CPT122105,2026-05-29 01:50:32.975644932,approved,,6
CPT114313,,dropped_in_docs,FITNESS,4
CPT121431,,dropped_in_docs,DL,0
CPT116254,,dropped_in_docs,PERMIT,3
CPT116403,,dropped_in_docs,PERMIT,3
CPT104619,2026-05-28 10:52:36.339980103,approved,,6
CPT117750,,dropped_in_docs,PERMIT,3
CPT118383,,dropped_in_docs,RC,1
CPT120115,,dropped_in_docs,DL,0
CPT116017,,dropped_in_docs,RC,1
CPT118454,,dropped_in_docs,FITNESS,4
CPT112004,,dropped_in_docs,PERMIT,3
CPT107334,,dropped_in_docs,FITNESS,4
CPT118262,,dropped_in_docs,INSURANCE,5
CPT113574,,dropped_in_docs,INSURANCE,5
CPT101953,2026-05-30 08:25:14.100639008,approved,,6
CPT100045,,dropped_in_docs,RC,1
CPT105431,,dropped_in_docs,DL,0
CPT106467,,dropped_in_docs,FITNESS,4
CPT122137,,dropped_in_docs,INSURANCE,5
CPT120714,,dropped_in_docs,FITNESS,4
CPT110218,,dropped_in_docs,AADHAAR,2
CPT103369,,dropped_in_docs,INSURANCE,5
CPT113747,,dropped_in_docs,RC,1
CPT124070,2026-05-27 17:15:23.516668663,approved,,6
CPT102284,,dropped_in_docs,PERMIT,3
CPT111826,,dropped_in_docs,FITNESS,4
CPT109073,,dropped_in_docs,RC,1
CPT105247,,dropped_in_docs,DL,0
CPT107917,,dropped_in_docs,DL,0
CPT121886,,dropped_in_docs,FITNESS,4
CPT114878,,dropped_in_docs,RC,1
CPT124857,,dropped_in_docs,FITNESS,4
CPT116420,,dropped_in_docs,FITNESS,4
CPT120948,,dropped_in_docs,PERMIT,3
CPT109456,,dropped_in_docs,DL,0
CPT103090,2026-05-28 19:47:57.343939926,approved,,6
CPT115117,2026-05-26 01:41:13.869603887,approved,,5
CPT113559,,dropped_in_docs,FITNESS,4
CPT114097,,dropped_in_docs,RC,1
CPT106346,,dropped_in_docs,FITNESS,4
CPT115407,,dropped_in_docs,DL,0
CPT100257,2026-05-27 22:52:51.235875751,approved,,6
CPT122839,,dropped_in_docs,RC,1
CPT114700,,dropped_in_docs,INSURANCE,5
CPT122030,,dropped_in_docs,DL,0
CPT110213,,dropped_in_docs,PERMIT,3
CPT107466,,dropped_in_docs,RC,1
CPT124205,2026-05-27 01:29:21.650692368,approved,,6
CPT110204,,dropped_in_docs,PERMIT,3
CPT110158,,dropped_in_docs,RC,1
CPT101108,,dropped_in_docs,RC,1
CPT103741,,dropped_in_docs,PERMIT,3
CPT120709,,dropped_in_docs,DL,0
CPT114432,,dropped_in_docs,RC,1
CPT104774,,dropped_in_docs,FITNESS,4
CPT100742,,dropped_in_docs,FITNESS,4
CPT100544,2026-05-26 18:34:50.521901382,approved,,5
CPT116532,,dropped_in_docs,RC,1
CPT107416,,dropped_in_docs,RC,1
CPT103173,2026-05-26 20:09:39.900000523,approved,,5
CPT122693,,dropped_in_docs,INSURANCE,5
CPT101851,,dropped_in_docs,RC,1
CPT114676,,dropped_in_docs,PERMIT,3
CPT112878,,dropped_in_docs,FITNESS,4
CPT114853,,dropped_in_docs,RC,1
CPT119309,2026-05-27 23:59:05.183271634,approved,,6
CPT112253,,dropped_in_docs,RC,1
CPT124235,,dropped_in_docs,AADHAAR,2
CPT124022,,dropped_in_docs,FITNESS,4
CPT114622,,dropped_in_docs,INSURANCE,5
CPT107136,2026-05-29 17:11:46.502233329,approved,,6
CPT112606,,dropped_in_docs,RC,1
CPT117441,,dropped_in_docs,INSURANCE,5
CPT112738,,dropped_in_docs,RC,1
CPT102381,,dropped_in_docs,DL,0
CPT100446,,dropped_in_docs,PERMIT,3
CPT122541,,dropped_in_docs,FITNESS,4
CPT107417,,dropped_in_docs,INSURANCE,5
CPT107747,,dropped_in_docs,DL,0
CPT119632,2026-05-26 07:14:03.039446282,approved,,5
CPT112240,,dropped_in_docs,INSURANCE,5
CPT109842,,dropped_in_docs,DL,0
CPT121887,,dropped_in_docs,RC,1
CPT105192,,dropped_in_docs,RC,1
CPT105525,2026-05-25 16:10:52.733661988,approved,,5
CPT102129,,dropped_in_docs,RC,1
CPT113685,,dropped_in_docs,RC,1
CPT115685,2026-05-28 03:29:35.491246395,approved,,6
CPT106053,2026-05-27 18:08:17.272902545,approved,,5
CPT107197,,dropped_in_docs,INSURANCE,5
CPT112417,,dropped_in_docs,FITNESS,4
CPT100332,,dropped_in_docs,INSURANCE,5
CPT115858,2026-05-26 20:47:21.437342279,approved,,5
CPT114743,,dropped_in_docs,RC,1
CPT102172,,dropped_in_docs,PERMIT,3
CPT100095,,dropped_in_docs,PERMIT,3
CPT105989,,dropped_in_docs,FITNESS,4
CPT105601,,dropped_in_docs,RC,1
CPT118693,,dropped_in_docs,DL,0
CPT108521,,dropped_in_docs,PERMIT,3
CPT113952,,dropped_in_docs,PERMIT,3
CPT115083,2026-05-29 23:05:26.285266450,approved,,6
CPT123877,,dropped_in_docs,PERMIT,3
CPT123176,,dropped_in_docs,FITNESS,4
CPT115565,2026-05-28 04:36:06.660590298,rejected,duplicate_captain,5
CPT123911,,dropped_in_docs,RC,1
CPT106784,,dropped_in_docs,RC,1
CPT124297,,dropped_in_docs,INSURANCE,5
CPT105144,,dropped_in_docs,RC,1
CPT116112,,dropped_in_docs,DL,0
CPT106034,2026-05-29 11:56:15.789777810,approved,,6
CPT113432,,dropped_in_docs,RC,1
CPT122314,,dropped_in_docs,RC,1
CPT117526,,dropped_in_docs,PERMIT,3
CPT106314,,dropped_in_docs,PERMIT,3
CPT102146,,dropped_in_docs,PERMIT,3
CPT121980,,dropped_in_docs,DL,0
CPT120289,,dropped_in_docs,RC,1
CPT105015,,dropped_in_docs,RC,1
CPT114618,,dropped_in_docs,INSURANCE,5
CPT124649,,dropped_in_docs,DL,0
CPT117537,,dropped_in_docs,FITNESS,4
CPT121181,,dropped_in_docs,RC,1
CPT108982,,dropped_in_docs,FITNESS,4
CPT122951,,dropped_in_docs,PERMIT,3
CPT108980,,dropped_in_docs,INSURANCE,5
CPT107347,,dropped_in_docs,PERMIT,3
CPT123352,,dropped_in_docs,AADHAAR,2
CPT106866,,dropped_in_docs,RC,1
CPT100701,,dropped_in_docs,FITNESS,4
CPT116808,,dropped_in_docs,RC,1
CPT105841,2026-05-27 22:52:34.750302972,approved,,6
CPT101952,,dropped_in_docs,FITNESS,4
CPT100822,,dropped_in_docs,DL,0
CPT116973,,dropped_in_docs,INSURANCE,5
CPT100288,,dropped_in_docs,RC,1
CPT115040,,dropped_in_docs,INSURANCE,5
CPT122978,,dropped_in_docs,DL,0
CPT113143,,dropped_in_docs,PERMIT,3
CPT107690,,dropped_in_docs,DL,0
CPT119682,2026-05-27 00:47:20.232665872,approved,,6
CPT109169,2026-05-27 02:48:01.416991374,approved,,6
CPT124560,2026-05-26 07:12:50.102569405,approved,,6
CPT113115,,dropped_in_docs,DL,0
CPT113972,2026-05-29 03:21:25.424115229,approved,,6
CPT111564,2026-05-28 19:58:01.878776949,approved,,5
CPT106573,,dropped_in_docs,DL,0
CPT104925,,dropped_in_docs,FITNESS,4
CPT117705,2026-05-28 10:25:45.661646760,approved,,6
CPT117220,,dropped_in_docs,FITNESS,4
CPT113571,,dropped_in_docs,DL,0
CPT119548,,dropped_in_docs,RC,1
CPT111766,,dropped_in_docs,PERMIT,3
CPT115870,,dropped_in_docs,DL,0
CPT105653,,dropped_in_docs,RC,1
CPT118901,,dropped_in_docs,INSURANCE,5
CPT105490,,dropped_in_docs,INSURANCE,5
CPT101620,,dropped_in_docs,INSURANCE,5
CPT117406,,dropped_in_docs,RC,1
CPT110489,,dropped_in_docs,INSURANCE,5
CPT118758,,dropped_in_docs,RC,1
CPT103422,,dropped_in_docs,RC,1
CPT111658,,dropped_in_docs,FITNESS,4
CPT101633,,dropped_in_docs,INSURANCE,5
CPT119738,,dropped_in_docs,PERMIT,3
CPT110121,2026-05-26 16:15:45.922247183,approved,,5
CPT111736,,dropped_in_docs,PERMIT,3
CPT119207,,dropped_in_docs,PERMIT,3
CPT110470,,dropped_in_docs,PERMIT,3
CPT122422,,dropped_in_docs,PERMIT,3
CPT112981,,dropped_in_docs,DL,0
CPT104119,,dropped_in_docs,FITNESS,4
CPT107108,,dropped_in_docs,RC,1
CPT105761,,dropped_in_docs,RC,1
CPT105338,,dropped_in_docs,DL,0
CPT106025,,dropped_in_docs,DL,0
CPT113629,2026-05-27 03:49:03.824019553,approved,,5
CPT107329,,dropped_in_docs,FITNESS,4
CPT104027,,dropped_in_docs,PERMIT,3
CPT124200,,dropped_in_docs,INSURANCE,5
CPT121425,,dropped_in_docs,RC,1
CPT108215,,dropped_in_docs,RC,1
CPT115985,,dropped_in_docs,RC,1
CPT114213,,dropped_in_docs,PERMIT,3
CPT123876,,dropped_in_docs,DL,0
CPT101921,,dropped_in_docs,INSURANCE,5
CPT114708,,dropped_in_docs,INSURANCE,5
CPT110689,,dropped_in_docs,RC,1
CPT101888,,dropped_in_docs,INSURANCE,5
CPT114539,,dropped_in_docs,INSURANCE,5
CPT118457,,dropped_in_docs,FITNESS,4
CPT120298,,dropped_in_docs,RC,1
CPT109689,,dropped_in_docs,PERMIT,3
CPT113522,,dropped_in_docs,AADHAAR,2
CPT117892,,dropped_in_docs,RC,1
CPT124079,,dropped_in_docs,RC,1
CPT102274,2026-05-30 11:38:50.206631859,approved,,6
CPT124615,,dropped_in_docs,AADHAAR,2
CPT117948,,dropped_in_docs,RC,1
CPT103525,,dropped_in_docs,AADHAAR,2
CPT113227,2026-05-29 18:40:25.251139915,rejected,background_check_failed,6
CPT106730,,dropped_in_docs,RC,1
CPT100115,,dropped_in_docs,FITNESS,4
CPT103964,,dropped_in_docs,FITNESS,4
CPT122766,,dropped_in_docs,FITNESS,4
CPT109677,2026-05-28 08:13:33.269658840,approved,,6
CPT117401,2026-05-29 17:49:39.079156280,rejected,background_check_failed,5
CPT107773,,dropped_in_docs,AADHAAR,2
CPT118532,,dropped_in_docs,FITNESS,4
CPT122213,,dropped_in_docs,RC,1
CPT123479,,dropped_in_docs,DL,0
CPT115584,,dropped_in_docs,FITNESS,4
CPT110665,,dropped_in_docs,INSURANCE,5
CPT105714,,dropped_in_docs,DL,0
CPT118356,2026-05-28 05:45:50.194161524,approved,,5
CPT123940,,dropped_in_docs,INSURANCE,5
CPT121641,,dropped_in_docs,INSURANCE,5
CPT111149,,dropped_in_docs,INSURANCE,5
CPT121665,,dropped_in_docs,RC,1
CPT109632,,dropped_in_docs,INSURANCE,5
CPT122002,,dropped_in_docs,INSURANCE,5
CPT111976,,dropped_in_docs,FITNESS,4
CPT116626,,dropped_in_docs,PERMIT,3
CPT112973,2026-05-27 15:51:36.208355816,approved,,6
CPT108165,,dropped_in_docs,RC,1
CPT121148,2026-05-30 07:07:54.710291880,rejected,vehicle_age_policy,5
CPT101901,2026-05-30 20:19:36.575943244,approved,,6
CPT104947,,dropped_in_docs,AADHAAR,2
CPT124003,,dropped_in_docs,RC,1
CPT119184,2026-05-30 01:30:48.289535115,approved,,6
CPT121797,,dropped_in_docs,RC,1
CPT105040,,dropped_in_docs,INSURANCE,5
CPT116088,,dropped_in_docs,DL,0
CPT106791,,dropped_in_docs,DL,0
CPT107851,,dropped_in_docs,FITNESS,4
CPT106041,,dropped_in_docs,RC,1
CPT118592,,dropped_in_docs,RC,1
CPT103350,,dropped_in_docs,RC,1
CPT105233,,dropped_in_docs,PERMIT,3
CPT102526,,dropped_in_docs,PERMIT,3
CPT112202,2026-05-29 08:29:36.224733129,approved,,6
CPT101432,,dropped_in_docs,DL,0
CPT116161,,dropped_in_docs,INSURANCE,5
CPT109487,,dropped_in_docs,PERMIT,3
CPT117289,,dropped_in_docs,RC,1
CPT124603,,dropped_in_docs,AADHAAR,2
CPT122814,,dropped_in_docs,DL,0
CPT119370,,dropped_in_docs,INSURANCE,5
CPT103089,2026-05-28 17:18:37.000114174,approved,,6
CPT116649,,dropped_in_docs,INSURANCE,5
CPT121537,,dropped_in_docs,RC,1
CPT112571,,dropped_in_docs,AADHAAR,2
CPT111690,,dropped_in_docs,FITNESS,4
CPT123896,2026-05-28 04:32:32.718320586,approved,,6
CPT100303,,dropped_in_docs,FITNESS,4
CPT108826,,dropped_in_docs,PERMIT,3
CPT109057,,dropped_in_docs,RC,1
CPT120537,,dropped_in_docs,PERMIT,3
CPT111484,,dropped_in_docs,RC,1
CPT121832,,dropped_in_docs,INSURANCE,5
CPT100284,,dropped_in_docs,PERMIT,3
CPT116534,,dropped_in_docs,PERMIT,3
CPT112222,,dropped_in_docs,RC,1
CPT108533,,dropped_in_docs,AADHAAR,2
CPT108677,2026-06-01 10:34:09.402572987,approved,,5
CPT101506,,dropped_in_docs,PERMIT,3
CPT119877,,dropped_in_docs,INSURANCE,5
CPT113780,,dropped_in_docs,PERMIT,3
CPT118126,2026-05-30 21:35:45.600509723,approved,,6
CPT108880,,dropped_in_docs,PERMIT,3
CPT117085,,dropped_in_docs,FITNESS,4
CPT121655,2026-05-30 14:42:14.250435816,approved,,6
CPT115973,,dropped_in_docs,DL,0
CPT102462,,dropped_in_docs,INSURANCE,5
CPT114938,,dropped_in_docs,RC,1
CPT100319,,dropped_in_docs,INSURANCE,5
CPT119933,,dropped_in_docs,FITNESS,4
CPT100302,,dropped_in_docs,RC,1
CPT116071,,dropped_in_docs,PERMIT,3
CPT105436,,dropped_in_docs,RC,1
CPT105278,2026-05-28 06:01:26.342106804,approved,,6
CPT100641,,dropped_in_docs,RC,1
CPT122151,,dropped_in_docs,AADHAAR,2
CPT112590,,dropped_in_docs,DL,0
CPT124108,2026-05-27 05:08:11.775514087,approved,,6
CPT110375,,dropped_in_docs,RC,1
CPT124718,,dropped_in_docs,RC,1
CPT103333,,dropped_in_docs,INSURANCE,5
CPT115325,,dropped_in_docs,AADHAAR,2
CPT100683,2026-05-30 06:28:44.178635320,approved,,5
CPT105780,,dropped_in_docs,RC,1
CPT115625,,dropped_in_docs,FITNESS,4
CPT124761,,dropped_in_docs,DL,0
CPT119841,,dropped_in_docs,INSURANCE,5
CPT121006,,dropped_in_docs,PERMIT,3
CPT110106,,dropped_in_docs,RC,1
CPT106745,2026-05-29 03:49:55.596630440,approved,,6
CPT117905,2026-05-28 09:34:33.982337352,approved,,5
CPT101141,2026-05-26 22:33:51.978443662,approved,,5
CPT119746,,dropped_in_docs,RC,1
CPT100765,,dropped_in_docs,RC,1
CPT105323,2026-05-28 02:28:30.973325895,approved,,6
CPT115045,,dropped_in_docs,AADHAAR,2
CPT100461,,dropped_in_docs,PERMIT,3
CPT119719,2026-05-28 02:19:01.116903977,rejected,background_check_failed,5
CPT120282,,dropped_in_docs,FITNESS,4
CPT113860,2026-05-29 11:03:02.599164311,approved,,6
CPT100601,,dropped_in_docs,PERMIT,3
CPT121506,,dropped_in_docs,INSURANCE,5
CPT102784,,dropped_in_docs,RC,1
CPT117871,2026-05-28 07:55:58.157035219,approved,,6
CPT118849,,dropped_in_docs,RC,1
CPT114786,,dropped_in_docs,PERMIT,3
CPT121681,,dropped_in_docs,FITNESS,4
CPT101681,,dropped_in_docs,INSURANCE,5
CPT112803,2026-05-30 10:27:44.124963132,approved,,6
CPT124704,,dropped_in_docs,DL,0
CPT121421,,dropped_in_docs,RC,1
CPT112875,2026-05-31 00:45:19.759211660,approved,,6
CPT114534,,dropped_in_docs,FITNESS,4
CPT110256,,dropped_in_docs,DL,0
CPT122793,,dropped_in_docs,DL,0
CPT113339,,dropped_in_docs,RC,1
CPT100830,,dropped_in_docs,RC,1
CPT113765,,dropped_in_docs,FITNESS,4
CPT120605,,dropped_in_docs,DL,0
CPT110249,,dropped_in_docs,DL,0
CPT109325,,dropped_in_docs,PERMIT,3
CPT123021,2026-05-30 22:52:11.984635763,approved,,6
CPT100396,2026-05-27 18:08:35.909359029,approved,,6
CPT116007,,dropped_in_docs,FITNESS,4
CPT117754,,dropped_in_docs,FITNESS,4
CPT110848,,dropped_in_docs,INSURANCE,5
CPT105802,,dropped_in_docs,PERMIT,3
CPT113801,,dropped_in_docs,AADHAAR,2
CPT106852,2026-05-26 18:54:49.463086962,approved,,5
CPT118928,,dropped_in_docs,INSURANCE,5
CPT101600,,dropped_in_docs,DL,0
CPT111880,2026-06-01 11:42:51.603801802,rejected,doc_authenticity_flag,6
CPT111474,2026-05-28 17:00:45.566605793,rejected,vehicle_age_policy,6
CPT100837,,dropped_in_docs,DL,0
CPT119503,,dropped_in_docs,RC,1
CPT122290,,dropped_in_docs,PERMIT,3
CPT102360,,dropped_in_docs,PERMIT,3
CPT107236,,dropped_in_docs,AADHAAR,2
CPT107905,,dropped_in_docs,DL,0
CPT119979,,dropped_in_docs,RC,1
CPT108185,,dropped_in_docs,DL,0
CPT110452,,dropped_in_docs,RC,1
CPT100815,,dropped_in_docs,PERMIT,3
CPT121482,2026-05-29 13:14:51.464483911,approved,,6
CPT110205,2026-05-27 05:05:06.693853966,approved,,5
CPT122992,,dropped_in_docs,RC,1
CPT106066,,dropped_in_docs,DL,0
CPT106794,,dropped_in_docs,FITNESS,4
CPT114393,2026-05-27 08:01:53.379695229,approved,,5
CPT120570,,dropped_in_docs,RC,1
CPT111636,,dropped_in_docs,INSURANCE,5
CPT113392,,dropped_in_docs,AADHAAR,2
CPT114438,,dropped_in_docs,FITNESS,4
CPT111443,,dropped_in_docs,FITNESS,4
CPT106059,,dropped_in_docs,RC,1
CPT114606,,dropped_in_docs,RC,1
CPT108246,2026-05-30 08:50:08.954891460,approved,,5
CPT103802,,dropped_in_docs,INSURANCE,5
CPT103633,,dropped_in_docs,INSURANCE,5
CPT100768,,dropped_in_docs,DL,0
CPT120653,,dropped_in_docs,FITNESS,4
CPT113212,,dropped_in_docs,DL,0
CPT124024,2026-06-03 13:20:29.171414123,rejected,background_check_failed,6
CPT103248,,dropped_in_docs,RC,1
CPT106628,,dropped_in_docs,PERMIT,3
CPT122576,,dropped_in_docs,RC,1
CPT118421,,dropped_in_docs,FITNESS,4
CPT109633,,dropped_in_docs,PERMIT,3
CPT121198,,dropped_in_docs,RC,1
CPT102572,,dropped_in_docs,RC,1
CPT123499,,dropped_in_docs,AADHAAR,2
CPT104795,,dropped_in_docs,AADHAAR,2
CPT100387,,dropped_in_docs,RC,1
CPT105686,,dropped_in_docs,FITNESS,4
CPT105825,,dropped_in_docs,PERMIT,3
CPT104566,2026-05-29 23:55:03.719806068,approved,,6
CPT114650,,dropped_in_docs,FITNESS,4
CPT109141,,dropped_in_docs,AADHAAR,2
CPT120847,,dropped_in_docs,PERMIT,3
CPT122806,,dropped_in_docs,FITNESS,4
CPT100261,2026-05-26 01:43:37.987295511,approved,,5
CPT110499,2026-05-29 04:34:44.059809309,approved,,6
CPT103799,,dropped_in_docs,PERMIT,3
CPT121637,2026-05-30 06:27:03.538681347,approved,,6
CPT111605,2026-05-29 16:58:10.984570096,rejected,duplicate_captain,5
CPT121244,,dropped_in_docs,DL,0
CPT119694,,dropped_in_docs,DL,0
CPT110119,,dropped_in_docs,RC,1
CPT120875,,dropped_in_docs,FITNESS,4
CPT121991,,dropped_in_docs,INSURANCE,5
CPT106423,,dropped_in_docs,AADHAAR,2
CPT113634,2026-05-30 09:35:23.789436259,approved,,6
CPT122548,,dropped_in_docs,DL,0
CPT120562,2026-05-27 09:28:56.242516295,approved,,6
CPT122375,2026-05-30 11:43:52.758687331,approved,,6
CPT102364,,dropped_in_docs,RC,1
CPT119379,,dropped_in_docs,DL,0
CPT114008,,dropped_in_docs,FITNESS,4
CPT107714,,dropped_in_docs,RC,1
CPT115525,2026-05-29 19:46:48.417345256,approved,,6
CPT113084,,dropped_in_docs,INSURANCE,5
CPT114950,2026-05-28 18:04:44.342140568,approved,,6
CPT109489,,dropped_in_docs,DL,0
CPT111110,2026-05-28 21:19:08.461354145,approved,,6
CPT102215,,dropped_in_docs,RC,1
CPT117420,,dropped_in_docs,RC,1
CPT118667,2026-05-31 14:08:46.966042506,approved,,5
CPT121976,,dropped_in_docs,PERMIT,3
CPT117832,,dropped_in_docs,RC,1
CPT115413,,dropped_in_docs,DL,0
CPT114385,2026-05-30 09:58:05.210840352,approved,,6
CPT102167,,dropped_in_docs,PERMIT,3
CPT115168,,dropped_in_docs,PERMIT,3
CPT100176,,dropped_in_docs,PERMIT,3
CPT110914,,dropped_in_docs,RC,1
CPT115010,,dropped_in_docs,RC,1
CPT107523,,dropped_in_docs,PERMIT,3
CPT108827,,dropped_in_docs,RC,1
CPT102260,,dropped_in_docs,FITNESS,4
CPT120946,,dropped_in_docs,AADHAAR,2
CPT117461,,dropped_in_docs,DL,0
CPT112311,,dropped_in_docs,FITNESS,4
CPT121783,,dropped_in_docs,FITNESS,4
CPT120619,2026-05-28 06:00:43.729614555,approved,,5
CPT106065,2026-05-28 03:41:01.952538700,approved,,6
CPT113415,2026-05-29 21:46:31.415749981,approved,,5
CPT105788,,dropped_in_docs,FITNESS,4
CPT113036,,dropped_in_docs,AADHAAR,2
CPT123596,,dropped_in_docs,RC,1
CPT102328,,dropped_in_docs,RC,1
CPT108033,,dropped_in_docs,AADHAAR,2
CPT118792,2026-05-29 05:23:06.664645528,rejected,duplicate_captain,6
CPT124984,,dropped_in_docs,PERMIT,3
CPT121013,2026-05-29 16:28:39.026339364,approved,,6
CPT102030,,dropped_in_docs,DL,0
CPT102606,,dropped_in_docs,RC,1
CPT116826,,dropped_in_docs,INSURANCE,5
CPT103464,,dropped_in_docs,INSURANCE,5
CPT107084,2026-05-31 23:05:56.499073445,approved,,6
CPT116976,,dropped_in_docs,FITNESS,4
CPT103239,,dropped_in_docs,RC,1
CPT121917,,dropped_in_docs,FITNESS,4
CPT105884,,dropped_in_docs,RC,1
CPT112478,2026-05-30 00:20:33.801389837,approved,,6
CPT105982,,dropped_in_docs,FITNESS,4
CPT121285,,dropped_in_docs,RC,1
CPT100634,2026-05-30 00:02:05.639332525,approved,,6
CPT118961,,dropped_in_docs,AADHAAR,2
CPT122450,,dropped_in_docs,INSURANCE,5
CPT124665,,dropped_in_docs,FITNESS,4
CPT121297,,dropped_in_docs,INSURANCE,5
CPT120643,2026-05-29 22:26:29.649795057,approved,,6
CPT120664,,dropped_in_docs,RC,1
CPT111207,,dropped_in_docs,RC,1
CPT100110,,dropped_in_docs,RC,1
CPT122084,,dropped_in_docs,DL,0
CPT120247,,dropped_in_docs,RC,1
CPT116308,,dropped_in_docs,DL,0
CPT119447,,dropped_in_docs,FITNESS,4
CPT101210,,dropped_in_docs,PERMIT,3
CPT116961,2026-05-31 19:43:36.355000133,rejected,vehicle_age_policy,6
CPT117984,,dropped_in_docs,INSURANCE,5
CPT119295,2026-05-31 10:31:28.629014275,approved,,5
CPT111909,,dropped_in_docs,INSURANCE,5
CPT123620,,dropped_in_docs,RC,1
CPT115871,,dropped_in_docs,AADHAAR,2
CPT101947,,dropped_in_docs,FITNESS,4
CPT117074,,dropped_in_docs,DL,0
CPT122733,,dropped_in_docs,PERMIT,3
CPT120030,,dropped_in_docs,RC,1
CPT100389,,dropped_in_docs,INSURANCE,5
CPT105314,,dropped_in_docs,AADHAAR,2
CPT124682,,dropped_in_docs,PERMIT,3
CPT112627,,dropped_in_docs,DL,0
CPT103047,,dropped_in_docs,INSURANCE,5
CPT122882,,dropped_in_docs,RC,1
CPT101120,,dropped_in_docs,RC,1
CPT104366,,dropped_in_docs,DL,0
CPT122939,,dropped_in_docs,PERMIT,3
CPT106557,,dropped_in_docs,DL,0
CPT112815,,dropped_in_docs,DL,0
CPT114634,,dropped_in_docs,DL,0
CPT100543,,dropped_in_docs,FITNESS,4
CPT115077,,dropped_in_docs,DL,0
CPT113295,,dropped_in_docs,PERMIT,3
CPT124585,2026-05-30 23:16:51.282304529,approved,,6
CPT117082,,dropped_in_docs,AADHAAR,2
CPT101919,,dropped_in_docs,RC,1
CPT100504,,dropped_in_docs,INSURANCE,5
CPT113050,,dropped_in_docs,INSURANCE,5
CPT114137,,dropped_in_docs,RC,1
CPT124990,,dropped_in_docs,RC,1
CPT105402,,dropped_in_docs,RC,1
CPT120150,2026-05-29 17:14:27.859716294,approved,,6
CPT111553,,dropped_in_docs,DL,0
CPT116523,,dropped_in_docs,INSURANCE,5
CPT106817,,dropped_in_docs,FITNESS,4
CPT121200,,dropped_in_docs,RC,1
CPT123198,,dropped_in_docs,PERMIT,3
CPT116825,,dropped_in_docs,FITNESS,4
CPT109612,,dropped_in_docs,INSURANCE,5
CPT116384,,dropped_in_docs,INSURANCE,5
CPT114585,,dropped_in_docs,AADHAAR,2
CPT101883,2026-05-29 10:18:44.391111734,approved,,6
CPT111687,2026-05-29 17:00:02.338451983,approved,,5
CPT120667,,dropped_in_docs,PERMIT,3
CPT104803,,dropped_in_docs,RC,1
CPT109584,,dropped_in_docs,RC,1
CPT115591,,dropped_in_docs,PERMIT,3
CPT111225,,dropped_in_docs,DL,0
CPT100538,,dropped_in_docs,DL,0
CPT101059,2026-05-30 00:36:41.948118999,approved,,6
CPT117137,,dropped_in_docs,INSURANCE,5
CPT109335,,dropped_in_docs,RC,1
CPT111709,,dropped_in_docs,INSURANCE,5
CPT115184,,dropped_in_docs,FITNESS,4
CPT103974,,dropped_in_docs,AADHAAR,2
CPT119097,,dropped_in_docs,RC,1
CPT118082,,dropped_in_docs,RC,1
CPT103602,,dropped_in_docs,PERMIT,3
CPT115287,,dropped_in_docs,INSURANCE,5
CPT117005,,dropped_in_docs,AADHAAR,2
CPT108981,,dropped_in_docs,FITNESS,4
CPT122620,,dropped_in_docs,AADHAAR,2
CPT105814,,dropped_in_docs,INSURANCE,5
CPT112075,,dropped_in_docs,PERMIT,3
CPT112643,,dropped_in_docs,INSURANCE,5
CPT110958,2026-06-01 03:35:16.842298191,rejected,background_check_failed,6
CPT104395,,dropped_in_docs,PERMIT,3
CPT103428,,dropped_in_docs,FITNESS,4
CPT105852,,dropped_in_docs,RC,1
CPT123685,,dropped_in_docs,PERMIT,3
CPT116395,,dropped_in_docs,RC,1
CPT104967,,dropped_in_docs,PERMIT,3
CPT115374,,dropped_in_docs,DL,0
CPT109210,,dropped_in_docs,PERMIT,3
CPT100421,2026-05-28 16:23:10.003946418,approved,,5
CPT122503,2026-05-31 06:03:00.598086079,rejected,background_check_failed,6
CPT104867,,dropped_in_docs,AADHAAR,2
CPT104918,,dropped_in_docs,FITNESS,4
CPT109200,,dropped_in_docs,RC,1
CPT115129,,dropped_in_docs,INSURANCE,5
CPT112304,,dropped_in_docs,PERMIT,3
CPT117645,,dropped_in_docs,PERMIT,3
CPT107314,2026-05-30 23:07:51.863326115,approved,,5
CPT107297,,dropped_in_docs,FITNESS,4
CPT105262,,dropped_in_docs,FITNESS,4
CPT110867,,dropped_in_docs,RC,1
CPT110625,,dropped_in_docs,FITNESS,4
CPT108534,,dropped_in_docs,RC,1
CPT115690,,dropped_in_docs,DL,0
CPT120515,,dropped_in_docs,RC,1
CPT106183,2026-05-29 09:38:42.192195975,approved,,5
CPT116478,,dropped_in_docs,RC,1
CPT118715,,dropped_in_docs,PERMIT,3
CPT118483,,dropped_in_docs,RC,1
CPT106406,,dropped_in_docs,INSURANCE,5
CPT102840,2026-05-29 10:45:32.802992124,approved,,6
CPT120721,,dropped_in_docs,RC,1
CPT111734,,dropped_in_docs,RC,1
CPT101572,,dropped_in_docs,RC,1
CPT115163,,dropped_in_docs,FITNESS,4
CPT106050,,dropped_in_docs,RC,1
CPT122334,,dropped_in_docs,RC,1
CPT103219,,dropped_in_docs,PERMIT,3
CPT104022,,dropped_in_docs,FITNESS,4
CPT123653,,dropped_in_docs,DL,0
CPT120965,,dropped_in_docs,PERMIT,3
CPT103693,,dropped_in_docs,DL,0
CPT108805,,dropped_in_docs,RC,1
CPT114932,2026-05-30 04:11:23.548933690,approved,,5
CPT103439,,dropped_in_docs,FITNESS,4
CPT117795,,dropped_in_docs,PERMIT,3
CPT109798,,dropped_in_docs,INSURANCE,5
CPT102064,2026-05-30 21:10:26.864993414,approved,,6
CPT100219,,dropped_in_docs,PERMIT,3
CPT121594,,dropped_in_docs,INSURANCE,5
CPT110403,,dropped_in_docs,PERMIT,3
CPT119700,,dropped_in_docs,FITNESS,4
CPT102905,2026-05-30 07:03:03.902514661,approved,,6
CPT112754,,dropped_in_docs,RC,1
CPT109531,,dropped_in_docs,INSURANCE,5
CPT120524,,dropped_in_docs,FITNESS,4
CPT111762,,dropped_in_docs,RC,1
CPT100336,2026-05-30 07:51:55.818468370,approved,,5
CPT107503,,dropped_in_docs,DL,0
CPT116667,,dropped_in_docs,INSURANCE,5
CPT102932,,dropped_in_docs,AADHAAR,2
CPT120110,,dropped_in_docs,PERMIT,3
CPT115333,,dropped_in_docs,DL,0
CPT115111,,dropped_in_docs,FITNESS,4
CPT112351,,dropped_in_docs,PERMIT,3
CPT123729,,dropped_in_docs,FITNESS,4
CPT109345,,dropped_in_docs,DL,0
CPT107989,2026-05-30 22:35:18.584410380,approved,,6
CPT103212,,dropped_in_docs,RC,1
CPT106963,,dropped_in_docs,FITNESS,4
CPT106343,,dropped_in_docs,DL,0
CPT104952,,dropped_in_docs,RC,1
CPT123069,,dropped_in_docs,RC,1
CPT107539,2026-05-30 14:57:37.235168468,approved,,6
CPT123664,,dropped_in_docs,DL,0
CPT108375,2026-06-01 17:33:17.135200134,approved,,6
CPT102397,,dropped_in_docs,FITNESS,4
CPT114515,,dropped_in_docs,PERMIT,3
CPT121995,,dropped_in_docs,FITNESS,4
CPT117197,,dropped_in_docs,RC,1
CPT119354,,dropped_in_docs,AADHAAR,2
CPT117821,,dropped_in_docs,AADHAAR,2
CPT109039,,dropped_in_docs,PERMIT,3
CPT102587,,dropped_in_docs,RC,1
CPT109196,,dropped_in_docs,RC,1
CPT110439,,dropped_in_docs,FITNESS,4
CPT120513,,dropped_in_docs,PERMIT,3
CPT103291,,dropped_in_docs,PERMIT,3
CPT119572,,dropped_in_docs,FITNESS,4
CPT121663,,dropped_in_docs,RC,1
CPT102205,,dropped_in_docs,PERMIT,3
CPT117277,,dropped_in_docs,DL,0
CPT106311,,dropped_in_docs,RC,1
CPT109768,,dropped_in_docs,FITNESS,4
CPT100002,2026-05-31 15:17:34.755844805,approved,,6
CPT123029,,dropped_in_docs,INSURANCE,5
CPT112889,,dropped_in_docs,AADHAAR,2
CPT115949,,dropped_in_docs,PERMIT,3
CPT113380,,dropped_in_docs,DL,0
CPT124181,,dropped_in_docs,DL,0
CPT104036,,dropped_in_docs,RC,1
CPT106955,,dropped_in_docs,DL,0
CPT122907,,dropped_in_docs,DL,0
CPT118250,,dropped_in_docs,RC,1
CPT105863,,dropped_in_docs,RC,1
CPT114107,,dropped_in_docs,RC,1
CPT124767,,dropped_in_docs,FITNESS,4
CPT114253,,dropped_in_docs,AADHAAR,2
CPT112766,,dropped_in_docs,FITNESS,4
CPT101266,,dropped_in_docs,DL,0
CPT117669,2026-05-30 20:26:58.944418709,rejected,duplicate_captain,6
CPT102196,2026-05-31 02:19:50.685507088,approved,,6
CPT117433,,dropped_in_docs,PERMIT,3
CPT120083,,dropped_in_docs,PERMIT,3
CPT114276,2026-06-03 20:52:03.793891949,approved,,6
CPT124900,,dropped_in_docs,PERMIT,3
CPT111843,,dropped_in_docs,RC,1
CPT119107,,dropped_in_docs,PERMIT,3
CPT105360,2026-05-30 15:02:44.986923138,approved,,6
CPT113396,,dropped_in_docs,RC,1
CPT117425,,dropped_in_docs,AADHAAR,2
CPT118344,,dropped_in_docs,AADHAAR,2
CPT100533,2026-05-31 09:38:06.896558270,approved,,6
CPT117661,,dropped_in_docs,PERMIT,3
CPT109189,,dropped_in_docs,RC,1
CPT119610,,dropped_in_docs,PERMIT,3
CPT108508,,dropped_in_docs,RC,1
CPT105972,,dropped_in_docs,FITNESS,4
CPT122542,,dropped_in_docs,DL,0
CPT109166,,dropped_in_docs,RC,1
CPT119629,2026-06-03 15:30:42.351543564,rejected,vehicle_age_policy,6
CPT108953,2026-05-31 11:28:15.899429700,approved,,6
CPT102278,2026-05-29 01:31:04.187692890,approved,,5
CPT121938,,dropped_in_docs,RC,1
CPT107291,2026-05-30 08:18:09.135676801,approved,,6
CPT103268,,dropped_in_docs,RC,1
CPT115450,,dropped_in_docs,DL,0
CPT113251,,dropped_in_docs,RC,1
CPT120048,2026-05-31 23:46:50.389789939,approved,,6
CPT114575,,dropped_in_docs,DL,0
CPT107299,,dropped_in_docs,RC,1
CPT121346,2026-05-31 17:52:33.396455222,approved,,6
CPT112570,,dropped_in_docs,RC,1
CPT124768,,dropped_in_docs,INSURANCE,5
CPT112052,,dropped_in_docs,INSURANCE,5
CPT101328,2026-06-02 05:36:34.120917713,approved,,6
CPT121088,2026-05-31 03:35:38.476372960,approved,,5
CPT116469,,dropped_in_docs,RC,1
CPT108404,2026-06-01 20:14:07.690813957,approved,,6
CPT100578,,dropped_in_docs,RC,1
CPT124674,,dropped_in_docs,RC,1
CPT121017,,dropped_in_docs,PERMIT,3
CPT107228,,dropped_in_docs,PERMIT,3
CPT115405,,dropped_in_docs,DL,0
CPT124148,,dropped_in_docs,DL,0
CPT114006,,dropped_in_docs,INSURANCE,5
CPT121328,2026-05-31 05:59:27.571789584,approved,,5
CPT108361,,dropped_in_docs,FITNESS,4
CPT116533,,dropped_in_docs,RC,1
CPT100278,2026-06-01 16:58:55.521552651,approved,,6
CPT119712,,dropped_in_docs,FITNESS,4
CPT119395,,dropped_in_docs,INSURANCE,5
CPT101941,,dropped_in_docs,RC,1
CPT106287,,dropped_in_docs,PERMIT,3
CPT104627,,dropped_in_docs,DL,0
CPT108754,,dropped_in_docs,RC,1
CPT113408,,dropped_in_docs,INSURANCE,5
CPT104761,,dropped_in_docs,PERMIT,3
CPT117507,,dropped_in_docs,PERMIT,3
CPT124206,,dropped_in_docs,RC,1
CPT111698,,dropped_in_docs,PERMIT,3
CPT114874,,dropped_in_docs,PERMIT,3
CPT107310,,dropped_in_docs,PERMIT,3
CPT121108,,dropped_in_docs,PERMIT,3
CPT107402,,dropped_in_docs,FITNESS,4
CPT102387,,dropped_in_docs,RC,1
CPT104685,,dropped_in_docs,PERMIT,3
CPT107133,,dropped_in_docs,RC,1
CPT119924,,dropped_in_docs,PERMIT,3
CPT122191,,dropped_in_docs,PERMIT,3
CPT104491,,dropped_in_docs,DL,0
CPT118271,2026-05-30 07:59:29.139430533,approved,,6
CPT121533,,dropped_in_docs,INSURANCE,5
CPT108750,2026-05-29 18:28:57.557944701,approved,,6
CPT115257,2026-06-01 03:11:10.098271777,approved,,6
CPT107623,2026-06-01 18:07:25.004595183,approved,,6
CPT106340,,dropped_in_docs,PERMIT,3
CPT118396,,dropped_in_docs,INSURANCE,5
CPT111717,,dropped_in_docs,DL,0
CPT120172,,dropped_in_docs,RC,1
CPT113044,,dropped_in_docs,FITNESS,4
CPT121597,2026-06-04 12:49:57.396150338,approved,,6
CPT106691,,dropped_in_docs,RC,1
CPT123115,,dropped_in_docs,PERMIT,3
CPT110982,,dropped_in_docs,FITNESS,4
CPT108941,,dropped_in_docs,INSURANCE,5
CPT123341,,dropped_in_docs,FITNESS,4
CPT113532,,dropped_in_docs,RC,1
CPT122818,,dropped_in_docs,PERMIT,3
CPT121979,2026-06-02 05:53:59.183803272,approved,,6
CPT107708,,dropped_in_docs,RC,1
CPT119624,,dropped_in_docs,RC,1
CPT106083,,dropped_in_docs,INSURANCE,5
CPT123146,,dropped_in_docs,PERMIT,3
CPT122837,,dropped_in_docs,INSURANCE,5
CPT105754,,dropped_in_docs,RC,1
CPT119728,2026-05-31 02:59:24.389156135,approved,,6
CPT109308,,dropped_in_docs,PERMIT,3
CPT113512,,dropped_in_docs,INSURANCE,5
CPT120531,,dropped_in_docs,RC,1
CPT103475,,dropped_in_docs,RC,1
CPT111689,,dropped_in_docs,FITNESS,4
CPT111152,,dropped_in_docs,DL,0
CPT100511,,dropped_in_docs,AADHAAR,2
CPT103484,2026-05-31 12:42:00.861382875,approved,,5
CPT108219,2026-06-01 15:47:47.727845651,approved,,6
CPT103331,2026-06-02 21:59:23.514897787,approved,,6
CPT120061,,dropped_in_docs,RC,1
CPT110287,,dropped_in_docs,DL,0
CPT104824,2026-05-30 00:32:29.309585937,approved,,5
CPT117416,2026-06-02 07:09:28.667033298,approved,,6
CPT102178,,dropped_in_docs,AADHAAR,2
CPT122575,2026-05-30 20:23:32.876912414,approved,,6
CPT104939,,dropped_in_docs,DL,0
CPT114921,2026-05-31 23:44:50.763726950,approved,,6
CPT117620,,dropped_in_docs,FITNESS,4
CPT106089,,dropped_in_docs,DL,0
CPT110653,,dropped_in_docs,RC,1
CPT108328,2026-05-30 03:25:04.877241252,approved,,5
CPT108768,,dropped_in_docs,DL,0
CPT101634,,dropped_in_docs,RC,1
CPT107579,,dropped_in_docs,INSURANCE,5
CPT107028,,dropped_in_docs,INSURANCE,5
CPT103756,2026-06-02 07:41:51.335900889,approved,,6
CPT117303,,dropped_in_docs,PERMIT,3
CPT113545,,dropped_in_docs,RC,1
CPT104126,,dropped_in_docs,RC,1
CPT105094,,dropped_in_docs,RC,1
CPT104920,,dropped_in_docs,RC,1
CPT122771,,dropped_in_docs,RC,1
CPT121908,,dropped_in_docs,DL,0
CPT124966,,dropped_in_docs,INSURANCE,5
CPT105322,,dropped_in_docs,INSURANCE,5
CPT122250,2026-05-30 01:06:27.160390814,approved,,6
CPT110697,,dropped_in_docs,FITNESS,4
CPT112534,,dropped_in_docs,DL,0
CPT107538,,dropped_in_docs,RC,1
CPT101994,,dropped_in_docs,RC,1
CPT104401,,dropped_in_docs,FITNESS,4
CPT101495,,dropped_in_docs,PERMIT,3
CPT120107,,dropped_in_docs,FITNESS,4
CPT114837,,dropped_in_docs,RC,1
CPT121958,,dropped_in_docs,RC,1
CPT110293,,dropped_in_docs,RC,1
CPT110936,,dropped_in_docs,RC,1
CPT113267,,dropped_in_docs,RC,1
CPT121229,2026-05-31 07:54:42.659755085,approved,,6
CPT120833,,dropped_in_docs,INSURANCE,5
CPT122034,,dropped_in_docs,RC,1
CPT119549,,dropped_in_docs,INSURANCE,5
CPT111882,,dropped_in_docs,PERMIT,3
CPT123707,2026-06-01 15:53:12.681524692,approved,,6
CPT117159,,dropped_in_docs,RC,1
CPT109365,,dropped_in_docs,INSURANCE,5
CPT110242,2026-06-05 05:03:06.410698132,approved,,6
CPT114150,,dropped_in_docs,DL,0
CPT116119,,dropped_in_docs,RC,1
CPT122099,2026-06-02 14:43:29.384497312,approved,,6
CPT119032,,dropped_in_docs,FITNESS,4
CPT104638,2026-06-02 15:37:09.791930048,rejected,doc_authenticity_flag,6
CPT118909,,dropped_in_docs,RC,1
CPT108597,,dropped_in_docs,RC,1
CPT102098,,dropped_in_docs,AADHAAR,2
CPT104584,,dropped_in_docs,FITNESS,4
CPT105497,,dropped_in_docs,PERMIT,3
CPT123769,,dropped_in_docs,DL,0
CPT109598,,dropped_in_docs,FITNESS,4
CPT119035,2026-05-31 00:59:07.243057583,approved,,6
CPT119317,,dropped_in_docs,PERMIT,3
CPT101722,,dropped_in_docs,FITNESS,4
CPT117746,,dropped_in_docs,RC,1
CPT117831,2026-05-31 20:55:58.085129541,approved,,6
CPT106168,,dropped_in_docs,DL,0
CPT107657,2026-06-01 14:46:27.017343727,approved,,5
CPT113969,,dropped_in_docs,DL,0
CPT119900,,dropped_in_docs,FITNESS,4
CPT102431,,dropped_in_docs,RC,1
CPT122769,,dropped_in_docs,AADHAAR,2
CPT120474,,dropped_in_docs,PERMIT,3
CPT114423,2026-06-01 08:05:12.646655307,approved,,5
CPT115619,2026-05-31 04:35:22.413004178,approved,,6
CPT123268,,dropped_in_docs,DL,0
CPT116237,,dropped_in_docs,DL,0
CPT114873,,dropped_in_docs,INSURANCE,5
CPT101834,,dropped_in_docs,RC,1
CPT104928,,dropped_in_docs,DL,0
CPT114865,,dropped_in_docs,FITNESS,4
CPT108693,,dropped_in_docs,RC,1
CPT116679,,dropped_in_docs,PERMIT,3
CPT120260,,dropped_in_docs,RC,1
CPT121502,2026-06-02 04:55:43.737710254,approved,,6
CPT114434,,dropped_in_docs,FITNESS,4
CPT120525,2026-05-31 22:59:05.243269331,approved,,6
CPT104839,,dropped_in_docs,RC,1
CPT121870,,dropped_in_docs,PERMIT,3
CPT102290,,dropped_in_docs,RC,1
CPT118601,2026-06-02 06:54:27.917578014,approved,,5
CPT111154,2026-06-03 07:30:08.294610227,approved,,6
CPT105676,2026-06-03 09:54:29.126949048,approved,,6
CPT102802,,dropped_in_docs,RC,1
CPT108855,,dropped_in_docs,FITNESS,4
CPT111458,2026-05-31 21:53:36.823999985,approved,,5
CPT115245,,dropped_in_docs,FITNESS,4
CPT103041,2026-06-03 08:14:45.500762482,rejected,duplicate_captain,6
CPT109251,,dropped_in_docs,AADHAAR,2
CPT114101,,dropped_in_docs,PERMIT,3
CPT110963,,dropped_in_docs,RC,1
CPT111128,,dropped_in_docs,PERMIT,3
CPT121948,,dropped_in_docs,RC,1
CPT123928,2026-06-03 09:01:14.307255421,approved,,6
CPT121207,2026-06-01 19:23:07.666040916,approved,,6
CPT112107,,dropped_in_docs,FITNESS,4
CPT106707,,dropped_in_docs,AADHAAR,2
CPT122333,,dropped_in_docs,PERMIT,3
CPT112709,2026-05-30 17:03:27.925422509,approved,,5
CPT116426,,dropped_in_docs,FITNESS,4
CPT112942,2026-06-02 06:27:27.694997348,approved,,6
CPT101662,,dropped_in_docs,DL,0
CPT100298,,dropped_in_docs,RC,1
CPT101847,,dropped_in_docs,AADHAAR,2
CPT110698,,dropped_in_docs,DL,0
CPT122602,,dropped_in_docs,RC,1
CPT122913,,dropped_in_docs,DL,0
CPT111367,2026-06-05 23:56:05.287490232,approved,,6
CPT118247,,dropped_in_docs,DL,0
CPT113017,,dropped_in_docs,DL,0
CPT114121,,dropped_in_docs,PERMIT,3
CPT101680,,dropped_in_docs,INSURANCE,5
CPT111083,,dropped_in_docs,RC,1
CPT124383,,dropped_in_docs,PERMIT,3
CPT105885,,dropped_in_docs,RC,1
CPT101103,2026-06-02 18:22:16.021615837,approved,,6
CPT118042,,dropped_in_docs,AADHAAR,2
CPT106303,,dropped_in_docs,FITNESS,4
CPT111753,,dropped_in_docs,INSURANCE,5
CPT106779,2026-06-01 09:05:02.930448814,approved,,6
CPT117801,,dropped_in_docs,FITNESS,4
CPT101712,,dropped_in_docs,INSURANCE,5
CPT117351,2026-06-04 07:41:01.052585667,approved,,6
CPT119702,,dropped_in_docs,FITNESS,4
CPT106704,,dropped_in_docs,RC,1
CPT119790,,dropped_in_docs,RC,1
CPT121653,,dropped_in_docs,FITNESS,4
CPT100746,,dropped_in_docs,AADHAAR,2
CPT109833,,dropped_in_docs,DL,0
CPT113245,2026-06-04 09:46:23.098235672,approved,,6
CPT121402,,dropped_in_docs,FITNESS,4
CPT109519,,dropped_in_docs,PERMIT,3
CPT117759,,dropped_in_docs,INSURANCE,5
CPT124602,,dropped_in_docs,RC,1
CPT111887,,dropped_in_docs,RC,1
CPT102472,2026-06-01 23:47:53.621625335,approved,,6
CPT104353,,dropped_in_docs,AADHAAR,2
CPT109043,,dropped_in_docs,RC,1
CPT109886,,dropped_in_docs,DL,0
CPT112990,,dropped_in_docs,PERMIT,3
CPT115521,,dropped_in_docs,PERMIT,3
CPT102011,,dropped_in_docs,PERMIT,3
CPT111891,,dropped_in_docs,RC,1
CPT118214,,dropped_in_docs,RC,1
CPT121676,,dropped_in_docs,DL,0
CPT117153,,dropped_in_docs,RC,1
CPT111566,,dropped_in_docs,DL,0
CPT116211,,dropped_in_docs,PERMIT,3
CPT109187,,dropped_in_docs,INSURANCE,5
CPT112337,,dropped_in_docs,PERMIT,3
CPT120629,,dropped_in_docs,RC,1
CPT102852,,dropped_in_docs,INSURANCE,5
CPT115583,,dropped_in_docs,DL,0
CPT121557,,dropped_in_docs,DL,0
CPT117427,,dropped_in_docs,RC,1
CPT121714,,dropped_in_docs,DL,0
CPT121407,,dropped_in_docs,PERMIT,3
CPT121724,,dropped_in_docs,PERMIT,3
CPT117735,,dropped_in_docs,PERMIT,3
CPT109789,,dropped_in_docs,RC,1
CPT117882,,dropped_in_docs,PERMIT,3
CPT103649,,dropped_in_docs,RC,1
CPT101066,,dropped_in_docs,RC,1
CPT107872,,dropped_in_docs,RC,1
CPT110083,,dropped_in_docs,PERMIT,3
CPT107735,2026-06-01 14:35:55.782408639,approved,,6
CPT107341,,dropped_in_docs,PERMIT,3
CPT120102,,dropped_in_docs,DL,0
CPT124197,,dropped_in_docs,RC,1
CPT116311,,dropped_in_docs,AADHAAR,2
CPT113018,2026-06-02 01:11:34.530843429,approved,,6
CPT114829,,dropped_in_docs,DL,0
CPT106507,,dropped_in_docs,RC,1
CPT106853,,dropped_in_docs,RC,1
CPT109673,,dropped_in_docs,INSURANCE,5
CPT102345,,dropped_in_docs,RC,1
CPT102631,,dropped_in_docs,RC,1
CPT106821,,dropped_in_docs,FITNESS,4
CPT110373,,dropped_in_docs,FITNESS,4
CPT120443,,dropped_in_docs,PERMIT,3
CPT122835,,dropped_in_docs,RC,1
CPT119005,,dropped_in_docs,DL,0
CPT109572,,dropped_in_docs,PERMIT,3
CPT107812,,dropped_in_docs,INSURANCE,5
CPT121278,,dropped_in_docs,RC,1
CPT115394,,dropped_in_docs,FITNESS,4
CPT121011,,dropped_in_docs,DL,0
CPT107557,,dropped_in_docs,RC,1
CPT108154,,dropped_in_docs,INSURANCE,5
CPT121818,2026-06-03 17:00:50.132259921,approved,,6
CPT110627,2026-05-30 19:06:35.895978596,approved,,6
CPT124673,,dropped_in_docs,RC,1
CPT106639,,dropped_in_docs,PERMIT,3
CPT122502,,dropped_in_docs,RC,1
CPT113413,,dropped_in_docs,INSURANCE,5
CPT105559,,dropped_in_docs,FITNESS,4
CPT108467,,dropped_in_docs,RC,1
CPT107058,,dropped_in_docs,RC,1
CPT101473,,dropped_in_docs,PERMIT,3
CPT117753,,dropped_in_docs,PERMIT,3
CPT111431,,dropped_in_docs,PERMIT,3
CPT123576,,dropped_in_docs,PERMIT,3
CPT122277,,dropped_in_docs,FITNESS,4
CPT110113,,dropped_in_docs,FITNESS,4
CPT111520,,dropped_in_docs,PERMIT,3
CPT113123,,dropped_in_docs,PERMIT,3
CPT120027,,dropped_in_docs,RC,1
CPT106950,,dropped_in_docs,PERMIT,3
CPT108388,,dropped_in_docs,AADHAAR,2
CPT105139,,dropped_in_docs,RC,1
CPT116596,,dropped_in_docs,DL,0
CPT110909,,dropped_in_docs,RC,1
CPT108387,,dropped_in_docs,RC,1
CPT110721,2026-06-04 03:30:34.466858780,rejected,background_check_failed,6
CPT103038,,dropped_in_docs,RC,1
CPT108691,,dropped_in_docs,RC,1
CPT111057,2026-06-02 04:56:52.988208259,approved,,6
CPT116074,,dropped_in_docs,RC,1
CPT114893,2026-06-02 13:11:51.945257723,approved,,5
CPT122622,,dropped_in_docs,PERMIT,3
CPT112389,,dropped_in_docs,PERMIT,3
CPT122915,,dropped_in_docs,DL,0
CPT112538,,dropped_in_docs,PERMIT,3
CPT117231,,dropped_in_docs,PERMIT,3
CPT116458,2026-06-01 05:33:30.150377102,approved,,6
CPT104129,,dropped_in_docs,RC,1
CPT117879,,dropped_in_docs,RC,1
CPT122070,,dropped_in_docs,PERMIT,3
CPT113092,,dropped_in_docs,PERMIT,3
CPT120764,,dropped_in_docs,FITNESS,4
CPT122180,,dropped_in_docs,RC,1
CPT117779,,dropped_in_docs,INSURANCE,5
CPT122269,,dropped_in_docs,RC,1
CPT123790,,dropped_in_docs,DL,0
CPT119401,,dropped_in_docs,AADHAAR,2
CPT118110,2026-06-03 18:31:01.826553051,approved,,6
CPT121767,,dropped_in_docs,PERMIT,3
CPT108309,2026-06-02 00:44:50.678894130,approved,,6
CPT119075,,dropped_in_docs,DL,0
CPT123372,,dropped_in_docs,RC,1
CPT110541,2026-06-02 21:20:12.312552967,approved,,6
CPT121823,,dropped_in_docs,PERMIT,3
CPT105872,,dropped_in_docs,AADHAAR,2
CPT112175,,dropped_in_docs,PERMIT,3
CPT124011,,dropped_in_docs,DL,0
CPT100467,,dropped_in_docs,FITNESS,4
CPT107155,,dropped_in_docs,PERMIT,3
CPT106669,,dropped_in_docs,DL,0
CPT107618,2026-06-02 20:53:54.522064398,approved,,6
CPT112952,,dropped_in_docs,RC,1
CPT118611,,dropped_in_docs,AADHAAR,2
CPT102039,,dropped_in_docs,RC,1
CPT101125,,dropped_in_docs,PERMIT,3
CPT108485,,dropped_in_docs,FITNESS,4
CPT112506,,dropped_in_docs,FITNESS,4
CPT117973,,dropped_in_docs,FITNESS,4
CPT105546,,dropped_in_docs,RC,1
CPT105451,,dropped_in_docs,FITNESS,4
CPT116602,2026-05-31 15:53:31.936743907,approved,,6
CPT120294,,dropped_in_docs,DL,0
CPT102413,,dropped_in_docs,FITNESS,4
CPT114557,,dropped_in_docs,FITNESS,4
CPT116310,,dropped_in_docs,RC,1
CPT123874,,dropped_in_docs,INSURANCE,5
CPT122549,,dropped_in_docs,DL,0
CPT112427,2026-06-01 10:35:23.164994826,approved,,6
CPT106040,,dropped_in_docs,PERMIT,3
CPT104632,,dropped_in_docs,RC,1
CPT104391,2026-06-04 10:46:42.587800065,approved,,6
CPT116261,,dropped_in_docs,INSURANCE,5
CPT111143,,dropped_in_docs,RC,1
CPT117462,,dropped_in_docs,FITNESS,4
CPT112978,,dropped_in_docs,AADHAAR,2
CPT112723,2026-06-04 05:12:32.611755028,approved,,5
CPT113075,,dropped_in_docs,PERMIT,3
CPT112173,,dropped_in_docs,RC,1
CPT103631,,dropped_in_docs,FITNESS,4
CPT114011,,dropped_in_docs,RC,1
CPT116658,,dropped_in_docs,RC,1
CPT101874,,dropped_in_docs,PERMIT,3
CPT119948,,dropped_in_docs,AADHAAR,2
CPT116637,,dropped_in_docs,DL,0
CPT120897,,dropped_in_docs,RC,1
CPT121778,,dropped_in_docs,RC,1
CPT100804,,dropped_in_docs,RC,1
CPT112675,,dropped_in_docs,INSURANCE,5
CPT103564,2026-06-01 06:43:46.251946771,approved,,5
CPT114368,,dropped_in_docs,RC,1
CPT119460,,dropped_in_docs,INSURANCE,5
CPT111438,,dropped_in_docs,PERMIT,3
CPT109348,,dropped_in_docs,RC,1
CPT105977,2026-05-31 22:04:32.946045132,approved,,5
CPT107766,,dropped_in_docs,RC,1
CPT112124,,dropped_in_docs,RC,1
CPT112853,,dropped_in_docs,INSURANCE,5
CPT107040,,dropped_in_docs,INSURANCE,5
CPT114306,,dropped_in_docs,AADHAAR,2
CPT122184,,dropped_in_docs,FITNESS,4
CPT105590,,dropped_in_docs,DL,0
CPT110314,,dropped_in_docs,INSURANCE,5
CPT112239,,dropped_in_docs,PERMIT,3
CPT110817,2026-06-02 18:47:09.695449608,approved,,5
CPT114952,,dropped_in_docs,FITNESS,4
CPT111219,,dropped_in_docs,RC,1
CPT103391,,dropped_in_docs,DL,0
CPT120085,,dropped_in_docs,INSURANCE,5
CPT121769,2026-06-05 07:01:28.959440149,rejected,doc_authenticity_flag,6
CPT112315,,dropped_in_docs,FITNESS,4
CPT104358,,dropped_in_docs,RC,1
CPT121162,,dropped_in_docs,AADHAAR,2
CPT120300,,dropped_in_docs,FITNESS,4
CPT113358,,dropped_in_docs,AADHAAR,2
CPT113599,,dropped_in_docs,FITNESS,4
CPT102891,,dropped_in_docs,RC,1
CPT102050,,dropped_in_docs,RC,1
CPT112068,,dropped_in_docs,AADHAAR,2
CPT124646,,dropped_in_docs,INSURANCE,5
CPT112105,,dropped_in_docs,AADHAAR,2
CPT112288,,dropped_in_docs,DL,0
CPT121091,,dropped_in_docs,INSURANCE,5
CPT107969,,dropped_in_docs,FITNESS,4
CPT107963,,dropped_in_docs,DL,0
CPT109898,,dropped_in_docs,INSURANCE,5
CPT121636,,dropped_in_docs,RC,1
CPT118814,2026-06-04 02:03:10.391488446,approved,,5
CPT114064,,dropped_in_docs,FITNESS,4
CPT107348,,dropped_in_docs,DL,0
CPT115079,,dropped_in_docs,FITNESS,4
CPT105117,,dropped_in_docs,DL,0
CPT116783,,dropped_in_docs,RC,1
CPT119285,,dropped_in_docs,PERMIT,3
CPT113881,,dropped_in_docs,FITNESS,4
CPT108858,,dropped_in_docs,PERMIT,3
CPT111890,2026-06-05 00:53:05.429323419,approved,,5
CPT110389,,dropped_in_docs,PERMIT,3
CPT102238,,dropped_in_docs,RC,1
CPT109970,,dropped_in_docs,PERMIT,3
CPT100615,,dropped_in_docs,DL,0
CPT114905,,dropped_in_docs,FITNESS,4
CPT117539,,dropped_in_docs,RC,1
CPT110701,,dropped_in_docs,INSURANCE,5
CPT112796,,dropped_in_docs,PERMIT,3
CPT122558,,dropped_in_docs,PERMIT,3
CPT109104,,dropped_in_docs,INSURANCE,5
CPT117222,,dropped_in_docs,FITNESS,4
CPT110015,,dropped_in_docs,RC,1
CPT111601,,dropped_in_docs,PERMIT,3
CPT101982,,dropped_in_docs,PERMIT,3
CPT100912,,dropped_in_docs,INSURANCE,5
CPT110511,,dropped_in_docs,RC,1
CPT104982,,dropped_in_docs,RC,1
CPT101171,2026-06-06 18:03:56.967137797,approved,,6
CPT116185,,dropped_in_docs,AADHAAR,2
CPT102731,,dropped_in_docs,RC,1
CPT109989,,dropped_in_docs,DL,0
CPT112316,2026-06-01 06:01:28.532192052,approved,,6
CPT103834,,dropped_in_docs,RC,1
CPT119056,2026-06-04 12:31:02.600320391,rejected,doc_authenticity_flag,6
CPT123145,,dropped_in_docs,PERMIT,3
CPT120287,,dropped_in_docs,PERMIT,3
CPT107918,,dropped_in_docs,RC,1
CPT103912,,dropped_in_docs,RC,1
CPT103544,2026-06-01 03:01:59.615861034,approved,,5
CPT113381,,dropped_in_docs,INSURANCE,5
CPT112945,2026-06-04 10:29:33.601954290,approved,,6
CPT123082,,dropped_in_docs,INSURANCE,5
CPT116999,,dropped_in_docs,AADHAAR,2
CPT123210,,dropped_in_docs,FITNESS,4
CPT114607,,dropped_in_docs,FITNESS,4
CPT102440,,dropped_in_docs,RC,1
CPT122044,,dropped_in_docs,DL,0
CPT118821,,dropped_in_docs,PERMIT,3
CPT118898,,dropped_in_docs,PERMIT,3
CPT121712,,dropped_in_docs,PERMIT,3
CPT119594,,dropped_in_docs,RC,1
CPT109537,,dropped_in_docs,FITNESS,4
CPT122823,2026-06-04 16:30:53.745007267,rejected,vehicle_age_policy,6
CPT100122,2026-06-02 01:02:44.484873485,approved,,6
CPT103355,,dropped_in_docs,FITNESS,4
CPT115352,2026-06-01 21:11:49.156890387,approved,,6
CPT117666,,dropped_in_docs,PERMIT,3
CPT109266,,dropped_in_docs,PERMIT,3
CPT120184,,dropped_in_docs,PERMIT,3
CPT116416,2026-06-04 13:41:42.510067154,approved,,6
CPT104394,,dropped_in_docs,RC,1
CPT111764,,dropped_in_docs,FITNESS,4
CPT100565,,dropped_in_docs,FITNESS,4
CPT122332,,dropped_in_docs,FITNESS,4
CPT110663,,dropped_in_docs,PERMIT,3
CPT118743,,dropped_in_docs,DL,0
CPT100895,,dropped_in_docs,DL,0
CPT112174,,dropped_in_docs,INSURANCE,5
CPT111803,2026-06-01 16:58:58.834654275,approved,,5
CPT111889,,dropped_in_docs,RC,1
CPT124002,,dropped_in_docs,INSURANCE,5
CPT101527,,dropped_in_docs,DL,0
CPT113651,2026-06-04 14:52:14.646148735,approved,,5
CPT119865,,dropped_in_docs,RC,1
CPT105097,2026-06-02 18:14:33.102497215,approved,,6
CPT118793,,dropped_in_docs,RC,1
CPT120695,,dropped_in_docs,FITNESS,4
CPT106081,,dropped_in_docs,RC,1
CPT109658,,dropped_in_docs,DL,0
CPT119046,,dropped_in_docs,INSURANCE,5
CPT123253,,dropped_in_docs,FITNESS,4
CPT120324,2026-06-05 19:14:51.693546076,approved,,6
CPT115818,,dropped_in_docs,RC,1
CPT104204,,dropped_in_docs,INSURANCE,5
CPT105462,,dropped_in_docs,FITNESS,4
CPT110548,,dropped_in_docs,RC,1
CPT101365,,dropped_in_docs,RC,1
CPT122657,,dropped_in_docs,AADHAAR,2
CPT112386,,dropped_in_docs,INSURANCE,5
CPT110676,,dropped_in_docs,DL,0
CPT101297,,dropped_in_docs,AADHAAR,2
CPT110469,,dropped_in_docs,FITNESS,4
CPT115602,2026-06-05 10:33:33.994700253,approved,,6
CPT121124,,dropped_in_docs,PERMIT,3
CPT124723,,dropped_in_docs,RC,1
CPT108191,,dropped_in_docs,INSURANCE,5
CPT117497,,dropped_in_docs,PERMIT,3
CPT103347,,dropped_in_docs,INSURANCE,5
CPT108359,,dropped_in_docs,AADHAAR,2
CPT123025,2026-06-05 09:32:50.523955847,approved,,6
CPT119374,,dropped_in_docs,DL,0
CPT116117,,dropped_in_docs,RC,1
CPT101307,,dropped_in_docs,PERMIT,3
CPT107726,,dropped_in_docs,AADHAAR,2
CPT115600,,dropped_in_docs,AADHAAR,2
CPT107175,,dropped_in_docs,PERMIT,3
CPT121567,2026-06-02 21:53:33.769094241,approved,,6
CPT110303,2026-06-03 11:37:37.564995887,approved,,6
CPT110148,2026-06-03 03:45:23.873574342,approved,,6
CPT119014,,dropped_in_docs,AADHAAR,2
CPT122035,,dropped_in_docs,RC,1
CPT118206,2026-06-03 16:33:50.006790074,approved,,5
CPT123175,,dropped_in_docs,DL,0
CPT112471,,dropped_in_docs,INSURANCE,5
CPT114044,,dropped_in_docs,AADHAAR,2
CPT107731,2026-06-02 06:42:19.705967947,approved,,5
CPT109511,,dropped_in_docs,FITNESS,4
CPT107340,,dropped_in_docs,FITNESS,4
CPT115884,2026-06-07 06:26:44.249235992,approved,,6
CPT115895,,dropped_in_docs,DL,0
CPT123245,,dropped_in_docs,RC,1
CPT112791,,dropped_in_docs,INSURANCE,5
CPT122621,2026-06-03 18:28:03.400286114,approved,,6
CPT112823,,dropped_in_docs,INSURANCE,5
CPT120190,2026-06-04 03:56:34.383618240,approved,,6
CPT102369,,dropped_in_docs,DL,0
CPT116464,,dropped_in_docs,RC,1
CPT105460,,dropped_in_docs,RC,1
CPT116084,,dropped_in_docs,FITNESS,4
CPT106487,,dropped_in_docs,INSURANCE,5
CPT111733,,dropped_in_docs,INSURANCE,5
CPT115063,,dropped_in_docs,RC,1
CPT114831,,dropped_in_docs,FITNESS,4
CPT121593,,dropped_in_docs,DL,0
CPT108116,,dropped_in_docs,PERMIT,3
CPT114647,,dropped_in_docs,FITNESS,4
CPT114029,,dropped_in_docs,PERMIT,3
CPT110673,,dropped_in_docs,INSURANCE,5
CPT104324,,dropped_in_docs,FITNESS,4
CPT119844,2026-06-02 18:23:53.620714421,rejected,background_check_failed,5
CPT119267,,dropped_in_docs,FITNESS,4
CPT118845,,dropped_in_docs,DL,0
CPT123413,,dropped_in_docs,RC,1
CPT117312,,dropped_in_docs,DL,0
CPT104780,2026-06-01 15:06:49.210444431,rejected,doc_authenticity_flag,6
CPT107131,,dropped_in_docs,INSURANCE,5
CPT114022,,dropped_in_docs,RC,1
CPT114588,,dropped_in_docs,DL,0
CPT122459,,dropped_in_docs,RC,1
CPT105178,2026-06-03 05:11:29.321351671,approved,,6
CPT108713,,dropped_in_docs,RC,1
CPT113451,2026-06-02 23:23:52.217337633,approved,,6
CPT124111,2026-06-01 15:04:02.377058146,approved,,5
CPT112918,2026-06-06 17:52:23.330329469,approved,,6
CPT124891,,dropped_in_docs,FITNESS,4
CPT121578,,dropped_in_docs,AADHAAR,2
CPT118366,,dropped_in_docs,PERMIT,3
CPT118836,,dropped_in_docs,AADHAAR,2
CPT105442,2026-06-09 16:19:18.207729059,approved,,6
CPT110961,,dropped_in_docs,PERMIT,3
CPT103379,,dropped_in_docs,RC,1
CPT115533,,dropped_in_docs,DL,0
CPT120870,,dropped_in_docs,RC,1
CPT117969,,dropped_in_docs,RC,1
CPT106042,,dropped_in_docs,DL,0
CPT111244,,dropped_in_docs,INSURANCE,5
CPT124930,,dropped_in_docs,RC,1
CPT122694,,dropped_in_docs,RC,1
CPT100367,,dropped_in_docs,DL,0
CPT103592,,dropped_in_docs,RC,1
CPT108541,,dropped_in_docs,PERMIT,3
CPT100017,2026-06-02 21:13:53.836160556,approved,,6
CPT106746,,dropped_in_docs,PERMIT,3
CPT115125,,dropped_in_docs,DL,0
CPT124536,,dropped_in_docs,RC,1
CPT124668,2026-06-05 20:41:53.035878229,approved,,6
CPT103192,,dropped_in_docs,RC,1
CPT105140,,dropped_in_docs,AADHAAR,2
CPT117891,,dropped_in_docs,DL,0
CPT117925,,dropped_in_docs,RC,1
CPT122519,,dropped_in_docs,PERMIT,3
CPT122720,,dropped_in_docs,RC,1
CPT107050,2026-06-04 11:31:02.000832010,approved,,6
CPT120178,,dropped_in_docs,RC,1
CPT106656,2026-06-04 10:26:26.278567601,approved,,6
CPT109604,,dropped_in_docs,PERMIT,3
CPT111390,,dropped_in_docs,RC,1
CPT114151,,dropped_in_docs,INSURANCE,5
CPT107514,,dropped_in_docs,DL,0
CPT118771,2026-06-03 21:16:36.184036235,rejected,background_check_failed,6
CPT109475,,dropped_in_docs,RC,1
CPT112600,,dropped_in_docs,PERMIT,3
CPT107956,,dropped_in_docs,DL,0
CPT108214,2026-06-05 05:56:14.057126461,approved,,6
CPT118165,,dropped_in_docs,RC,1
CPT101616,,dropped_in_docs,FITNESS,4
CPT105243,2026-06-02 10:10:30.296146801,approved,,5
CPT111776,,dropped_in_docs,DL,0
CPT109391,,dropped_in_docs,INSURANCE,5
CPT121515,,dropped_in_docs,RC,1
CPT117056,,dropped_in_docs,PERMIT,3
CPT118420,2026-06-03 06:48:09.298114080,rejected,doc_authenticity_flag,5
CPT116245,2026-06-04 21:28:40.083110909,approved,,5
CPT107477,,dropped_in_docs,FITNESS,4
CPT116349,,dropped_in_docs,DL,0
CPT119489,,dropped_in_docs,RC,1
CPT119927,,dropped_in_docs,FITNESS,4
CPT115683,,dropped_in_docs,PERMIT,3
CPT120868,,dropped_in_docs,RC,1
CPT105803,,dropped_in_docs,DL,0
CPT106116,,dropped_in_docs,RC,1
CPT117204,,dropped_in_docs,RC,1
CPT118852,2026-06-04 21:26:42.852623476,approved,,5
CPT119805,,dropped_in_docs,DL,0
CPT113439,,dropped_in_docs,INSURANCE,5
CPT101402,,dropped_in_docs,DL,0
CPT116357,,dropped_in_docs,FITNESS,4
CPT118774,,dropped_in_docs,INSURANCE,5
CPT112186,,dropped_in_docs,FITNESS,4
CPT112064,,dropped_in_docs,PERMIT,3
CPT118645,,dropped_in_docs,RC,1
CPT110513,2026-06-05 07:46:13.788320415,approved,,6
CPT116413,,dropped_in_docs,RC,1
CPT120553,2026-06-05 10:11:50.307066601,approved,,6
CPT120647,,dropped_in_docs,DL,0
CPT113687,,dropped_in_docs,RC,1
CPT102864,,dropped_in_docs,DL,0
CPT122119,,dropped_in_docs,FITNESS,4
CPT113849,,dropped_in_docs,AADHAAR,2
CPT100703,,dropped_in_docs,DL,0
CPT100206,,dropped_in_docs,INSURANCE,5
CPT120700,,dropped_in_docs,DL,0
CPT119651,2026-06-03 16:29:32.339845213,approved,,6
CPT118896,,dropped_in_docs,RC,1
CPT102448,,dropped_in_docs,RC,1
CPT107598,,dropped_in_docs,INSURANCE,5
CPT106764,2026-06-04 06:33:27.935415291,approved,,6
CPT101769,2026-06-05 14:11:27.162569397,approved,,6
CPT119609,,dropped_in_docs,AADHAAR,2
CPT108937,,dropped_in_docs,RC,1
CPT105218,,dropped_in_docs,INSURANCE,5
CPT115824,,dropped_in_docs,RC,1
CPT115419,,dropped_in_docs,INSURANCE,5
CPT103072,,dropped_in_docs,RC,1
CPT109650,,dropped_in_docs,PERMIT,3
CPT116383,,dropped_in_docs,INSURANCE,5
CPT124010,,dropped_in_docs,FITNESS,4
CPT116995,,dropped_in_docs,PERMIT,3
CPT118842,2026-06-04 21:52:45.207570925,approved,,6
CPT100217,,dropped_in_docs,PERMIT,3
CPT111480,,dropped_in_docs,RC,1
CPT105696,2026-06-04 05:05:48.536468842,approved,,6
CPT107571,,dropped_in_docs,PERMIT,3
CPT107819,2026-06-05 10:01:21.895311583,approved,,5
CPT100292,,dropped_in_docs,FITNESS,4
CPT121715,2026-06-03 08:56:37.028322717,approved,,6
CPT110987,,dropped_in_docs,PERMIT,3
CPT115898,,dropped_in_docs,DL,0
CPT108260,,dropped_in_docs,AADHAAR,2
CPT109723,,dropped_in_docs,RC,1
CPT103207,,dropped_in_docs,DL,0
CPT104116,,dropped_in_docs,RC,1
CPT124149,2026-06-04 21:24:17.856093939,approved,,6
CPT106827,,dropped_in_docs,FITNESS,4
CPT102013,,dropped_in_docs,AADHAAR,2
CPT114926,2026-06-03 16:50:56.292996352,approved,,6
CPT118306,,dropped_in_docs,DL,0
CPT119183,2026-06-06 00:15:39.327786056,approved,,6
CPT122142,2026-06-05 10:08:46.355392492,approved,,6
CPT102163,,dropped_in_docs,AADHAAR,2
CPT118722,,dropped_in_docs,DL,0
CPT108648,,dropped_in_docs,RC,1
CPT114756,,dropped_in_docs,DL,0
CPT120745,2026-06-06 01:33:51.311026435,approved,,6
CPT100825,2026-06-07 14:35:43.837021323,approved,,6
CPT123773,,dropped_in_docs,RC,1
CPT111385,,dropped_in_docs,FITNESS,4
CPT100214,,dropped_in_docs,FITNESS,4
CPT100409,,dropped_in_docs,AADHAAR,2
CPT110161,,dropped_in_docs,INSURANCE,5
CPT103378,,dropped_in_docs,DL,0
CPT101009,,dropped_in_docs,RC,1
CPT112456,,dropped_in_docs,INSURANCE,5
CPT101976,,dropped_in_docs,PERMIT,3
CPT122728,2026-06-01 16:11:20.335748125,approved,,6
CPT101564,,dropped_in_docs,FITNESS,4
CPT101435,,dropped_in_docs,AADHAAR,2
CPT110187,,dropped_in_docs,RC,1
CPT105345,,dropped_in_docs,FITNESS,4
CPT105539,,dropped_in_docs,INSURANCE,5
CPT100181,,dropped_in_docs,AADHAAR,2
CPT119678,,dropped_in_docs,DL,0
CPT104609,,dropped_in_docs,FITNESS,4
CPT116232,,dropped_in_docs,RC,1
CPT122420,,dropped_in_docs,PERMIT,3
CPT120665,,dropped_in_docs,DL,0
CPT114164,,dropped_in_docs,AADHAAR,2
CPT112244,,dropped_in_docs,FITNESS,4
CPT104431,2026-06-05 14:51:42.835531669,approved,,6
CPT101185,,dropped_in_docs,RC,1
CPT117236,,dropped_in_docs,INSURANCE,5
CPT116011,,dropped_in_docs,AADHAAR,2
CPT120049,,dropped_in_docs,INSURANCE,5
CPT120449,,dropped_in_docs,RC,1
CPT119757,,dropped_in_docs,FITNESS,4
CPT111477,,dropped_in_docs,AADHAAR,2
CPT108721,,dropped_in_docs,RC,1
CPT111862,,dropped_in_docs,RC,1
CPT101479,,dropped_in_docs,PERMIT,3
CPT119574,,dropped_in_docs,DL,0
CPT115215,2026-06-03 14:41:31.300726427,approved,,6
CPT122697,,dropped_in_docs,RC,1
CPT119110,2026-06-03 11:01:52.400220304,approved,,6
CPT112237,2026-06-04 22:41:16.559989676,rejected,vehicle_age_policy,6
CPT122052,,dropped_in_docs,RC,1
CPT111686,,dropped_in_docs,AADHAAR,2
CPT115673,,dropped_in_docs,RC,1
CPT118818,,dropped_in_docs,RC,1
CPT114833,2026-06-04 05:47:42.156859121,approved,,6
CPT101390,2026-06-04 07:50:23.986257814,approved,,6
CPT115300,,dropped_in_docs,DL,0
CPT118370,,dropped_in_docs,PERMIT,3
CPT105920,,dropped_in_docs,PERMIT,3
CPT121266,,dropped_in_docs,FITNESS,4
CPT103126,,dropped_in_docs,DL,0
CPT120046,,dropped_in_docs,RC,1
CPT114920,,dropped_in_docs,DL,0
CPT105142,,dropped_in_docs,RC,1
CPT123925,2026-06-02 21:15:49.263404901,approved,,6
CPT111938,,dropped_in_docs,INSURANCE,5
CPT120062,,dropped_in_docs,RC,1
CPT110181,,dropped_in_docs,PERMIT,3
CPT101956,,dropped_in_docs,FITNESS,4
CPT110364,,dropped_in_docs,INSURANCE,5
CPT113940,,dropped_in_docs,FITNESS,4
CPT106455,2026-06-04 12:18:07.926749629,approved,,5
CPT109961,,dropped_in_docs,RC,1
CPT123641,2026-06-05 02:32:34.009117114,approved,,6
CPT116728,,dropped_in_docs,AADHAAR,2
CPT100008,2026-06-06 14:29:19.872242993,approved,,6
CPT115476,,dropped_in_docs,INSURANCE,5
CPT107476,,dropped_in_docs,PERMIT,3
CPT100618,2026-06-05 19:17:06.543928847,approved,,6
CPT107919,,dropped_in_docs,DL,0
CPT117813,,dropped_in_docs,DL,0
CPT105036,2026-06-04 18:11:01.203161956,approved,,6
CPT109513,,dropped_in_docs,INSURANCE,5
CPT114979,,dropped_in_docs,RC,1
CPT124806,,dropped_in_docs,RC,1
CPT110523,2026-06-02 06:29:37.649701991,approved,,6
CPT120582,,dropped_in_docs,PERMIT,3
CPT114233,2026-06-03 20:17:34.042715117,approved,,5
CPT123805,,dropped_in_docs,DL,0
CPT113425,,dropped_in_docs,DL,0
CPT116047,,dropped_in_docs,RC,1
CPT117447,,dropped_in_docs,DL,0
CPT121325,,dropped_in_docs,RC,1
CPT109405,,dropped_in_docs,PERMIT,3
CPT115282,,dropped_in_docs,PERMIT,3
CPT116522,,dropped_in_docs,RC,1
CPT104896,2026-06-08 08:17:59.377299754,approved,,5
CPT102478,,dropped_in_docs,INSURANCE,5
CPT108161,,dropped_in_docs,PERMIT,3
CPT118918,,dropped_in_docs,FITNESS,4
CPT105429,,dropped_in_docs,RC,1
CPT117148,,dropped_in_docs,AADHAAR,2
CPT103197,,dropped_in_docs,RC,1
CPT102824,,dropped_in_docs,FITNESS,4
CPT115873,,dropped_in_docs,INSURANCE,5
CPT110809,2026-06-07 15:07:44.396223938,approved,,6
CPT110076,,dropped_in_docs,RC,1
CPT100407,2026-06-04 02:20:29.548795967,approved,,5
CPT112312,,dropped_in_docs,DL,0
CPT107948,,dropped_in_docs,RC,1
CPT118159,,dropped_in_docs,FITNESS,4
CPT103455,,dropped_in_docs,FITNESS,4
CPT108841,,dropped_in_docs,RC,1
CPT100229,,dropped_in_docs,PERMIT,3
CPT122553,,dropped_in_docs,PERMIT,3
CPT121708,,dropped_in_docs,DL,0
CPT118684,2026-06-07 00:23:31.436692421,approved,,6
CPT103198,,dropped_in_docs,PERMIT,3
CPT105290,,dropped_in_docs,RC,1
CPT114466,,dropped_in_docs,RC,1
CPT111447,,dropped_in_docs,RC,1
CPT109334,,dropped_in_docs,PERMIT,3
CPT123767,,dropped_in_docs,FITNESS,4
CPT119409,2026-06-07 11:51:32.185802536,approved,,5
CPT112622,,dropped_in_docs,INSURANCE,5
CPT100996,,dropped_in_docs,AADHAAR,2
CPT111607,2026-06-07 20:08:35.700454851,approved,,6
CPT103624,,dropped_in_docs,RC,1
CPT103423,,dropped_in_docs,RC,1
CPT123081,,dropped_in_docs,RC,1
CPT124209,,dropped_in_docs,RC,1
CPT100984,2026-06-03 07:12:11.167156621,approved,,5
CPT117584,,dropped_in_docs,FITNESS,4
CPT117912,,dropped_in_docs,FITNESS,4
CPT112562,,dropped_in_docs,RC,1
CPT100151,,dropped_in_docs,RC,1
CPT103897,,dropped_in_docs,RC,1
CPT107760,,dropped_in_docs,DL,0
CPT121320,,dropped_in_docs,INSURANCE,5
CPT116943,,dropped_in_docs,PERMIT,3
CPT114127,,dropped_in_docs,INSURANCE,5
CPT111150,,dropped_in_docs,AADHAAR,2
CPT113275,2026-06-07 08:12:03.620356708,approved,,6
CPT100977,,dropped_in_docs,RC,1
CPT121540,2026-06-06 17:41:50.636255176,approved,,6
CPT123778,,dropped_in_docs,FITNESS,4
CPT106199,,dropped_in_docs,RC,1
CPT108024,,dropped_in_docs,RC,1
CPT111487,,dropped_in_docs,RC,1
CPT110208,2026-06-06 18:31:49.690714898,approved,,6
CPT124018,,dropped_in_docs,PERMIT,3
CPT116030,,dropped_in_docs,PERMIT,3
CPT122630,2026-06-06 15:06:20.779133493,approved,,6
CPT109484,,dropped_in_docs,RC,1
CPT118261,,dropped_in_docs,RC,1
CPT110057,,dropped_in_docs,RC,1
CPT112919,,dropped_in_docs,RC,1
CPT115456,,dropped_in_docs,PERMIT,3
CPT118647,2026-06-08 02:15:53.997478684,approved,,6
CPT123731,,dropped_in_docs,RC,1
CPT110266,,dropped_in_docs,INSURANCE,5
CPT116820,2026-06-06 08:24:41.517872878,approved,,5
CPT100675,,dropped_in_docs,INSURANCE,5
CPT102286,2026-06-09 13:33:22.496023030,approved,,6
CPT102522,,dropped_in_docs,DL,0
CPT115098,,dropped_in_docs,AADHAAR,2
CPT115902,,dropped_in_docs,RC,1
CPT117568,,dropped_in_docs,AADHAAR,2
CPT114856,,dropped_in_docs,PERMIT,3
CPT111679,,dropped_in_docs,INSURANCE,5
CPT124623,,dropped_in_docs,PERMIT,3
CPT110518,2026-06-06 11:04:57.618885208,approved,,5
CPT120627,,dropped_in_docs,AADHAAR,2
CPT100449,,dropped_in_docs,FITNESS,4
CPT111663,,dropped_in_docs,RC,1
CPT106430,2026-06-05 20:11:22.708337554,approved,,6
CPT109058,,dropped_in_docs,RC,1
CPT111555,,dropped_in_docs,RC,1
CPT116767,,dropped_in_docs,INSURANCE,5
CPT124512,,dropped_in_docs,INSURANCE,5
CPT112954,,dropped_in_docs,RC,1
CPT115114,,dropped_in_docs,PERMIT,3
CPT117006,2026-06-06 06:49:05.229509163,approved,,6
CPT108897,,dropped_in_docs,RC,1
CPT121919,,dropped_in_docs,DL,0
CPT102716,,dropped_in_docs,PERMIT,3
CPT107866,,dropped_in_docs,PERMIT,3
CPT123263,2026-06-05 04:29:43.312392022,approved,,6
CPT107506,,dropped_in_docs,AADHAAR,2
CPT107776,,dropped_in_docs,AADHAAR,2
CPT113516,2026-06-05 04:13:20.503511728,approved,,5
CPT111681,,dropped_in_docs,INSURANCE,5
CPT102458,,dropped_in_docs,RC,1
CPT114436,,dropped_in_docs,FITNESS,4
CPT112688,,dropped_in_docs,PERMIT,3
CPT115224,,dropped_in_docs,INSURANCE,5
CPT112683,,dropped_in_docs,RC,1
CPT103210,,dropped_in_docs,INSURANCE,5
CPT110425,,dropped_in_docs,AADHAAR,2
CPT123943,2026-06-07 00:41:08.056508962,rejected,background_check_failed,5
CPT116269,2026-06-03 19:33:24.479220627,approved,,5
CPT112400,,dropped_in_docs,RC,1
CPT101048,,dropped_in_docs,RC,1
CPT124151,,dropped_in_docs,RC,1
CPT111792,2026-06-05 19:47:51.971889365,approved,,6
CPT113766,2026-06-06 07:23:45.024056511,approved,,6
CPT115931,,dropped_in_docs,PERMIT,3
CPT101846,,dropped_in_docs,DL,0
CPT115636,,dropped_in_docs,RC,1
CPT103300,2026-06-06 03:09:34.400838462,approved,,6
CPT105681,,dropped_in_docs,AADHAAR,2
CPT103684,2026-06-05 02:16:09.318568965,approved,,5
CPT108848,,dropped_in_docs,PERMIT,3
CPT101511,,dropped_in_docs,RC,1
CPT102449,,dropped_in_docs,PERMIT,3
CPT123676,,dropped_in_docs,DL,0
CPT118778,2026-06-07 07:28:55.366676035,approved,,6
CPT114260,,dropped_in_docs,PERMIT,3
CPT112836,,dropped_in_docs,PERMIT,3
CPT112189,,dropped_in_docs,INSURANCE,5
CPT108507,,dropped_in_docs,RC,1
CPT121800,2026-06-07 17:43:08.826747958,approved,,6
CPT120086,,dropped_in_docs,PERMIT,3
CPT118846,,dropped_in_docs,AADHAAR,2
CPT101823,,dropped_in_docs,PERMIT,3
CPT116133,,dropped_in_docs,RC,1
CPT116449,,dropped_in_docs,RC,1
CPT108894,,dropped_in_docs,FITNESS,4
CPT116748,,dropped_in_docs,DL,0
CPT104171,2026-06-07 23:06:26.106477148,approved,,6
CPT107946,,dropped_in_docs,AADHAAR,2
CPT107384,2026-06-05 12:28:40.279372900,approved,,6
CPT119388,,dropped_in_docs,DL,0
CPT118966,,dropped_in_docs,AADHAAR,2
CPT106990,,dropped_in_docs,RC,1
CPT102499,,dropped_in_docs,RC,1
CPT107036,,dropped_in_docs,RC,1
CPT101550,,dropped_in_docs,INSURANCE,5
CPT124377,,dropped_in_docs,INSURANCE,5
CPT120397,2026-06-06 14:09:49.357771170,approved,,5
CPT104399,,dropped_in_docs,PERMIT,3
CPT112946,,dropped_in_docs,DL,0
CPT124046,,dropped_in_docs,DL,0
CPT102583,,dropped_in_docs,PERMIT,3
CPT100116,2026-06-05 20:37:08.313782142,approved,,5
CPT108243,,dropped_in_docs,FITNESS,4
CPT123693,,dropped_in_docs,INSURANCE,5
CPT104811,,dropped_in_docs,RC,1
CPT106624,,dropped_in_docs,DL,0
CPT110820,,dropped_in_docs,RC,1
CPT101047,,dropped_in_docs,AADHAAR,2
CPT100911,,dropped_in_docs,PERMIT,3
CPT107823,,dropped_in_docs,AADHAAR,2
CPT120312,,dropped_in_docs,INSURANCE,5
CPT107908,,dropped_in_docs,RC,1
CPT106536,,dropped_in_docs,INSURANCE,5
CPT120519,,dropped_in_docs,INSURANCE,5
CPT104962,,dropped_in_docs,FITNESS,4
CPT109310,,dropped_in_docs,INSURANCE,5
CPT100200,,dropped_in_docs,DL,0
CPT106218,,dropped_in_docs,RC,1
CPT120528,,dropped_in_docs,PERMIT,3
CPT107280,,dropped_in_docs,AADHAAR,2
CPT103970,,dropped_in_docs,DL,0
CPT110756,2026-06-05 06:53:47.092100396,approved,,6
CPT120853,,dropped_in_docs,RC,1
CPT124100,,dropped_in_docs,RC,1
CPT107225,2026-06-06 21:37:17.877624995,approved,,6
CPT119793,,dropped_in_docs,FITNESS,4
CPT115708,2026-06-05 04:46:44.825625401,approved,,6
CPT101308,,dropped_in_docs,RC,1
CPT106769,,dropped_in_docs,RC,1
CPT122181,,dropped_in_docs,RC,1
CPT100744,,dropped_in_docs,DL,0
CPT119832,,dropped_in_docs,INSURANCE,5
CPT111409,,dropped_in_docs,FITNESS,4
CPT117714,,dropped_in_docs,INSURANCE,5
CPT114953,,dropped_in_docs,DL,0
CPT120325,2026-06-05 08:48:15.427488205,approved,,5
CPT117471,,dropped_in_docs,INSURANCE,5
CPT103416,,dropped_in_docs,DL,0
CPT120227,,dropped_in_docs,INSURANCE,5
CPT123316,2026-06-05 10:12:09.398691013,approved,,5
CPT116355,,dropped_in_docs,INSURANCE,5
CPT119414,,dropped_in_docs,RC,1
CPT120052,,dropped_in_docs,FITNESS,4
CPT117481,,dropped_in_docs,DL,0
CPT120214,,dropped_in_docs,PERMIT,3
CPT110002,,dropped_in_docs,RC,1
CPT124586,,dropped_in_docs,PERMIT,3
CPT107906,,dropped_in_docs,PERMIT,3
CPT109018,2026-06-06 04:46:17.789396627,approved,,5
CPT104639,,dropped_in_docs,DL,0
CPT107149,2026-06-07 15:16:01.921821337,approved,,6
CPT115367,2026-06-06 22:33:07.901560535,approved,,6
CPT114511,,dropped_in_docs,AADHAAR,2
CPT119335,2026-06-07 04:45:36.934804108,approved,,6
CPT105294,,dropped_in_docs,DL,0
CPT102884,,dropped_in_docs,RC,1
CPT110888,,dropped_in_docs,DL,0
CPT119140,,dropped_in_docs,RC,1
CPT122641,2026-06-04 11:41:02.141216937,approved,,5
CPT123562,,dropped_in_docs,RC,1
CPT112925,,dropped_in_docs,RC,1
CPT102605,,dropped_in_docs,PERMIT,3
CPT111066,,dropped_in_docs,RC,1
CPT121152,2026-06-09 18:34:07.286062974,approved,,6
CPT123120,,dropped_in_docs,DL,0
CPT103616,,dropped_in_docs,INSURANCE,5
CPT114373,,dropped_in_docs,RC,1
CPT109019,,dropped_in_docs,PERMIT,3
CPT123972,,dropped_in_docs,RC,1
CPT118208,,dropped_in_docs,FITNESS,4
CPT104284,,dropped_in_docs,AADHAAR,2
CPT104696,,dropped_in_docs,PERMIT,3
CPT115582,,dropped_in_docs,DL,0
CPT118678,2026-06-08 13:19:48.861396886,approved,,6
CPT123470,2026-06-08 14:00:37.973040371,approved,,6
CPT118363,2026-06-05 22:41:27.912648161,approved,,6
CPT123282,,dropped_in_docs,PERMIT,3
CPT103901,,dropped_in_docs,PERMIT,3
CPT118254,2026-06-07 01:25:28.501328958,approved,,5
CPT110310,,dropped_in_docs,PERMIT,3
CPT122179,,dropped_in_docs,INSURANCE,5
CPT105295,,dropped_in_docs,AADHAAR,2
CPT122045,,dropped_in_docs,FITNESS,4
CPT108242,,dropped_in_docs,RC,1
CPT121940,,dropped_in_docs,DL,0
CPT113470,,dropped_in_docs,RC,1
CPT101820,,dropped_in_docs,RC,1
CPT119410,,dropped_in_docs,PERMIT,3
CPT120136,,dropped_in_docs,AADHAAR,2
CPT114746,,dropped_in_docs,PERMIT,3
CPT111819,,dropped_in_docs,PERMIT,3
CPT118561,,dropped_in_docs,FITNESS,4
CPT103271,,dropped_in_docs,RC,1
CPT113844,,dropped_in_docs,RC,1
CPT112120,2026-06-05 04:33:06.429501163,approved,,6
CPT121335,2026-06-05 01:34:05.307690632,approved,,6
CPT113877,,dropped_in_docs,DL,0
CPT109346,,dropped_in_docs,FITNESS,4
CPT105401,,dropped_in_docs,FITNESS,4
CPT123686,,dropped_in_docs,PERMIT,3
CPT113683,,dropped_in_docs,RC,1
CPT111052,,dropped_in_docs,FITNESS,4
CPT115457,2026-06-10 12:13:10.397357361,approved,,6
CPT113609,,dropped_in_docs,AADHAAR,2
CPT109667,,dropped_in_docs,FITNESS,4
CPT124502,,dropped_in_docs,RC,1
CPT115358,,dropped_in_docs,AADHAAR,2
CPT121342,,dropped_in_docs,PERMIT,3
CPT115836,,dropped_in_docs,RC,1
CPT112140,,dropped_in_docs,FITNESS,4
CPT122251,,dropped_in_docs,AADHAAR,2
CPT122227,,dropped_in_docs,AADHAAR,2
CPT101622,,dropped_in_docs,DL,0
CPT118264,,dropped_in_docs,RC,1
CPT120861,,dropped_in_docs,FITNESS,4
CPT115530,2026-06-09 20:20:11.131147631,rejected,doc_authenticity_flag,5
CPT122533,,dropped_in_docs,INSURANCE,5
CPT109320,,dropped_in_docs,RC,1
CPT111978,2026-06-06 08:03:04.626309181,approved,,6
CPT122443,,dropped_in_docs,FITNESS,4
CPT103617,,dropped_in_docs,RC,1
CPT108126,,dropped_in_docs,FITNESS,4
CPT121544,,dropped_in_docs,PERMIT,3
CPT124890,,dropped_in_docs,RC,1
CPT121789,,dropped_in_docs,DL,0
CPT111670,,dropped_in_docs,FITNESS,4
CPT119228,,dropped_in_docs,AADHAAR,2
CPT119525,2026-06-07 01:58:30.663077229,approved,,6
CPT102562,2026-06-06 21:42:26.413562397,approved,,6
CPT117840,,dropped_in_docs,FITNESS,4
CPT100903,,dropped_in_docs,PERMIT,3
CPT121624,,dropped_in_docs,RC,1
CPT108438,,dropped_in_docs,RC,1
CPT106327,,dropped_in_docs,INSURANCE,5
CPT109004,,dropped_in_docs,RC,1
CPT108193,,dropped_in_docs,DL,0
CPT107250,2026-06-06 16:00:12.013745020,approved,,6
CPT120371,,dropped_in_docs,PERMIT,3
CPT114918,,dropped_in_docs,INSURANCE,5
CPT100570,,dropped_in_docs,PERMIT,3
CPT116168,,dropped_in_docs,RC,1
CPT115324,2026-06-07 19:15:47.620402780,approved,,6
CPT111589,,dropped_in_docs,PERMIT,3
CPT118776,,dropped_in_docs,INSURANCE,5
CPT121754,,dropped_in_docs,INSURANCE,5
CPT105533,,dropped_in_docs,RC,1
CPT110028,,dropped_in_docs,PERMIT,3
CPT114797,,dropped_in_docs,PERMIT,3
CPT101902,2026-06-04 19:36:17.540726540,rejected,doc_authenticity_flag,6
CPT104623,2026-06-08 13:13:52.606066865,approved,,6
CPT122696,,dropped_in_docs,FITNESS,4
CPT118631,,dropped_in_docs,PERMIT,3
CPT117465,,dropped_in_docs,INSURANCE,5
CPT110332,,dropped_in_docs,RC,1
CPT110073,,dropped_in_docs,PERMIT,3
CPT100721,,dropped_in_docs,PERMIT,3
CPT123100,,dropped_in_docs,FITNESS,4
CPT100177,,dropped_in_docs,DL,0
CPT102935,,dropped_in_docs,FITNESS,4
CPT109495,,dropped_in_docs,FITNESS,4
CPT101403,,dropped_in_docs,AADHAAR,2
CPT112192,,dropped_in_docs,RC,1
CPT109135,,dropped_in_docs,DL,0
CPT114189,,dropped_in_docs,RC,1
CPT106205,,dropped_in_docs,DL,0
CPT114548,,dropped_in_docs,DL,0
CPT102512,,dropped_in_docs,PERMIT,3
CPT103679,,dropped_in_docs,FITNESS,4
CPT112481,,dropped_in_docs,AADHAAR,2
CPT100514,,dropped_in_docs,RC,1
CPT117263,,dropped_in_docs,FITNESS,4
CPT109769,,dropped_in_docs,INSURANCE,5
CPT120005,,dropped_in_docs,RC,1
CPT113590,,dropped_in_docs,DL,0
CPT121298,,dropped_in_docs,RC,1
CPT123649,,dropped_in_docs,AADHAAR,2
CPT106392,,dropped_in_docs,RC,1
CPT115194,,dropped_in_docs,RC,1
CPT121751,,dropped_in_docs,INSURANCE,5
CPT102678,2026-06-06 23:35:09.387934126,rejected,doc_authenticity_flag,6
CPT118086,,dropped_in_docs,PERMIT,3
CPT104741,2026-06-09 14:41:08.074889958,approved,,6
CPT109558,,dropped_in_docs,AADHAAR,2
CPT122053,2026-06-09 23:43:00.665481531,approved,,6
CPT100952,,dropped_in_docs,RC,1
CPT110138,,dropped_in_docs,FITNESS,4
CPT124995,,dropped_in_docs,PERMIT,3
CPT122086,,dropped_in_docs,PERMIT,3
CPT122130,,dropped_in_docs,RC,1
CPT102020,,dropped_in_docs,PERMIT,3
CPT103001,,dropped_in_docs,RC,1
CPT105028,,dropped_in_docs,PERMIT,3
CPT109924,,dropped_in_docs,RC,1
CPT107073,,dropped_in_docs,DL,0
CPT101138,,dropped_in_docs,INSURANCE,5
CPT108221,,dropped_in_docs,PERMIT,3
CPT113795,,dropped_in_docs,RC,1
CPT112055,,dropped_in_docs,FITNESS,4
CPT116501,,dropped_in_docs,INSURANCE,5
CPT116319,,dropped_in_docs,INSURANCE,5
CPT116977,,dropped_in_docs,PERMIT,3
CPT123125,,dropped_in_docs,RC,1
CPT124780,2026-06-10 13:22:22.223454122,approved,,6
CPT115797,,dropped_in_docs,PERMIT,3
CPT120921,2026-06-07 02:09:19.706767177,approved,,5
CPT100802,2026-06-08 20:11:00.476872307,approved,,6
CPT112774,,dropped_in_docs,RC,1
CPT112080,,dropped_in_docs,RC,1
CPT105509,,dropped_in_docs,DL,0
CPT107077,2026-06-09 07:44:14.675408663,approved,,6
CPT108324,,dropped_in_docs,FITNESS,4
CPT111675,,dropped_in_docs,RC,1
CPT110423,,dropped_in_docs,RC,1
CPT122928,,dropped_in_docs,PERMIT,3
CPT106162,2026-06-06 02:28:38.514647168,rejected,vehicle_age_policy,6
CPT120782,,dropped_in_docs,PERMIT,3
CPT122760,,dropped_in_docs,DL,0
CPT118285,,dropped_in_docs,DL,0
CPT100452,,dropped_in_docs,PERMIT,3
CPT102907,,dropped_in_docs,INSURANCE,5
CPT124367,,dropped_in_docs,RC,1
CPT122810,,dropped_in_docs,RC,1
CPT121876,,dropped_in_docs,FITNESS,4
CPT117957,2026-06-07 19:02:37.406973352,approved,,5
CPT117682,2026-06-10 00:37:53.965540929,approved,,6
CPT102793,,dropped_in_docs,FITNESS,4
CPT106749,,dropped_in_docs,RC,1
CPT100710,2026-06-07 21:58:53.101296376,approved,,6
CPT109170,2026-06-07 11:53:19.391590141,approved,,5
CPT119167,,dropped_in_docs,RC,1
CPT112962,2026-06-07 10:20:49.523701809,rejected,duplicate_captain,5
CPT114783,2026-06-10 00:21:29.493524723,approved,,6
CPT100119,,dropped_in_docs,FITNESS,4
CPT109017,,dropped_in_docs,PERMIT,3
CPT116945,,dropped_in_docs,DL,0
CPT100626,,dropped_in_docs,PERMIT,3
CPT115068,,dropped_in_docs,AADHAAR,2
CPT106533,2026-06-08 14:11:53.548902559,approved,,6
CPT113510,,dropped_in_docs,AADHAAR,2
CPT106325,,dropped_in_docs,RC,1
CPT117540,,dropped_in_docs,PERMIT,3
CPT124626,,dropped_in_docs,RC,1
CPT113502,,dropped_in_docs,RC,1
CPT123147,,dropped_in_docs,RC,1
CPT119072,,dropped_in_docs,PERMIT,3
CPT100056,,dropped_in_docs,PERMIT,3
CPT104328,,dropped_in_docs,RC,1
CPT101160,,dropped_in_docs,INSURANCE,5
CPT122057,,dropped_in_docs,FITNESS,4
CPT124555,2026-06-07 00:09:06.081594141,approved,,6
CPT119161,,dropped_in_docs,FITNESS,4
CPT118183,2026-06-09 16:04:44.675467727,approved,,6
CPT118717,,dropped_in_docs,FITNESS,4
CPT113313,,dropped_in_docs,PERMIT,3
CPT124685,,dropped_in_docs,INSURANCE,5
CPT121269,,dropped_in_docs,FITNESS,4
CPT106777,,dropped_in_docs,RC,1
CPT100686,,dropped_in_docs,PERMIT,3
CPT114583,,dropped_in_docs,INSURANCE,5
CPT120080,,dropped_in_docs,AADHAAR,2
CPT110182,,dropped_in_docs,INSURANCE,5
CPT123980,,dropped_in_docs,FITNESS,4
CPT123127,,dropped_in_docs,FITNESS,4
CPT120301,,dropped_in_docs,INSURANCE,5
CPT101547,2026-06-08 18:25:44.723976692,approved,,5
CPT114974,2026-06-08 09:34:49.021943425,approved,,6
CPT111996,,dropped_in_docs,RC,1
CPT120265,,dropped_in_docs,DL,0
CPT122862,,dropped_in_docs,INSURANCE,5
CPT102968,,dropped_in_docs,PERMIT,3
CPT117017,2026-06-07 05:22:05.012948134,approved,,5
CPT104000,,dropped_in_docs,AADHAAR,2
CPT102585,2026-06-07 05:25:17.071681420,approved,,6
CPT107284,,dropped_in_docs,RC,1
CPT105893,,dropped_in_docs,PERMIT,3
CPT116488,,dropped_in_docs,DL,0
CPT111836,,dropped_in_docs,PERMIT,3
CPT107724,,dropped_in_docs,RC,1
CPT104711,2026-06-09 06:25:23.667889606,approved,,6
CPT114973,,dropped_in_docs,RC,1
CPT109175,,dropped_in_docs,PERMIT,3
CPT118495,,dropped_in_docs,PERMIT,3
CPT116742,,dropped_in_docs,PERMIT,3
CPT117394,,dropped_in_docs,INSURANCE,5
CPT114502,,dropped_in_docs,DL,0
CPT123067,,dropped_in_docs,INSURANCE,5
CPT107415,2026-06-10 13:15:40.652508593,rejected,duplicate_captain,5
CPT121827,,dropped_in_docs,AADHAAR,2
CPT122763,,dropped_in_docs,FITNESS,4
CPT101924,,dropped_in_docs,PERMIT,3
CPT124607,,dropped_in_docs,DL,0
CPT120697,2026-06-10 13:32:43.651989734,approved,,6
CPT120549,2026-06-07 10:20:08.696791724,approved,,6
CPT105620,,dropped_in_docs,DL,0
CPT119601,2026-06-12 22:59:25.716984042,approved,,6
CPT107998,2026-06-05 20:14:42.096060109,rejected,doc_authenticity_flag,6
CPT116714,,dropped_in_docs,RC,1
CPT118534,,dropped_in_docs,PERMIT,3
CPT119396,2026-06-09 20:45:22.159792996,approved,,5
CPT116968,,dropped_in_docs,AADHAAR,2
CPT110450,2026-06-08 15:21:25.128519620,approved,,6
CPT105106,,dropped_in_docs,RC,1
CPT116215,2026-06-10 21:56:51.193650779,approved,,6
CPT113438,,dropped_in_docs,RC,1
CPT108882,,dropped_in_docs,RC,1
CPT107798,,dropped_in_docs,PERMIT,3
CPT114040,,dropped_in_docs,FITNESS,4
CPT115544,2026-06-08 20:15:02.481927906,approved,,6
CPT118219,,dropped_in_docs,PERMIT,3
CPT106336,,dropped_in_docs,PERMIT,3
CPT110789,,dropped_in_docs,RC,1
CPT101408,,dropped_in_docs,RC,1
CPT103169,2026-06-09 19:37:26.336967941,approved,,6
CPT119731,,dropped_in_docs,RC,1
CPT124635,2026-06-11 04:50:06.553120839,approved,,6
CPT116600,,dropped_in_docs,RC,1
CPT124027,,dropped_in_docs,INSURANCE,5
CPT120051,,dropped_in_docs,INSURANCE,5
CPT114435,,dropped_in_docs,RC,1
CPT108883,,dropped_in_docs,RC,1
CPT104384,2026-06-08 19:24:17.334489467,approved,,6
CPT101864,,dropped_in_docs,RC,1
CPT119036,,dropped_in_docs,FITNESS,4
CPT122466,,dropped_in_docs,PERMIT,3
CPT112499,,dropped_in_docs,INSURANCE,5
CPT107120,2026-06-09 14:01:51.750413282,approved,,6
CPT105537,,dropped_in_docs,RC,1
CPT105153,2026-06-08 16:30:57.505972483,approved,,5
CPT112598,,dropped_in_docs,INSURANCE,5
CPT121438,2026-06-07 21:17:12.242161076,rejected,vehicle_age_policy,5
CPT120148,,dropped_in_docs,RC,1
CPT122588,,dropped_in_docs,FITNESS,4
CPT101092,,dropped_in_docs,PERMIT,3
CPT109939,2026-06-10 23:11:58.242108942,approved,,6
CPT115834,2026-06-08 12:39:47.406037555,rejected,doc_authenticity_flag,5
CPT114335,,dropped_in_docs,PERMIT,3
CPT123935,,dropped_in_docs,DL,0
CPT104823,,dropped_in_docs,RC,1
CPT118749,2026-06-08 17:50:00.304657233,rejected,duplicate_captain,6
CPT106141,,dropped_in_docs,AADHAAR,2
CPT106402,2026-06-07 19:57:25.329902768,approved,,6
CPT113346,,dropped_in_docs,FITNESS,4
CPT122805,,dropped_in_docs,DL,0
CPT118119,,dropped_in_docs,DL,0
CPT112496,,dropped_in_docs,DL,0
CPT101930,2026-06-08 23:23:12.100198627,approved,,6
CPT121485,,dropped_in_docs,PERMIT,3
CPT104469,,dropped_in_docs,INSURANCE,5
CPT114433,,dropped_in_docs,RC,1
CPT107700,,dropped_in_docs,RC,1
CPT101870,,dropped_in_docs,RC,1
CPT100323,,dropped_in_docs,PERMIT,3
CPT111787,,dropped_in_docs,RC,1
CPT110445,,dropped_in_docs,DL,0
CPT104078,2026-06-08 15:24:27.118184726,rejected,vehicle_age_policy,6
CPT115443,,dropped_in_docs,FITNESS,4
CPT114611,,dropped_in_docs,FITNESS,4
CPT114564,,dropped_in_docs,DL,0
CPT120225,2026-06-08 12:45:37.243003451,approved,,6
CPT118824,2026-06-06 20:53:29.426502382,approved,,6
CPT112740,,dropped_in_docs,INSURANCE,5
CPT112941,,dropped_in_docs,RC,1
CPT111613,,dropped_in_docs,AADHAAR,2
CPT115173,,dropped_in_docs,DL,0
CPT117248,,dropped_in_docs,PERMIT,3
CPT111814,,dropped_in_docs,FITNESS,4
CPT106984,,dropped_in_docs,RC,1
CPT114462,2026-06-08 13:18:04.267003446,approved,,6
CPT105319,,dropped_in_docs,INSURANCE,5
CPT113035,2026-06-08 21:42:20.878846312,approved,,6
CPT119187,,dropped_in_docs,RC,1
CPT120208,2026-06-09 04:05:03.834222672,approved,,6
CPT102941,,dropped_in_docs,RC,1
CPT105211,2026-06-11 03:20:33.574977616,approved,,6
CPT101557,,dropped_in_docs,FITNESS,4
CPT117376,,dropped_in_docs,PERMIT,3
CPT122340,,dropped_in_docs,FITNESS,4
CPT124871,2026-06-06 21:13:22.348479255,approved,,5
CPT111867,2026-06-12 04:16:12.205712295,approved,,6
CPT124346,,dropped_in_docs,AADHAAR,2
CPT106778,,dropped_in_docs,PERMIT,3
CPT102318,,dropped_in_docs,FITNESS,4
CPT110047,2026-06-10 03:23:10.090177619,approved,,6
CPT116911,,dropped_in_docs,PERMIT,3
CPT106808,,dropped_in_docs,FITNESS,4
CPT117493,,dropped_in_docs,DL,0
CPT118555,,dropped_in_docs,DL,0
CPT110877,,dropped_in_docs,DL,0
CPT116090,,dropped_in_docs,RC,1
CPT110129,2026-06-11 21:46:21.089586182,approved,,6
CPT102917,,dropped_in_docs,PERMIT,3
CPT103340,,dropped_in_docs,AADHAAR,2
CPT115611,,dropped_in_docs,PERMIT,3
CPT101370,2026-06-09 12:25:55.865801646,approved,,6
CPT107945,,dropped_in_docs,RC,1
CPT118736,,dropped_in_docs,DL,0
CPT124353,,dropped_in_docs,FITNESS,4
CPT111048,,dropped_in_docs,PERMIT,3
CPT108607,2026-06-09 10:38:17.726441995,approved,,6
CPT114170,2026-06-10 00:18:22.436377966,approved,,5
CPT112656,,dropped_in_docs,PERMIT,3
CPT121807,2026-06-07 21:48:41.303820192,approved,,5
CPT107864,,dropped_in_docs,INSURANCE,5
CPT115509,,dropped_in_docs,FITNESS,4
CPT102799,,dropped_in_docs,AADHAAR,2
CPT122618,,dropped_in_docs,PERMIT,3
CPT106952,,dropped_in_docs,INSURANCE,5
CPT115091,,dropped_in_docs,INSURANCE,5
CPT104383,,dropped_in_docs,AADHAAR,2
CPT103870,,dropped_in_docs,DL,0
CPT110713,,dropped_in_docs,RC,1
CPT113951,2026-06-08 16:36:04.530160320,approved,,6
CPT108625,,dropped_in_docs,AADHAAR,2
CPT114205,2026-06-08 04:56:36.756524737,approved,,5
CPT122143,,dropped_in_docs,RC,1
CPT117065,2026-06-12 19:38:31.542482878,approved,,6
CPT116958,,dropped_in_docs,DL,0
CPT122046,,dropped_in_docs,RC,1
CPT105047,,dropped_in_docs,RC,1
CPT121638,2026-06-08 05:03:50.345308880,approved,,6
CPT103778,,dropped_in_docs,DL,0
CPT106711,,dropped_in_docs,INSURANCE,5
CPT112567,,dropped_in_docs,PERMIT,3
CPT113113,,dropped_in_docs,AADHAAR,2
CPT103297,,dropped_in_docs,RC,1
CPT121990,2026-06-08 15:13:29.672751622,approved,,5
CPT112992,,dropped_in_docs,INSURANCE,5
CPT118889,,dropped_in_docs,RC,1
CPT108475,,dropped_in_docs,RC,1
CPT101374,2026-06-07 20:32:15.463281391,approved,,6
CPT114215,,dropped_in_docs,RC,1
CPT112816,,dropped_in_docs,RC,1
CPT122654,,dropped_in_docs,PERMIT,3
CPT102089,,dropped_in_docs,RC,1
CPT115345,,dropped_in_docs,INSURANCE,5
CPT106229,,dropped_in_docs,RC,1
CPT100228,,dropped_in_docs,DL,0
CPT103209,,dropped_in_docs,PERMIT,3
CPT119909,,dropped_in_docs,INSURANCE,5
CPT109068,,dropped_in_docs,RC,1
CPT105394,,dropped_in_docs,PERMIT,3
CPT114148,,dropped_in_docs,RC,1
CPT101795,,dropped_in_docs,FITNESS,4
CPT114261,,dropped_in_docs,DL,0
CPT115178,,dropped_in_docs,FITNESS,4
CPT118551,,dropped_in_docs,RC,1
CPT113109,,dropped_in_docs,PERMIT,3
CPT108022,,dropped_in_docs,RC,1
CPT112363,,dropped_in_docs,RC,1
CPT108852,,dropped_in_docs,PERMIT,3
CPT111080,,dropped_in_docs,PERMIT,3
CPT124420,,dropped_in_docs,DL,0
CPT113613,,dropped_in_docs,PERMIT,3
CPT107240,,dropped_in_docs,INSURANCE,5
CPT106793,,dropped_in_docs,DL,0
CPT116087,,dropped_in_docs,RC,1
CPT100007,,dropped_in_docs,RC,1
CPT111391,,dropped_in_docs,INSURANCE,5
CPT113317,,dropped_in_docs,AADHAAR,2
CPT104369,,dropped_in_docs,INSURANCE,5
CPT119221,,dropped_in_docs,AADHAAR,2
CPT114763,,dropped_in_docs,INSURANCE,5
CPT103220,,dropped_in_docs,INSURANCE,5
CPT120437,2026-06-08 13:29:28.600533447,approved,,6
CPT105189,2026-06-10 19:41:39.553710542,approved,,6
CPT101412,2026-06-12 06:37:39.502918792,rejected,doc_authenticity_flag,6
CPT111348,,dropped_in_docs,FITNESS,4
CPT103642,,dropped_in_docs,INSURANCE,5
CPT105137,,dropped_in_docs,PERMIT,3
CPT110349,,dropped_in_docs,FITNESS,4
CPT104746,,dropped_in_docs,RC,1
CPT116646,,dropped_in_docs,FITNESS,4
CPT117209,,dropped_in_docs,PERMIT,3
CPT110550,,dropped_in_docs,DL,0
CPT117968,2026-06-10 22:26:29.019471879,approved,,6
CPT112734,,dropped_in_docs,DL,0
CPT121711,,dropped_in_docs,DL,0
CPT102745,,dropped_in_docs,RC,1
CPT124269,,dropped_in_docs,PERMIT,3
CPT108994,,dropped_in_docs,RC,1
CPT117211,,dropped_in_docs,DL,0
CPT111000,,dropped_in_docs,RC,1
CPT111062,,dropped_in_docs,DL,0
CPT120363,,dropped_in_docs,DL,0
CPT110010,,dropped_in_docs,DL,0
CPT102158,,dropped_in_docs,PERMIT,3
CPT110885,,dropped_in_docs,RC,1
CPT105583,,dropped_in_docs,RC,1
CPT102334,2026-06-10 01:11:06.766762551,approved,,6
CPT103174,2026-06-10 09:03:36.481242788,approved,,6
CPT113155,,dropped_in_docs,INSURANCE,5
CPT111383,,dropped_in_docs,DL,0
CPT116327,2026-06-09 09:18:21.253415419,rejected,duplicate_captain,6
CPT120774,2026-06-11 01:20:23.833436921,approved,,6
CPT112139,,dropped_in_docs,INSURANCE,5
CPT106956,,dropped_in_docs,FITNESS,4
CPT109369,,dropped_in_docs,DL,0
CPT113298,,dropped_in_docs,DL,0
CPT122391,,dropped_in_docs,DL,0
CPT118652,,dropped_in_docs,PERMIT,3
CPT104703,,dropped_in_docs,AADHAAR,2
CPT123892,,dropped_in_docs,PERMIT,3
CPT109324,,dropped_in_docs,AADHAAR,2
CPT103471,,dropped_in_docs,FITNESS,4
CPT122723,,dropped_in_docs,DL,0
CPT110581,,dropped_in_docs,PERMIT,3
CPT120122,,dropped_in_docs,RC,1
CPT124416,,dropped_in_docs,PERMIT,3
CPT110578,2026-06-09 12:53:51.709459498,approved,,6
CPT100248,2026-06-09 18:58:07.012007653,approved,,6
CPT111338,,dropped_in_docs,RC,1
CPT120101,,dropped_in_docs,AADHAAR,2
CPT110386,,dropped_in_docs,DL,0
CPT100279,,dropped_in_docs,RC,1
CPT123201,,dropped_in_docs,DL,0
CPT116058,,dropped_in_docs,RC,1
CPT120593,,dropped_in_docs,INSURANCE,5
CPT117125,,dropped_in_docs,PERMIT,3
CPT122360,2026-06-13 10:26:09.794091283,rejected,background_check_failed,6
CPT113756,2026-06-09 11:33:35.266910244,approved,,6
CPT117721,2026-06-10 06:09:00.319759520,approved,,6
CPT109408,,dropped_in_docs,INSURANCE,5
CPT124683,,dropped_in_docs,FITNESS,4
CPT101573,,dropped_in_docs,INSURANCE,5
CPT121722,,dropped_in_docs,PERMIT,3
CPT104053,2026-06-08 15:51:44.149030916,rejected,doc_authenticity_flag,5
CPT105690,2026-06-07 07:04:38.674887512,approved,,5
CPT116296,,dropped_in_docs,AADHAAR,2
CPT103558,,dropped_in_docs,RC,1
CPT120912,,dropped_in_docs,AADHAAR,2
CPT118065,,dropped_in_docs,INSURANCE,5
CPT102921,,dropped_in_docs,INSURANCE,5
CPT117100,,dropped_in_docs,PERMIT,3
CPT117591,,dropped_in_docs,RC,1
CPT116864,,dropped_in_docs,INSURANCE,5
CPT122024,,dropped_in_docs,INSURANCE,5
CPT100315,,dropped_in_docs,RC,1
CPT112161,,dropped_in_docs,RC,1
CPT112851,,dropped_in_docs,DL,0
CPT107658,2026-06-06 18:08:17.977957980,approved,,5
CPT117730,,dropped_in_docs,AADHAAR,2
CPT121935,,dropped_in_docs,FITNESS,4
CPT122803,,dropped_in_docs,INSURANCE,5
CPT116701,,dropped_in_docs,RC,1
CPT105370,,dropped_in_docs,AADHAAR,2
CPT118895,,dropped_in_docs,AADHAAR,2
CPT103479,,dropped_in_docs,DL,0
CPT106445,,dropped_in_docs,RC,1
CPT120736,,dropped_in_docs,PERMIT,3
CPT113162,,dropped_in_docs,PERMIT,3
CPT110110,,dropped_in_docs,INSURANCE,5
CPT100038,,dropped_in_docs,INSURANCE,5
CPT124763,,dropped_in_docs,PERMIT,3
CPT122822,,dropped_in_docs,DL,0
CPT108531,,dropped_in_docs,RC,1
CPT105021,,dropped_in_docs,RC,1
CPT103830,2026-06-10 04:13:18.955456196,approved,,6
CPT121290,,dropped_in_docs,DL,0
CPT122765,,dropped_in_docs,AADHAAR,2
CPT103637,,dropped_in_docs,DL,0
CPT105086,,dropped_in_docs,RC,1
CPT103091,,dropped_in_docs,DL,0
CPT116588,,dropped_in_docs,PERMIT,3
CPT105413,2026-06-11 09:37:15.595926854,rejected,vehicle_age_policy,6
CPT111100,,dropped_in_docs,DL,0
CPT124643,2026-06-10 08:27:20.502564860,approved,,6
CPT112480,2026-06-10 22:08:04.061965442,approved,,6
CPT114751,,dropped_in_docs,AADHAAR,2
CPT100501,2026-06-08 16:39:20.541145012,approved,,6
CPT110077,,dropped_in_docs,RC,1
CPT114425,2026-06-10 02:19:38.313530446,approved,,6
CPT100464,,dropped_in_docs,DL,0
CPT103310,2026-06-11 03:04:39.949170628,rejected,background_check_failed,5
CPT122226,,dropped_in_docs,RC,1
CPT100388,,dropped_in_docs,PERMIT,3
CPT115198,2026-06-10 14:05:43.308621153,approved,,6
CPT101867,,dropped_in_docs,INSURANCE,5
CPT121617,,dropped_in_docs,RC,1
CPT121492,,dropped_in_docs,RC,1
CPT124137,,dropped_in_docs,RC,1
CPT100585,,dropped_in_docs,FITNESS,4
CPT101753,,dropped_in_docs,PERMIT,3
CPT118193,,dropped_in_docs,RC,1
CPT124481,,dropped_in_docs,RC,1
CPT103839,,dropped_in_docs,RC,1
CPT117442,2026-06-10 11:19:02.329584524,approved,,5
CPT119920,,dropped_in_docs,INSURANCE,5
CPT101165,2026-06-11 23:09:25.384841814,approved,,6
CPT101984,,dropped_in_docs,PERMIT,3
CPT118572,,dropped_in_docs,INSURANCE,5
CPT121204,,dropped_in_docs,PERMIT,3
CPT103272,,dropped_in_docs,RC,1
CPT110783,,dropped_in_docs,DL,0
CPT103560,,dropped_in_docs,DL,0
CPT104233,,dropped_in_docs,PERMIT,3
CPT119771,,dropped_in_docs,INSURANCE,5
CPT121836,,dropped_in_docs,DL,0
CPT122237,2026-06-09 21:01:35.874157740,approved,,6
CPT115298,,dropped_in_docs,RC,1
CPT113031,,dropped_in_docs,PERMIT,3
CPT119747,,dropped_in_docs,PERMIT,3
CPT118438,,dropped_in_docs,DL,0
CPT109230,2026-06-11 08:24:53.282411407,approved,,6
CPT116056,2026-06-11 03:29:13.749151614,approved,,5
CPT106694,,dropped_in_docs,PERMIT,3
CPT112908,,dropped_in_docs,RC,1
CPT104374,,dropped_in_docs,FITNESS,4
CPT118740,,dropped_in_docs,FITNESS,4
CPT114673,,dropped_in_docs,FITNESS,4
CPT117676,,dropped_in_docs,PERMIT,3
CPT116304,2026-06-11 15:21:14.954213840,approved,,6
CPT118959,,dropped_in_docs,AADHAAR,2
CPT123760,,dropped_in_docs,AADHAAR,2
CPT116258,,dropped_in_docs,RC,1
CPT123889,,dropped_in_docs,RC,1
CPT117646,,dropped_in_docs,PERMIT,3
CPT105710,,dropped_in_docs,DL,0
CPT101915,2026-06-10 06:13:10.164416601,approved,,6
CPT100502,2026-06-09 08:26:59.067580992,rejected,duplicate_captain,6
CPT120609,,dropped_in_docs,PERMIT,3
CPT104581,2026-06-09 09:57:13.185732659,approved,,5
CPT123983,,dropped_in_docs,INSURANCE,5
CPT121288,,dropped_in_docs,DL,0
CPT117569,2026-06-09 07:10:41.122211582,approved,,6
CPT114066,,dropped_in_docs,RC,1
CPT117857,,dropped_in_docs,INSURANCE,5
CPT113304,2026-06-10 22:53:05.651402602,rejected,vehicle_age_policy,6
CPT111939,,dropped_in_docs,RC,1
CPT115013,,dropped_in_docs,FITNESS,4
CPT107454,2026-06-12 13:26:11.041327562,approved,,6
CPT109534,,dropped_in_docs,FITNESS,4
CPT116591,,dropped_in_docs,FITNESS,4
CPT104311,2026-06-08 16:47:19.225337532,approved,,6
CPT104995,,dropped_in_docs,FITNESS,4
CPT100416,,dropped_in_docs,INSURANCE,5
CPT123982,,dropped_in_docs,PERMIT,3
CPT112091,,dropped_in_docs,PERMIT,3
CPT101637,,dropped_in_docs,DL,0
CPT106304,2026-06-12 04:37:15.700503982,approved,,6
CPT124392,,dropped_in_docs,RC,1
CPT108003,,dropped_in_docs,PERMIT,3
CPT106684,2026-06-10 14:53:23.945068571,approved,,6
CPT112710,,dropped_in_docs,RC,1
CPT122019,,dropped_in_docs,PERMIT,3
CPT103078,2026-06-11 00:39:17.656773037,approved,,6
CPT101844,,dropped_in_docs,PERMIT,3
CPT120737,,dropped_in_docs,RC,1
CPT110167,2026-06-09 06:40:45.682591355,approved,,6
CPT114556,,dropped_in_docs,RC,1
CPT116994,,dropped_in_docs,RC,1
CPT106127,,dropped_in_docs,INSURANCE,5
CPT117763,2026-06-12 09:33:24.113325979,approved,,6
CPT119510,,dropped_in_docs,INSURANCE,5
CPT102346,,dropped_in_docs,FITNESS,4
CPT101284,,dropped_in_docs,RC,1
CPT118990,2026-06-09 04:13:57.522018900,approved,,5
CPT114615,,dropped_in_docs,RC,1
CPT109553,,dropped_in_docs,RC,1
CPT104836,,dropped_in_docs,RC,1
CPT121304,,dropped_in_docs,INSURANCE,5
CPT112466,,dropped_in_docs,PERMIT,3
CPT124135,2026-06-11 06:26:24.856351645,approved,,6
CPT104025,2026-06-10 17:14:27.486997394,approved,,6
CPT122643,,dropped_in_docs,AADHAAR,2
CPT106809,,dropped_in_docs,FITNESS,4
CPT102114,2026-06-10 17:05:31.452706912,approved,,6
CPT113478,,dropped_in_docs,DL,0
CPT104200,,dropped_in_docs,RC,1
CPT104551,2026-06-14 06:23:00.573425706,approved,,6
CPT115517,2026-06-13 19:09:06.769443269,approved,,6
CPT123242,,dropped_in_docs,PERMIT,3
CPT113197,,dropped_in_docs,INSURANCE,5
CPT113874,,dropped_in_docs,RC,1
CPT115547,,dropped_in_docs,INSURANCE,5
CPT101824,,dropped_in_docs,DL,0
CPT100269,,dropped_in_docs,DL,0
CPT120053,,dropped_in_docs,PERMIT,3
CPT105724,,dropped_in_docs,INSURANCE,5
CPT124403,,dropped_in_docs,RC,1
CPT112854,,dropped_in_docs,PERMIT,3
CPT104629,,dropped_in_docs,DL,0
CPT119539,2026-06-10 06:51:07.739628249,approved,,6
CPT110009,2026-06-10 07:42:15.857027922,approved,,6
CPT104298,,dropped_in_docs,INSURANCE,5
CPT110166,,dropped_in_docs,PERMIT,3
CPT123170,,dropped_in_docs,RC,1
CPT122260,,dropped_in_docs,PERMIT,3
CPT103043,,dropped_in_docs,FITNESS,4
CPT117939,2026-06-11 01:15:48.031533601,approved,,6
CPT120798,,dropped_in_docs,FITNESS,4
CPT105347,2026-06-12 15:31:39.980248106,approved,,5
CPT101798,,dropped_in_docs,PERMIT,3
CPT118979,,dropped_in_docs,AADHAAR,2
CPT105260,,dropped_in_docs,RC,1
CPT114463,,dropped_in_docs,INSURANCE,5
CPT109014,,dropped_in_docs,RC,1
CPT121168,,dropped_in_docs,INSURANCE,5
CPT115192,,dropped_in_docs,PERMIT,3
CPT103703,,dropped_in_docs,RC,1
CPT108220,,dropped_in_docs,RC,1
CPT100947,,dropped_in_docs,RC,1
CPT124828,,dropped_in_docs,DL,0
CPT123647,,dropped_in_docs,RC,1
CPT112974,2026-06-10 06:01:35.783604883,approved,,5
CPT113664,,dropped_in_docs,RC,1
CPT120612,,dropped_in_docs,PERMIT,3
CPT117975,,dropped_in_docs,DL,0
CPT114186,2026-06-11 20:08:31.821238151,rejected,doc_authenticity_flag,6
CPT124933,,dropped_in_docs,PERMIT,3
CPT102712,,dropped_in_docs,DL,0
CPT106307,,dropped_in_docs,FITNESS,4
CPT116910,,dropped_in_docs,AADHAAR,2
CPT121513,,dropped_in_docs,RC,1
CPT124852,,dropped_in_docs,FITNESS,4
CPT111276,,dropped_in_docs,DL,0
CPT112138,,dropped_in_docs,RC,1
CPT113823,,dropped_in_docs,PERMIT,3
CPT108421,2026-06-08 23:33:38.596002988,approved,,5
CPT102442,,dropped_in_docs,DL,0
CPT107208,,dropped_in_docs,RC,1
CPT102896,,dropped_in_docs,RC,1
CPT101706,2026-06-09 18:30:55.025723386,approved,,6
CPT117195,2026-06-09 06:52:43.562606918,approved,,6
CPT119011,,dropped_in_docs,RC,1
CPT115095,,dropped_in_docs,RC,1
CPT111116,,dropped_in_docs,AADHAAR,2
CPT111779,,dropped_in_docs,INSURANCE,5
CPT113511,,dropped_in_docs,PERMIT,3
CPT113506,,dropped_in_docs,FITNESS,4
CPT115659,,dropped_in_docs,RC,1
CPT120611,,dropped_in_docs,INSURANCE,5
CPT114934,,dropped_in_docs,RC,1
CPT106282,,dropped_in_docs,RC,1
CPT109586,,dropped_in_docs,RC,1
CPT120960,2026-06-09 16:57:14.939046892,approved,,5
CPT103380,,dropped_in_docs,RC,1
CPT121134,,dropped_in_docs,AADHAAR,2
CPT106043,2026-06-12 02:25:25.521457205,approved,,6
CPT104933,2026-06-11 01:10:33.647748811,approved,,6
CPT118360,2026-06-09 15:34:28.579351986,approved,,6
CPT119448,,dropped_in_docs,FITNESS,4
CPT117971,,dropped_in_docs,RC,1
CPT111325,2026-06-10 05:39:12.765049824,approved,,6
CPT113628,,dropped_in_docs,FITNESS,4
CPT111612,,dropped_in_docs,AADHAAR,2
CPT110645,,dropped_in_docs,RC,1
CPT107222,,dropped_in_docs,DL,0
CPT124849,,dropped_in_docs,FITNESS,4
CPT101586,2026-06-15 01:53:04.268932812,approved,,6
CPT105356,,dropped_in_docs,AADHAAR,2
CPT107846,,dropped_in_docs,DL,0
CPT110891,,dropped_in_docs,FITNESS,4
CPT116766,2026-06-09 03:47:24.550957497,approved,,6
CPT121062,,dropped_in_docs,PERMIT,3
CPT111186,,dropped_in_docs,PERMIT,3
CPT102451,,dropped_in_docs,PERMIT,3
CPT119739,,dropped_in_docs,AADHAAR,2
CPT120936,,dropped_in_docs,DL,0
CPT121779,,dropped_in_docs,RC,1
CPT122435,,dropped_in_docs,FITNESS,4
CPT117577,,dropped_in_docs,RC,1
CPT111702,,dropped_in_docs,DL,0
CPT123277,,dropped_in_docs,FITNESS,4
CPT115176,2026-06-11 02:26:10.880176558,approved,,6
CPT120506,2026-06-12 05:50:56.667860752,approved,,6
CPT115675,,dropped_in_docs,RC,1
CPT118472,,dropped_in_docs,AADHAAR,2
CPT102546,2026-06-09 19:46:23.900393308,approved,,6
CPT110538,,dropped_in_docs,RC,1
CPT117016,,dropped_in_docs,RC,1
CPT105807,,dropped_in_docs,PERMIT,3
CPT120621,2026-06-11 02:55:31.708578972,approved,,5
CPT107971,,dropped_in_docs,RC,1
CPT106544,,dropped_in_docs,DL,0
CPT104738,,dropped_in_docs,PERMIT,3
CPT115851,,dropped_in_docs,INSURANCE,5
CPT117413,,dropped_in_docs,DL,0
CPT118166,,dropped_in_docs,PERMIT,3
CPT108183,,dropped_in_docs,RC,1
CPT101839,,dropped_in_docs,FITNESS,4
CPT108195,2026-06-09 11:08:38.558292444,approved,,6
CPT122568,2026-06-08 19:04:24.300391035,approved,,6
CPT107923,,dropped_in_docs,PERMIT,3
CPT107870,,dropped_in_docs,RC,1
CPT102738,,dropped_in_docs,RC,1
CPT109174,,dropped_in_docs,INSURANCE,5
CPT105149,2026-06-10 13:20:39.624353649,approved,,5
CPT109287,2026-06-11 13:44:57.369348552,approved,,6
CPT123310,,dropped_in_docs,AADHAAR,2
CPT123134,,dropped_in_docs,PERMIT,3
CPT106367,,dropped_in_docs,RC,1
CPT119962,2026-06-11 18:51:47.953315436,approved,,6
CPT102041,,dropped_in_docs,PERMIT,3
CPT105170,,dropped_in_docs,PERMIT,3
CPT108971,,dropped_in_docs,FITNESS,4
CPT118938,,dropped_in_docs,AADHAAR,2
CPT110147,,dropped_in_docs,RC,1
CPT106048,,dropped_in_docs,AADHAAR,2
CPT112408,,dropped_in_docs,AADHAAR,2
CPT110865,,dropped_in_docs,AADHAAR,2
CPT101217,,dropped_in_docs,PERMIT,3
CPT118832,,dropped_in_docs,INSURANCE,5
CPT116396,,dropped_in_docs,PERMIT,3
CPT104262,,dropped_in_docs,RC,1
CPT102769,,dropped_in_docs,RC,1
CPT102780,,dropped_in_docs,RC,1
CPT108218,,dropped_in_docs,PERMIT,3
CPT110580,,dropped_in_docs,AADHAAR,2
CPT109159,,dropped_in_docs,FITNESS,4
CPT104196,,dropped_in_docs,FITNESS,4
CPT113617,,dropped_in_docs,RC,1
CPT122309,,dropped_in_docs,DL,0
CPT112691,,dropped_in_docs,INSURANCE,5
CPT119614,2026-06-13 00:23:43.688225936,approved,,6
CPT106940,,dropped_in_docs,PERMIT,3
CPT120951,,dropped_in_docs,FITNESS,4
CPT110231,,dropped_in_docs,FITNESS,4
CPT109471,,dropped_in_docs,PERMIT,3
CPT105358,,dropped_in_docs,FITNESS,4
CPT100162,2026-06-11 23:51:48.741296648,approved,,6
CPT112095,,dropped_in_docs,RC,1
CPT101768,,dropped_in_docs,PERMIT,3
CPT103603,,dropped_in_docs,DL,0
CPT119964,,dropped_in_docs,FITNESS,4
CPT116492,,dropped_in_docs,DL,0
CPT120372,2026-06-12 13:13:27.300815112,approved,,6
CPT112742,,dropped_in_docs,DL,0
CPT123483,,dropped_in_docs,RC,1
CPT118369,,dropped_in_docs,PERMIT,3
CPT102726,,dropped_in_docs,DL,0
CPT113886,,dropped_in_docs,INSURANCE,5
CPT122795,2026-06-11 21:13:36.329222374,approved,,6
CPT116892,2026-06-14 20:02:32.470220137,approved,,6
CPT117915,2026-06-11 13:49:37.629689923,approved,,6
CPT102399,,dropped_in_docs,FITNESS,4
CPT104950,,dropped_in_docs,INSURANCE,5
CPT122605,,dropped_in_docs,RC,1
CPT105305,,dropped_in_docs,FITNESS,4
CPT100309,,dropped_in_docs,RC,1
CPT114334,2026-06-09 23:33:57.154711567,approved,,6
CPT123262,,dropped_in_docs,RC,1
CPT101699,2026-06-10 06:32:32.840477985,approved,,6
CPT118305,,dropped_in_docs,PERMIT,3
CPT121660,,dropped_in_docs,FITNESS,4
CPT116455,,dropped_in_docs,INSURANCE,5
CPT116872,,dropped_in_docs,RC,1
CPT124516,,dropped_in_docs,INSURANCE,5
CPT118668,,dropped_in_docs,FITNESS,4
CPT113342,2026-06-13 18:44:35.453630820,approved,,6
CPT108448,,dropped_in_docs,INSURANCE,5
CPT102097,,dropped_in_docs,DL,0
CPT117589,,dropped_in_docs,RC,1
CPT123206,,dropped_in_docs,INSURANCE,5
CPT112335,,dropped_in_docs,RC,1
CPT119017,,dropped_in_docs,AADHAAR,2
CPT124970,,dropped_in_docs,DL,0
CPT106873,,dropped_in_docs,FITNESS,4
CPT105987,2026-06-10 13:26:20.569652430,approved,,5
CPT101567,,dropped_in_docs,FITNESS,4
CPT100297,,dropped_in_docs,RC,1
CPT123364,,dropped_in_docs,FITNESS,4
CPT107920,,dropped_in_docs,RC,1
CPT118460,,dropped_in_docs,FITNESS,4
CPT119796,,dropped_in_docs,RC,1
CPT102189,2026-06-11 23:41:37.658564779,rejected,vehicle_age_policy,6
CPT117193,,dropped_in_docs,RC,1
CPT113845,,dropped_in_docs,RC,1
CPT117864,2026-06-11 06:18:00.540193843,approved,,6
CPT116346,,dropped_in_docs,INSURANCE,5
CPT123871,2026-06-12 21:28:43.357106427,approved,,6
CPT111356,,dropped_in_docs,DL,0
CPT113019,,dropped_in_docs,AADHAAR,2
CPT102153,2026-06-13 03:42:22.703146969,approved,,6
CPT102505,,dropped_in_docs,RC,1
CPT119141,2026-06-12 10:29:17.228499498,approved,,6
CPT114529,2026-06-11 03:36:15.203205456,approved,,5
CPT109500,2026-06-10 04:55:24.559274366,approved,,6
CPT116285,,dropped_in_docs,DL,0
CPT117635,2026-06-12 13:21:17.223589974,rejected,doc_authenticity_flag,6
CPT114621,,dropped_in_docs,AADHAAR,2
CPT102667,,dropped_in_docs,PERMIT,3
CPT117092,2026-06-12 10:21:04.623326947,approved,,6
CPT106123,,dropped_in_docs,RC,1
CPT110677,2026-06-13 03:30:36.045614254,approved,,6
CPT114347,,dropped_in_docs,FITNESS,4
CPT121734,,dropped_in_docs,DL,0
CPT103554,,dropped_in_docs,RC,1
CPT108689,,dropped_in_docs,PERMIT,3
CPT112668,,dropped_in_docs,PERMIT,3
CPT112116,,dropped_in_docs,DL,0
CPT105228,,dropped_in_docs,RC,1
CPT103687,,dropped_in_docs,AADHAAR,2
CPT117164,,dropped_in_docs,PERMIT,3
CPT119253,,dropped_in_docs,FITNESS,4
CPT122145,,dropped_in_docs,RC,1
CPT119517,,dropped_in_docs,RC,1
CPT116333,,dropped_in_docs,FITNESS,4
CPT109947,,dropped_in_docs,INSURANCE,5
CPT116620,,dropped_in_docs,FITNESS,4
CPT101405,,dropped_in_docs,RC,1
CPT115328,,dropped_in_docs,PERMIT,3
CPT111041,,dropped_in_docs,DL,0
CPT110322,,dropped_in_docs,DL,0
CPT109793,,dropped_in_docs,AADHAAR,2
CPT105340,,dropped_in_docs,PERMIT,3
CPT101689,2026-06-15 18:23:47.416660947,approved,,6
CPT124789,,dropped_in_docs,RC,1
CPT124283,,dropped_in_docs,DL,0
CPT115747,,dropped_in_docs,RC,1
CPT105845,2026-06-11 15:20:38.288584675,approved,,5
CPT103326,,dropped_in_docs,INSURANCE,5
CPT106101,,dropped_in_docs,FITNESS,4
CPT116681,,dropped_in_docs,RC,1
CPT115732,,dropped_in_docs,PERMIT,3
CPT115677,,dropped_in_docs,DL,0
CPT104631,2026-06-12 23:51:23.570342307,approved,,6
CPT118543,,dropped_in_docs,PERMIT,3
CPT112947,,dropped_in_docs,RC,1
CPT112552,,dropped_in_docs,FITNESS,4
CPT111780,,dropped_in_docs,FITNESS,4
CPT112677,,dropped_in_docs,AADHAAR,2
CPT114294,,dropped_in_docs,RC,1
CPT110890,,dropped_in_docs,DL,0
CPT110278,2026-06-12 05:03:44.500515291,approved,,6
CPT106997,,dropped_in_docs,DL,0
CPT122745,2026-06-11 15:01:46.335673194,approved,,6
CPT112814,,dropped_in_docs,INSURANCE,5
CPT100466,,dropped_in_docs,DL,0
CPT116789,,dropped_in_docs,RC,1
CPT111231,,dropped_in_docs,RC,1
CPT104559,2026-06-10 15:51:36.421203908,approved,,6
CPT104563,,dropped_in_docs,AADHAAR,2
CPT113991,,dropped_in_docs,RC,1
CPT110763,,dropped_in_docs,PERMIT,3
CPT121350,,dropped_in_docs,INSURANCE,5
CPT115148,,dropped_in_docs,PERMIT,3
CPT124752,,dropped_in_docs,FITNESS,4
CPT100075,,dropped_in_docs,RC,1
CPT108817,,dropped_in_docs,FITNESS,4
CPT108884,,dropped_in_docs,DL,0
CPT117384,,dropped_in_docs,DL,0
CPT124421,,dropped_in_docs,DL,0
CPT123027,2026-06-10 14:08:30.055806850,approved,,5
CPT104326,,dropped_in_docs,PERMIT,3
CPT124174,2026-06-10 23:36:33.404251329,approved,,5
CPT118281,,dropped_in_docs,PERMIT,3
CPT122599,,dropped_in_docs,RC,1
CPT108424,,dropped_in_docs,PERMIT,3
CPT113711,,dropped_in_docs,RC,1
CPT108372,,dropped_in_docs,RC,1
CPT107680,,dropped_in_docs,PERMIT,3
CPT106654,,dropped_in_docs,PERMIT,3
CPT120472,2026-06-15 09:53:32.101184052,approved,,6
CPT105274,,dropped_in_docs,DL,0
CPT107356,,dropped_in_docs,AADHAAR,2
CPT103252,,dropped_in_docs,RC,1
CPT104385,,dropped_in_docs,PERMIT,3
CPT104226,2026-06-11 07:46:34.447073441,approved,,5
CPT104535,,dropped_in_docs,FITNESS,4
CPT112079,2026-06-11 12:24:24.814265112,approved,,6
CPT121481,,dropped_in_docs,PERMIT,3
CPT112588,,dropped_in_docs,RC,1
CPT115645,,dropped_in_docs,PERMIT,3
CPT120185,,dropped_in_docs,PERMIT,3
CPT104167,,dropped_in_docs,DL,0
CPT108323,,dropped_in_docs,PERMIT,3
CPT110422,,dropped_in_docs,RC,1
CPT109904,2026-06-10 14:08:58.890003473,approved,,6
CPT118310,,dropped_in_docs,RC,1
CPT114843,2026-06-13 00:59:02.548219060,approved,,6
CPT120484,2026-06-12 06:01:10.142383991,approved,,6
CPT114755,,dropped_in_docs,RC,1
CPT124073,,dropped_in_docs,PERMIT,3
CPT107259,,dropped_in_docs,AADHAAR,2
CPT106060,,dropped_in_docs,INSURANCE,5
CPT120786,,dropped_in_docs,RC,1
CPT108272,,dropped_in_docs,RC,1
CPT104656,2026-06-12 00:29:05.485320049,approved,,5
CPT112097,,dropped_in_docs,DL,0
CPT103443,,dropped_in_docs,INSURANCE,5
CPT111270,2026-06-11 08:12:34.688643833,rejected,vehicle_age_policy,6
CPT102213,,dropped_in_docs,INSURANCE,5
CPT114507,,dropped_in_docs,RC,1
CPT119403,,dropped_in_docs,DL,0
CPT121562,2026-06-12 17:38:32.409322377,approved,,6
CPT103053,,dropped_in_docs,RC,1
CPT115315,,dropped_in_docs,PERMIT,3
CPT103735,,dropped_in_docs,PERMIT,3
CPT113390,,dropped_in_docs,DL,0
CPT111602,,dropped_in_docs,RC,1
CPT119729,,dropped_in_docs,RC,1
CPT119622,2026-06-10 04:18:05.428529748,approved,,6
CPT116781,2026-06-11 07:57:49.323091912,approved,,6
CPT101285,,dropped_in_docs,FITNESS,4
CPT119735,,dropped_in_docs,PERMIT,3
CPT112785,2026-06-15 01:01:35.583319997,rejected,background_check_failed,6
CPT109608,2026-06-12 02:54:35.387893798,approved,,5
CPT115441,,dropped_in_docs,DL,0
CPT101167,,dropped_in_docs,FITNESS,4
CPT118309,2026-06-13 18:30:33.558654287,approved,,5
CPT124433,,dropped_in_docs,INSURANCE,5
CPT124654,,dropped_in_docs,RC,1
CPT120228,,dropped_in_docs,FITNESS,4
CPT122701,,dropped_in_docs,INSURANCE,5
CPT109603,2026-06-12 07:46:32.290225143,approved,,6
CPT104818,,dropped_in_docs,AADHAAR,2
CPT102264,,dropped_in_docs,AADHAAR,2
CPT111402,,dropped_in_docs,INSURANCE,5
CPT122171,,dropped_in_docs,PERMIT,3
CPT120159,,dropped_in_docs,PERMIT,3
CPT103625,,dropped_in_docs,RC,1
CPT109919,,dropped_in_docs,RC,1
CPT119798,,dropped_in_docs,AADHAAR,2
CPT100631,,dropped_in_docs,FITNESS,4
CPT106868,,dropped_in_docs,INSURANCE,5
CPT105256,,dropped_in_docs,FITNESS,4
CPT109145,,dropped_in_docs,RC,1
CPT120264,,dropped_in_docs,RC,1
CPT120060,,dropped_in_docs,DL,0
CPT109396,2026-06-12 06:48:49.432703054,approved,,6
CPT113061,,dropped_in_docs,PERMIT,3
CPT117657,2026-06-13 19:08:28.912535290,approved,,6
CPT121122,,dropped_in_docs,AADHAAR,2
CPT115140,2026-06-12 03:26:16.305975432,approved,,5
CPT115774,,dropped_in_docs,RC,1
CPT110087,,dropped_in_docs,DL,0
CPT101771,,dropped_in_docs,AADHAAR,2
CPT118038,,dropped_in_docs,AADHAAR,2
CPT103835,,dropped_in_docs,RC,1
CPT105074,2026-06-12 02:01:40.082968471,approved,,5
CPT112083,,dropped_in_docs,PERMIT,3
CPT120069,,dropped_in_docs,INSURANCE,5
CPT120063,,dropped_in_docs,PERMIT,3
CPT119688,,dropped_in_docs,RC,1
CPT105421,2026-06-14 22:08:57.860332205,approved,,6
CPT118020,,dropped_in_docs,DL,0
CPT108615,,dropped_in_docs,INSURANCE,5
CPT104488,2026-06-13 18:39:58.013537886,approved,,5
CPT112737,2026-06-12 10:04:18.550151697,approved,,5
CPT113861,,dropped_in_docs,DL,0
CPT104568,2026-06-11 00:10:38.619652213,approved,,6
CPT107521,2026-06-12 11:21:01.864917826,approved,,6
CPT123612,2026-06-19 21:15:46.037504481,approved,,6
CPT110095,,dropped_in_docs,INSURANCE,5
CPT123397,,dropped_in_docs,INSURANCE,5
CPT102348,,dropped_in_docs,DL,0
CPT101621,,dropped_in_docs,DL,0
CPT107943,,dropped_in_docs,PERMIT,3
CPT117108,2026-06-10 21:39:18.737732106,approved,,6
CPT116504,,dropped_in_docs,FITNESS,4
CPT122885,,dropped_in_docs,RC,1
CPT104608,,dropped_in_docs,DL,0
CPT114491,2026-06-11 08:56:48.039129444,approved,,6
CPT105898,,dropped_in_docs,AADHAAR,2
CPT119133,,dropped_in_docs,INSURANCE,5
CPT100391,,dropped_in_docs,RC,1
CPT123546,2026-06-12 00:48:00.025033615,approved,,6
CPT103170,2026-06-13 20:54:11.444212992,approved,,6
CPT114682,,dropped_in_docs,FITNESS,4
CPT110165,2026-06-15 18:44:04.868120344,approved,,6
CPT100726,2026-06-12 13:31:24.956420818,approved,,6
CPT119621,,dropped_in_docs,DL,0
CPT111860,,dropped_in_docs,RC,1
CPT118492,2026-06-11 14:07:51.860639119,rejected,duplicate_captain,5
CPT111120,2026-06-16 19:45:19.879010504,approved,,6
CPT115785,,dropped_in_docs,FITNESS,4
CPT108330,,dropped_in_docs,DL,0
CPT109149,,dropped_in_docs,RC,1
CPT122452,,dropped_in_docs,PERMIT,3
CPT106586,2026-06-14 06:18:00.216545640,approved,,5
CPT120352,,dropped_in_docs,FITNESS,4
CPT124419,,dropped_in_docs,PERMIT,3
CPT105161,,dropped_in_docs,AADHAAR,2
CPT103506,,dropped_in_docs,INSURANCE,5
CPT104483,,dropped_in_docs,AADHAAR,2
CPT110061,,dropped_in_docs,INSURANCE,5
CPT117485,,dropped_in_docs,RC,1
CPT115209,,dropped_in_docs,FITNESS,4
CPT100043,2026-06-11 19:44:01.497343784,approved,,6
CPT105453,,dropped_in_docs,DL,0
CPT121330,,dropped_in_docs,PERMIT,3
CPT119838,,dropped_in_docs,AADHAAR,2
CPT112860,2026-06-13 05:12:01.034189916,approved,,6
CPT115123,,dropped_in_docs,RC,1
CPT105210,,dropped_in_docs,FITNESS,4
CPT113030,2026-06-12 11:40:48.487149517,approved,,6
CPT111507,,dropped_in_docs,DL,0
CPT111482,,dropped_in_docs,DL,0
CPT117853,,dropped_in_docs,RC,1
CPT116560,,dropped_in_docs,FITNESS,4
CPT113480,,dropped_in_docs,INSURANCE,5
CPT117049,,dropped_in_docs,RC,1
CPT101595,,dropped_in_docs,FITNESS,4
CPT101522,,dropped_in_docs,RC,1
CPT102112,2026-06-14 17:50:36.832513711,approved,,5
CPT118077,,dropped_in_docs,RC,1
CPT124226,,dropped_in_docs,INSURANCE,5
CPT114161,,dropped_in_docs,RC,1
CPT100916,,dropped_in_docs,PERMIT,3
CPT101997,,dropped_in_docs,PERMIT,3
CPT123852,,dropped_in_docs,RC,1
CPT116623,,dropped_in_docs,PERMIT,3
CPT113828,,dropped_in_docs,RC,1
CPT102048,2026-06-13 17:41:01.781233868,approved,,6
CPT119792,2026-06-13 10:30:16.300569022,approved,,6
CPT114683,,dropped_in_docs,FITNESS,4
CPT118724,,dropped_in_docs,RC,1
CPT104341,2026-06-10 23:54:07.812334137,approved,,5
CPT117421,,dropped_in_docs,PERMIT,3
CPT123166,,dropped_in_docs,DL,0
CPT109321,,dropped_in_docs,DL,0
CPT122414,,dropped_in_docs,AADHAAR,2
CPT113534,2026-06-12 02:04:21.780556805,approved,,6
CPT118531,,dropped_in_docs,RC,1
CPT112450,,dropped_in_docs,FITNESS,4
CPT108079,,dropped_in_docs,PERMIT,3
CPT108764,,dropped_in_docs,INSURANCE,5
CPT107656,,dropped_in_docs,DL,0
CPT116765,,dropped_in_docs,FITNESS,4
CPT102454,,dropped_in_docs,FITNESS,4
CPT117106,2026-06-14 18:05:54.282831531,approved,,5
CPT109253,,dropped_in_docs,PERMIT,3
CPT115663,,dropped_in_docs,FITNESS,4
CPT124650,,dropped_in_docs,INSURANCE,5
CPT124236,,dropped_in_docs,RC,1
CPT120743,,dropped_in_docs,FITNESS,4
CPT106565,,dropped_in_docs,RC,1
CPT111725,2026-06-13 21:54:29.027668998,approved,,6
CPT121799,,dropped_in_docs,RC,1
CPT101732,,dropped_in_docs,RC,1
CPT122359,,dropped_in_docs,INSURANCE,5
CPT121364,,dropped_in_docs,INSURANCE,5
CPT113269,,dropped_in_docs,FITNESS,4
CPT112172,,dropped_in_docs,RC,1
CPT118960,,dropped_in_docs,DL,0
CPT114343,,dropped_in_docs,RC,1
CPT100612,,dropped_in_docs,PERMIT,3
CPT123857,2026-06-15 22:34:13.366628173,approved,,6
CPT106729,2026-06-13 18:25:04.234307872,approved,,6
CPT100208,,dropped_in_docs,FITNESS,4
CPT114570,2026-06-15 23:11:06.968944387,rejected,vehicle_age_policy,6
CPT109986,2026-06-14 10:38:03.514400878,approved,,6
CPT119377,,dropped_in_docs,INSURANCE,5
CPT102414,,dropped_in_docs,PERMIT,3
CPT121121,,dropped_in_docs,RC,1
CPT106190,,dropped_in_docs,DL,0
CPT113496,,dropped_in_docs,FITNESS,4
CPT103375,,dropped_in_docs,RC,1
CPT106390,,dropped_in_docs,AADHAAR,2
CPT118027,,dropped_in_docs,RC,1
CPT105669,,dropped_in_docs,DL,0
CPT116717,2026-06-14 03:28:24.221689843,approved,,6
CPT105773,,dropped_in_docs,PERMIT,3
CPT116836,2026-06-14 13:39:17.097967247,rejected,background_check_failed,6
CPT108643,2026-06-11 21:49:44.215495406,approved,,5
CPT122578,,dropped_in_docs,RC,1
CPT111269,2026-06-13 08:27:30.775052959,approved,,5
CPT114237,,dropped_in_docs,AADHAAR,2
CPT101488,2026-06-14 16:24:02.062281195,approved,,6
CPT110752,,dropped_in_docs,RC,1
CPT106511,,dropped_in_docs,DL,0
CPT122300,,dropped_in_docs,RC,1
CPT102553,2026-06-13 16:31:50.883276877,approved,,6
CPT122505,,dropped_in_docs,DL,0
CPT117274,,dropped_in_docs,PERMIT,3
CPT110243,2026-06-15 09:54:02.388961423,approved,,6
CPT112555,,dropped_in_docs,RC,1
CPT112246,2026-06-13 06:00:17.240151917,approved,,6
CPT105629,,dropped_in_docs,RC,1
CPT108983,,dropped_in_docs,INSURANCE,5
CPT103874,,dropped_in_docs,FITNESS,4
CPT104368,,dropped_in_docs,DL,0
CPT114278,2026-06-15 16:20:50.737201498,approved,,6
CPT124257,,dropped_in_docs,INSURANCE,5
CPT122603,,dropped_in_docs,PERMIT,3
CPT120262,2026-06-12 13:13:52.744114882,approved,,6
CPT104157,,dropped_in_docs,DL,0
CPT124361,2026-06-14 09:31:04.325969623,approved,,6
CPT111581,,dropped_in_docs,INSURANCE,5
CPT117926,,dropped_in_docs,FITNESS,4
CPT120403,2026-06-17 15:26:14.449425027,approved,,6
CPT113048,,dropped_in_docs,DL,0
CPT117410,,dropped_in_docs,AADHAAR,2
CPT119937,,dropped_in_docs,INSURANCE,5
CPT121855,2026-06-12 03:12:36.824129247,rejected,background_check_failed,6
CPT100600,2026-06-16 03:38:54.749547601,approved,,6
CPT115704,2026-06-14 04:05:55.475518388,approved,,5
CPT111386,2026-06-10 11:30:21.194836111,rejected,duplicate_captain,5
CPT101928,,dropped_in_docs,AADHAAR,2
CPT124398,2026-06-14 11:32:40.018498321,approved,,6
CPT101422,,dropped_in_docs,INSURANCE,5
CPT119099,,dropped_in_docs,PERMIT,3
CPT122892,2026-06-13 21:53:00.738312330,approved,,6
CPT103402,,dropped_in_docs,RC,1
CPT106542,,dropped_in_docs,FITNESS,4
CPT122254,2026-06-16 09:17:45.167201619,approved,,5
CPT105591,,dropped_in_docs,PERMIT,3
CPT120226,,dropped_in_docs,DL,0
CPT101448,2026-06-15 23:41:47.895495861,approved,,6
CPT110595,,dropped_in_docs,FITNESS,4
CPT111313,2026-06-13 15:38:21.830627222,approved,,6
CPT105287,,dropped_in_docs,PERMIT,3
CPT120395,,dropped_in_docs,RC,1
CPT105699,,dropped_in_docs,RC,1
CPT113625,,dropped_in_docs,FITNESS,4
CPT116063,,dropped_in_docs,INSURANCE,5
CPT122872,,dropped_in_docs,DL,0
CPT111483,,dropped_in_docs,DL,0
CPT124252,2026-06-13 19:58:17.972580413,rejected,duplicate_captain,6
CPT104825,,dropped_in_docs,AADHAAR,2
CPT115188,2026-06-12 03:06:00.570493983,approved,,5
CPT112523,,dropped_in_docs,DL,0
CPT102849,,dropped_in_docs,PERMIT,3
CPT114153,,dropped_in_docs,RC,1
CPT123367,2026-06-14 15:36:42.646656987,approved,,5
CPT124707,2026-06-13 07:54:01.868447087,approved,,5
CPT106640,,dropped_in_docs,INSURANCE,5
CPT117960,,dropped_in_docs,RC,1
CPT112487,2026-06-14 21:01:18.908975865,approved,,5
CPT112917,,dropped_in_docs,DL,0
CPT109948,,dropped_in_docs,PERMIT,3
CPT118294,,dropped_in_docs,PERMIT,3
CPT106609,,dropped_in_docs,AADHAAR,2
CPT117357,2026-06-12 03:42:25.389596171,approved,,6
CPT123519,,dropped_in_docs,INSURANCE,5
CPT118539,2026-06-16 11:08:33.347657976,approved,,6
CPT108697,,dropped_in_docs,INSURANCE,5
CPT109124,,dropped_in_docs,DL,0
CPT123939,,dropped_in_docs,PERMIT,3
CPT120633,,dropped_in_docs,RC,1
CPT105678,2026-06-11 16:24:28.087554773,approved,,6
CPT117693,,dropped_in_docs,RC,1
CPT111933,,dropped_in_docs,RC,1
CPT117380,,dropped_in_docs,INSURANCE,5
CPT106223,,dropped_in_docs,INSURANCE,5
CPT102861,,dropped_in_docs,RC,1
CPT109594,,dropped_in_docs,DL,0
CPT117400,,dropped_in_docs,RC,1
CPT122220,,dropped_in_docs,PERMIT,3
CPT118039,,dropped_in_docs,RC,1
CPT107734,,dropped_in_docs,DL,0
CPT110586,,dropped_in_docs,AADHAAR,2
CPT121914,,dropped_in_docs,INSURANCE,5
CPT120781,,dropped_in_docs,DL,0
CPT116313,2026-06-13 20:47:52.955565136,approved,,6
CPT102186,,dropped_in_docs,DL,0
CPT114631,,dropped_in_docs,AADHAAR,2
CPT120173,,dropped_in_docs,RC,1
CPT112048,,dropped_in_docs,FITNESS,4
CPT121501,,dropped_in_docs,PERMIT,3
CPT101563,,dropped_in_docs,FITNESS,4
CPT112109,2026-06-14 21:01:05.218138278,approved,,6
CPT109485,,dropped_in_docs,FITNESS,4
CPT117241,,dropped_in_docs,PERMIT,3
CPT119226,,dropped_in_docs,PERMIT,3
CPT109892,2026-06-19 02:15:45.850911314,approved,,6
CPT119595,,dropped_in_docs,RC,1
CPT109211,,dropped_in_docs,DL,0
CPT120907,,dropped_in_docs,RC,1
CPT107903,,dropped_in_docs,FITNESS,4
CPT105927,2026-06-14 16:51:25.496423447,approved,,6
CPT104940,,dropped_in_docs,INSURANCE,5
CPT116104,,dropped_in_docs,DL,0
CPT107581,,dropped_in_docs,DL,0
CPT124086,,dropped_in_docs,DL,0
CPT117090,,dropped_in_docs,FITNESS,4
CPT100356,,dropped_in_docs,PERMIT,3
CPT101115,,dropped_in_docs,PERMIT,3
CPT109764,,dropped_in_docs,FITNESS,4
CPT120691,,dropped_in_docs,RC,1
CPT104528,,dropped_in_docs,RC,1
CPT107481,,dropped_in_docs,FITNESS,4
CPT105089,,dropped_in_docs,DL,0
CPT119247,,dropped_in_docs,INSURANCE,5
CPT123867,,dropped_in_docs,PERMIT,3
CPT107511,,dropped_in_docs,PERMIT,3
CPT115269,,dropped_in_docs,DL,0
CPT118676,,dropped_in_docs,RC,1
CPT114038,2026-06-14 00:02:45.135525314,approved,,6
CPT101556,,dropped_in_docs,DL,0
CPT105737,,dropped_in_docs,FITNESS,4
CPT117771,,dropped_in_docs,INSURANCE,5
CPT102586,,dropped_in_docs,RC,1
CPT104015,,dropped_in_docs,FITNESS,4
CPT117439,2026-06-15 10:21:41.717976473,approved,,5
CPT119874,,dropped_in_docs,PERMIT,3
CPT124565,,dropped_in_docs,RC,1
CPT113281,,dropped_in_docs,PERMIT,3
CPT111038,,dropped_in_docs,AADHAAR,2
CPT109774,,dropped_in_docs,INSURANCE,5
CPT111230,,dropped_in_docs,RC,1
CPT118916,,dropped_in_docs,FITNESS,4
CPT104666,,dropped_in_docs,DL,0
CPT108091,,dropped_in_docs,AADHAAR,2
CPT102127,,dropped_in_docs,AADHAAR,2
CPT102378,,dropped_in_docs,DL,0
CPT110340,,dropped_in_docs,PERMIT,3
CPT102267,,dropped_in_docs,RC,1
CPT112653,,dropped_in_docs,AADHAAR,2
CPT102057,,dropped_in_docs,FITNESS,4
CPT121503,2026-06-15 13:24:22.535786824,approved,,6
CPT123757,,dropped_in_docs,DL,0
CPT118585,,dropped_in_docs,RC,1
CPT103200,2026-06-14 11:49:09.414716128,approved,,6
CPT110177,,dropped_in_docs,RC,1
CPT116543,,dropped_in_docs,RC,1
CPT106673,,dropped_in_docs,RC,1
CPT111043,,dropped_in_docs,PERMIT,3
CPT123411,,dropped_in_docs,DL,0
CPT114906,,dropped_in_docs,RC,1
CPT119599,2026-06-16 08:48:42.363733571,approved,,5
CPT109979,,dropped_in_docs,AADHAAR,2
CPT104467,,dropped_in_docs,DL,0
CPT113819,,dropped_in_docs,DL,0
CPT102566,,dropped_in_docs,FITNESS,4
CPT106309,,dropped_in_docs,FITNESS,4
CPT123527,2026-06-16 04:55:24.322565974,approved,,6
CPT105067,,dropped_in_docs,RC,1
CPT112284,,dropped_in_docs,RC,1
CPT110124,,dropped_in_docs,RC,1
CPT105101,,dropped_in_docs,DL,0
CPT110650,,dropped_in_docs,INSURANCE,5
CPT117118,,dropped_in_docs,PERMIT,3
CPT110688,2026-06-14 18:46:58.093503215,approved,,6
CPT104225,2026-06-16 18:04:58.834843024,approved,,6
CPT103522,,dropped_in_docs,FITNESS,4
CPT123918,,dropped_in_docs,INSURANCE,5
CPT115784,,dropped_in_docs,FITNESS,4
CPT106756,,dropped_in_docs,RC,1
CPT111558,,dropped_in_docs,RC,1
CPT122249,,dropped_in_docs,FITNESS,4
CPT107394,,dropped_in_docs,INSURANCE,5
CPT105050,,dropped_in_docs,PERMIT,3
CPT121149,,dropped_in_docs,INSURANCE,5
CPT104306,,dropped_in_docs,PERMIT,3
CPT103883,2026-06-15 08:06:13.674105418,approved,,5
CPT110353,,dropped_in_docs,DL,0
CPT123630,,dropped_in_docs,INSURANCE,5
CPT112639,,dropped_in_docs,INSURANCE,5
CPT121699,,dropped_in_docs,PERMIT,3
CPT100975,,dropped_in_docs,PERMIT,3
CPT105701,,dropped_in_docs,INSURANCE,5
CPT115302,,dropped_in_docs,AADHAAR,2
CPT105053,2026-06-12 08:42:55.316908423,approved,,6
CPT108963,,dropped_in_docs,PERMIT,3
CPT107551,2026-06-16 17:04:08.220783576,approved,,6
CPT100472,,dropped_in_docs,FITNESS,4
CPT108065,,dropped_in_docs,PERMIT,3
CPT108989,,dropped_in_docs,RC,1
CPT117587,,dropped_in_docs,RC,1
CPT106663,,dropped_in_docs,PERMIT,3
CPT104843,2026-06-14 15:41:08.853410423,approved,,6
CPT103266,2026-06-13 17:45:52.201710025,approved,,6
CPT112360,,dropped_in_docs,RC,1
CPT121746,,dropped_in_docs,FITNESS,4
CPT119854,,dropped_in_docs,PERMIT,3
CPT106103,,dropped_in_docs,AADHAAR,2
CPT118218,,dropped_in_docs,RC,1
CPT118487,,dropped_in_docs,DL,0
CPT118072,2026-06-13 23:09:39.291166948,approved,,5
CPT113301,,dropped_in_docs,INSURANCE,5
CPT102571,2026-06-15 00:14:39.504522095,approved,,5
CPT110552,2026-06-15 11:34:26.962011074,rejected,doc_authenticity_flag,6
CPT106987,,dropped_in_docs,AADHAAR,2
CPT115196,2026-06-14 14:36:21.611213111,approved,,5
CPT118574,,dropped_in_docs,AADHAAR,2
CPT108402,,dropped_in_docs,RC,1
CPT122956,,dropped_in_docs,RC,1
CPT109938,,dropped_in_docs,RC,1
CPT121820,,dropped_in_docs,DL,0
CPT110948,,dropped_in_docs,FITNESS,4
CPT100655,2026-06-13 06:59:49.382458380,approved,,6
CPT111897,,dropped_in_docs,AADHAAR,2
CPT107860,,dropped_in_docs,FITNESS,4
CPT108523,,dropped_in_docs,FITNESS,4
CPT116680,2026-06-15 04:03:57.349113718,approved,,5
CPT113483,2026-06-15 07:36:31.275447967,approved,,6
CPT102296,,dropped_in_docs,DL,0
CPT107706,,dropped_in_docs,PERMIT,3
CPT102510,,dropped_in_docs,FITNESS,4
CPT117453,,dropped_in_docs,RC,1
CPT115629,,dropped_in_docs,DL,0
CPT119555,2026-06-14 18:54:56.159211550,approved,,6
CPT123708,,dropped_in_docs,RC,1
CPT104620,,dropped_in_docs,RC,1
CPT103753,,dropped_in_docs,DL,0
CPT104585,,dropped_in_docs,PERMIT,3
CPT123183,2026-06-13 23:04:46.116552964,approved,,5
CPT114794,2026-06-13 08:04:10.018866845,approved,,5
CPT123616,,dropped_in_docs,DL,0
CPT122148,,dropped_in_docs,RC,1
CPT110854,,dropped_in_docs,FITNESS,4
CPT110786,,dropped_in_docs,AADHAAR,2
CPT106110,,dropped_in_docs,DL,0
CPT112317,2026-06-15 07:31:30.267743843,approved,,6
CPT111073,,dropped_in_docs,DL,0
CPT114367,,dropped_in_docs,DL,0
CPT104018,,dropped_in_docs,RC,1
CPT124141,,dropped_in_docs,AADHAAR,2
CPT119936,,dropped_in_docs,PERMIT,3
CPT118311,,dropped_in_docs,RC,1
CPT105452,2026-06-15 05:23:00.216735431,approved,,6
CPT122025,,dropped_in_docs,RC,1
CPT111453,2026-06-18 17:38:07.837872397,approved,,6
CPT120039,,dropped_in_docs,RC,1
CPT110915,,dropped_in_docs,FITNESS,4
CPT102886,,dropped_in_docs,RC,1
CPT123619,,dropped_in_docs,RC,1
CPT115147,,dropped_in_docs,INSURANCE,5
CPT121322,,dropped_in_docs,AADHAAR,2
CPT124254,,dropped_in_docs,PERMIT,3
CPT104783,,dropped_in_docs,PERMIT,3
CPT101433,,dropped_in_docs,RC,1
CPT111791,,dropped_in_docs,AADHAAR,2
CPT113983,,dropped_in_docs,INSURANCE,5
CPT119158,,dropped_in_docs,RC,1
CPT106466,,dropped_in_docs,RC,1
CPT102970,,dropped_in_docs,RC,1
CPT123881,,dropped_in_docs,RC,1
CPT109790,,dropped_in_docs,PERMIT,3
CPT106379,2026-06-14 20:36:26.444156431,approved,,6
CPT122020,,dropped_in_docs,FITNESS,4
CPT116481,2026-06-15 01:18:18.397810666,approved,,5
CPT101779,,dropped_in_docs,RC,1
CPT119400,,dropped_in_docs,PERMIT,3
CPT100919,,dropped_in_docs,RC,1
CPT103400,,dropped_in_docs,PERMIT,3
CPT118280,2026-06-14 22:48:28.554597010,approved,,6
CPT108950,2026-06-13 14:47:18.799277954,rejected,background_check_failed,5
CPT115538,,dropped_in_docs,PERMIT,3
CPT120790,,dropped_in_docs,FITNESS,4
CPT117731,,dropped_in_docs,INSURANCE,5
CPT110575,2026-06-14 20:21:49.713043343,approved,,5
CPT118713,,dropped_in_docs,PERMIT,3
CPT101517,2026-06-17 03:35:32.986608303,approved,,6
CPT101054,,dropped_in_docs,AADHAAR,2
CPT108040,,dropped_in_docs,AADHAAR,2
CPT112025,,dropped_in_docs,PERMIT,3
CPT112393,,dropped_in_docs,DL,0
CPT111305,,dropped_in_docs,RC,1
CPT121383,,dropped_in_docs,INSURANCE,5
CPT117538,,dropped_in_docs,RC,1
CPT121466,,dropped_in_docs,RC,1
CPT121891,2026-06-17 04:26:02.975401136,approved,,6
CPT119753,,dropped_in_docs,RC,1
CPT108518,2026-06-18 05:27:22.734286187,approved,,6
CPT118428,,dropped_in_docs,FITNESS,4
CPT117575,2026-06-14 09:08:02.454237611,approved,,5
CPT123442,,dropped_in_docs,DL,0
CPT119915,2026-06-16 06:16:10.026608179,approved,,5
CPT104770,,dropped_in_docs,RC,1
CPT116495,2026-06-13 15:05:19.417159046,approved,,5
CPT100216,2026-06-16 14:33:16.618611144,approved,,5
CPT113167,,dropped_in_docs,AADHAAR,2
CPT117246,,dropped_in_docs,RC,1
CPT105953,,dropped_in_docs,RC,1
CPT105502,,dropped_in_docs,AADHAAR,2
CPT121419,2026-06-16 06:00:50.204060835,approved,,6
CPT115767,,dropped_in_docs,DL,0
CPT110408,2026-06-15 09:33:47.235848857,rejected,vehicle_age_policy,6
CPT100496,,dropped_in_docs,RC,1
CPT106122,2026-06-18 09:09:21.388036502,approved,,6
CPT118470,,dropped_in_docs,DL,0
CPT124441,,dropped_in_docs,INSURANCE,5
CPT121331,2026-06-17 11:33:14.106449427,approved,,5
CPT109540,2026-06-16 05:55:24.929354548,approved,,6
CPT113776,,dropped_in_docs,PERMIT,3
CPT100232,2026-06-15 13:04:10.840533924,approved,,6
CPT120230,,dropped_in_docs,DL,0
CPT105472,,dropped_in_docs,DL,0
CPT120234,2026-06-18 00:13:00.945438764,approved,,6
CPT106278,2026-06-15 10:29:01.389604636,approved,,6
CPT120533,2026-06-14 22:15:56.028133714,approved,,5
CPT100639,,dropped_in_docs,INSURANCE,5
CPT119785,,dropped_in_docs,RC,1
CPT102758,,dropped_in_docs,PERMIT,3
CPT114759,,dropped_in_docs,INSURANCE,5
CPT121284,,dropped_in_docs,RC,1
CPT115943,,dropped_in_docs,RC,1
CPT118233,2026-06-16 18:32:33.271959789,approved,,6
CPT105080,,dropped_in_docs,RC,1
CPT114273,,dropped_in_docs,DL,0
CPT121710,2026-06-16 21:33:00.941085770,approved,,6
CPT116471,,dropped_in_docs,DL,0
CPT113966,,dropped_in_docs,AADHAAR,2
CPT104596,,dropped_in_docs,PERMIT,3
CPT103812,,dropped_in_docs,RC,1
CPT117347,,dropped_in_docs,RC,1
CPT115806,,dropped_in_docs,FITNESS,4
CPT119755,2026-06-21 08:03:13.213479475,approved,,6
CPT119906,,dropped_in_docs,PERMIT,3
CPT104315,2026-06-13 22:11:34.139790104,approved,,5
CPT113475,,dropped_in_docs,FITNESS,4
CPT109132,2026-06-14 23:24:15.750723902,rejected,doc_authenticity_flag,5
CPT101565,2026-06-15 06:11:00.589408275,approved,,5
CPT123365,,dropped_in_docs,DL,0
CPT103937,,dropped_in_docs,RC,1
CPT124937,,dropped_in_docs,INSURANCE,5
CPT124266,,dropped_in_docs,INSURANCE,5
CPT102787,,dropped_in_docs,FITNESS,4
CPT109915,,dropped_in_docs,PERMIT,3
CPT114558,,dropped_in_docs,PERMIT,3
CPT123284,,dropped_in_docs,RC,1
CPT118480,,dropped_in_docs,AADHAAR,2
CPT118702,,dropped_in_docs,INSURANCE,5
CPT102408,,dropped_in_docs,RC,1
CPT110671,2026-06-17 17:47:41.752729197,approved,,6
CPT116759,,dropped_in_docs,PERMIT,3
CPT119244,,dropped_in_docs,RC,1
CPT105588,,dropped_in_docs,AADHAAR,2
CPT114104,,dropped_in_docs,FITNESS,4
CPT102133,,dropped_in_docs,PERMIT,3
CPT115960,,dropped_in_docs,FITNESS,4
CPT112169,,dropped_in_docs,PERMIT,3
CPT117343,,dropped_in_docs,RC,1
CPT122870,2026-06-15 08:11:14.772162813,approved,,6
CPT102193,,dropped_in_docs,DL,0
CPT118372,,dropped_in_docs,INSURANCE,5
CPT117095,,dropped_in_docs,FITNESS,4
CPT104190,,dropped_in_docs,PERMIT,3
CPT121947,,dropped_in_docs,INSURANCE,5
CPT106014,2026-06-16 02:42:34.468648803,approved,,6
CPT111945,,dropped_in_docs,RC,1
CPT102247,2026-06-15 11:13:12.971681839,approved,,6
CPT122531,,dropped_in_docs,RC,1
CPT123768,,dropped_in_docs,PERMIT,3
CPT106926,2026-06-16 19:49:56.703258601,approved,,6
CPT108678,,dropped_in_docs,PERMIT,3
CPT115372,,dropped_in_docs,PERMIT,3
CPT115473,2026-06-15 06:39:23.567014499,rejected,background_check_failed,5
CPT108770,,dropped_in_docs,INSURANCE,5
CPT101216,,dropped_in_docs,DL,0
CPT117797,,dropped_in_docs,RC,1
CPT109626,,dropped_in_docs,DL,0
CPT105720,,dropped_in_docs,PERMIT,3
CPT108187,2026-06-19 03:57:07.535112892,approved,,5
CPT124187,,dropped_in_docs,FITNESS,4
CPT108428,,dropped_in_docs,RC,1
CPT113183,,dropped_in_docs,RC,1
CPT113217,,dropped_in_docs,INSURANCE,5
CPT103599,,dropped_in_docs,INSURANCE,5
CPT110337,2026-06-16 13:36:57.944619213,approved,,6
CPT100679,,dropped_in_docs,PERMIT,3
CPT109399,,dropped_in_docs,FITNESS,4
CPT107377,,dropped_in_docs,DL,0
CPT108944,,dropped_in_docs,DL,0
CPT103498,2026-06-16 12:46:53.131068888,approved,,6
CPT109224,,dropped_in_docs,AADHAAR,2
CPT115050,2026-06-17 22:12:37.755203310,approved,,6
CPT122900,,dropped_in_docs,RC,1
CPT108400,,dropped_in_docs,RC,1
CPT107884,,dropped_in_docs,RC,1
CPT109747,,dropped_in_docs,INSURANCE,5
CPT118025,2026-06-14 12:14:52.560963389,approved,,5
CPT122157,,dropped_in_docs,RC,1
CPT108991,,dropped_in_docs,INSURANCE,5
CPT109708,,dropped_in_docs,RC,1
CPT119592,,dropped_in_docs,INSURANCE,5
CPT122631,2026-06-16 19:00:35.171392739,rejected,vehicle_age_policy,6
CPT108110,,dropped_in_docs,INSURANCE,5
CPT107180,2026-06-15 05:08:59.180519419,approved,,6
CPT123475,,dropped_in_docs,PERMIT,3
CPT117099,2026-06-16 13:02:32.270947047,approved,,6
CPT112636,2026-06-15 04:15:16.627780506,rejected,doc_authenticity_flag,6
CPT109778,,dropped_in_docs,INSURANCE,5
CPT100678,,dropped_in_docs,AADHAAR,2
CPT101126,,dropped_in_docs,INSURANCE,5
CPT103922,2026-06-18 01:06:58.562258694,approved,,6
CPT104340,,dropped_in_docs,INSURANCE,5
CPT117900,,dropped_in_docs,AADHAAR,2
CPT108929,,dropped_in_docs,RC,1
CPT100368,,dropped_in_docs,AADHAAR,2
CPT121153,2026-06-19 03:55:34.114766155,approved,,6
CPT102778,,dropped_in_docs,DL,0
CPT102719,2026-06-16 01:04:33.393793706,approved,,6
CPT118168,2026-06-16 09:38:28.228058033,approved,,6
CPT118629,,dropped_in_docs,RC,1
CPT111719,,dropped_in_docs,FITNESS,4
CPT117903,,dropped_in_docs,RC,1
CPT116032,,dropped_in_docs,DL,0
CPT108318,,dropped_in_docs,INSURANCE,5
CPT124074,,dropped_in_docs,PERMIT,3
CPT115438,2026-06-17 01:35:20.723136691,approved,,6
CPT101100,,dropped_in_docs,RC,1
CPT113242,,dropped_in_docs,RC,1
CPT117281,,dropped_in_docs,FITNESS,4
CPT108457,,dropped_in_docs,RC,1
CPT100748,,dropped_in_docs,INSURANCE,5
CPT117023,,dropped_in_docs,PERMIT,3
CPT121897,,dropped_in_docs,PERMIT,3
CPT115983,2026-06-17 08:14:06.139681669,approved,,6
CPT123124,,dropped_in_docs,PERMIT,3
CPT105767,,dropped_in_docs,PERMIT,3
CPT115225,,dropped_in_docs,RC,1
CPT122617,,dropped_in_docs,DL,0
CPT111904,,dropped_in_docs,FITNESS,4
CPT117812,,dropped_in_docs,RC,1
CPT101071,,dropped_in_docs,PERMIT,3
CPT102412,,dropped_in_docs,FITNESS,4
CPT105025,,dropped_in_docs,PERMIT,3
CPT101377,,dropped_in_docs,DL,0
CPT124671,,dropped_in_docs,PERMIT,3
CPT110569,2026-06-15 08:53:59.048726107,approved,,6
CPT121982,,dropped_in_docs,RC,1
CPT104238,2026-06-17 14:21:32.166353975,approved,,6
CPT109801,,dropped_in_docs,INSURANCE,5
CPT102418,2026-06-18 16:35:04.118567767,approved,,6
CPT123606,,dropped_in_docs,FITNESS,4
CPT105455,2026-06-16 14:28:25.395542008,approved,,6
CPT104657,,dropped_in_docs,INSURANCE,5
CPT119281,,dropped_in_docs,DL,0
CPT100928,,dropped_in_docs,PERMIT,3
CPT101122,,dropped_in_docs,DL,0
CPT117240,,dropped_in_docs,AADHAAR,2
CPT123869,,dropped_in_docs,FITNESS,4
CPT105071,,dropped_in_docs,AADHAAR,2
CPT100072,,dropped_in_docs,RC,1
CPT100104,2026-06-15 13:31:20.714825116,approved,,6
CPT116755,,dropped_in_docs,PERMIT,3
CPT112473,,dropped_in_docs,DL,0
CPT118427,,dropped_in_docs,PERMIT,3
CPT122971,,dropped_in_docs,PERMIT,3
CPT102357,,dropped_in_docs,PERMIT,3
CPT100005,,dropped_in_docs,RC,1
CPT121538,,dropped_in_docs,INSURANCE,5
CPT118400,,dropped_in_docs,RC,1
CPT116165,,dropped_in_docs,FITNESS,4
CPT123506,,dropped_in_docs,RC,1
CPT118606,,dropped_in_docs,DL,0
CPT108616,,dropped_in_docs,FITNESS,4
CPT120670,2026-06-16 21:07:36.979068595,approved,,5
CPT123018,2026-06-16 20:43:20.479493522,approved,,6
CPT120249,,dropped_in_docs,FITNESS,4
CPT122349,,dropped_in_docs,FITNESS,4
CPT111227,,dropped_in_docs,FITNESS,4
CPT119529,,dropped_in_docs,RC,1
CPT109669,,dropped_in_docs,PERMIT,3
CPT107777,,dropped_in_docs,DL,0
CPT107005,,dropped_in_docs,PERMIT,3
CPT122441,,dropped_in_docs,AADHAAR,2
CPT120949,,dropped_in_docs,INSURANCE,5
CPT115777,2026-06-17 07:42:22.053241217,approved,,6
CPT124758,,dropped_in_docs,PERMIT,3
CPT117319,,dropped_in_docs,RC,1
CPT105324,2026-06-18 19:36:17.150236655,approved,,6
CPT104590,,dropped_in_docs,DL,0
CPT121723,,dropped_in_docs,RC,1
CPT108797,2026-06-18 13:57:43.418709341,rejected,background_check_failed,6
CPT123639,,dropped_in_docs,DL,0
CPT121103,,dropped_in_docs,AADHAAR,2
CPT108473,2026-06-18 00:53:01.369087523,approved,,6
CPT109601,,dropped_in_docs,PERMIT,3
CPT100049,,dropped_in_docs,RC,1
CPT119684,,dropped_in_docs,DL,0
CPT109592,,dropped_in_docs,PERMIT,3
CPT110025,,dropped_in_docs,AADHAAR,2
CPT124884,,dropped_in_docs,RC,1
CPT110101,,dropped_in_docs,FITNESS,4
CPT120739,,dropped_in_docs,PERMIT,3
CPT120147,,dropped_in_docs,PERMIT,3
CPT116707,,dropped_in_docs,DL,0
CPT105313,,dropped_in_docs,PERMIT,3
CPT120390,,dropped_in_docs,DL,0
CPT117950,2026-06-18 11:44:30.209961056,approved,,6
CPT111975,,dropped_in_docs,RC,1
CPT115832,,dropped_in_docs,DL,0
CPT121673,,dropped_in_docs,FITNESS,4
CPT112543,,dropped_in_docs,FITNESS,4
CPT122571,,dropped_in_docs,RC,1
CPT122082,2026-06-15 10:37:24.587173363,approved,,5
CPT110598,,dropped_in_docs,PERMIT,3
CPT106632,,dropped_in_docs,AADHAAR,2
CPT117728,,dropped_in_docs,PERMIT,3
CPT112786,,dropped_in_docs,DL,0
CPT120837,,dropped_in_docs,RC,1
CPT109147,,dropped_in_docs,FITNESS,4
CPT113129,,dropped_in_docs,INSURANCE,5
CPT117781,,dropped_in_docs,RC,1
CPT120435,,dropped_in_docs,INSURANCE,5
CPT112144,2026-06-15 10:54:28.658041126,approved,,6
CPT103362,,dropped_in_docs,RC,1
CPT108619,,dropped_in_docs,RC,1
CPT109577,2026-06-17 21:51:57.218762419,approved,,6
CPT101599,,dropped_in_docs,DL,0
CPT118108,,dropped_in_docs,FITNESS,4
CPT101875,,dropped_in_docs,PERMIT,3
CPT122691,,dropped_in_docs,RC,1
CPT120349,,dropped_in_docs,FITNESS,4
CPT114536,2026-06-18 11:15:52.841326590,approved,,6
CPT103154,,dropped_in_docs,RC,1
CPT101958,,dropped_in_docs,AADHAAR,2
CPT121029,,dropped_in_docs,PERMIT,3
CPT115496,,dropped_in_docs,PERMIT,3
CPT108831,,dropped_in_docs,DL,0
CPT109275,,dropped_in_docs,RC,1
CPT109781,,dropped_in_docs,DL,0
CPT104342,,dropped_in_docs,INSURANCE,5
CPT116690,,dropped_in_docs,FITNESS,4
CPT120813,,dropped_in_docs,AADHAAR,2
CPT124598,,dropped_in_docs,INSURANCE,5
CPT101000,,dropped_in_docs,FITNESS,4
CPT102421,,dropped_in_docs,FITNESS,4
CPT121719,,dropped_in_docs,PERMIT,3
CPT104099,,dropped_in_docs,FITNESS,4
CPT115772,2026-06-17 22:59:06.658185907,approved,,6
CPT107532,,dropped_in_docs,PERMIT,3
CPT119602,,dropped_in_docs,PERMIT,3
CPT119569,,dropped_in_docs,RC,1
CPT118381,2026-06-17 05:37:31.507200036,approved,,6
CPT122941,,dropped_in_docs,RC,1
CPT115418,,dropped_in_docs,PERMIT,3
CPT106056,,dropped_in_docs,FITNESS,4
CPT116188,,dropped_in_docs,PERMIT,3
CPT103243,,dropped_in_docs,PERMIT,3
CPT118677,,dropped_in_docs,RC,1
CPT107818,,dropped_in_docs,RC,1
CPT101299,,dropped_in_docs,DL,0
CPT121135,,dropped_in_docs,INSURANCE,5
CPT120771,,dropped_in_docs,PERMIT,3
CPT114813,,dropped_in_docs,RC,1
CPT106826,2026-06-17 00:02:10.454729422,approved,,6
CPT124333,,dropped_in_docs,INSURANCE,5
CPT119710,,dropped_in_docs,AADHAAR,2
CPT110989,,dropped_in_docs,PERMIT,3
CPT121027,,dropped_in_docs,FITNESS,4
CPT104039,,dropped_in_docs,RC,1
CPT102535,,dropped_in_docs,AADHAAR,2
CPT105035,,dropped_in_docs,FITNESS,4
CPT114143,,dropped_in_docs,DL,0
CPT105136,,dropped_in_docs,INSURANCE,5
CPT112460,2026-06-17 10:08:40.549376759,approved,,5
CPT106743,,dropped_in_docs,AADHAAR,2
CPT116806,2026-06-20 04:44:44.261248949,approved,,6
CPT123158,,dropped_in_docs,FITNESS,4
CPT103166,2026-06-17 21:58:02.681358616,approved,,6
CPT111706,,dropped_in_docs,FITNESS,4
CPT106824,,dropped_in_docs,PERMIT,3
CPT121118,,dropped_in_docs,FITNESS,4
CPT101174,,dropped_in_docs,DL,0
CPT124833,,dropped_in_docs,DL,0
CPT123259,,dropped_in_docs,INSURANCE,5
CPT120334,,dropped_in_docs,RC,1
CPT107531,,dropped_in_docs,RC,1
CPT107666,,dropped_in_docs,RC,1
CPT106981,,dropped_in_docs,INSURANCE,5
CPT108958,,dropped_in_docs,INSURANCE,5
CPT109142,2026-06-16 01:09:52.938180023,approved,,6
CPT102879,,dropped_in_docs,DL,0
CPT114167,,dropped_in_docs,FITNESS,4
CPT103413,2026-06-18 02:36:35.946656998,approved,,6
CPT118440,,dropped_in_docs,RC,1
CPT117849,,dropped_in_docs,PERMIT,3
CPT118227,,dropped_in_docs,PERMIT,3
CPT120620,,dropped_in_docs,PERMIT,3
CPT116859,2026-06-20 22:43:45.313804653,approved,,6
CPT114295,2026-06-17 20:16:28.550967343,approved,,6
CPT104257,,dropped_in_docs,INSURANCE,5
CPT110530,,dropped_in_docs,PERMIT,3
CPT124158,,dropped_in_docs,AADHAAR,2
CPT103217,,dropped_in_docs,DL,0
CPT103604,,dropped_in_docs,PERMIT,3
CPT105120,,dropped_in_docs,AADHAAR,2
CPT106613,,dropped_in_docs,RC,1
CPT120054,,dropped_in_docs,AADHAAR,2
CPT119645,2026-06-20 14:56:59.807184184,rejected,duplicate_captain,6
CPT108240,,dropped_in_docs,PERMIT,3
CPT105501,2026-06-17 18:55:30.106929046,approved,,6
CPT121048,,dropped_in_docs,FITNESS,4
CPT117954,2026-06-18 13:00:49.433174307,rejected,vehicle_age_policy,6
CPT103570,2026-06-20 02:16:48.896436617,approved,,5
CPT107871,,dropped_in_docs,PERMIT,3
CPT111182,,dropped_in_docs,RC,1
CPT121777,,dropped_in_docs,RC,1
CPT114680,,dropped_in_docs,FITNESS,4
CPT117010,,dropped_in_docs,FITNESS,4
CPT114933,,dropped_in_docs,FITNESS,4
CPT113786,,dropped_in_docs,PERMIT,3
CPT121945,2026-06-22 06:48:18.332254506,rejected,background_check_failed,6
CPT108658,,dropped_in_docs,PERMIT,3
CPT112414,,dropped_in_docs,PERMIT,3
CPT101935,,dropped_in_docs,DL,0
CPT119957,,dropped_in_docs,AADHAAR,2
CPT118562,,dropped_in_docs,PERMIT,3
CPT123074,,dropped_in_docs,INSURANCE,5
CPT103116,,dropped_in_docs,FITNESS,4
CPT103022,,dropped_in_docs,AADHAAR,2
CPT110399,2026-06-17 17:18:53.407278047,approved,,5
CPT118518,,dropped_in_docs,INSURANCE,5
CPT100041,,dropped_in_docs,AADHAAR,2
CPT117827,,dropped_in_docs,RC,1
CPT104603,,dropped_in_docs,PERMIT,3
CPT120217,,dropped_in_docs,RC,1
CPT119216,,dropped_in_docs,PERMIT,3
CPT101936,2026-06-17 13:14:25.991124136,rejected,background_check_failed,6
CPT113513,2026-06-17 16:01:30.424368470,approved,,6
CPT111444,,dropped_in_docs,RC,1
CPT124932,,dropped_in_docs,INSURANCE,5
CPT113935,,dropped_in_docs,INSURANCE,5
CPT121475,2026-06-18 18:54:11.482344395,approved,,6
CPT118069,,dropped_in_docs,RC,1
CPT118886,,dropped_in_docs,AADHAAR,2
CPT101146,,dropped_in_docs,RC,1
CPT124120,2026-06-20 11:56:45.034175351,approved,,6
CPT124255,,dropped_in_docs,DL,0
CPT117627,,dropped_in_docs,PERMIT,3
CPT112142,2026-06-17 19:37:29.415605083,approved,,6
CPT110136,2026-06-20 04:32:10.745868448,approved,,6
CPT119019,2026-06-16 10:24:22.700313674,approved,,6
CPT102683,,dropped_in_docs,FITNESS,4
CPT124131,,dropped_in_docs,DL,0
CPT104633,,dropped_in_docs,PERMIT,3
CPT123495,,dropped_in_docs,RC,1
CPT116569,2026-06-16 01:22:18.692398608,approved,,5
CPT108583,,dropped_in_docs,RC,1
CPT101703,2026-06-19 09:54:30.209869309,approved,,6
CPT114908,,dropped_in_docs,RC,1
CPT113758,,dropped_in_docs,PERMIT,3
CPT119648,,dropped_in_docs,RC,1
CPT115230,,dropped_in_docs,PERMIT,3
CPT105411,,dropped_in_docs,DL,0
CPT102457,2026-06-17 03:28:24.787182500,approved,,6
CPT115515,,dropped_in_docs,INSURANCE,5
CPT108832,,dropped_in_docs,RC,1
CPT117949,2026-06-18 02:10:38.948995023,approved,,6
CPT113772,2026-06-17 19:31:38.155223778,approved,,6
CPT124335,,dropped_in_docs,RC,1
CPT120361,,dropped_in_docs,PERMIT,3
CPT106744,,dropped_in_docs,RC,1
CPT121094,,dropped_in_docs,PERMIT,3
CPT100443,,dropped_in_docs,RC,1
CPT101001,,dropped_in_docs,PERMIT,3
CPT103801,,dropped_in_docs,FITNESS,4
CPT110301,,dropped_in_docs,RC,1
CPT102552,2026-06-19 19:25:19.581287539,rejected,background_check_failed,6
CPT113549,,dropped_in_docs,AADHAAR,2
CPT114777,2026-06-19 10:54:30.339836017,approved,,6
CPT108391,,dropped_in_docs,INSURANCE,5
CPT124840,2026-06-20 16:54:10.045347659,approved,,6
CPT117794,2026-06-20 20:21:50.119803620,approved,,6
CPT119321,,dropped_in_docs,AADHAAR,2
CPT106171,,dropped_in_docs,RC,1
CPT102093,,dropped_in_docs,AADHAAR,2
CPT109191,,dropped_in_docs,PERMIT,3
CPT124906,,dropped_in_docs,PERMIT,3
CPT103426,,dropped_in_docs,FITNESS,4
CPT113964,,dropped_in_docs,FITNESS,4
CPT107350,2026-06-17 22:45:23.357248282,rejected,doc_authenticity_flag,6
CPT109997,,dropped_in_docs,AADHAAR,2
CPT110588,,dropped_in_docs,RC,1
CPT113153,,dropped_in_docs,FITNESS,4
CPT117715,2026-06-17 04:59:36.439069641,approved,,6
CPT104893,,dropped_in_docs,RC,1
CPT114228,,dropped_in_docs,INSURANCE,5
CPT115069,,dropped_in_docs,RC,1
CPT103145,,dropped_in_docs,DL,0
CPT104524,,dropped_in_docs,FITNESS,4
CPT111296,,dropped_in_docs,RC,1
CPT102483,2026-06-18 06:50:59.506814873,approved,,6
CPT100386,,dropped_in_docs,DL,0
CPT122133,2026-06-18 21:28:43.160439913,approved,,5
CPT108857,,dropped_in_docs,AADHAAR,2
CPT103690,,dropped_in_docs,DL,0
CPT107404,,dropped_in_docs,AADHAAR,2
CPT100143,2026-06-17 02:34:06.122892307,rejected,background_check_failed,6
CPT100091,,dropped_in_docs,PERMIT,3
CPT106317,,dropped_in_docs,DL,0
CPT107861,2026-06-15 13:20:04.932846469,approved,,5
CPT118386,,dropped_in_docs,FITNESS,4
CPT121393,,dropped_in_docs,PERMIT,3
CPT107692,,dropped_in_docs,FITNESS,4
CPT120350,,dropped_in_docs,RC,1
CPT120412,,dropped_in_docs,RC,1
CPT117210,2026-06-18 10:14:52.264735755,approved,,6
CPT113402,2026-06-18 06:03:24.200468339,approved,,6
CPT105266,,dropped_in_docs,FITNESS,4
CPT108295,,dropped_in_docs,PERMIT,3
CPT116948,2026-06-18 00:01:45.971777708,approved,,6
CPT114027,,dropped_in_docs,DL,0
CPT122200,2026-06-14 16:38:07.878317044,approved,,6
CPT112905,2026-06-18 10:10:17.160182851,approved,,6
CPT116745,,dropped_in_docs,RC,1
CPT100182,,dropped_in_docs,FITNESS,4
CPT120705,,dropped_in_docs,DL,0
CPT122158,,dropped_in_docs,AADHAAR,2
CPT112553,,dropped_in_docs,RC,1
CPT102220,,dropped_in_docs,AADHAAR,2
CPT104030,2026-06-16 20:25:21.587844419,approved,,5
CPT118347,,dropped_in_docs,RC,1
CPT104456,2026-06-17 06:11:19.102546200,approved,,6
CPT119369,,dropped_in_docs,INSURANCE,5
CPT119698,,dropped_in_docs,AADHAAR,2
CPT119213,,dropped_in_docs,INSURANCE,5
CPT105697,,dropped_in_docs,RC,1
CPT104689,,dropped_in_docs,RC,1
CPT123856,2026-06-18 01:41:55.199718076,approved,,5
CPT120822,2026-06-18 01:25:58.648877451,approved,,6
CPT116414,,dropped_in_docs,DL,0
CPT111644,2026-06-21 15:51:49.656725359,approved,,5
CPT116521,,dropped_in_docs,RC,1
CPT102663,,dropped_in_docs,FITNESS,4
CPT107296,,dropped_in_docs,FITNESS,4
CPT101031,,dropped_in_docs,RC,1
CPT121677,,dropped_in_docs,AADHAAR,2
CPT123944,2026-06-16 23:39:32.965700689,approved,,5
CPT115598,,dropped_in_docs,DL,0
CPT117524,,dropped_in_docs,FITNESS,4
CPT109041,,dropped_in_docs,RC,1
CPT100770,,dropped_in_docs,DL,0
CPT117445,,dropped_in_docs,PERMIT,3
CPT123567,,dropped_in_docs,PERMIT,3
CPT110837,,dropped_in_docs,PERMIT,3
CPT107802,,dropped_in_docs,PERMIT,3
CPT103163,,dropped_in_docs,AADHAAR,2
CPT100346,,dropped_in_docs,RC,1
CPT121306,,dropped_in_docs,FITNESS,4
CPT107482,,dropped_in_docs,RC,1
CPT113852,2026-06-16 21:03:28.199867843,rejected,background_check_failed,6
CPT124786,,dropped_in_docs,RC,1
CPT108380,,dropped_in_docs,RC,1
CPT101560,,dropped_in_docs,RC,1
CPT117519,,dropped_in_docs,INSURANCE,5
CPT104610,,dropped_in_docs,DL,0
CPT110262,,dropped_in_docs,PERMIT,3
CPT100581,,dropped_in_docs,RC,1
CPT114748,,dropped_in_docs,RC,1
CPT100273,,dropped_in_docs,PERMIT,3
CPT108379,,dropped_in_docs,RC,1
CPT110675,,dropped_in_docs,PERMIT,3
CPT123888,2026-06-19 01:01:30.521398099,approved,,6
CPT107173,,dropped_in_docs,FITNESS,4
CPT104504,,dropped_in_docs,RC,1
CPT115780,2026-06-17 17:36:25.619967215,approved,,5
CPT107897,,dropped_in_docs,DL,0
CPT114145,,dropped_in_docs,DL,0
CPT122813,,dropped_in_docs,DL,0
CPT123651,2026-06-15 20:12:54.331077523,approved,,5
CPT101157,,dropped_in_docs,RC,1
CPT113846,2026-06-18 23:40:40.482765769,approved,,6
CPT109799,,dropped_in_docs,DL,0
CPT103632,,dropped_in_docs,FITNESS,4
CPT121706,2026-06-19 23:43:39.420029322,approved,,6
CPT124519,,dropped_in_docs,AADHAAR,2
CPT112242,,dropped_in_docs,RC,1
CPT117599,,dropped_in_docs,PERMIT,3
CPT107371,2026-06-21 12:18:38.546442173,approved,,6
CPT102977,,dropped_in_docs,AADHAAR,2
CPT116394,,dropped_in_docs,PERMIT,3
CPT105759,,dropped_in_docs,RC,1
CPT108829,2026-06-18 23:01:08.398157256,approved,,6
CPT123417,,dropped_in_docs,RC,1
CPT108573,,dropped_in_docs,INSURANCE,5
CPT100492,,dropped_in_docs,RC,1
CPT109284,,dropped_in_docs,RC,1
CPT104265,,dropped_in_docs,DL,0
CPT122922,,dropped_in_docs,RC,1
CPT112010,,dropped_in_docs,PERMIT,3
CPT118670,,dropped_in_docs,DL,0
CPT110027,,dropped_in_docs,RC,1
CPT104571,,dropped_in_docs,RC,1
CPT119465,,dropped_in_docs,PERMIT,3
CPT119543,,dropped_in_docs,RC,1
CPT111160,,dropped_in_docs,FITNESS,4
CPT124340,,dropped_in_docs,DL,0
CPT109610,,dropped_in_docs,PERMIT,3
CPT117044,2026-06-18 00:02:12.826167392,approved,,5
CPT114805,,dropped_in_docs,AADHAAR,2
CPT117909,2026-06-16 21:18:49.057777504,approved,,6
CPT106642,,dropped_in_docs,AADHAAR,2
CPT120155,,dropped_in_docs,DL,0
CPT115814,,dropped_in_docs,INSURANCE,5
CPT113349,,dropped_in_docs,PERMIT,3
CPT106849,,dropped_in_docs,FITNESS,4
CPT123662,,dropped_in_docs,FITNESS,4
CPT120509,,dropped_in_docs,PERMIT,3
CPT100673,,dropped_in_docs,INSURANCE,5
CPT122397,,dropped_in_docs,INSURANCE,5
CPT122938,,dropped_in_docs,RC,1
CPT103780,,dropped_in_docs,RC,1
CPT107227,,dropped_in_docs,INSURANCE,5
CPT102626,,dropped_in_docs,RC,1
CPT105039,,dropped_in_docs,FITNESS,4
CPT105339,,dropped_in_docs,RC,1
CPT113929,,dropped_in_docs,AADHAAR,2
CPT117897,2026-06-19 11:13:49.257346268,approved,,6
CPT118865,,dropped_in_docs,INSURANCE,5
CPT116399,,dropped_in_docs,INSURANCE,5
CPT109709,,dropped_in_docs,RC,1
CPT102821,2026-06-19 18:08:37.132095081,approved,,6
CPT107309,,dropped_in_docs,RC,1
CPT104318,,dropped_in_docs,RC,1
CPT111189,,dropped_in_docs,RC,1
CPT115415,,dropped_in_docs,FITNESS,4
CPT117818,,dropped_in_docs,DL,0
CPT120599,,dropped_in_docs,FITNESS,4
CPT104430,,dropped_in_docs,FITNESS,4
CPT120362,,dropped_in_docs,DL,0
CPT108266,,dropped_in_docs,INSURANCE,5
CPT108804,,dropped_in_docs,RC,1
CPT100084,,dropped_in_docs,RC,1
CPT122995,,dropped_in_docs,AADHAAR,2
CPT113963,,dropped_in_docs,FITNESS,4
CPT101177,,dropped_in_docs,RC,1
CPT119971,,dropped_in_docs,PERMIT,3
CPT106892,,dropped_in_docs,FITNESS,4
CPT103225,,dropped_in_docs,INSURANCE,5
CPT101972,,dropped_in_docs,FITNESS,4
CPT107150,,dropped_in_docs,AADHAAR,2
CPT110999,,dropped_in_docs,AADHAAR,2
CPT105199,2026-06-17 21:51:01.056912155,approved,,6
CPT104083,,dropped_in_docs,RC,1
CPT122874,2026-06-21 23:38:20.377302617,approved,,6
CPT103392,,dropped_in_docs,DL,0
CPT118243,,dropped_in_docs,AADHAAR,2
CPT123975,,dropped_in_docs,AADHAAR,2
CPT103909,,dropped_in_docs,DL,0
CPT120797,2026-06-17 14:16:38.757841783,approved,,6
CPT124083,2026-06-18 18:46:37.000606915,approved,,6
CPT119761,,dropped_in_docs,DL,0
CPT103147,,dropped_in_docs,DL,0
CPT102676,2026-06-19 18:53:51.227099605,approved,,6
CPT114971,2026-06-19 08:31:50.837057851,approved,,6
CPT114717,,dropped_in_docs,AADHAAR,2
CPT123777,,dropped_in_docs,PERMIT,3
CPT112474,2026-06-20 04:44:48.993453840,approved,,6
CPT100220,,dropped_in_docs,AADHAAR,2
CPT113462,,dropped_in_docs,DL,0
CPT121326,,dropped_in_docs,RC,1
CPT123793,,dropped_in_docs,FITNESS,4
CPT114229,,dropped_in_docs,INSURANCE,5
CPT123144,2026-06-19 23:23:57.879400950,approved,,6
CPT105024,,dropped_in_docs,DL,0
CPT109183,,dropped_in_docs,INSURANCE,5
CPT124999,,dropped_in_docs,RC,1
CPT114701,,dropped_in_docs,PERMIT,3
CPT110526,2026-06-19 04:56:13.828124905,approved,,6
CPT116475,,dropped_in_docs,DL,0
CPT101809,,dropped_in_docs,RC,1
CPT114418,,dropped_in_docs,RC,1
CPT109824,2026-06-20 07:11:39.860925649,approved,,6
CPT108907,,dropped_in_docs,AADHAAR,2
CPT101124,,dropped_in_docs,FITNESS,4
CPT108395,,dropped_in_docs,PERMIT,3
CPT109128,,dropped_in_docs,FITNESS,4
CPT106061,,dropped_in_docs,RC,1
CPT101326,,dropped_in_docs,AADHAAR,2
CPT111684,,dropped_in_docs,PERMIT,3
CPT110346,2026-06-16 23:49:42.730995969,rejected,duplicate_captain,5
CPT119575,2026-06-19 22:58:14.784431984,approved,,6
CPT115887,,dropped_in_docs,FITNESS,4
CPT124688,,dropped_in_docs,PERMIT,3
CPT118471,,dropped_in_docs,DL,0
CPT115237,,dropped_in_docs,AADHAAR,2
CPT104529,,dropped_in_docs,INSURANCE,5
CPT112824,,dropped_in_docs,RC,1
CPT119236,,dropped_in_docs,AADHAAR,2
CPT113582,,dropped_in_docs,RC,1
CPT110315,,dropped_in_docs,DL,0
CPT115289,,dropped_in_docs,AADHAAR,2
CPT114729,,dropped_in_docs,INSURANCE,5
CPT106772,2026-06-20 23:47:44.749056595,approved,,6
CPT102555,,dropped_in_docs,FITNESS,4
CPT117938,2026-06-18 20:37:34.769182758,approved,,6
CPT103941,,dropped_in_docs,PERMIT,3
CPT109914,,dropped_in_docs,RC,1
CPT101750,,dropped_in_docs,INSURANCE,5
CPT118737,,dropped_in_docs,DL,0
CPT117173,,dropped_in_docs,DL,0
CPT124656,,dropped_in_docs,FITNESS,4
CPT118690,2026-06-19 16:59:58.821748723,approved,,6
CPT103314,,dropped_in_docs,AADHAAR,2
CPT119657,,dropped_in_docs,RC,1
CPT117286,,dropped_in_docs,PERMIT,3
CPT120491,,dropped_in_docs,DL,0
CPT124059,,dropped_in_docs,RC,1
CPT112483,,dropped_in_docs,RC,1
CPT113069,,dropped_in_docs,RC,1
CPT124306,,dropped_in_docs,PERMIT,3
CPT108682,2026-06-18 16:03:53.545491980,rejected,doc_authenticity_flag,6
CPT108535,,dropped_in_docs,PERMIT,3
CPT123416,,dropped_in_docs,RC,1
CPT101355,,dropped_in_docs,FITNESS,4
CPT119069,,dropped_in_docs,DL,0
CPT115366,,dropped_in_docs,PERMIT,3
CPT123279,,dropped_in_docs,PERMIT,3
CPT100573,2026-06-20 11:17:54.120344730,approved,,6
CPT110821,,dropped_in_docs,INSURANCE,5
CPT120112,2026-06-22 12:46:50.352369343,approved,,6
CPT100907,,dropped_in_docs,FITNESS,4
CPT111990,2026-06-19 02:08:44.384092103,approved,,5
CPT111107,,dropped_in_docs,INSURANCE,5
CPT121451,,dropped_in_docs,AADHAAR,2
CPT102439,,dropped_in_docs,FITNESS,4
CPT108905,2026-06-19 09:46:20.163098108,rejected,background_check_failed,6
CPT123747,,dropped_in_docs,RC,1
CPT117448,,dropped_in_docs,RC,1
CPT105778,,dropped_in_docs,INSURANCE,5
CPT106901,,dropped_in_docs,AADHAAR,2
CPT103103,,dropped_in_docs,INSURANCE,5
CPT109003,,dropped_in_docs,FITNESS,4
CPT119858,,dropped_in_docs,PERMIT,3
CPT100995,,dropped_in_docs,PERMIT,3
CPT120176,,dropped_in_docs,RC,1
CPT122238,,dropped_in_docs,DL,0
CPT113144,,dropped_in_docs,PERMIT,3
CPT109318,,dropped_in_docs,RC,1
CPT120351,2026-06-23 03:12:39.195187553,approved,,6
CPT100233,,dropped_in_docs,INSURANCE,5
CPT118189,2026-06-19 13:19:40.517769017,approved,,5
CPT110572,,dropped_in_docs,PERMIT,3
CPT111184,,dropped_in_docs,PERMIT,3
CPT121549,,dropped_in_docs,RC,1
CPT111141,,dropped_in_docs,DL,0
CPT120320,,dropped_in_docs,AADHAAR,2
CPT100489,,dropped_in_docs,DL,0
CPT116368,2026-06-21 11:01:13.052733406,approved,,6
CPT101236,,dropped_in_docs,RC,1
CPT119147,,dropped_in_docs,AADHAAR,2
CPT109022,,dropped_in_docs,PERMIT,3
CPT105762,,dropped_in_docs,PERMIT,3
CPT103263,,dropped_in_docs,DL,0
CPT116513,,dropped_in_docs,RC,1
CPT123083,,dropped_in_docs,DL,0
CPT122346,,dropped_in_docs,FITNESS,4
CPT109066,,dropped_in_docs,DL,0
CPT108514,,dropped_in_docs,INSURANCE,5
CPT121180,2026-06-20 16:42:34.982266905,approved,,6
CPT113484,,dropped_in_docs,FITNESS,4
CPT110812,,dropped_in_docs,AADHAAR,2
CPT122945,,dropped_in_docs,INSURANCE,5
CPT114174,,dropped_in_docs,INSURANCE,5
CPT120497,,dropped_in_docs,RC,1
CPT121473,,dropped_in_docs,RC,1
CPT109788,2026-06-19 04:25:45.988638985,approved,,6
CPT122613,,dropped_in_docs,INSURANCE,5
CPT102971,,dropped_in_docs,INSURANCE,5
CPT122447,,dropped_in_docs,DL,0
CPT118882,,dropped_in_docs,INSURANCE,5
CPT122648,,dropped_in_docs,RC,1
CPT102379,,dropped_in_docs,PERMIT,3
CPT119685,,dropped_in_docs,FITNESS,4
CPT102534,,dropped_in_docs,RC,1
CPT104781,,dropped_in_docs,RC,1
CPT100805,,dropped_in_docs,AADHAAR,2
CPT115786,,dropped_in_docs,RC,1
CPT120121,,dropped_in_docs,RC,1
CPT122312,,dropped_in_docs,RC,1
CPT120572,,dropped_in_docs,RC,1
CPT122615,,dropped_in_docs,RC,1
CPT110871,,dropped_in_docs,RC,1
CPT111947,2026-06-21 15:35:53.864199697,approved,,6
CPT107679,,dropped_in_docs,PERMIT,3
CPT113336,,dropped_in_docs,FITNESS,4
CPT123692,,dropped_in_docs,INSURANCE,5
CPT109762,,dropped_in_docs,RC,1
CPT118971,,dropped_in_docs,FITNESS,4
CPT115212,2026-06-19 11:44:31.913658091,rejected,vehicle_age_policy,6
CPT119241,,dropped_in_docs,FITNESS,4
CPT119630,,dropped_in_docs,PERMIT,3
CPT104378,,dropped_in_docs,FITNESS,4
CPT102463,2026-06-21 08:08:01.332740550,approved,,6
CPT116780,,dropped_in_docs,DL,0
CPT104288,,dropped_in_docs,INSURANCE,5
CPT104170,,dropped_in_docs,RC,1
CPT116887,,dropped_in_docs,RC,1
CPT107838,,dropped_in_docs,PERMIT,3
CPT101747,,dropped_in_docs,DL,0
CPT108035,,dropped_in_docs,RC,1
CPT114437,,dropped_in_docs,RC,1
CPT115501,,dropped_in_docs,FITNESS,4
CPT118333,,dropped_in_docs,INSURANCE,5
CPT115914,,dropped_in_docs,FITNESS,4
CPT105933,,dropped_in_docs,RC,1
CPT109856,,dropped_in_docs,DL,0
CPT120841,,dropped_in_docs,DL,0
CPT111475,,dropped_in_docs,INSURANCE,5
CPT120784,,dropped_in_docs,RC,1
CPT121785,,dropped_in_docs,INSURANCE,5
CPT122038,,dropped_in_docs,RC,1
CPT104802,2026-06-20 18:01:48.973789346,approved,,6
CPT105874,,dropped_in_docs,RC,1
CPT101350,,dropped_in_docs,DL,0
CPT123026,,dropped_in_docs,INSURANCE,5
CPT124716,,dropped_in_docs,DL,0
CPT124557,,dropped_in_docs,DL,0
CPT112930,,dropped_in_docs,RC,1
CPT110549,,dropped_in_docs,RC,1
CPT106323,,dropped_in_docs,PERMIT,3
CPT113045,,dropped_in_docs,PERMIT,3
CPT114142,,dropped_in_docs,DL,0
CPT115632,2026-06-21 06:04:04.829500135,approved,,6
CPT117253,,dropped_in_docs,FITNESS,4
CPT119160,2026-06-20 22:06:37.065712473,approved,,6
CPT111778,,dropped_in_docs,RC,1
CPT111799,2026-06-20 01:19:36.902009517,approved,,6
CPT103463,,dropped_in_docs,RC,1
CPT117962,,dropped_in_docs,FITNESS,4
CPT114050,2026-06-25 11:30:03.744961865,approved,,5
CPT114492,,dropped_in_docs,RC,1
CPT110956,,dropped_in_docs,RC,1
CPT119243,,dropped_in_docs,RC,1
CPT101204,,dropped_in_docs,RC,1
CPT109092,,dropped_in_docs,FITNESS,4
CPT121338,,dropped_in_docs,AADHAAR,2
CPT102963,,dropped_in_docs,INSURANCE,5
CPT119186,,dropped_in_docs,AADHAAR,2
CPT104911,2026-06-19 10:56:36.512845575,rejected,background_check_failed,6
CPT112423,,dropped_in_docs,RC,1
CPT121300,2026-06-21 08:31:52.030229589,approved,,6
CPT107729,,dropped_in_docs,PERMIT,3
CPT108705,,dropped_in_docs,INSURANCE,5
CPT106045,,dropped_in_docs,INSURANCE,5
CPT105235,,dropped_in_docs,DL,0
CPT116031,,dropped_in_docs,FITNESS,4
CPT116297,,dropped_in_docs,RC,1
CPT124855,2026-06-22 11:10:12.716855754,approved,,6
CPT109737,,dropped_in_docs,PERMIT,3
CPT106355,2026-06-20 07:17:42.064714922,rejected,duplicate_captain,6
CPT116959,,dropped_in_docs,INSURANCE,5
CPT101942,,dropped_in_docs,DL,0
CPT110994,2026-06-21 18:11:05.533773349,approved,,6
CPT107285,,dropped_in_docs,PERMIT,3
CPT124379,,dropped_in_docs,FITNESS,4
CPT104137,,dropped_in_docs,FITNESS,4
CPT119418,,dropped_in_docs,RC,1
CPT113100,,dropped_in_docs,DL,0
CPT117402,2026-06-20 20:31:06.270325003,approved,,6
CPT104951,,dropped_in_docs,DL,0
CPT106967,,dropped_in_docs,DL,0
CPT103946,,dropped_in_docs,RC,1
CPT120141,,dropped_in_docs,AADHAAR,2
CPT122825,2026-06-20 22:32:55.774922275,approved,,6
CPT116633,,dropped_in_docs,RC,1
CPT113193,,dropped_in_docs,RC,1
CPT112040,,dropped_in_docs,RC,1
CPT118430,2026-06-19 15:40:33.277786620,approved,,6
CPT124841,,dropped_in_docs,INSURANCE,5
CPT100880,,dropped_in_docs,RC,1
CPT122417,,dropped_in_docs,RC,1
CPT102156,,dropped_in_docs,INSURANCE,5
CPT107933,,dropped_in_docs,RC,1
CPT115534,,dropped_in_docs,FITNESS,4
CPT118732,,dropped_in_docs,DL,0
CPT122965,,dropped_in_docs,RC,1
CPT104282,,dropped_in_docs,PERMIT,3
CPT123271,,dropped_in_docs,DL,0
CPT102253,,dropped_in_docs,AADHAAR,2
CPT101105,2026-06-19 08:04:35.082437580,approved,,6
CPT107837,,dropped_in_docs,INSURANCE,5
CPT114055,,dropped_in_docs,PERMIT,3
CPT120517,,dropped_in_docs,INSURANCE,5
CPT112115,,dropped_in_docs,RC,1
CPT102895,,dropped_in_docs,INSURANCE,5
CPT118288,2026-06-19 12:32:24.535429472,approved,,6
CPT101840,2026-06-21 12:13:53.754780214,approved,,6
CPT117592,,dropped_in_docs,AADHAAR,2
CPT113572,,dropped_in_docs,FITNESS,4
CPT108282,,dropped_in_docs,PERMIT,3
CPT122468,,dropped_in_docs,DL,0
CPT119587,2026-06-21 22:44:20.479125670,approved,,5
CPT113695,,dropped_in_docs,PERMIT,3
CPT109286,,dropped_in_docs,INSURANCE,5
CPT105499,,dropped_in_docs,DL,0
CPT113064,,dropped_in_docs,RC,1
CPT123099,,dropped_in_docs,RC,1
CPT106693,,dropped_in_docs,RC,1
CPT111544,,dropped_in_docs,DL,0
CPT110593,,dropped_in_docs,DL,0
CPT117772,,dropped_in_docs,FITNESS,4
CPT123223,,dropped_in_docs,RC,1
CPT108538,,dropped_in_docs,RC,1
CPT107749,,dropped_in_docs,DL,0
CPT106560,,dropped_in_docs,FITNESS,4
CPT104356,,dropped_in_docs,RC,1
CPT122917,,dropped_in_docs,PERMIT,3
CPT101893,,dropped_in_docs,RC,1
CPT123746,,dropped_in_docs,FITNESS,4
CPT101250,,dropped_in_docs,DL,0
CPT124988,2026-06-22 20:15:16.108378238,approved,,6
CPT120821,,dropped_in_docs,PERMIT,3
CPT124220,,dropped_in_docs,RC,1
CPT101849,,dropped_in_docs,RC,1
CPT101974,,dropped_in_docs,DL,0
CPT103990,,dropped_in_docs,RC,1
CPT124440,,dropped_in_docs,RC,1
CPT117075,,dropped_in_docs,FITNESS,4
CPT102615,,dropped_in_docs,INSURANCE,5
CPT110454,,dropped_in_docs,INSURANCE,5
CPT108639,,dropped_in_docs,RC,1
CPT114820,,dropped_in_docs,PERMIT,3
CPT108089,2026-06-21 22:36:34.194170226,rejected,duplicate_captain,6
CPT108314,2026-06-22 14:58:19.967036558,rejected,duplicate_captain,5
CPT101028,,dropped_in_docs,RC,1
CPT122705,2026-06-22 21:05:06.206028808,approved,,6
CPT112833,,dropped_in_docs,RC,1
CPT111277,,dropped_in_docs,RC,1
CPT114691,,dropped_in_docs,PERMIT,3
CPT117336,2026-06-21 04:52:27.962113043,approved,,6
CPT103969,2026-06-23 07:54:34.404522172,approved,,6
CPT118658,2026-06-21 01:38:09.906524364,approved,,6
CPT111952,,dropped_in_docs,RC,1
CPT113870,,dropped_in_docs,INSURANCE,5
CPT124112,,dropped_in_docs,RC,1
CPT102351,,dropped_in_docs,RC,1
CPT121150,2026-06-20 18:53:54.584889638,approved,,6
CPT110323,2026-06-19 09:38:12.140551264,approved,,6
CPT119686,2026-06-21 00:10:10.823070567,approved,,5
CPT118385,,dropped_in_docs,RC,1
CPT106108,,dropped_in_docs,RC,1
CPT113555,,dropped_in_docs,PERMIT,3
CPT100139,,dropped_in_docs,FITNESS,4
CPT104248,,dropped_in_docs,PERMIT,3
CPT100929,,dropped_in_docs,RC,1
CPT108532,,dropped_in_docs,FITNESS,4
CPT100289,2026-06-21 06:58:38.734966263,approved,,6
CPT101594,,dropped_in_docs,AADHAAR,2
CPT116301,,dropped_in_docs,RC,1
CPT100001,,dropped_in_docs,RC,1
CPT105202,,dropped_in_docs,AADHAAR,2
CPT120859,,dropped_in_docs,INSURANCE,5
CPT118878,2026-06-20 07:23:24.570142829,approved,,6
CPT116330,,dropped_in_docs,RC,1
CPT118563,,dropped_in_docs,PERMIT,3
CPT114446,,dropped_in_docs,PERMIT,3
CPT118872,,dropped_in_docs,RC,1
CPT114211,,dropped_in_docs,DL,0
CPT116122,,dropped_in_docs,RC,1
CPT123827,2026-06-22 23:52:10.824792729,approved,,5
CPT124432,,dropped_in_docs,INSURANCE,5
CPT106016,,dropped_in_docs,FITNESS,4
CPT108504,2026-06-20 10:50:11.695143119,approved,,6
CPT108919,,dropped_in_docs,INSURANCE,5
CPT103082,,dropped_in_docs,RC,1
CPT113523,,dropped_in_docs,RC,1
CPT101752,2026-06-21 01:37:21.920284758,approved,,6
CPT103003,,dropped_in_docs,RC,1
CPT105168,2026-06-19 19:42:03.383365633,approved,,6
CPT119421,,dropped_in_docs,INSURANCE,5
CPT123682,,dropped_in_docs,FITNESS,4
CPT102194,,dropped_in_docs,DL,0
CPT103961,,dropped_in_docs,PERMIT,3
CPT121189,,dropped_in_docs,PERMIT,3
CPT102409,,dropped_in_docs,FITNESS,4
CPT107497,,dropped_in_docs,PERMIT,3
CPT120439,,dropped_in_docs,AADHAAR,2
CPT108439,2026-06-21 12:54:17.796164287,approved,,6
CPT100610,,dropped_in_docs,FITNESS,4
CPT122372,,dropped_in_docs,RC,1
CPT121761,,dropped_in_docs,RC,1
CPT111957,2026-06-19 20:09:59.852439782,approved,,6
CPT112793,2026-06-20 03:42:55.669633394,approved,,6
CPT120726,,dropped_in_docs,AADHAAR,2
CPT108637,,in_progress,INSURANCE,5
CPT112530,2026-06-22 21:29:38.400154260,rejected,doc_authenticity_flag,6
CPT119818,,dropped_in_docs,RC,1
CPT110432,2026-06-22 01:01:38.656370091,approved,,6
CPT102223,,dropped_in_docs,DL,0
CPT107807,,dropped_in_docs,PERMIT,3
CPT114026,,dropped_in_docs,PERMIT,3
CPT119981,,dropped_in_docs,INSURANCE,5
CPT118568,,dropped_in_docs,FITNESS,4
CPT114505,,dropped_in_docs,PERMIT,3
CPT124567,,dropped_in_docs,INSURANCE,5
CPT114470,,dropped_in_docs,INSURANCE,5
CPT103208,2026-06-20 17:25:21.349731634,approved,,6
CPT108684,2026-06-21 20:08:16.629753715,approved,,6
CPT110985,,dropped_in_docs,FITNESS,4
CPT101914,,dropped_in_docs,DL,0
CPT108159,,dropped_in_docs,FITNESS,4
CPT124472,,dropped_in_docs,RC,1
CPT106299,,dropped_in_docs,AADHAAR,2
CPT120565,,dropped_in_docs,DL,0
CPT117188,,dropped_in_docs,RC,1
CPT109945,,dropped_in_docs,PERMIT,3
CPT102384,,dropped_in_docs,INSURANCE,5
CPT103659,,dropped_in_docs,FITNESS,4
CPT116290,,dropped_in_docs,FITNESS,4
CPT123216,2026-06-21 23:10:33.417989898,approved,,6
CPT104231,,dropped_in_docs,AADHAAR,2
CPT122623,2026-06-20 07:50:34.430270994,approved,,5
CPT111481,,dropped_in_docs,RC,1
CPT106085,,dropped_in_docs,RC,1
CPT122692,,dropped_in_docs,FITNESS,4
CPT100077,,dropped_in_docs,INSURANCE,5
CPT115267,,dropped_in_docs,PERMIT,3
CPT108083,,dropped_in_docs,RC,1
CPT101808,,dropped_in_docs,RC,1
CPT105329,,dropped_in_docs,RC,1
CPT108560,,dropped_in_docs,PERMIT,3
CPT113723,,dropped_in_docs,RC,1
CPT113114,,dropped_in_docs,RC,1
CPT120641,,dropped_in_docs,AADHAAR,2
CPT105459,,dropped_in_docs,RC,1
CPT106535,2026-06-22 12:02:04.158765322,approved,,6
CPT113060,2026-06-24 03:17:34.702149408,approved,,6
CPT106697,,dropped_in_docs,RC,1
CPT103377,,dropped_in_docs,AADHAAR,2
CPT116205,,dropped_in_docs,RC,1
CPT114860,,dropped_in_docs,FITNESS,4
CPT104595,,dropped_in_docs,DL,0
CPT115775,2026-06-22 15:09:57.424200599,approved,,5
CPT110042,2026-06-21 21:50:54.193491803,approved,,5
CPT107328,,dropped_in_docs,FITNESS,4
CPT101775,,dropped_in_docs,FITNESS,4
CPT102922,,dropped_in_docs,AADHAAR,2
CPT109291,,dropped_in_docs,PERMIT,3
CPT102589,,dropped_in_docs,PERMIT,3
CPT123084,,dropped_in_docs,FITNESS,4
CPT108766,,dropped_in_docs,RC,1
CPT108628,2026-06-21 01:13:54.554117665,approved,,6
CPT106946,,dropped_in_docs,PERMIT,3
CPT122708,,dropped_in_docs,PERMIT,3
CPT120893,,dropped_in_docs,PERMIT,3
CPT107457,,dropped_in_docs,INSURANCE,5
CPT116123,,dropped_in_docs,RC,1
CPT124438,,dropped_in_docs,RC,1
CPT108503,2026-06-21 16:42:31.672656776,approved,,6
CPT110016,,dropped_in_docs,DL,0
CPT119436,,dropped_in_docs,FITNESS,4
CPT112907,,dropped_in_docs,PERMIT,3
CPT102015,,dropped_in_docs,FITNESS,4
CPT111754,,dropped_in_docs,DL,0
CPT109636,,dropped_in_docs,INSURANCE,5
CPT104924,,dropped_in_docs,INSURANCE,5
CPT118118,,dropped_in_docs,PERMIT,3
CPT121144,,dropped_in_docs,PERMIT,3
CPT101765,2026-06-20 23:13:55.428894297,rejected,background_check_failed,6
CPT121696,,dropped_in_docs,RC,1
CPT102723,,dropped_in_docs,FITNESS,4
CPT107446,2026-06-20 12:27:07.420482722,approved,,6
CPT121172,,dropped_in_docs,PERMIT,3
CPT124967,,dropped_in_docs,INSURANCE,5
CPT118331,,dropped_in_docs,FITNESS,4
CPT107451,2026-06-21 18:57:43.534321795,approved,,6
CPT112965,2026-06-21 04:27:23.416607226,approved,,6
CPT120040,,dropped_in_docs,FITNESS,4
CPT122478,,dropped_in_docs,RC,1
CPT118330,,dropped_in_docs,PERMIT,3
CPT101288,2026-06-22 10:12:45.646791749,approved,,6
CPT104058,,dropped_in_docs,FITNESS,4
CPT106275,,dropped_in_docs,RC,1
CPT105027,,dropped_in_docs,RC,1
CPT102514,,dropped_in_docs,RC,1
CPT123064,,dropped_in_docs,DL,0
CPT104889,2026-06-21 12:24:25.934853455,approved,,6
CPT122354,,dropped_in_docs,FITNESS,4
CPT110461,2026-06-20 22:50:35.852147208,approved,,6
CPT111247,,dropped_in_docs,RC,1
CPT123196,,dropped_in_docs,RC,1
CPT110894,2026-06-21 18:20:46.349472081,approved,,5
CPT112368,,dropped_in_docs,RC,1
CPT119553,,dropped_in_docs,PERMIT,3
CPT101203,2026-06-22 18:45:17.433506442,approved,,6
CPT111914,,dropped_in_docs,RC,1
CPT116390,,dropped_in_docs,RC,1
CPT110085,,dropped_in_docs,DL,0
CPT124446,,dropped_in_docs,DL,0
CPT116166,,dropped_in_docs,RC,1
CPT105427,2026-06-21 09:33:22.077505446,approved,,6
CPT108816,2026-06-24 07:25:27.122030602,approved,,6
CPT101024,,dropped_in_docs,AADHAAR,2
CPT109862,2026-06-22 13:08:49.688028196,approved,,6
CPT106649,,dropped_in_docs,RC,1
CPT115468,,dropped_in_docs,DL,0
CPT113421,,dropped_in_docs,DL,0
CPT105281,,dropped_in_docs,PERMIT,3
CPT114533,,dropped_in_docs,DL,0
CPT124393,2026-06-22 21:17:06.958061483,approved,,6
CPT100891,,dropped_in_docs,INSURANCE,5
CPT101673,,dropped_in_docs,INSURANCE,5
CPT110088,,dropped_in_docs,PERMIT,3
CPT113180,,dropped_in_docs,INSURANCE,5
CPT109067,,dropped_in_docs,INSURANCE,5
CPT109384,,dropped_in_docs,RC,1
CPT110520,,dropped_in_docs,INSURANCE,5
CPT120195,2026-06-22 16:22:53.309277818,approved,,6
CPT105615,2026-06-22 03:34:28.826047485,approved,,6
CPT108002,2026-06-21 22:45:26.427883779,rejected,background_check_failed,6
CPT114389,2026-06-21 01:02:29.748066991,approved,,6
CPT111861,,dropped_in_docs,DL,0
CPT110117,,dropped_in_docs,DL,0
CPT109352,,dropped_in_docs,PERMIT,3
CPT108273,,dropped_in_docs,PERMIT,3
CPT113503,,dropped_in_docs,RC,1
CPT115638,,dropped_in_docs,RC,1
CPT106180,,dropped_in_docs,INSURANCE,5
CPT102685,,dropped_in_docs,DL,0
CPT115737,,dropped_in_docs,INSURANCE,5
CPT120979,,dropped_in_docs,AADHAAR,2
CPT123492,2026-06-20 16:27:36.404929398,approved,,6
CPT120336,,dropped_in_docs,AADHAAR,2
CPT113467,2026-06-23 16:42:19.964302764,approved,,6
CPT113461,2026-06-22 18:55:01.457520934,approved,,6
CPT121667,,dropped_in_docs,RC,1
CPT108808,,dropped_in_docs,RC,1
CPT105633,,dropped_in_docs,DL,0
CPT117626,,dropped_in_docs,PERMIT,3
CPT121806,,dropped_in_docs,FITNESS,4
CPT120099,,dropped_in_docs,PERMIT,3
CPT103361,,dropped_in_docs,RC,1
CPT121080,,dropped_in_docs,INSURANCE,5
CPT100111,,dropped_in_docs,PERMIT,3
CPT124389,,dropped_in_docs,DL,0
CPT114802,,dropped_in_docs,FITNESS,4
CPT121762,,dropped_in_docs,RC,1
CPT115024,,dropped_in_docs,FITNESS,4
CPT117144,2026-06-23 15:22:44.775248555,approved,,6
CPT100266,2026-06-23 21:41:30.211011676,approved,,6
CPT120134,2026-06-21 20:27:09.533824141,rejected,background_check_failed,6
CPT123745,,dropped_in_docs,RC,1
CPT110941,,dropped_in_docs,INSURANCE,5
CPT117727,,dropped_in_docs,INSURANCE,5
CPT110856,2026-06-23 12:08:18.330910852,approved,,5
CPT112187,,dropped_in_docs,PERMIT,3
CPT124319,,dropped_in_docs,INSURANCE,5
CPT124133,,dropped_in_docs,DL,0
CPT111252,,dropped_in_docs,FITNESS,4
CPT120386,,dropped_in_docs,RC,1
CPT108105,2026-06-23 00:48:11.242709396,approved,,6
CPT113884,,dropped_in_docs,PERMIT,3
CPT103442,,dropped_in_docs,PERMIT,3
CPT103776,,dropped_in_docs,RC,1
CPT116996,,dropped_in_docs,RC,1
CPT119087,,dropped_in_docs,DL,0
CPT105078,,dropped_in_docs,RC,1
CPT118067,,dropped_in_docs,INSURANCE,5
CPT111921,,dropped_in_docs,RC,1
CPT105597,,dropped_in_docs,PERMIT,3
CPT112641,,dropped_in_docs,RC,1
CPT115721,2026-06-23 11:54:12.469913899,approved,,6
CPT103981,,dropped_in_docs,RC,1
CPT109529,,dropped_in_docs,RC,1
CPT102659,,dropped_in_docs,RC,1
CPT111913,,dropped_in_docs,FITNESS,4
CPT112145,,dropped_in_docs,FITNESS,4
CPT124052,,dropped_in_docs,PERMIT,3
CPT108430,,dropped_in_docs,PERMIT,3
CPT110582,,dropped_in_docs,PERMIT,3
CPT118638,,in_progress,INSURANCE,5
CPT112439,,dropped_in_docs,INSURANCE,5
CPT112539,,dropped_in_docs,PERMIT,3
CPT100971,,dropped_in_docs,RC,1
CPT120219,,dropped_in_docs,DL,0
CPT121390,,dropped_in_docs,INSURANCE,5
CPT119419,,dropped_in_docs,DL,0
CPT116244,,dropped_in_docs,PERMIT,3
CPT120271,,dropped_in_docs,DL,0
CPT108785,2026-06-24 06:17:26.875709289,rejected,vehicle_age_policy,6
CPT111485,,dropped_in_docs,RC,1
CPT111652,,dropped_in_docs,RC,1
CPT107463,,dropped_in_docs,DL,0
CPT112344,,dropped_in_docs,RC,1
CPT102736,2026-06-24 03:23:27.287783455,approved,,6
CPT118892,,dropped_in_docs,FITNESS,4
CPT107961,,dropped_in_docs,RC,1
CPT116941,,dropped_in_docs,PERMIT,3
CPT105740,,dropped_in_docs,FITNESS,4
CPT104752,,dropped_in_docs,DL,0
CPT110661,2026-06-23 13:28:44.010735749,approved,,6
CPT113263,2026-06-22 17:20:33.159784216,approved,,5
CPT113721,,dropped_in_docs,FITNESS,4
CPT122930,,dropped_in_docs,FITNESS,4
CPT113815,,dropped_in_docs,FITNESS,4
CPT119130,2026-06-22 06:51:10.698220652,approved,,6
CPT114152,,dropped_in_docs,RC,1
CPT102767,,dropped_in_docs,DL,0
CPT115635,,dropped_in_docs,AADHAAR,2
CPT107647,,dropped_in_docs,INSURANCE,5
CPT114196,,dropped_in_docs,PERMIT,3
CPT121790,,dropped_in_docs,RC,1
CPT109966,,dropped_in_docs,INSURANCE,5
CPT123886,2026-06-25 09:41:48.624920343,approved,,6
CPT111452,,dropped_in_docs,RC,1
CPT120956,2026-06-20 19:17:32.093630524,approved,,5
CPT104237,,dropped_in_docs,DL,0
CPT123303,,dropped_in_docs,RC,1
CPT109298,,dropped_in_docs,PERMIT,3
CPT108336,,dropped_in_docs,PERMIT,3
CPT121332,,dropped_in_docs,PERMIT,3
CPT120874,,dropped_in_docs,INSURANCE,5
CPT123163,2026-06-23 18:15:30.013405467,approved,,6
CPT103282,,dropped_in_docs,DL,0
CPT116103,,dropped_in_docs,DL,0
CPT104365,,dropped_in_docs,FITNESS,4
CPT109028,,dropped_in_docs,RC,1
CPT119155,,dropped_in_docs,RC,1
CPT101872,,dropped_in_docs,PERMIT,3
CPT108469,,dropped_in_docs,RC,1
CPT107439,,dropped_in_docs,RC,1
CPT119588,,dropped_in_docs,DL,0
CPT114141,,dropped_in_docs,FITNESS,4
CPT111504,2026-06-23 13:18:59.358158565,approved,,6
CPT119751,2026-06-23 10:55:36.288372051,approved,,6
CPT115481,2026-06-25 07:33:13.679968787,approved,,5
CPT114850,2026-06-23 22:29:38.130247474,approved,,5
CPT109086,,dropped_in_docs,RC,1
CPT106098,,dropped_in_docs,RC,1
CPT103501,,dropped_in_docs,INSURANCE,5
CPT123924,,dropped_in_docs,AADHAAR,2
CPT106481,,dropped_in_docs,RC,1
CPT115387,2026-06-22 03:02:11.960633137,approved,,5
CPT106569,,dropped_in_docs,INSURANCE,5
CPT106464,,dropped_in_docs,INSURANCE,5
CPT104108,,dropped_in_docs,PERMIT,3
CPT112511,,dropped_in_docs,INSURANCE,5
CPT123389,,dropped_in_docs,PERMIT,3
CPT115161,,dropped_in_docs,DL,0
CPT112018,,dropped_in_docs,RC,1
CPT111079,,dropped_in_docs,RC,1
CPT116208,,dropped_in_docs,INSURANCE,5
CPT114566,,dropped_in_docs,AADHAAR,2
CPT113070,2026-06-27 14:29:59.808790471,approved,,6
CPT119683,,dropped_in_docs,DL,0
CPT113611,,dropped_in_docs,FITNESS,4
CPT105725,,dropped_in_docs,INSURANCE,5
CPT113970,,dropped_in_docs,RC,1
CPT102211,,dropped_in_docs,FITNESS,4
CPT114899,,dropped_in_docs,INSURANCE,5
CPT104070,,dropped_in_docs,RC,1
CPT113977,,dropped_in_docs,PERMIT,3
CPT114668,,dropped_in_docs,AADHAAR,2
CPT124057,,dropped_in_docs,RC,1
CPT119986,,dropped_in_docs,RC,1
CPT115270,,dropped_in_docs,RC,1
CPT110555,,dropped_in_docs,INSURANCE,5
CPT123042,,dropped_in_docs,RC,1
CPT100786,,dropped_in_docs,DL,0
CPT100727,,dropped_in_docs,RC,1
CPT108280,,dropped_in_docs,INSURANCE,5
CPT103787,,dropped_in_docs,RC,1
CPT124341,,dropped_in_docs,RC,1
CPT105001,,dropped_in_docs,RC,1
CPT122994,,dropped_in_docs,RC,1
CPT103071,2026-06-21 19:43:05.049707950,approved,,6
CPT106253,,dropped_in_docs,DL,0
CPT110335,,dropped_in_docs,RC,1
CPT116201,,dropped_in_docs,RC,1
CPT121780,,dropped_in_docs,DL,0
CPT119290,,dropped_in_docs,AADHAAR,2
CPT119398,,dropped_in_docs,PERMIT,3
CPT109568,,dropped_in_docs,INSURANCE,5
CPT116282,,dropped_in_docs,RC,1
CPT102179,,dropped_in_docs,RC,1
CPT109234,,dropped_in_docs,INSURANCE,5
CPT103274,,dropped_in_docs,AADHAAR,2
CPT117675,2026-06-22 14:42:45.848928947,approved,,5
CPT121975,,dropped_in_docs,INSURANCE,5
CPT104833,,dropped_in_docs,RC,1
CPT113709,,dropped_in_docs,DL,0
CPT103368,,dropped_in_docs,RC,1
CPT121519,,dropped_in_docs,PERMIT,3
CPT102085,2026-06-23 07:55:29.610192347,approved,,6
CPT110267,,dropped_in_docs,RC,1
CPT105267,2026-06-21 21:45:18.914470681,approved,,6
CPT103160,,dropped_in_docs,RC,1
CPT104816,,dropped_in_docs,DL,0
CPT114192,2026-06-24 12:14:00.602521596,approved,,5
CPT114626,,dropped_in_docs,RC,1
CPT118170,,dropped_in_docs,DL,0
CPT103095,,dropped_in_docs,DL,0
CPT111321,,dropped_in_docs,RC,1
CPT110612,,dropped_in_docs,PERMIT,3
CPT118056,,dropped_in_docs,DL,0
CPT115350,,dropped_in_docs,PERMIT,3
CPT115778,,dropped_in_docs,FITNESS,4
CPT108294,,dropped_in_docs,PERMIT,3
CPT123111,,dropped_in_docs,PERMIT,3
CPT111748,,dropped_in_docs,INSURANCE,5
CPT112646,,dropped_in_docs,INSURANCE,5
CPT113207,2026-06-23 05:30:01.758009301,approved,,5
CPT109199,,dropped_in_docs,FITNESS,4
CPT107128,,dropped_in_docs,RC,1
CPT121966,2026-06-23 10:29:43.710387768,approved,,5
CPT114949,,dropped_in_docs,RC,1
CPT114182,,dropped_in_docs,DL,0
CPT101904,,dropped_in_docs,DL,0
CPT119468,,dropped_in_docs,PERMIT,3
CPT109052,2026-06-25 08:42:34.851740327,approved,,6
CPT120201,2026-06-25 08:58:36.343797620,approved,,6
CPT106135,,dropped_in_docs,RC,1
CPT115526,,dropped_in_docs,RC,1
CPT104583,,dropped_in_docs,PERMIT,3
CPT102468,,dropped_in_docs,PERMIT,3
CPT123238,,dropped_in_docs,FITNESS,4
CPT112608,,dropped_in_docs,RC,1
CPT118177,,dropped_in_docs,PERMIT,3
CPT119193,,dropped_in_docs,PERMIT,3
CPT109541,,dropped_in_docs,RC,1
CPT111355,,dropped_in_docs,FITNESS,4
CPT100379,,dropped_in_docs,RC,1
CPT104152,,dropped_in_docs,DL,0
CPT122416,,dropped_in_docs,PERMIT,3
CPT116291,2026-06-23 09:48:50.809026251,approved,,6
CPT106619,,dropped_in_docs,AADHAAR,2
CPT124781,,dropped_in_docs,RC,1
CPT103757,2026-06-23 22:16:59.694495827,approved,,6
CPT101229,,dropped_in_docs,DL,0
CPT106012,,dropped_in_docs,RC,1
CPT100180,,dropped_in_docs,INSURANCE,5
CPT119378,,dropped_in_docs,PERMIT,3
CPT113125,,dropped_in_docs,PERMIT,3
CPT101184,,dropped_in_docs,RC,1
CPT100347,,dropped_in_docs,PERMIT,3
CPT105741,,dropped_in_docs,DL,0
CPT114108,,dropped_in_docs,FITNESS,4
CPT118102,,dropped_in_docs,INSURANCE,5
CPT103456,,dropped_in_docs,PERMIT,3
CPT107975,,dropped_in_docs,RC,1
CPT112349,,dropped_in_docs,DL,0
CPT106241,,dropped_in_docs,AADHAAR,2
CPT116377,,dropped_in_docs,INSURANCE,5
CPT110209,,dropped_in_docs,INSURANCE,5
CPT118586,,dropped_in_docs,RC,1
CPT103503,,dropped_in_docs,DL,0
CPT117699,,dropped_in_docs,RC,1
CPT116468,,dropped_in_docs,RC,1
CPT122777,,dropped_in_docs,RC,1
CPT107789,2026-06-24 15:08:38.177421837,approved,,6
CPT109967,,dropped_in_docs,DL,0
CPT119170,,in_progress,FITNESS,4
CPT121868,,dropped_in_docs,PERMIT,3
CPT113306,,dropped_in_docs,RC,1
CPT114991,,dropped_in_docs,FITNESS,4
CPT100586,,dropped_in_docs,INSURANCE,5
CPT120011,,dropped_in_docs,PERMIT,3
CPT104809,,dropped_in_docs,RC,1
CPT119781,2026-06-23 18:55:46.489444179,rejected,vehicle_age_policy,6
CPT114035,,dropped_in_docs,RC,1
CPT106382,,dropped_in_docs,PERMIT,3
CPT115284,,dropped_in_docs,RC,1
CPT118747,,dropped_in_docs,AADHAAR,2
CPT117619,,dropped_in_docs,DL,0
CPT103283,,dropped_in_docs,RC,1
CPT104044,2026-06-24 01:16:39.365116167,approved,,5
CPT117156,2026-06-22 01:56:47.446815786,rejected,background_check_failed,6
CPT101957,,dropped_in_docs,DL,0
CPT120930,,dropped_in_docs,PERMIT,3
CPT122736,,dropped_in_docs,PERMIT,3
CPT121280,2026-06-23 17:32:20.505846612,approved,,6
CPT113253,,dropped_in_docs,FITNESS,4
CPT124858,,dropped_in_docs,INSURANCE,5
CPT117237,2026-06-24 04:14:18.122226616,approved,,6
CPT124824,,dropped_in_docs,DL,0
CPT110244,,dropped_in_docs,RC,1
CPT109779,,dropped_in_docs,DL,0
CPT102532,,dropped_in_docs,PERMIT,3
CPT116749,,dropped_in_docs,PERMIT,3
CPT109078,,dropped_in_docs,AADHAAR,2
CPT118914,,dropped_in_docs,RC,1
CPT111857,,dropped_in_docs,DL,0
CPT101233,,dropped_in_docs,RC,1
CPT103348,,dropped_in_docs,FITNESS,4
CPT107441,,dropped_in_docs,PERMIT,3
CPT103128,,dropped_in_docs,FITNESS,4
CPT107996,,in_progress,PERMIT,3
CPT100161,,dropped_in_docs,FITNESS,4
CPT116839,,dropped_in_docs,INSURANCE,5
CPT122265,,dropped_in_docs,RC,1
CPT109182,,dropped_in_docs,RC,1
CPT111699,2026-06-23 10:07:49.106665216,approved,,6
CPT124322,2026-06-25 17:09:43.259553545,approved,,6
CPT124660,2026-06-23 01:38:04.298124881,approved,,6
CPT106335,,dropped_in_docs,DL,0
CPT116358,,dropped_in_docs,FITNESS,4
CPT103516,2026-06-25 21:37:46.031126052,approved,,6
CPT109304,,dropped_in_docs,PERMIT,3
CPT108208,,dropped_in_docs,RC,1
CPT114249,,dropped_in_docs,INSURANCE,5
CPT122185,,dropped_in_docs,INSURANCE,5
CPT108763,,dropped_in_docs,RC,1
CPT101908,,dropped_in_docs,PERMIT,3
CPT114179,,dropped_in_docs,FITNESS,4
CPT105639,,dropped_in_docs,PERMIT,3
CPT104364,,dropped_in_docs,RC,1
CPT108031,,dropped_in_docs,INSURANCE,5
CPT113974,,dropped_in_docs,AADHAAR,2
CPT118930,,dropped_in_docs,RC,1
CPT112257,2026-06-22 04:53:58.831110409,approved,,5
CPT100027,,dropped_in_docs,INSURANCE,5
CPT105958,,dropped_in_docs,DL,0
CPT103131,,dropped_in_docs,PERMIT,3
CPT106554,2026-06-23 19:57:47.649068579,approved,,6
CPT101944,2026-06-25 16:30:15.578427165,approved,,6
CPT120579,2026-06-23 19:47:44.421078936,approved,,6
CPT109590,,dropped_in_docs,INSURANCE,5
CPT103431,,dropped_in_docs,RC,1
CPT106370,,dropped_in_docs,FITNESS,4
CPT104702,,dropped_in_docs,DL,0
CPT124483,,dropped_in_docs,DL,0
CPT112229,,dropped_in_docs,FITNESS,4
CPT122653,,dropped_in_docs,INSURANCE,5
CPT118560,,dropped_in_docs,PERMIT,3
CPT112834,2026-06-21 09:16:30.393883237,approved,,6
CPT113382,,dropped_in_docs,RC,1
CPT103206,,dropped_in_docs,RC,1
CPT109072,2026-06-22 12:29:11.634771195,approved,,6
CPT111113,,dropped_in_docs,RC,1
CPT108736,,dropped_in_docs,RC,1
CPT119042,,dropped_in_docs,INSURANCE,5
CPT119505,,dropped_in_docs,PERMIT,3
CPT109757,,dropped_in_docs,DL,0
CPT117559,,dropped_in_docs,INSURANCE,5
CPT122500,,dropped_in_docs,RC,1
CPT107904,,dropped_in_docs,RC,1
CPT100334,,dropped_in_docs,AADHAAR,2
CPT114168,2026-06-25 18:41:43.929377258,approved,,5
CPT100792,,dropped_in_docs,RC,1
CPT124879,2026-06-26 07:09:36.473987347,approved,,6
CPT109504,,dropped_in_docs,FITNESS,4
CPT109836,,dropped_in_docs,PERMIT,3
CPT108536,2026-06-24 23:33:15.767116153,approved,,6
CPT112982,,dropped_in_docs,RC,1
CPT112295,,dropped_in_docs,FITNESS,4
CPT104941,,dropped_in_docs,INSURANCE,5
CPT104956,,dropped_in_docs,RC,1
CPT115258,,dropped_in_docs,INSURANCE,5
CPT124130,,dropped_in_docs,PERMIT,3
CPT101192,2026-06-23 20:05:11.661910559,approved,,6
CPT124107,,dropped_in_docs,RC,1
CPT104769,2026-06-24 13:47:02.466241672,approved,,6
CPT110257,,dropped_in_docs,FITNESS,4
CPT109452,,dropped_in_docs,AADHAAR,2
CPT116023,,dropped_in_docs,RC,1
CPT100771,,dropped_in_docs,RC,1
CPT104862,,dropped_in_docs,RC,1
CPT102889,,dropped_in_docs,FITNESS,4
CPT105783,,dropped_in_docs,RC,1
CPT105284,,dropped_in_docs,AADHAAR,2
CPT103733,,dropped_in_docs,RC,1
CPT102983,2026-06-25 06:36:41.048008002,approved,,6
CPT123089,,dropped_in_docs,FITNESS,4
CPT120103,2026-06-24 08:43:53.618668918,approved,,6
CPT115115,,dropped_in_docs,PERMIT,3
CPT120250,,dropped_in_docs,DL,0
CPT112505,,dropped_in_docs,DL,0
CPT109473,,dropped_in_docs,FITNESS,4
CPT124917,,dropped_in_docs,RC,1
CPT104320,2026-06-26 10:38:36.573448010,rejected,duplicate_captain,6
CPT119560,,dropped_in_docs,AADHAAR,2
CPT114431,,dropped_in_docs,PERMIT,3
CPT114052,2026-06-23 15:29:00.400931581,approved,,6
CPT100184,,dropped_in_docs,DL,0
CPT123952,,dropped_in_docs,DL,0
CPT101213,2026-06-21 19:21:37.030545142,approved,,5
CPT115214,2026-06-22 22:17:16.751933020,approved,,6
CPT124105,,dropped_in_docs,PERMIT,3
CPT119428,,dropped_in_docs,PERMIT,3
CPT113486,,dropped_in_docs,AADHAAR,2
CPT111510,2026-06-21 07:06:39.530388492,approved,,5
CPT116174,,dropped_in_docs,PERMIT,3
CPT107627,,dropped_in_docs,FITNESS,4
CPT119444,,dropped_in_docs,PERMIT,3
CPT114752,,dropped_in_docs,PERMIT,3
CPT110397,,dropped_in_docs,DL,0
CPT113371,,dropped_in_docs,RC,1
CPT118332,,dropped_in_docs,PERMIT,3
CPT106152,,dropped_in_docs,FITNESS,4
CPT118695,,dropped_in_docs,RC,1
CPT124562,,dropped_in_docs,PERMIT,3
CPT101784,2026-06-23 08:37:03.689447903,approved,,6
CPT105328,,dropped_in_docs,FITNESS,4
CPT121426,,in_progress,INSURANCE,5
CPT114396,,dropped_in_docs,FITNESS,4
CPT105206,,dropped_in_docs,RC,1
CPT119044,2026-06-21 21:30:37.978588445,approved,,5
CPT118374,,dropped_in_docs,DL,0
CPT124760,,dropped_in_docs,INSURANCE,5
CPT106681,,dropped_in_docs,RC,1
CPT117586,,dropped_in_docs,FITNESS,4
CPT113414,,in_progress,INSURANCE,5
CPT105723,2026-06-25 21:10:57.562092194,approved,,6
CPT107572,,dropped_in_docs,FITNESS,4
CPT106802,,dropped_in_docs,PERMIT,3
CPT106115,,dropped_in_docs,RC,1
CPT109840,,dropped_in_docs,INSURANCE,5
CPT123208,2026-06-25 05:51:28.274756539,approved,,5
CPT115527,,dropped_in_docs,RC,1
CPT111309,,dropped_in_docs,PERMIT,3
CPT115131,,dropped_in_docs,PERMIT,3
CPT107879,,dropped_in_docs,RC,1
CPT105966,2026-06-24 08:45:10.254881607,approved,,6
CPT112746,,dropped_in_docs,PERMIT,3
CPT105087,2026-06-24 20:29:32.207342810,approved,,6
CPT110502,,in_progress,FITNESS,4
CPT115120,,dropped_in_docs,PERMIT,3
CPT110155,,dropped_in_docs,FITNESS,4
CPT102456,,dropped_in_docs,PERMIT,3
CPT122660,,dropped_in_docs,RC,1
CPT120820,2026-06-24 17:58:58.158656168,approved,,6
CPT117534,,dropped_in_docs,AADHAAR,2
CPT107219,,dropped_in_docs,RC,1
CPT114328,,dropped_in_docs,FITNESS,4
CPT108547,,dropped_in_docs,RC,1
CPT103963,,dropped_in_docs,AADHAAR,2
CPT111288,,dropped_in_docs,PERMIT,3
CPT115379,2026-06-24 07:49:16.069494940,approved,,6
CPT108378,,dropped_in_docs,AADHAAR,2
CPT114704,,dropped_in_docs,FITNESS,4
CPT123847,2026-06-25 20:59:01.708288699,approved,,6
CPT100572,,dropped_in_docs,PERMIT,3
CPT104847,2026-06-25 16:13:29.448581642,rejected,duplicate_captain,6
CPT115402,,dropped_in_docs,RC,1
CPT124431,,dropped_in_docs,FITNESS,4
CPT119033,,dropped_in_docs,RC,1
CPT106236,,dropped_in_docs,DL,0
CPT100324,,dropped_in_docs,FITNESS,4
CPT119413,,dropped_in_docs,AADHAAR,2
CPT120577,,dropped_in_docs,DL,0
CPT121081,2026-06-22 22:12:29.342789498,approved,,6
CPT101010,,in_progress,INSURANCE,5
CPT110795,,dropped_in_docs,DL,0
CPT121526,2026-06-23 05:10:18.766079458,approved,,6
CPT108405,2026-06-28 02:29:51.531633281,approved,,6
CPT124240,,dropped_in_docs,DL,0
CPT107306,,dropped_in_docs,FITNESS,4
CPT106602,,in_progress,INSURANCE,5
CPT106671,,dropped_in_docs,FITNESS,4
CPT119891,,in_progress,FITNESS,4
CPT109923,,dropped_in_docs,RC,1
CPT100722,,dropped_in_docs,RC,1
CPT106549,,dropped_in_docs,DL,0
CPT107269,,dropped_in_docs,AADHAAR,2
CPT102800,2026-06-24 21:31:26.441708192,approved,,6
CPT113127,,dropped_in_docs,RC,1
CPT124304,2026-06-24 03:27:33.033547284,approved,,6
CPT108254,,dropped_in_docs,DL,0
CPT107577,,dropped_in_docs,FITNESS,4
CPT121327,,dropped_in_docs,RC,1
CPT111964,2026-06-25 22:00:25.490207863,approved,,5
CPT100732,,dropped_in_docs,RC,1
CPT103004,,dropped_in_docs,PERMIT,3
CPT101917,,dropped_in_docs,RC,1
CPT109462,,dropped_in_docs,PERMIT,3
CPT100145,,dropped_in_docs,RC,1
CPT102184,,dropped_in_docs,FITNESS,4
CPT112000,,dropped_in_docs,RC,1
CPT120448,,dropped_in_docs,FITNESS,4
CPT123812,,dropped_in_docs,AADHAAR,2
CPT110672,,dropped_in_docs,AADHAAR,2
CPT120493,,dropped_in_docs,RC,1
CPT105642,,dropped_in_docs,FITNESS,4
CPT104512,,in_progress,INSURANCE,5
CPT113053,,dropped_in_docs,RC,1
CPT124391,,dropped_in_docs,DL,0
CPT117217,,dropped_in_docs,FITNESS,4
CPT109742,2026-06-24 04:14:34.266668706,approved,,6
CPT117134,,dropped_in_docs,DL,0
CPT118950,,dropped_in_docs,FITNESS,4
CPT101512,2026-06-24 16:30:42.370608821,approved,,6
CPT103729,,dropped_in_docs,RC,1
CPT102324,2026-06-24 09:20:02.657498155,approved,,5
CPT124094,,dropped_in_docs,RC,1
CPT111117,,dropped_in_docs,RC,1
CPT108801,,in_progress,INSURANCE,5
CPT118927,2026-06-27 01:45:57.945897527,approved,,6
CPT122501,2026-06-23 17:52:17.378613590,approved,,5
CPT109087,,dropped_in_docs,RC,1
CPT117009,,dropped_in_docs,AADHAAR,2
CPT105020,2026-06-23 19:59:00.083830044,approved,,5
CPT112081,,dropped_in_docs,DL,0
CPT100398,,dropped_in_docs,INSURANCE,5
CPT118681,,in_progress,FITNESS,4
CPT102582,,dropped_in_docs,PERMIT,3
CPT110743,,dropped_in_docs,RC,1
CPT124696,2026-06-26 04:06:27.433753917,approved,,6
CPT123920,,dropped_in_docs,PERMIT,3
CPT105748,2026-06-23 19:25:04.056374736,approved,,6
CPT103447,,dropped_in_docs,AADHAAR,2
CPT104612,,dropped_in_docs,DL,0
CPT124460,,dropped_in_docs,RC,1
CPT115103,,dropped_in_docs,AADHAAR,2
CPT110297,,dropped_in_docs,RC,1
CPT111214,,dropped_in_docs,RC,1
CPT100316,,dropped_in_docs,PERMIT,3
CPT120209,,dropped_in_docs,PERMIT,3
CPT107206,2026-06-25 12:26:13.117568833,approved,,6
CPT113399,,dropped_in_docs,FITNESS,4
CPT122682,,dropped_in_docs,DL,0
CPT105166,,dropped_in_docs,RC,1
CPT115047,,dropped_in_docs,RC,1
CPT106871,,dropped_in_docs,FITNESS,4
CPT120529,,dropped_in_docs,PERMIT,3
CPT121926,,dropped_in_docs,RC,1
CPT121531,,dropped_in_docs,FITNESS,4
CPT115957,,dropped_in_docs,PERMIT,3
CPT120552,2026-06-26 10:42:47.824273065,approved,,6
CPT114191,,dropped_in_docs,RC,1
CPT110641,,dropped_in_docs,AADHAAR,2
CPT106547,,dropped_in_docs,PERMIT,3
CPT124968,,dropped_in_docs,DL,0
CPT102419,,dropped_in_docs,FITNESS,4
CPT118494,,dropped_in_docs,PERMIT,3
CPT122628,,dropped_in_docs,RC,1
CPT116993,,dropped_in_docs,FITNESS,4
CPT122787,,dropped_in_docs,RC,1
CPT118501,,dropped_in_docs,PERMIT,3
CPT120388,,dropped_in_docs,AADHAAR,2
CPT123912,,dropped_in_docs,RC,1
CPT111104,,in_progress,INSURANCE,5
CPT117877,2026-06-25 07:33:50.515521974,approved,,6
CPT122387,,dropped_in_docs,FITNESS,4
CPT109651,2026-06-26 20:40:46.882671332,approved,,6
CPT107300,,dropped_in_docs,PERMIT,3
CPT101325,2026-06-27 05:43:15.671725305,approved,,6
CPT102486,,dropped_in_docs,PERMIT,3
CPT111756,,dropped_in_docs,PERMIT,3
CPT123807,,dropped_in_docs,DL,0
CPT103006,2026-06-26 01:56:12.379192715,approved,,5
CPT122363,,dropped_in_docs,RC,1
CPT111916,2026-06-21 21:26:28.747298600,approved,,6
CPT112943,,dropped_in_docs,RC,1
CPT121685,,dropped_in_docs,AADHAAR,2
CPT119773,,dropped_in_docs,INSURANCE,5
CPT108316,,in_progress,INSURANCE,5
CPT111365,,dropped_in_docs,FITNESS,4
CPT111970,,dropped_in_docs,RC,1
CPT118624,,dropped_in_docs,RC,1
CPT112114,,dropped_in_docs,RC,1
CPT106510,,dropped_in_docs,AADHAAR,2
CPT101456,,dropped_in_docs,RC,1
CPT110724,,dropped_in_docs,INSURANCE,5
CPT123654,,dropped_in_docs,PERMIT,3
CPT102219,,dropped_in_docs,AADHAAR,2
CPT117692,,dropped_in_docs,DL,0
CPT100540,,dropped_in_docs,RC,1
CPT117500,,dropped_in_docs,RC,1
CPT108853,,in_progress,PERMIT,3
CPT109338,,dropped_in_docs,FITNESS,4
CPT109542,,dropped_in_docs,RC,1
CPT118655,2026-06-24 22:06:25.357013304,approved,,6
CPT109276,,dropped_in_docs,FITNESS,4
CPT101075,,dropped_in_docs,PERMIT,3
CPT122650,,dropped_in_docs,RC,1
CPT100667,,dropped_in_docs,DL,0
CPT108489,,dropped_in_docs,PERMIT,3
CPT110750,2026-06-25 16:41:18.899613199,rejected,duplicate_captain,5
CPT122497,2026-06-25 11:22:00.654229062,approved,,5
CPT108544,,in_progress,INSURANCE,5
CPT110060,,dropped_in_docs,RC,1
CPT102846,,dropped_in_docs,DL,0
CPT119658,2026-06-23 18:20:37.731082606,approved,,6
CPT123002,2026-06-26 00:27:21.250702977,approved,,6
CPT118241,,dropped_in_docs,PERMIT,3
CPT115570,,dropped_in_docs,PERMIT,3
CPT104543,,dropped_in_docs,DL,0
CPT114321,,dropped_in_docs,INSURANCE,5
CPT123534,2026-06-26 16:30:47.789872041,approved,,6
CPT116823,,dropped_in_docs,FITNESS,4
CPT118542,,dropped_in_docs,AADHAAR,2
CPT108389,2026-06-23 10:17:57.785539240,approved,,5
CPT104540,,dropped_in_docs,AADHAAR,2
CPT122411,,dropped_in_docs,FITNESS,4
CPT119458,,in_progress,INSURANCE,5
CPT109362,,dropped_in_docs,PERMIT,3
CPT118408,,in_progress,INSURANCE,5
CPT112887,,dropped_in_docs,AADHAAR,2
CPT119912,2026-06-24 14:22:23.920739783,approved,,6
CPT119393,,in_progress,INSURANCE,5
CPT104444,,in_progress,FITNESS,4
CPT104005,2026-06-25 21:06:45.636535137,approved,,6
CPT115696,,dropped_in_docs,INSURANCE,5
CPT109281,,in_progress,FITNESS,4
CPT117011,,in_progress,INSURANCE,5
CPT122851,,dropped_in_docs,DL,0
CPT120001,,dropped_in_docs,PERMIT,3
CPT120768,,dropped_in_docs,DL,0
CPT121194,,dropped_in_docs,RC,1
CPT124584,,dropped_in_docs,PERMIT,3
CPT112513,2026-06-26 07:44:11.125234057,approved,,6
CPT102350,,in_progress,INSURANCE,5
CPT116774,,dropped_in_docs,PERMIT,3
CPT119197,,dropped_in_docs,DL,0
CPT108410,,dropped_in_docs,DL,0
CPT114579,,in_progress,RC,1
CPT107512,,dropped_in_docs,PERMIT,3
CPT119722,2026-06-24 03:19:59.474415944,approved,,6
CPT107859,,dropped_in_docs,PERMIT,3
CPT118908,,dropped_in_docs,PERMIT,3
CPT108633,,dropped_in_docs,DL,0
CPT119201,,dropped_in_docs,RC,1
CPT106036,2026-06-26 21:08:52.183164072,approved,,6
CPT114803,,dropped_in_docs,DL,0
CPT109005,,dropped_in_docs,RC,1
CPT109853,,in_progress,FITNESS,4
CPT111016,,dropped_in_docs,DL,0
CPT116078,,dropped_in_docs,DL,0
CPT108851,,dropped_in_docs,DL,0
CPT118390,2026-06-25 07:19:47.261752405,approved,,5
CPT111495,,dropped_in_docs,PERMIT,3
CPT119935,,dropped_in_docs,RC,1
CPT115428,,dropped_in_docs,PERMIT,3
CPT123148,,in_progress,FITNESS,4
CPT107016,2026-06-25 00:05:45.744521833,approved,,5
CPT101134,,in_progress,PERMIT,3
CPT120906,,dropped_in_docs,RC,1
CPT110950,,in_progress,RC,1
CPT121236,,dropped_in_docs,INSURANCE,5
CPT122492,2026-06-25 16:07:30.409410875,approved,,6
CPT100608,,dropped_in_docs,FITNESS,4
CPT102149,,dropped_in_docs,PERMIT,3
CPT100873,,dropped_in_docs,RC,1
CPT105909,,dropped_in_docs,DL,0
CPT123105,2026-06-26 04:36:24.220346934,approved,,5
CPT105176,,dropped_in_docs,INSURANCE,5
CPT109398,,in_progress,PERMIT,3
CPT124551,,in_progress,FITNESS,4
CPT101384,,dropped_in_docs,DL,0
CPT106689,2026-06-28 02:58:19.501664595,approved,,6
CPT101197,,dropped_in_docs,DL,0
CPT110967,2026-06-23 03:48:13.488531572,approved,,5
CPT114689,,in_progress,FITNESS,4
CPT106717,,dropped_in_docs,RC,1
CPT118034,,dropped_in_docs,DL,0
CPT121167,,dropped_in_docs,RC,1
CPT115395,,dropped_in_docs,DL,0
CPT116132,2026-06-27 03:37:56.448783418,approved,,6
CPT118768,,dropped_in_docs,FITNESS,4
CPT108200,,dropped_in_docs,FITNESS,4
CPT123274,,dropped_in_docs,INSURANCE,5
CPT114728,,dropped_in_docs,RC,1
CPT109312,,dropped_in_docs,RC,1
CPT106145,,dropped_in_docs,RC,1
CPT110623,,dropped_in_docs,RC,1
CPT107817,,dropped_in_docs,RC,1
CPT121977,,dropped_in_docs,RC,1
CPT120438,,in_progress,INSURANCE,5
CPT104860,,dropped_in_docs,RC,1
CPT101772,,dropped_in_docs,PERMIT,3
CPT121464,,dropped_in_docs,AADHAAR,2
CPT117522,,dropped_in_docs,DL,0
CPT124456,,dropped_in_docs,RC,1
CPT104560,2026-06-29 15:00:51.614918057,approved,,6
CPT112897,,dropped_in_docs,RC,1
CPT115323,,dropped_in_docs,PERMIT,3
CPT113261,,dropped_in_docs,RC,1
CPT102017,,dropped_in_docs,DL,0
CPT100434,,dropped_in_docs,RC,1
CPT102750,,dropped_in_docs,PERMIT,3
CPT113430,2026-06-23 20:41:03.246100350,approved,,6
CPT114954,,dropped_in_docs,RC,1
CPT123528,,dropped_in_docs,PERMIT,3
CPT113278,,dropped_in_docs,RC,1
CPT117062,,in_progress,FITNESS,4
CPT117141,,dropped_in_docs,DL,0
CPT123672,2026-06-26 09:53:49.698521172,approved,,6
CPT119814,2026-06-27 08:12:02.219289117,approved,,6
CPT105271,,dropped_in_docs,RC,1
CPT108762,,dropped_in_docs,AADHAAR,2
CPT102937,2026-06-30 10:09:34.958773479,rejected,vehicle_age_policy,6
CPT122750,,dropped_in_docs,AADHAAR,2
CPT110973,2026-06-28 23:12:43.212112150,approved,,6
CPT124160,,dropped_in_docs,FITNESS,4
CPT100081,,in_progress,INSURANCE,5
CPT116555,2026-06-27 00:04:28.965527084,approved,,6
CPT120846,,dropped_in_docs,FITNESS,4
CPT116446,,in_progress,INSURANCE,5
CPT107216,,dropped_in_docs,RC,1
CPT120480,,dropped_in_docs,PERMIT,3
CPT106803,,in_progress,FITNESS,4
CPT104821,,dropped_in_docs,PERMIT,3
CPT113423,,dropped_in_docs,AADHAAR,2
CPT108998,,dropped_in_docs,DL,0
CPT118694,,in_progress,INSURANCE,5
CPT123536,,dropped_in_docs,RC,1
CPT119120,,in_progress,PERMIT,3
CPT110938,,dropped_in_docs,DL,0
CPT114775,,dropped_in_docs,DL,0
CPT114346,,dropped_in_docs,PERMIT,3
CPT123992,,dropped_in_docs,RC,1
CPT102333,,dropped_in_docs,DL,0
CPT106051,,dropped_in_docs,INSURANCE,5
CPT112575,,dropped_in_docs,PERMIT,3
CPT124467,2026-06-24 19:47:35.151973345,approved,,5
CPT109894,2026-06-27 15:22:03.908709548,rejected,doc_authenticity_flag,6
CPT100982,2026-06-25 21:34:42.358025939,approved,,6
CPT115099,,in_progress,AADHAAR,2
CPT111635,,dropped_in_docs,DL,0
CPT117374,,dropped_in_docs,PERMIT,3
CPT122233,2026-06-24 11:55:53.071117086,approved,,6
CPT109111,,dropped_in_docs,RC,1
CPT115247,,dropped_in_docs,RC,1
CPT107249,2026-06-25 16:47:25.544203875,approved,,6
CPT113718,2026-06-26 12:32:37.133423980,approved,,6
CPT117459,2026-06-28 03:48:00.320012800,approved,,6
CPT104418,2026-06-26 23:20:16.031621996,approved,,5
CPT106442,,dropped_in_docs,DL,0
CPT110041,2026-06-26 19:59:57.161977213,approved,,6
CPT106555,,dropped_in_docs,FITNESS,4
CPT114100,2026-06-26 14:47:56.583993450,approved,,5
CPT113529,,dropped_in_docs,RC,1
CPT103743,,in_progress,INSURANCE,5
CPT106958,,dropped_in_docs,RC,1
CPT104751,,in_progress,PERMIT,3
CPT124223,,dropped_in_docs,AADHAAR,2
CPT118371,,dropped_in_docs,RC,1
CPT118043,,dropped_in_docs,AADHAAR,2
CPT101797,,in_progress,PERMIT,3
CPT114540,,dropped_in_docs,RC,1
CPT107083,,dropped_in_docs,DL,0
CPT106353,,dropped_in_docs,RC,1
CPT108172,,in_progress,PERMIT,3
CPT117348,,dropped_in_docs,RC,1
CPT120194,,dropped_in_docs,RC,1
CPT102484,2026-06-25 07:26:31.508109575,approved,,6
CPT111769,2026-06-26 16:58:49.392339548,approved,,6
CPT121771,,dropped_in_docs,RC,1
CPT118116,,dropped_in_docs,PERMIT,3
CPT113553,2026-06-28 14:34:51.846881695,approved,,6
CPT123893,,in_progress,INSURANCE,5
CPT101205,,dropped_in_docs,RC,1
CPT116316,,in_progress,INSURANCE,5
CPT113277,,in_progress,INSURANCE,5
CPT122830,,in_progress,FITNESS,4
CPT107059,,dropped_in_docs,DL,0
CPT102083,2026-06-26 05:14:57.686935940,approved,,5
CPT105477,,in_progress,PERMIT,3
CPT114821,,dropped_in_docs,RC,1
CPT100401,,dropped_in_docs,DL,0
CPT107275,,dropped_in_docs,RC,1
CPT118750,2026-06-26 10:38:34.949362212,approved,,6
CPT112512,,in_progress,PERMIT,3
CPT115852,,in_progress,PERMIT,3
CPT109867,,dropped_in_docs,DL,0
CPT122817,,dropped_in_docs,AADHAAR,2
CPT123155,2026-06-25 17:26:41.520212241,approved,,5
CPT110326,,dropped_in_docs,DL,0
CPT122970,,dropped_in_docs,AADHAAR,2
CPT120654,,dropped_in_docs,DL,0
CPT103187,2026-06-28 02:40:57.447312186,approved,,6
CPT121005,,dropped_in_docs,DL,0
CPT104447,,dropped_in_docs,AADHAAR,2
CPT116080,2026-06-29 04:00:26.259166721,approved,,6
CPT102403,,dropped_in_docs,RC,1
CPT124822,,dropped_in_docs,AADHAAR,2
CPT108802,,dropped_in_docs,FITNESS,4
CPT106538,2026-06-26 19:47:20.247705127,approved,,6
CPT119507,2026-06-25 06:22:44.037250827,approved,,5
CPT118770,,dropped_in_docs,RC,1
CPT103582,,dropped_in_docs,RC,1
CPT119846,,dropped_in_docs,RC,1
CPT114612,,dropped_in_docs,FITNESS,4
CPT108879,,dropped_in_docs,DL,0
CPT120477,2026-06-27 19:55:12.275551082,rejected,doc_authenticity_flag,6
CPT116886,,dropped_in_docs,FITNESS,4
CPT121184,2026-06-25 17:23:50.549924972,approved,,5
CPT109916,,dropped_in_docs,PERMIT,3
CPT106035,,dropped_in_docs,AADHAAR,2
CPT104227,2026-06-30 03:46:24.597203910,rejected,duplicate_captain,6
CPT116838,,dropped_in_docs,DL,0
CPT114387,,in_progress,INSURANCE,5
CPT106960,,dropped_in_docs,RC,1
CPT116054,,dropped_in_docs,AADHAAR,2
CPT107262,,dropped_in_docs,RC,1
CPT102388,,dropped_in_docs,RC,1
CPT121795,,in_progress,FITNESS,4
CPT121510,,dropped_in_docs,RC,1
CPT115502,,dropped_in_docs,RC,1
CPT103099,,dropped_in_docs,RC,1
CPT114254,,dropped_in_docs,RC,1
CPT120578,,in_progress,INSURANCE,5
CPT101674,,in_progress,INSURANCE,5
CPT114088,,dropped_in_docs,RC,1
CPT109925,,dropped_in_docs,DL,0
CPT120144,2026-06-24 20:14:34.273959985,approved,,5
CPT106597,,dropped_in_docs,RC,1
CPT121414,,dropped_in_docs,RC,1
CPT103427,,dropped_in_docs,DL,0
CPT109009,,dropped_in_docs,FITNESS,4
CPT105302,,in_progress,FITNESS,4
CPT110835,,dropped_in_docs,FITNESS,4
CPT122904,,in_progress,RC,1
CPT113678,,in_progress,FITNESS,4
CPT104845,2026-06-26 22:43:52.748871722,approved,,6
CPT103682,,in_progress,INSURANCE,5
CPT108641,,dropped_in_docs,AADHAAR,2
CPT118906,,in_progress,FITNESS,4
CPT106898,,in_progress,INSURANCE,5
CPT120135,,dropped_in_docs,RC,1
CPT100778,,in_progress,INSURANCE,5
CPT104766,,dropped_in_docs,PERMIT,3
CPT124348,2026-06-28 14:12:24.967336468,approved,,6
CPT121076,2026-06-25 02:32:03.386006373,approved,,5
CPT101093,,in_progress,INSURANCE,5
CPT108139,,dropped_in_docs,RC,1
CPT103425,,dropped_in_docs,DL,0
CPT108495,2026-06-29 22:36:26.684681523,approved,,6
CPT114649,2026-06-27 17:58:15.444186767,rejected,duplicate_captain,6
CPT118246,2026-06-27 22:01:54.650987065,approved,,6
CPT105728,,in_progress,FITNESS,4
CPT102314,,dropped_in_docs,DL,0
CPT116298,,in_progress,INSURANCE,5
CPT118230,,dropped_in_docs,INSURANCE,5
CPT104071,,dropped_in_docs,AADHAAR,2
CPT115399,,dropped_in_docs,RC,1
CPT114713,,dropped_in_docs,PERMIT,3
CPT117844,,dropped_in_docs,DL,0
CPT100113,,dropped_in_docs,PERMIT,3
CPT114970,,in_progress,FITNESS,4
CPT101079,2026-06-27 20:47:15.456326145,approved,,6
CPT120218,2026-06-26 20:43:17.347418334,approved,,6
CPT121092,,dropped_in_docs,DL,0
CPT119041,,dropped_in_docs,DL,0
CPT102603,2026-06-25 15:31:09.293312918,approved,,5
CPT117094,,dropped_in_docs,RC,1
CPT102733,,dropped_in_docs,RC,1
CPT117089,,dropped_in_docs,AADHAAR,2
CPT106786,,dropped_in_docs,RC,1
CPT102618,,in_progress,PERMIT,3
CPT115217,,dropped_in_docs,FITNESS,4
CPT111326,,dropped_in_docs,AADHAAR,2
CPT123868,2026-06-25 16:25:53.005783530,rejected,vehicle_age_policy,6
CPT122685,,in_progress,AADHAAR,2
CPT109882,,dropped_in_docs,FITNESS,4
CPT103569,,dropped_in_docs,RC,1
CPT105098,,dropped_in_docs,PERMIT,3
CPT119497,2026-06-27 23:19:22.917863395,approved,,6
CPT116085,2026-06-26 21:27:06.738290481,approved,,6
CPT120703,2026-06-25 10:45:08.270568034,approved,,6
CPT110492,2026-06-25 02:03:57.636792445,approved,,6
CPT108931,,in_progress,PERMIT,3
CPT101743,,dropped_in_docs,AADHAAR,2
CPT112927,,dropped_in_docs,RC,1
CPT115092,,in_progress,INSURANCE,5
CPT101579,,dropped_in_docs,DL,0
CPT113705,,in_progress,PERMIT,3
CPT118422,,dropped_in_docs,AADHAAR,2
CPT116724,2026-06-27 05:43:24.375680377,approved,,6
CPT100932,,in_progress,PERMIT,3
CPT111693,,dropped_in_docs,AADHAAR,2
CPT124942,,in_progress,INSURANCE,5
CPT112733,,dropped_in_docs,RC,1
CPT124785,2026-06-28 04:10:09.877042828,approved,,5
CPT122668,,in_progress,FITNESS,4
CPT109871,,in_progress,AADHAAR,2
CPT124816,,dropped_in_docs,RC,1
CPT119426,,dropped_in_docs,PERMIT,3
CPT109780,,dropped_in_docs,RC,1
CPT113490,,dropped_in_docs,AADHAAR,2
CPT104906,,dropped_in_docs,PERMIT,3
CPT119799,,in_progress,FITNESS,4
CPT100198,,in_progress,FITNESS,4
CPT104778,,dropped_in_docs,AADHAAR,2
CPT103514,,dropped_in_docs,PERMIT,3
CPT108256,,dropped_in_docs,DL,0
CPT109993,,dropped_in_docs,DL,0
CPT113760,2026-06-25 07:21:26.570053164,approved,,5
CPT100790,,in_progress,FITNESS,4
CPT118192,,dropped_in_docs,DL,0
CPT108593,,dropped_in_docs,RC,1
CPT100373,,in_progress,PERMIT,3
CPT120183,,dropped_in_docs,RC,1
CPT120277,,in_progress,FITNESS,4
CPT108862,2026-06-30 19:52:08.959533242,approved,,6
CPT106019,,dropped_in_docs,RC,1
CPT113419,,dropped_in_docs,RC,1
CPT111855,,in_progress,INSURANCE,5
CPT111343,,dropped_in_docs,RC,1
CPT102181,2026-06-28 19:09:59.665185584,approved,,6
CPT109533,,dropped_in_docs,RC,1
CPT107702,,in_progress,RC,1
CPT105417,,dropped_in_docs,RC,1
CPT111317,,in_progress,RC,1
CPT101254,,in_progress,FITNESS,4
CPT122977,,in_progress,INSURANCE,5
CPT116551,,in_progress,FITNESS,4
CPT117683,,dropped_in_docs,RC,1
CPT107487,,dropped_in_docs,PERMIT,3
CPT109229,,dropped_in_docs,RC,1
CPT118827,,dropped_in_docs,DL,0
CPT114381,,dropped_in_docs,FITNESS,4
CPT120530,,in_progress,INSURANCE,5
CPT107069,,in_progress,PERMIT,3
CPT103535,,in_progress,INSURANCE,5
CPT106635,2026-06-29 01:42:33.712687108,approved,,6
CPT100622,2026-06-28 08:52:43.342198136,rejected,vehicle_age_policy,6
CPT121898,,in_progress,INSURANCE,5
CPT124975,2026-06-29 20:12:58.093726402,approved,,6
CPT100296,,dropped_in_docs,RC,1
CPT117793,,dropped_in_docs,PERMIT,3
CPT114835,,in_progress,PERMIT,3
CPT115236,,in_progress,FITNESS,4
CPT106621,,dropped_in_docs,PERMIT,3
CPT120296,,in_progress,FITNESS,4
CPT106617,,dropped_in_docs,PERMIT,3
CPT100812,,dropped_in_docs,AADHAAR,2
CPT122081,2026-06-26 04:30:20.710422852,approved,,6
CPT112703,,dropped_in_docs,RC,1
CPT124727,,dropped_in_docs,FITNESS,4
CPT112071,,in_progress,PERMIT,3
CPT121992,,in_progress,INSURANCE,5
CPT112150,2026-06-27 10:58:31.236854454,approved,,6
CPT117612,,dropped_in_docs,PERMIT,3
CPT109756,,in_progress,AADHAAR,2
CPT115500,,in_progress,PERMIT,3
CPT117132,2026-06-26 11:19:55.266305616,approved,,5
CPT123229,,dropped_in_docs,RC,1
CPT111869,,in_progress,PERMIT,3
CPT116149,2026-06-26 13:07:09.925321761,approved,,6
CPT106181,,in_progress,INSURANCE,5
CPT113938,,in_progress,FITNESS,4
CPT109342,,in_progress,FITNESS,4
CPT110800,,dropped_in_docs,DL,0
CPT120026,,in_progress,RC,1
CPT109386,2026-06-30 10:02:16.853258810,approved,,6
CPT122523,,in_progress,INSURANCE,5
CPT117418,,dropped_in_docs,DL,0
CPT108786,,in_progress,PERMIT,3
CPT116787,,dropped_in_docs,RC,1
CPT102781,,dropped_in_docs,DL,0
CPT116235,,in_progress,FITNESS,4
CPT110253,2026-06-27 00:12:35.075963730,approved,,5
CPT103777,,in_progress,PERMIT,3
CPT120860,,in_progress,INSURANCE,5
CPT122132,2026-06-26 09:52:14.664770863,approved,,6
CPT107828,,in_progress,RC,1
CPT118608,,in_progress,PERMIT,3
CPT116803,,dropped_in_docs,AADHAAR,2
CPT105649,,dropped_in_docs,DL,0
CPT109235,,dropped_in_docs,RC,1
CPT117255,,dropped_in_docs,DL,0
CPT105910,,dropped_in_docs,RC,1
CPT108948,,dropped_in_docs,RC,1
CPT109070,,in_progress,INSURANCE,5
CPT109040,,in_progress,RC,1
CPT108259,,in_progress,FITNESS,4
CPT106405,,in_progress,FITNESS,4
CPT112309,,dropped_in_docs,RC,1
CPT114184,2026-06-27 13:55:14.070420983,approved,,6
CPT112805,2026-06-26 20:51:37.123899741,approved,,6
CPT114224,,in_progress,FITNESS,4
CPT119346,,in_progress,FITNESS,4
CPT116251,,dropped_in_docs,DL,0
CPT102183,,dropped_in_docs,RC,1
CPT105640,,in_progress,PERMIT,3
CPT124469,,dropped_in_docs,AADHAAR,2
CPT101259,,in_progress,INSURANCE,5
CPT119073,,dropped_in_docs,RC,1
CPT124861,2026-06-26 21:05:25.031756775,approved,,5
CPT113862,2026-06-27 16:40:35.551864708,approved,,6
CPT124196,,in_progress,FITNESS,4
CPT114210,,in_progress,PERMIT,3
CPT113551,2026-06-26 02:40:42.072624403,approved,,5
CPT104865,,dropped_in_docs,RC,1
CPT123658,,in_progress,FITNESS,4
CPT117000,,dropped_in_docs,DL,0
CPT101445,2026-06-30 04:16:00.852580439,approved,,6
CPT105481,,in_progress,INSURANCE,5
CPT116931,,dropped_in_docs,RC,1
CPT104220,2026-06-27 20:54:25.164664518,approved,,6
CPT122781,,dropped_in_docs,RC,1
CPT118050,,in_progress,RC,1
CPT120074,,dropped_in_docs,RC,1
CPT107360,,dropped_in_docs,DL,0
CPT120389,2026-06-27 05:02:02.113169371,approved,,6
CPT124020,,in_progress,PERMIT,3
CPT119136,,in_progress,FITNESS,4
CPT107863,,in_progress,INSURANCE,5
CPT123568,,in_progress,PERMIT,3
CPT116737,2026-06-27 08:41:09.168101981,approved,,5
CPT113895,,dropped_in_docs,RC,1
CPT106728,,in_progress,FITNESS,4
CPT106284,2026-06-30 00:45:38.536966288,approved,,6
CPT103407,,in_progress,FITNESS,4
CPT112547,,dropped_in_docs,RC,1
CPT106017,2026-06-26 10:50:27.926046713,approved,,6
CPT102298,,in_progress,FITNESS,4
CPT110496,,in_progress,RC,1
CPT109680,2026-06-29 04:07:59.192438142,approved,,6
CPT111076,,dropped_in_docs,RC,1
CPT106962,,in_progress,FITNESS,4
CPT103448,,in_progress,RC,1
CPT101080,,in_progress,FITNESS,4
CPT122689,,in_progress,RC,1
CPT104744,,in_progress,FITNESS,4
CPT106971,,in_progress,PERMIT,3
CPT109940,,in_progress,RC,1
CPT106228,,in_progress,RC,1
CPT106252,,in_progress,RC,1
CPT113334,,in_progress,RC,1
CPT103913,,in_progress,AADHAAR,2
CPT109021,,dropped_in_docs,RC,1
CPT106585,,in_progress,INSURANCE,5
CPT103058,,dropped_in_docs,RC,1
CPT107549,,in_progress,RC,1
CPT107346,,dropped_in_docs,DL,0
CPT115883,2026-06-29 01:20:06.531826267,approved,,6
CPT101751,,dropped_in_docs,DL,0
CPT121626,,dropped_in_docs,RC,1
CPT110354,,in_progress,PERMIT,3
CPT103250,,dropped_in_docs,AADHAAR,2
CPT104606,,dropped_in_docs,DL,0
CPT124715,,dropped_in_docs,RC,1
CPT108960,,in_progress,FITNESS,4
CPT110273,,in_progress,AADHAAR,2
CPT109449,,in_progress,RC,1
CPT107104,,dropped_in_docs,DL,0
CPT100239,,in_progress,INSURANCE,5
CPT116502,,dropped_in_docs,DL,0
CPT109278,2026-06-29 21:09:07.361926583,approved,,6
CPT119266,,dropped_in_docs,RC,1
CPT114194,,in_progress,PERMIT,3
CPT110615,2026-06-30 01:18:31.755078837,approved,,6
CPT107619,,in_progress,INSURANCE,5
CPT123088,,dropped_in_docs,DL,0
CPT112294,,dropped_in_docs,DL,0
CPT108151,,in_progress,PERMIT,3
CPT103710,2026-06-29 19:35:54.635332791,approved,,6
CPT124381,,in_progress,,6
CPT108305,2026-06-28 10:51:13.543927463,approved,,6
CPT119778,2026-06-29 01:19:01.305285067,approved,,5
CPT109896,2026-06-29 21:27:04.141826647,approved,,5
CPT111284,,dropped_in_docs,RC,1
CPT116442,,in_progress,RC,1
CPT100130,2026-06-28 10:34:45.770025152,rejected,background_check_failed,5
CPT111798,,in_progress,RC,1
CPT105532,,in_progress,AADHAAR,2
CPT101653,,in_progress,PERMIT,3
CPT117994,,in_progress,AADHAAR,2
CPT122934,2026-06-27 22:51:19.930955666,approved,,5
CPT113859,,in_progress,RC,1
CPT103952,2026-06-26 01:00:00.169774408,rejected,vehicle_age_policy,6
CPT107235,,in_progress,PERMIT,3
CPT103334,,dropped_in_docs,DL,0
CPT109176,,dropped_in_docs,RC,1
CPT100943,,in_progress,INSURANCE,5
CPT101776,,in_progress,FITNESS,4
CPT108403,,in_progress,RC,1
CPT122535,,in_progress,AADHAAR,2
CPT106719,2026-06-29 15:32:30.834653236,approved,,6
CPT101226,,in_progress,FITNESS,4
CPT118924,,in_progress,INSURANCE,5
CPT111139,,dropped_in_docs,RC,1
CPT102612,,in_progress,INSURANCE,5
CPT103561,2026-06-27 02:48:06.602901791,approved,,6
CPT122051,,dropped_in_docs,RC,1
CPT112310,2026-06-30 11:49:27.915200259,approved,,6
CPT109015,,in_progress,PERMIT,3
CPT111784,,in_progress,PERMIT,3
CPT123044,,dropped_in_docs,RC,1
CPT104419,,in_progress,AADHAAR,2
CPT112111,,in_progress,AADHAAR,2
CPT112699,,in_progress,INSURANCE,5
CPT112744,,in_progress,PERMIT,3
CPT109477,,in_progress,FITNESS,4
CPT106320,2026-06-27 07:26:55.783572969,approved,,5
CPT102506,,in_progress,PERMIT,3
CPT102530,,in_progress,PERMIT,3
CPT112673,,in_progress,FITNESS,4
CPT101836,,in_progress,PERMIT,3
CPT123784,,in_progress,AADHAAR,2
CPT108248,,dropped_in_docs,DL,0
CPT107389,,in_progress,RC,1
CPT116606,,in_progress,PERMIT,3
CPT107089,,dropped_in_docs,RC,1
CPT112486,,dropped_in_docs,DL,0
CPT111570,,in_progress,DL,0
CPT124790,,in_progress,FITNESS,4
CPT123613,2026-06-29 17:38:59.827451446,approved,,6
CPT116613,,in_progress,PERMIT,3
CPT108598,,dropped_in_docs,DL,0
CPT120698,,in_progress,PERMIT,3
CPT101989,,in_progress,PERMIT,3
CPT111840,,in_progress,PERMIT,3
CPT121866,,dropped_in_docs,DL,0
CPT100488,2026-06-30 20:52:53.958836332,approved,,6
CPT112026,,in_progress,FITNESS,4
CPT119939,,in_progress,AADHAAR,2
CPT105343,,dropped_in_docs,RC,1
CPT110794,,in_progress,INSURANCE,5
CPT101464,,dropped_in_docs,RC,1
CPT116889,2026-06-29 03:29:54.453481429,approved,,6
CPT120940,,in_progress,FITNESS,4
CPT113605,,in_progress,RC,1
CPT118688,,in_progress,PERMIT,3
CPT124221,2026-06-29 06:16:42.121886360,approved,,6
CPT103853,,dropped_in_docs,DL,0
CPT101861,,in_progress,AADHAAR,2
CPT105430,,in_progress,FITNESS,4
CPT100076,,in_progress,PERMIT,3
CPT100810,,dropped_in_docs,RC,1
CPT114869,,in_progress,FITNESS,4
CPT104678,,in_progress,INSURANCE,5
CPT119736,,in_progress,INSURANCE,5
CPT124480,,dropped_in_docs,DL,0
CPT107757,2026-06-26 13:38:46.019976598,approved,,5
CPT118504,,in_progress,FITNESS,4
CPT115874,,in_progress,FITNESS,4
CPT104218,,in_progress,PERMIT,3
CPT110163,,in_progress,RC,1
CPT103976,,in_progress,PERMIT,3
CPT100809,,in_progress,RC,1
CPT120772,,dropped_in_docs,DL,0
CPT108707,,in_progress,PERMIT,3
CPT121748,,in_progress,FITNESS,4
CPT102847,,in_progress,INSURANCE,5
CPT108605,,in_progress,FITNESS,4
CPT101404,,in_progress,INSURANCE,5
CPT104573,,in_progress,RC,1
CPT123740,,in_progress,AADHAAR,2
CPT106964,,in_progress,RC,1
CPT102002,,in_progress,AADHAAR,2
CPT114023,,in_progress,RC,1
CPT104545,,in_progress,INSURANCE,5
CPT123518,,in_progress,RC,1
CPT113803,,dropped_in_docs,RC,1
CPT120600,,in_progress,FITNESS,4
CPT117782,,in_progress,INSURANCE,5
CPT112844,,in_progress,PERMIT,3
CPT112230,,in_progress,INSURANCE,5
CPT105866,,dropped_in_docs,RC,1
CPT114030,,in_progress,PERMIT,3
CPT120922,,dropped_in_docs,RC,1
CPT115872,,in_progress,PERMIT,3
CPT117398,2026-06-27 19:13:34.838535500,approved,,6
CPT106058,,in_progress,,6
CPT119282,,in_progress,PERMIT,3
CPT114054,,in_progress,PERMIT,3
CPT122377,,dropped_in_docs,RC,1
CPT114582,,in_progress,RC,1
CPT103305,2026-06-27 10:51:25.500227764,approved,,6
CPT105480,,in_progress,PERMIT,3
CPT122201,,in_progress,PERMIT,3
CPT116751,,in_progress,FITNESS,4
CPT101818,,in_progress,PERMIT,3
CPT110486,,in_progress,PERMIT,3
CPT120276,,dropped_in_docs,RC,1
CPT106616,,dropped_in_docs,RC,1
CPT112290,,in_progress,INSURANCE,5
CPT115234,,in_progress,AADHAAR,2
CPT120232,,in_progress,RC,1
CPT104946,2026-06-27 03:30:09.533107695,approved,,6
CPT121465,2026-06-30 20:19:48.294526868,approved,,6
CPT110054,2026-06-30 12:37:01.056329541,rejected,doc_authenticity_flag,6
CPT110819,,in_progress,INSURANCE,5
CPT104250,,in_progress,INSURANCE,5
CPT117995,2026-06-26 08:53:23.058193116,approved,,6
CPT109202,2026-06-29 12:33:04.578897665,rejected,doc_authenticity_flag,6
CPT102251,2026-06-28 12:01:02.887654926,approved,,5
CPT120409,,in_progress,PERMIT,3
CPT102639,,in_progress,PERMIT,3
CPT116277,,in_progress,FITNESS,4
CPT117430,,in_progress,RC,1
CPT121388,,dropped_in_docs,RC,1
CPT104493,,in_progress,RC,1
CPT111101,,in_progress,RC,1
CPT111026,,in_progress,FITNESS,4
CPT120384,,in_progress,PERMIT,3
CPT100412,,in_progress,INSURANCE,5
CPT103009,,in_progress,INSURANCE,5
CPT123474,,dropped_in_docs,RC,1
CPT118129,,in_progress,RC,1
CPT110433,2026-06-28 23:30:06.527368084,approved,,6
CPT112798,,in_progress,AADHAAR,2
CPT116546,,in_progress,INSURANCE,5
CPT107093,,in_progress,PERMIT,3
CPT120394,,in_progress,RC,1
CPT115070,,in_progress,PERMIT,3
CPT108917,,in_progress,RC,1
CPT108148,,dropped_in_docs,RC,1
CPT120420,2026-06-29 18:39:19.394998775,rejected,duplicate_captain,5
CPT124907,2026-06-30 20:13:27.249675184,approved,,5
CPT102610,2026-06-30 21:26:14.818450857,approved,,5
CPT123824,2026-06-27 22:23:12.277697488,approved,,5
CPT111664,,in_progress,RC,1
CPT114791,,in_progress,RC,1
CPT100942,,in_progress,AADHAAR,2
CPT124663,,in_progress,PERMIT,3
CPT114093,,dropped_in_docs,DL,0
CPT106006,,in_progress,RC,1
CPT105715,2026-06-27 13:15:12.115825634,rejected,duplicate_captain,5
CPT119713,,in_progress,INSURANCE,5
CPT112245,2026-06-30 10:54:52.145249245,approved,,5
CPT123974,,in_progress,RC,1
CPT124622,,dropped_in_docs,DL,0
CPT111929,,in_progress,PERMIT,3
CPT116832,,in_progress,DL,0
CPT116509,,in_progress,DL,0
CPT108198,,in_progress,AADHAAR,2
CPT106372,,in_progress,FITNESS,4
CPT109838,,in_progress,RC,1
CPT112047,,dropped_in_docs,DL,0
CPT122371,,in_progress,RC,1
CPT109411,,dropped_in_docs,DL,0
CPT110617,,in_progress,AADHAAR,2
CPT123598,,in_progress,AADHAAR,2
CPT124520,,dropped_in_docs,DL,0
CPT106210,,in_progress,RC,1
CPT104472,,in_progress,PERMIT,3
CPT111822,2026-06-27 06:15:44.198267729,approved,,6
CPT124268,,in_progress,RC,1
CPT110827,2026-06-30 13:50:00.211312468,approved,,6
CPT121212,,dropped_in_docs,DL,0
CPT124737,,in_progress,FITNESS,4
CPT115982,,in_progress,RC,1
CPT104873,,dropped_in_docs,DL,0
CPT109631,,in_progress,RC,1
CPT100134,,in_progress,RC,1
CPT121343,,in_progress,PERMIT,3
CPT119474,,in_progress,FITNESS,4
CPT103991,,in_progress,FITNESS,4
CPT107867,,in_progress,RC,1
CPT118032,,in_progress,DL,0
CPT122203,,dropped_in_docs,DL,0
CPT103024,,dropped_in_docs,RC,1
CPT103708,,in_progress,,6
CPT119656,,in_progress,RC,1
CPT117487,,in_progress,AADHAAR,2
CPT123738,2026-06-30 10:33:25.951249877,approved,,6
CPT118041,,in_progress,INSURANCE,5
CPT124813,,in_progress,INSURANCE,5
CPT105410,2026-06-28 23:31:07.628319722,approved,,6
CPT102332,2026-06-29 21:20:20.842406554,approved,,6
CPT119119,,in_progress,INSURANCE,5
CPT119758,,in_progress,,6
CPT111695,2026-06-30 01:50:52.951721732,approved,,6
CPT110845,2026-06-29 00:53:32.238878646,approved,,6
CPT123833,,in_progress,RC,1
CPT124621,,in_progress,FITNESS,4
CPT115728,,dropped_in_docs,DL,0
CPT100580,,in_progress,INSURANCE,5
CPT114494,,in_progress,AADHAAR,2
CPT123132,,in_progress,FITNESS,4
CPT107604,,in_progress,RC,1
CPT104434,,in_progress,,6
CPT102819,,in_progress,FITNESS,4
CPT110049,,in_progress,PERMIT,3
CPT106433,,in_progress,RC,1
CPT100149,,dropped_in_docs,DL,0
CPT104121,,in_progress,RC,1
CPT110814,,in_progress,PERMIT,3
CPT115725,,in_progress,RC,1
CPT115087,,in_progress,FITNESS,4
CPT100902,,in_progress,AADHAAR,2
CPT105318,,in_progress,FITNESS,4
CPT110434,,in_progress,FITNESS,4
CPT108892,,in_progress,INSURANCE,5
CPT104915,2026-06-28 20:11:01.379072449,approved,,5
CPT114517,2026-06-29 08:58:41.590728366,approved,,5
CPT100592,,in_progress,AADHAAR,2
CPT124901,,in_progress,RC,1
CPT107188,,in_progress,RC,1
CPT116153,,dropped_in_docs,DL,0
CPT124232,,in_progress,INSURANCE,5
CPT108087,,in_progress,RC,1
CPT116315,,in_progress,RC,1
CPT112937,,in_progress,AADHAAR,2
CPT110728,,in_progress,INSURANCE,5
CPT120009,,in_progress,RC,1
CPT124275,,in_progress,PERMIT,3
CPT111430,2026-06-28 22:22:13.586535254,approved,,5
CPT101153,,in_progress,RC,1
CPT112034,,in_progress,FITNESS,4
CPT119021,2026-06-30 16:51:57.982535536,approved,,6
CPT122676,2026-06-28 21:24:36.775450002,approved,,6
CPT123396,2026-06-27 07:19:36.660981013,approved,,5
CPT100696,,in_progress,RC,1
CPT118565,2026-06-28 11:41:42.694486635,approved,,5
CPT108483,2026-06-29 07:34:26.726635168,approved,,6
CPT115119,,in_progress,AADHAAR,2
CPT109160,,dropped_in_docs,DL,0
CPT116992,,in_progress,INSURANCE,5
CPT124838,,in_progress,PERMIT,3
CPT112960,,in_progress,PERMIT,3
CPT101430,,in_progress,RC,1
CPT108124,,in_progress,DL,0
CPT117373,,in_progress,RC,1
CPT109110,,in_progress,INSURANCE,5
CPT118315,,in_progress,RC,1
CPT112326,,in_progress,FITNESS,4
CPT101737,2026-06-29 07:16:50.443141161,approved,,5
CPT100858,,in_progress,INSURANCE,5
CPT116096,,in_progress,PERMIT,3
CPT115017,,in_progress,FITNESS,4
CPT110684,,in_progress,AADHAAR,2
CPT110553,,dropped_in_docs,DL,0
CPT122454,,in_progress,INSURANCE,5
CPT103783,,in_progress,DL,0
CPT112494,,in_progress,DL,0
CPT103768,,dropped_in_docs,DL,0
CPT120511,,in_progress,PERMIT,3
CPT119969,,in_progress,AADHAAR,2
CPT120223,,in_progress,PERMIT,3
CPT102607,,in_progress,RC,1
CPT107023,,in_progress,RC,1
CPT121129,,in_progress,FITNESS,4
CPT120595,,in_progress,DL,0
CPT122292,,in_progress,INSURANCE,5
CPT106246,,in_progress,FITNESS,4
CPT119318,,in_progress,RC,1
CPT114739,2026-06-30 11:49:42.722486873,approved,,6
CPT107932,,in_progress,INSURANCE,5
CPT113808,,in_progress,PERMIT,3
CPT121874,2026-06-30 05:35:25.738508625,approved,,6
CPT114120,2026-06-30 20:07:27.384608624,approved,,6
CPT113001,,in_progress,FITNESS,4
CPT105892,,in_progress,RC,1
CPT103524,,in_progress,PERMIT,3
CPT112820,,in_progress,RC,1
CPT111828,,in_progress,FITNESS,4
CPT117570,,in_progress,RC,1
CPT115542,,in_progress,INSURANCE,5
CPT109864,,in_progress,RC,1
CPT120758,,in_progress,FITNESS,4
CPT115277,,in_progress,AADHAAR,2
CPT107892,,in_progress,FITNESS,4
CPT106448,,dropped_in_docs,DL,0
CPT102806,,in_progress,RC,1
CPT107632,,in_progress,INSURANCE,5
CPT116835,,in_progress,RC,1
CPT112261,,in_progress,PERMIT,3
CPT111145,,in_progress,RC,1
CPT108155,,in_progress,AADHAAR,2
CPT120885,,in_progress,FITNESS,4
CPT103351,,in_progress,PERMIT,3
CPT124261,,in_progress,DL,0
CPT114098,,in_progress,RC,1
CPT123642,,in_progress,DL,0
CPT108840,,in_progress,RC,1
CPT102235,,in_progress,RC,1
CPT112164,,in_progress,PERMIT,3
CPT118052,,in_progress,RC,1
CPT116264,,in_progress,,6
CPT107151,,in_progress,RC,1
CPT119034,,dropped_in_docs,DL,0
CPT112307,,in_progress,,6
CPT105241,,in_progress,INSURANCE,5
CPT110369,,in_progress,DL,0
CPT121608,,in_progress,AADHAAR,2
CPT120429,,in_progress,INSURANCE,5
CPT106426,2026-06-29 15:10:05.912884215,rejected,background_check_failed,6
CPT117378,,in_progress,RC,1
CPT105954,,in_progress,INSURANCE,5
CPT100425,,in_progress,RC,1
CPT106854,,in_progress,INSURANCE,5
CPT123300,,in_progress,RC,1
CPT120331,,in_progress,PERMIT,3
CPT122393,,in_progress,FITNESS,4
CPT119581,,in_progress,RC,1
CPT116462,,in_progress,RC,1
CPT113770,,in_progress,RC,1
CPT103408,,in_progress,PERMIT,3
CPT106151,,in_progress,INSURANCE,5
CPT124397,,dropped_in_docs,DL,0
CPT110126,,in_progress,,6
CPT105258,2026-06-29 12:38:02.463497313,approved,,6
CPT102651,,in_progress,INSURANCE,5
CPT124150,,in_progress,INSURANCE,5
CPT111413,,in_progress,PERMIT,3
CPT124894,,in_progress,PERMIT,3
CPT107988,,dropped_in_docs,DL,0
CPT110777,,dropped_in_docs,DL,0
CPT101898,,in_progress,RC,1
CPT111424,,in_progress,PERMIT,3
CPT107668,,in_progress,,5
CPT101486,,in_progress,RC,1
CPT120891,,in_progress,FITNESS,4
CPT116234,,in_progress,,6
CPT115127,2026-06-29 16:18:35.593495954,approved,,6
CPT100556,,in_progress,RC,1
CPT105463,2026-06-30 09:22:40.767997748,approved,,6
CPT124076,,in_progress,AADHAAR,2
CPT102169,,in_progress,PERMIT,3
CPT119339,,dropped_in_docs,DL,0
CPT102999,,in_progress,INSURANCE,5
CPT104709,2026-06-29 23:26:56.326711741,approved,,6
CPT100207,,in_progress,PERMIT,3
CPT103236,,in_progress,RC,1
CPT124222,,in_progress,RC,1
CPT108554,,in_progress,PERMIT,3
CPT111723,,in_progress,,6
CPT119222,,in_progress,FITNESS,4
CPT117707,,in_progress,INSURANCE,5
CPT122993,,dropped_in_docs,DL,0
CPT107156,,in_progress,,6
CPT116593,2026-06-28 13:05:24.297210715,approved,,6
CPT101758,,in_progress,DL,0
CPT122670,,in_progress,RC,1
CPT114316,,in_progress,,6
CPT117819,,in_progress,INSURANCE,5
CPT106915,,in_progress,RC,1
CPT113648,,in_progress,FITNESS,4
CPT110467,,in_progress,PERMIT,3
CPT105670,,in_progress,RC,1
CPT122431,,dropped_in_docs,DL,0
CPT105188,,in_progress,RC,1
CPT119905,,in_progress,FITNESS,4
CPT103575,,in_progress,,6
CPT124583,,in_progress,PERMIT,3
CPT113818,,in_progress,RC,1
CPT118358,,in_progress,RC,1
CPT104458,,in_progress,RC,1
CPT110284,,in_progress,AADHAAR,2
CPT108341,,in_progress,DL,0
CPT116136,,in_progress,PERMIT,3
CPT114815,,in_progress,INSURANCE,5
CPT115601,,in_progress,RC,1
CPT115621,,in_progress,INSURANCE,5
CPT123188,,in_progress,RC,1
CPT124248,,in_progress,PERMIT,3
CPT103662,,in_progress,DL,0
CPT112583,,in_progress,RC,1
CPT115143,,dropped_in_docs,DL,0
CPT112617,,in_progress,RC,1
CPT110317,2026-06-30 10:45:31.311667572,approved,,6
CPT108596,,in_progress,RC,1
CPT106660,,in_progress,RC,1
CPT101038,,dropped_in_docs,DL,0
CPT119351,,in_progress,FITNESS,4
CPT111070,,in_progress,RC,1
CPT113863,,in_progress,AADHAAR,2
CPT113672,,in_progress,RC,1
CPT111372,,in_progress,INSURANCE,5
CPT111146,,in_progress,RC,1
CPT102509,,in_progress,FITNESS,4
CPT114209,,in_progress,PERMIT,3
CPT102407,,dropped_in_docs,DL,0
CPT101578,,in_progress,,6
CPT109088,2026-06-30 08:45:41.324953288,approved,,6
CPT100993,,in_progress,RC,1
CPT100972,,in_progress,FITNESS,4
CPT119249,,in_progress,RC,1
CPT105567,,in_progress,FITNESS,4
CPT100169,,dropped_in_docs,DL,0
CPT117486,2026-06-29 03:27:41.556060057,rejected,background_check_failed,5
CPT124563,,in_progress,AADHAAR,2
CPT112256,,in_progress,FITNESS,4
CPT117521,,in_progress,DL,0
CPT120547,,dropped_in_docs,DL,0
CPT116917,,in_progress,RC,1
CPT121112,,in_progress,PERMIT,3
CPT116648,,in_progress,,6
CPT105689,,in_progress,DL,0
CPT106124,,in_progress,INSURANCE,5
CPT120299,,in_progress,RC,1
CPT113057,,in_progress,FITNESS,4
CPT106296,,in_progress,FITNESS,4
CPT101209,,in_progress,FITNESS,4
CPT114177,,in_progress,RC,1
CPT102558,,in_progress,,6
CPT124462,,in_progress,RC,1
CPT121686,,in_progress,FITNESS,4
CPT107942,,in_progress,RC,1
CPT100879,,in_progress,AADHAAR,2
CPT105371,,in_progress,DL,0
CPT110981,,dropped_in_docs,DL,0
CPT107764,,in_progress,FITNESS,4
CPT105060,,in_progress,,6
CPT123627,,in_progress,RC,1
CPT107811,,in_progress,INSURANCE,5
CPT118106,,in_progress,INSURANCE,5
CPT123065,2026-06-29 08:20:46.228025865,approved,,6
CPT101098,,in_progress,RC,1
CPT112160,,in_progress,PERMIT,3
CPT112490,,in_progress,,6
CPT117800,,in_progress,PERMIT,3
CPT105353,,in_progress,AADHAAR,2
CPT111499,,in_progress,PERMIT,3
CPT100527,,in_progress,INSURANCE,5
CPT117328,,in_progress,DL,0
CPT113662,,in_progress,RC,1
CPT108845,,in_progress,PERMIT,3
CPT107732,,in_progress,PERMIT,3
CPT113385,,in_progress,INSURANCE,5
CPT124129,,in_progress,INSURANCE,5
CPT111531,,in_progress,INSURANCE,5
CPT120926,,in_progress,PERMIT,3
CPT108825,,in_progress,PERMIT,3
CPT107098,,in_progress,INSURANCE,5
CPT115256,2026-06-29 14:31:14.158864712,rejected,doc_authenticity_flag,6
CPT118160,,in_progress,PERMIT,3
CPT108114,,in_progress,AADHAAR,2
CPT118070,,in_progress,FITNESS,4
CPT112045,,in_progress,RC,1
CPT121577,,in_progress,RC,1
CPT124882,,in_progress,INSURANCE,5
CPT101293,,in_progress,INSURANCE,5
CPT122048,,in_progress,PERMIT,3
CPT115545,,in_progress,FITNESS,4
CPT114522,,in_progress,INSURANCE,5
CPT123743,,in_progress,INSURANCE,5
CPT117114,,in_progress,RC,1
CPT121143,,in_progress,,6
CPT122352,,in_progress,PERMIT,3
CPT109378,,in_progress,RC,1
CPT122666,,in_progress,PERMIT,3
CPT112795,,in_progress,,6
CPT104489,,in_progress,RC,1
CPT113325,,in_progress,AADHAAR,2
CPT100100,,in_progress,,6
CPT102801,,in_progress,RC,1
CPT120617,,in_progress,,6
CPT117659,,in_progress,AADHAAR,2
CPT114981,,in_progress,RC,1
CPT105826,,in_progress,PERMIT,3
CPT116236,,in_progress,PERMIT,3
CPT109707,,in_progress,FITNESS,4
CPT118614,,in_progress,RC,1
CPT104602,,in_progress,PERMIT,3
CPT105335,,in_progress,AADHAAR,2
CPT119888,,in_progress,INSURANCE,5
CPT124554,,dropped_in_docs,DL,0
CPT108085,,dropped_in_docs,DL,0
CPT121261,,in_progress,RC,1
CPT123870,,in_progress,,5
CPT101447,,in_progress,INSURANCE,5
CPT115330,,in_progress,PERMIT,3
CPT121205,,in_progress,PERMIT,3
CPT117787,,in_progress,INSURANCE,5
CPT110393,,in_progress,FITNESS,4
CPT109752,,in_progress,PERMIT,3
CPT107324,,in_progress,RC,1
CPT111055,,in_progress,DL,0
CPT115312,,in_progress,PERMIT,3
CPT117596,,in_progress,RC,1
CPT123505,,in_progress,AADHAAR,2
CPT115975,,in_progress,INSURANCE,5
CPT115896,,in_progress,RC,1
CPT107167,,in_progress,RC,1
CPT120717,,in_progress,PERMIT,3
CPT121915,,in_progress,PERMIT,3
CPT121830,,in_progress,FITNESS,4
CPT120180,,in_progress,PERMIT,3
CPT122432,,in_progress,RC,1
CPT102684,,in_progress,PERMIT,3
CPT107855,,in_progress,AADHAAR,2
CPT124091,,in_progress,RC,1
CPT118464,,in_progress,PERMIT,3
CPT120359,2026-06-30 10:50:28.389835882,approved,,5
CPT122667,,in_progress,PERMIT,3
CPT121509,,in_progress,INSURANCE,5
CPT106645,,in_progress,FITNESS,4
CPT124532,,in_progress,RC,1
CPT108496,,in_progress,,6
CPT103638,,in_progress,RC,1
CPT123207,,in_progress,,6
CPT112633,,in_progress,RC,1
CPT102554,,in_progress,RC,1
CPT103216,,in_progress,DL,0
CPT105592,,dropped_in_docs,DL,0
CPT120903,,dropped_in_docs,DL,0
CPT115389,,in_progress,FITNESS,4
CPT115670,,dropped_in_docs,DL,0
CPT114315,,in_progress,INSURANCE,5
CPT103608,,in_progress,DL,0
CPT108543,,dropped_in_docs,DL,0
CPT108422,,in_progress,INSURANCE,5
CPT110621,,in_progress,,6
CPT107266,,in_progress,FITNESS,4
CPT118862,,in_progress,FITNESS,4
CPT121458,,in_progress,,6
CPT105316,,in_progress,DL,0
CPT103265,,in_progress,FITNESS,4
CPT120017,,in_progress,INSURANCE,5
CPT115504,,in_progress,PERMIT,3
CPT109662,,in_progress,AADHAAR,2
CPT122128,,in_progress,FITNESS,4
CPT104253,,in_progress,PERMIT,3
CPT111280,,in_progress,,6
CPT101214,,in_progress,INSURANCE,5
CPT105248,2026-06-29 18:52:25.208246797,approved,,6
CPT107460,,in_progress,RC,1
CPT117031,,in_progress,DL,0
CPT119687,,in_progress,RC,1
CPT104931,,in_progress,INSURANCE,5
CPT112190,,in_progress,DL,0
CPT119024,,in_progress,,6
CPT113177,,in_progress,INSURANCE,5
CPT123919,,in_progress,,6
CPT113526,,dropped_in_docs,DL,0
CPT107784,,in_progress,,6
CPT104814,,in_progress,PERMIT,3
CPT118575,,in_progress,RC,1
CPT105832,,in_progress,INSURANCE,5
CPT102673,,in_progress,FITNESS,4
CPT117138,2026-06-29 11:11:59.283749069,approved,,6
CPT111692,,in_progress,RC,1
CPT124640,,in_progress,INSURANCE,5
CPT108301,,in_progress,INSURANCE,5
CPT100689,,in_progress,FITNESS,4
CPT117630,2026-06-29 17:15:10.899053736,approved,,5
CPT109451,,in_progress,RC,1
CPT111226,,in_progress,DL,0
CPT116499,,dropped_in_docs,DL,0
CPT101295,,in_progress,INSURANCE,5
CPT115906,,in_progress,FITNESS,4
CPT117889,,in_progress,FITNESS,4
CPT118146,,in_progress,PERMIT,3
CPT122455,,in_progress,,6
CPT111406,,in_progress,INSURANCE,5
CPT116341,,in_progress,,5
CPT120024,,in_progress,DL,0
CPT123593,,in_progress,RC,1
CPT116004,,in_progress,,6
CPT108444,,in_progress,,5
CPT120044,,in_progress,INSURANCE,5
CPT107174,,in_progress,PERMIT,3
CPT116240,,in_progress,PERMIT,3
CPT100068,,in_progress,,6
CPT106589,,in_progress,RC,1
CPT102620,,in_progress,RC,1
CPT100405,,in_progress,AADHAAR,2
CPT101815,,in_progress,INSURANCE,5
CPT120167,,in_progress,RC,1
CPT100649,2026-06-30 20:20:18.939776792,approved,,6
CPT111565,,in_progress,AADHAAR,2
CPT103849,,in_progress,INSURANCE,5
CPT114124,,in_progress,RC,1
CPT105474,,in_progress,DL,0
CPT116540,,in_progress,RC,1
CPT104565,,in_progress,PERMIT,3
CPT108440,,in_progress,FITNESS,4
CPT102363,,in_progress,INSURANCE,5
CPT117563,,in_progress,AADHAAR,2
CPT103346,,in_progress,RC,1
CPT109472,,in_progress,FITNESS,4
CPT113029,,in_progress,RC,1
CPT114236,,in_progress,PERMIT,3
CPT106798,,in_progress,AADHAAR,2
CPT105545,,in_progress,RC,1
CPT101580,,in_progress,FITNESS,4
CPT114630,,in_progress,RC,1
CPT110001,,in_progress,,6
CPT124724,,in_progress,INSURANCE,5
CPT106534,,in_progress,PERMIT,3
CPT123832,,in_progress,RC,1
CPT119473,,in_progress,PERMIT,3
CPT103386,,in_progress,,6
CPT122768,,dropped_in_docs,DL,0
CPT106225,,in_progress,INSURANCE,5
CPT112021,,dropped_in_docs,DL,0
CPT122110,,in_progress,PERMIT,3
CPT105704,2026-06-29 12:19:13.717290565,approved,,5
CPT121071,,in_progress,,5
CPT122325,,in_progress,FITNESS,4
CPT102293,,in_progress,FITNESS,4
CPT101859,2026-06-30 21:53:47.017208589,approved,,6
CPT116683,,in_progress,RC,1
CPT101173,,dropped_in_docs,DL,0
CPT118686,,in_progress,FITNESS,4
CPT106843,,in_progress,INSURANCE,5
CPT101535,,in_progress,PERMIT,3
CPT105167,,in_progress,PERMIT,3
CPT120089,,in_progress,AADHAAR,2
CPT114134,,in_progress,RC,1
CPT101162,,in_progress,FITNESS,4
CPT124604,,in_progress,AADHAAR,2
CPT118609,,in_progress,FITNESS,4
CPT106875,,in_progress,,6
CPT104396,,in_progress,RC,1
CPT116485,,in_progress,FITNESS,4
CPT108308,,in_progress,FITNESS,4
CPT106657,,in_progress,FITNESS,4
CPT107830,,in_progress,,6
CPT117330,,in_progress,PERMIT,3
CPT108609,,in_progress,RC,1
CPT122378,,in_progress,DL,0
CPT109512,,in_progress,PERMIT,3
CPT107509,,in_progress,RC,1
CPT110931,,in_progress,RC,1
CPT114202,,in_progress,INSURANCE,5
CPT102833,,dropped_in_docs,DL,0
CPT101264,,in_progress,RC,1
CPT100783,,in_progress,RC,1
CPT121188,,in_progress,AADHAAR,2
CPT122871,,in_progress,FITNESS,4
CPT111446,,in_progress,INSURANCE,5
CPT107283,,in_progress,RC,1
CPT107011,,in_progress,,6
CPT122015,,in_progress,,6
CPT106350,,in_progress,RC,1
CPT110903,,in_progress,FITNESS,4
CPT121931,,in_progress,RC,1
CPT121998,,in_progress,RC,1
CPT109074,,in_progress,INSURANCE,5
CPT106546,,in_progress,AADHAAR,2
CPT121828,,in_progress,AADHAAR,2
CPT123121,,in_progress,DL,0
CPT123517,,dropped_in_docs,DL,0
CPT120408,,in_progress,,6
CPT120096,,in_progress,INSURANCE,5
CPT106408,,in_progress,FITNESS,4
CPT120166,,in_progress,RC,1
CPT106699,,in_progress,PERMIT,3
CPT112612,,in_progress,FITNESS,4
CPT123427,,in_progress,RC,1
CPT114024,,dropped_in_docs,DL,0
CPT109570,,in_progress,,6
CPT105385,,in_progress,DL,0
CPT121552,,in_progress,AADHAAR,2
CPT108053,,in_progress,RC,1
CPT106908,,in_progress,DL,0
CPT109215,,in_progress,RC,1
CPT105065,,in_progress,FITNESS,4
CPT100375,,in_progress,RC,1
CPT117506,,in_progress,PERMIT,3
CPT114501,,in_progress,,6
CPT109045,,in_progress,INSURANCE,5
CPT119364,,in_progress,RC,1
CPT114457,,in_progress,FITNESS,4
CPT103508,,in_progress,RC,1
CPT119551,,in_progress,RC,1
CPT107032,,in_progress,DL,0
CPT114227,,in_progress,RC,1
CPT123941,,in_progress,RC,1
CPT106813,,in_progress,DL,0
CPT102746,,in_progress,PERMIT,3
CPT106057,,in_progress,INSURANCE,5
CPT113433,,in_progress,FITNESS,4
CPT103409,,in_progress,RC,1
CPT106571,,in_progress,,6
CPT123174,,in_progress,AADHAAR,2
CPT120988,,dropped_in_docs,DL,0
CPT116631,,dropped_in_docs,DL,0
CPT110802,,in_progress,PERMIT,3
CPT123724,,in_progress,FITNESS,4
CPT122429,,in_progress,PERMIT,3
CPT101731,,in_progress,RC,1
CPT118115,,in_progress,RC,1
CPT120554,,in_progress,RC,1
CPT116114,,in_progress,RC,1
CPT121418,,in_progress,RC,1
CPT101792,,in_progress,PERMIT,3
CPT123345,,in_progress,PERMIT,3
CPT119670,,in_progress,RC,1
CPT104519,,in_progress,INSURANCE,5
CPT123510,,in_progress,RC,1
CPT116332,,in_progress,,6
CPT106513,,in_progress,DL,0
CPT123322,,in_progress,AADHAAR,2
CPT110135,,in_progress,PERMIT,3
CPT110562,,in_progress,RC,1
CPT117582,,in_progress,FITNESS,4
CPT108206,,in_progress,RC,1
CPT105333,,in_progress,FITNESS,4
CPT120538,,in_progress,,5
CPT110589,,in_progress,RC,1
CPT118359,,in_progress,DL,0
CPT113856,,in_progress,PERMIT,3
CPT112066,,in_progress,FITNESS,4
CPT106825,,in_progress,RC,1
CPT114204,,in_progress,,6
CPT117920,,in_progress,,6
CPT118526,,in_progress,RC,1
CPT108337,,in_progress,RC,1
CPT109214,,in_progress,RC,1
CPT116419,,in_progress,RC,1
CPT115493,,in_progress,,5
CPT121956,,in_progress,PERMIT,3
CPT119050,,in_progress,INSURANCE,5
CPT113489,,in_progress,AADHAAR,2
CPT108823,,in_progress,RC,1
CPT109823,,in_progress,DL,0
CPT107427,,in_progress,FITNESS,4
CPT112576,2026-06-30 01:17:19.683875137,approved,,5
CPT110260,,in_progress,INSURANCE,5
CPT109854,,in_progress,FITNESS,4
CPT121437,,dropped_in_docs,DL,0
CPT106494,,in_progress,,6
CPT104977,,in_progress,RC,1
CPT103689,,in_progress,RC,1
CPT121025,,in_progress,INSURANCE,5
CPT107723,,in_progress,RC,1
CPT104841,,in_progress,FITNESS,4
CPT100155,,in_progress,RC,1
CPT109055,,in_progress,RC,1
CPT111922,,in_progress,PERMIT,3
CPT106492,,in_progress,,6
CPT103502,,in_progress,FITNESS,4
CPT124514,,in_progress,DL,0
CPT121616,,in_progress,,5
CPT120559,,in_progress,INSURANCE,5
CPT111335,,in_progress,PERMIT,3
CPT113730,,in_progress,AADHAAR,2
CPT101971,,in_progress,RC,1
CPT116018,,in_progress,RC,1
CPT105022,,in_progress,,6
CPT101825,,in_progress,FITNESS,4
CPT106811,,in_progress,FITNESS,4
CPT111809,,in_progress,INSURANCE,5
CPT103191,,in_progress,,6
CPT122639,,in_progress,AADHAAR,2
CPT120479,,in_progress,DL,0
CPT102107,,in_progress,,6
CPT112546,,in_progress,,5
CPT112484,,in_progress,,6
CPT107054,,in_progress,,6
CPT102246,,in_progress,INSURANCE,5
CPT107682,,in_progress,FITNESS,4
CPT100998,,in_progress,,6
CPT117856,,in_progress,PERMIT,3
CPT120460,,in_progress,INSURANCE,5
CPT108591,,in_progress,AADHAAR,2
CPT114285,,in_progress,INSURANCE,5
CPT112635,,in_progress,INSURANCE,5
CPT121102,,in_progress,,5
CPT119631,,in_progress,INSURANCE,5
CPT104720,,in_progress,AADHAAR,2
CPT111097,,in_progress,PERMIT,3
CPT117022,,in_progress,INSURANCE,5
CPT115036,,in_progress,FITNESS,4
CPT109131,,in_progress,FITNESS,4
CPT103017,,in_progress,FITNESS,4
CPT100850,,in_progress,INSURANCE,5
CPT104996,,in_progress,,6
CPT107993,,dropped_in_docs,DL,0
CPT114652,,in_progress,,6
CPT114099,,dropped_in_docs,DL,0
CPT111479,,in_progress,,6
CPT120319,,in_progress,RC,1
CPT104800,,in_progress,DL,0
CPT123946,,in_progress,RC,1
CPT107447,,in_progress,,6
CPT116472,,in_progress,DL,0
CPT113406,,in_progress,FITNESS,4
CPT116921,,in_progress,AADHAAR,2
CPT123962,,in_progress,FITNESS,4
CPT113689,,in_progress,INSURANCE,5
CPT108134,,in_progress,,6
CPT115741,,in_progress,FITNESS,4
CPT106249,,in_progress,PERMIT,3
CPT105702,,in_progress,,6
CPT115954,,in_progress,PERMIT,3
CPT100957,,in_progress,,5
CPT114913,,in_progress,AADHAAR,2
CPT122958,,dropped_in_docs,DL,0
CPT109687,,in_progress,FITNESS,4
CPT114069,,in_progress,FITNESS,4
CPT108041,,in_progress,RC,1
CPT109813,,in_progress,FITNESS,4
CPT108650,,in_progress,RC,1
CPT119944,,in_progress,RC,1
CPT124957,,in_progress,RC,1
CPT104796,,in_progress,FITNESS,4
CPT122791,,in_progress,RC,1
CPT103069,,in_progress,FITNESS,4
CPT120952,,in_progress,FITNESS,4
CPT114862,,in_progress,DL,0
CPT122658,,in_progress,,6
CPT100058,,in_progress,,6
CPT114318,2026-06-30 22:26:04.692838376,approved,,6
CPT111505,,dropped_in_docs,DL,0
CPT119868,,in_progress,RC,1
CPT122844,,in_progress,RC,1
CPT105657,,in_progress,DL,0
CPT108262,,in_progress,RC,1
CPT119872,,in_progress,PERMIT,3
CPT117850,,in_progress,FITNESS,4
CPT122224,,in_progress,INSURANCE,5
CPT104499,,in_progress,PERMIT,3
CPT100136,,in_progress,,6
CPT121884,,in_progress,FITNESS,4
CPT102368,,in_progress,RC,1
CPT124982,,in_progress,AADHAAR,2
CPT103629,,in_progress,RC,1
CPT119027,,in_progress,INSURANCE,5
CPT107144,,in_progress,,6
CPT120945,,in_progress,PERMIT,3
CPT111196,,in_progress,RC,1
CPT113668,,in_progress,RC,1
CPT110742,,in_progress,DL,0
CPT103573,,in_progress,FITNESS,4
CPT100372,,in_progress,,5
CPT116197,,in_progress,PERMIT,3
CPT104613,,dropped_in_docs,DL,0
CPT108058,,in_progress,DL,0
CPT118780,,in_progress,DL,0
CPT107981,,in_progress,,5
CPT124047,,in_progress,PERMIT,3
CPT117496,,dropped_in_docs,DL,0
CPT115568,,in_progress,PERMIT,3
CPT110064,,in_progress,,6
CPT114749,,in_progress,DL,0
CPT121155,,in_progress,PERMIT,3
CPT124101,,in_progress,PERMIT,3
CPT107835,,in_progress,INSURANCE,5
CPT102848,,in_progress,INSURANCE,5
CPT112130,,in_progress,PERMIT,3
CPT118112,,in_progress,,6
CPT118349,,in_progress,AADHAAR,2
CPT101979,,in_progress,PERMIT,3
CPT105240,,in_progress,FITNESS,4
CPT102920,,in_progress,AADHAAR,2
CPT117284,,in_progress,FITNESS,4
CPT104932,,in_progress,AADHAAR,2
CPT116397,,in_progress,,6
CPT118591,,in_progress,FITNESS,4
CPT123093,,in_progress,RC,1
CPT112642,,in_progress,FITNESS,4
CPT121432,,in_progress,FITNESS,4
CPT105049,,in_progress,,6
CPT108644,,in_progress,,6
CPT113824,,in_progress,INSURANCE,5
CPT107282,,in_progress,AADHAAR,2
CPT114584,,in_progress,,6
CPT110715,,in_progress,RC,1
CPT104976,,in_progress,PERMIT,3
CPT113679,,in_progress,DL,0
CPT105225,,in_progress,DL,0
CPT118977,,in_progress,RC,1
CPT108340,,in_progress,,5
CPT121814,,in_progress,PERMIT,3
CPT100917,,in_progress,RC,1
CPT118478,,in_progress,,6
CPT124167,,in_progress,INSURANCE,5
CPT108182,,in_progress,PERMIT,3
CPT101827,,in_progress,PERMIT,3
CPT107681,,in_progress,RC,1
CPT110784,,in_progress,RC,1
CPT112807,,in_progress,,6
CPT108029,,in_progress,PERMIT,3
CPT118236,,in_progress,RC,1
CPT120367,,in_progress,FITNESS,4
CPT120162,,in_progress,RC,1
CPT107980,,in_progress,FITNESS,4
CPT107345,,in_progress,,6
CPT107473,,in_progress,RC,1
CPT102721,,in_progress,DL,0
CPT115549,,in_progress,RC,1
CPT112921,,in_progress,DL,0
CPT118239,,dropped_in_docs,DL,0
CPT104028,,in_progress,INSURANCE,5
CPT115528,,in_progress,PERMIT,3
CPT114031,,in_progress,,5
CPT103085,,in_progress,PERMIT,3
CPT107800,,in_progress,,6
CPT114375,,in_progress,FITNESS,4
CPT114602,,dropped_in_docs,DL,0
CPT101668,,in_progress,RC,1
CPT113133,,in_progress,PERMIT,3
CPT117428,,in_progress,PERMIT,3
CPT107617,,in_progress,PERMIT,3
CPT109549,,in_progress,FITNESS,4
CPT122152,,in_progress,PERMIT,3
CPT110390,,dropped_in_docs,DL,0
CPT117235,,in_progress,RC,1
CPT105688,,in_progress,RC,1
CPT117678,,in_progress,FITNESS,4
CPT110451,,in_progress,RC,1
CPT115845,,in_progress,FITNESS,4
CPT105742,,in_progress,RC,1
CPT107200,,in_progress,RC,1
CPT123796,,in_progress,RC,1
CPT123192,,in_progress,INSURANCE,5
CPT114638,,in_progress,DL,0
CPT114912,,in_progress,DL,0
CPT103620,,in_progress,,6
CPT106185,,in_progress,RC,1
CPT112903,,in_progress,FITNESS,4
CPT121301,,in_progress,,6
CPT103308,,in_progress,RC,1
CPT117477,,dropped_in_docs,DL,0
CPT116193,,in_progress,RC,1
CPT120127,,in_progress,RC,1
CPT115929,,in_progress,RC,1
CPT100994,,in_progress,INSURANCE,5
CPT123360,,in_progress,RC,1
CPT112268,,in_progress,PERMIT,3
CPT123439,,in_progress,INSURANCE,5
CPT111172,,dropped_in_docs,DL,0
CPT110481,,in_progress,AADHAAR,2
CPT119617,,in_progress,AADHAAR,2
CPT105962,,in_progress,PERMIT,3
CPT116736,,in_progress,FITNESS,4
CPT105819,,in_progress,RC,1
CPT118179,,dropped_in_docs,DL,0
CPT115857,,in_progress,RC,1
CPT102331,,in_progress,DL,0
CPT104073,,in_progress,RC,1
CPT114460,,in_progress,FITNESS,4
CPT121760,,dropped_in_docs,DL,0
CPT124146,,in_progress,AADHAAR,2
CPT107839,,in_progress,FITNESS,4
CPT115994,,in_progress,RC,1
CPT109357,,dropped_in_docs,DL,0
CPT104817,,in_progress,AADHAAR,2
CPT109971,,in_progress,RC,1
CPT123430,,in_progress,RC,1
CPT114504,,dropped_in_docs,DL,0
CPT104355,,in_progress,RC,1
CPT114477,,in_progress,FITNESS,4
CPT117830,,in_progress,FITNESS,4
CPT105457,,in_progress,,6
CPT114277,,in_progress,AADHAAR,2
CPT124201,,in_progress,PERMIT,3
CPT110424,,in_progress,RC,1
CPT116219,,in_progress,,5
CPT117552,,in_progress,,6
CPT103958,,in_progress,RC,1
CPT109746,,in_progress,,6
CPT102677,,in_progress,RC,1
CPT122836,,dropped_in_docs,DL,0
CPT121024,,in_progress,RC,1
CPT106650,,dropped_in_docs,DL,0
CPT106403,,in_progress,PERMIT,3
CPT102949,,in_progress,RC,1
CPT111091,,in_progress,,6
CPT115376,,in_progress,RC,1
CPT117093,,in_progress,DL,0
CPT121873,,in_progress,FITNESS,4
CPT114742,,in_progress,RC,1
CPT101425,,dropped_in_docs,DL,0
CPT107101,,in_progress,,6
CPT106182,,in_progress,,6
CPT123549,,in_progress,AADHAAR,2
CPT116068,,in_progress,PERMIT,3
CPT107468,,in_progress,PERMIT,3
CPT107388,,in_progress,AADHAAR,2
CPT109075,,in_progress,AADHAAR,2
CPT111377,,in_progress,FITNESS,4
CPT121267,,in_progress,FITNESS,4
CPT117262,,in_progress,INSURANCE,5
CPT121173,,in_progress,,5
CPT123956,,in_progress,PERMIT,3
CPT122275,,in_progress,,5
CPT111927,,in_progress,RC,1
CPT108670,,in_progress,RC,1
CPT102300,,in_progress,FITNESS,4
CPT106899,,in_progress,FITNESS,4
CPT112101,,in_progress,PERMIT,3
CPT116410,,in_progress,DL,0
CPT112464,,in_progress,,6
CPT118788,,in_progress,,6
CPT111571,,in_progress,AADHAAR,2
CPT114931,,in_progress,,6
CPT121308,,in_progress,,5
CPT115709,,in_progress,FITNESS,4
CPT119067,,in_progress,,6
CPT121662,,in_progress,PERMIT,3
CPT103125,,in_progress,PERMIT,3
CPT108181,,in_progress,RC,1
CPT119580,,in_progress,INSURANCE,5
CPT117299,,in_progress,DL,0
CPT108317,,in_progress,FITNESS,4
CPT124071,,in_progress,FITNESS,4
CPT101378,,in_progress,,5
CPT112684,,in_progress,PERMIT,3
CPT106446,,in_progress,INSURANCE,5
CPT112347,,in_progress,,6
CPT107401,,in_progress,,6
CPT116033,,in_progress,RC,1
CPT109991,,in_progress,DL,0
CPT119071,,in_progress,AADHAAR,2
CPT102255,,in_progress,,6
CPT119845,,in_progress,RC,1
CPT101118,,dropped_in_docs,DL,0
CPT107880,,in_progress,,6
CPT108276,,in_progress,,6
CPT117143,,in_progress,,6
CPT103492,,in_progress,,6
CPT114555,,in_progress,DL,0
CPT105556,,in_progress,FITNESS,4
CPT108432,,in_progress,INSURANCE,5
CPT100741,,in_progress,,5
CPT123299,,in_progress,RC,1
CPT112453,,in_progress,AADHAAR,2
CPT111371,,in_progress,PERMIT,3
CPT124655,,in_progress,AADHAAR,2
CPT112527,,in_progress,,5
CPT105249,,in_progress,,6
CPT111865,,in_progress,RC,1
CPT104725,,in_progress,FITNESS,4
CPT120418,,in_progress,RC,1
CPT117431,,in_progress,RC,1
CPT114298,,dropped_in_docs,DL,0
CPT104733,,in_progress,,6
CPT110300,,in_progress,PERMIT,3
CPT120304,,in_progress,,5
CPT118997,,in_progress,RC,1
CPT118197,,in_progress,AADHAAR,2
CPT110969,,in_progress,RC,1
CPT119606,,in_progress,PERMIT,3
CPT103935,,in_progress,,6
CPT118079,,in_progress,,5
CPT118922,,in_progress,INSURANCE,5
CPT122931,,in_progress,AADHAAR,2
CPT103789,,in_progress,RC,1
CPT116001,,dropped_in_docs,DL,0
CPT107545,,in_progress,FITNESS,4
CPT101478,,in_progress,PERMIT,3
CPT106008,,in_progress,FITNESS,4
CPT117181,,in_progress,,6
CPT124128,,in_progress,RC,1
CPT115946,,in_progress,PERMIT,3
CPT121019,,dropped_in_docs,DL,0
CPT114400,,in_progress,PERMIT,3
CPT108451,,in_progress,RC,1
CPT116210,,dropped_in_docs,DL,0
CPT119655,,in_progress,INSURANCE,5
CPT123487,,in_progress,,6
CPT104357,,in_progress,,5
CPT103050,,in_progress,,6
CPT110564,,in_progress,,5
CPT112195,,in_progress,PERMIT,3
CPT110532,,dropped_in_docs,DL,0
CPT123706,,in_progress,FITNESS,4
CPT112128,,in_progress,AADHAAR,2
CPT113650,,in_progress,PERMIT,3
CPT114404,,in_progress,PERMIT,3
CPT101035,,dropped_in_docs,DL,0
CPT124993,,in_progress,FITNESS,4
CPT103696,,in_progress,RC,1
CPT100320,,in_progress,PERMIT,3
CPT121623,,in_progress,FITNESS,4
CPT113885,,in_progress,PERMIT,3
CPT104337,,in_progress,PERMIT,3
CPT120268,,in_progress,,6
CPT104698,,in_progress,FITNESS,4
CPT111995,,in_progress,,6
CPT101789,,in_progress,,6
CPT102042,,in_progress,FITNESS,4
CPT119048,,in_progress,PERMIT,3
CPT120070,,in_progress,,6
CPT105254,,in_progress,,5
CPT120416,,in_progress,AADHAAR,2
CPT113901,,in_progress,PERMIT,3
CPT123716,,in_progress,,6
CPT119211,,in_progress,RC,1
CPT108189,,in_progress,PERMIT,3
CPT110927,,in_progress,FITNESS,4
CPT108564,,in_progress,,6
CPT101524,,in_progress,RC,1
CPT115574,,in_progress,RC,1
CPT102270,,in_progress,RC,1
CPT117922,,in_progress,INSURANCE,5
CPT124637,,in_progress,,6
CPT102224,,in_progress,PERMIT,3
CPT112076,,in_progress,DL,0
CPT116576,,in_progress,INSURANCE,5
CPT109888,,in_progress,FITNESS,4
CPT120057,,in_progress,RC,1
CPT113104,,dropped_in_docs,DL,0
CPT121053,,in_progress,PERMIT,3
CPT104688,,in_progress,AADHAAR,2
CPT102956,,in_progress,RC,1
CPT123533,,in_progress,PERMIT,3
CPT119759,,in_progress,FITNESS,4
CPT123822,,in_progress,,6
CPT100587,,in_progress,RC,1
CPT103612,,in_progress,FITNESS,4
CPT119538,,in_progress,PERMIT,3
CPT109025,,in_progress,,6
CPT120711,,in_progress,PERMIT,3
CPT123349,,in_progress,,5
CPT101062,,in_progress,RC,1
CPT120308,,in_progress,RC,1
CPT117013,,in_progress,RC,1
CPT106196,,in_progress,INSURANCE,5
CPT101363,,in_progress,RC,1
CPT120375,,in_progress,RC,1
CPT101271,,in_progress,FITNESS,4
CPT123077,,in_progress,,5
CPT108921,,in_progress,,6
CPT117736,,in_progress,RC,1
CPT100019,,in_progress,,6
CPT112181,,in_progress,,5
CPT114299,,in_progress,RC,1
CPT119095,,in_progress,RC,1
CPT115569,,in_progress,,5
CPT112995,,in_progress,PERMIT,3
CPT110712,,in_progress,RC,1
CPT101442,,in_progress,FITNESS,4
CPT120682,,dropped_in_docs,DL,0
CPT100936,,in_progress,PERMIT,3
CPT121743,,in_progress,PERMIT,3
CPT120168,,in_progress,RC,1
CPT100327,,in_progress,PERMIT,3
CPT117460,,in_progress,,6
CPT117588,,in_progress,INSURANCE,5
CPT123571,,in_progress,FITNESS,4
CPT103906,,in_progress,DL,0
CPT115369,,in_progress,RC,1
CPT101458,,in_progress,FITNESS,4
CPT122494,,dropped_in_docs,DL,0
CPT120106,,in_progress,RC,1
CPT106893,,in_progress,INSURANCE,5
CPT116756,,dropped_in_docs,DL,0
CPT101189,,in_progress,PERMIT,3
CPT112099,,in_progress,FITNESS,4
CPT105608,,in_progress,RC,1
CPT111202,,in_progress,PERMIT,3
CPT123701,,in_progress,AADHAAR,2
CPT116479,,in_progress,RC,1
CPT100857,,in_progress,PERMIT,3
CPT120615,,in_progress,,5
CPT114160,,in_progress,FITNESS,4
CPT102155,,in_progress,FITNESS,4
CPT114907,,in_progress,AADHAAR,2
CPT106441,,dropped_in_docs,DL,0
CPT101693,,in_progress,DL,0
CPT100806,,in_progress,RC,1
CPT108915,,in_progress,,6
CPT114080,,in_progress,PERMIT,3
CPT115660,,in_progress,FITNESS,4
CPT121413,,in_progress,PERMIT,3
CPT114452,,dropped_in_docs,PERMIT,3
CPT110524,,in_progress,FITNESS,4
CPT123603,,in_progress,INSURANCE,5
CPT110430,,in_progress,RC,1
CPT110091,,in_progress,PERMIT,3
CPT106479,,in_progress,FITNESS,4
CPT113918,,in_progress,RC,1
CPT116380,,in_progress,PERMIT,3
CPT103382,,in_progress,FITNESS,4
CPT116684,,in_progress,RC,1
CPT113524,,in_progress,RC,1
CPT120673,,in_progress,RC,1
CPT124412,,in_progress,RC,1
CPT103520,,dropped_in_docs,PERMIT,3
CPT120884,,in_progress,INSURANCE,5
CPT103381,,in_progress,AADHAAR,2
CPT120501,,in_progress,FITNESS,4
CPT107406,,in_progress,FITNESS,4
CPT119487,,in_progress,RC,1
CPT106836,,in_progress,FITNESS,4
CPT100854,,in_progress,,6
CPT120674,,in_progress,PERMIT,3
CPT111926,,in_progress,AADHAAR,2
CPT123845,,dropped_in_docs,DL,0
CPT120548,,in_progress,AADHAAR,2
CPT119741,,in_progress,INSURANCE,5
CPT106292,,in_progress,RC,1
CPT102086,,in_progress,INSURANCE,5
CPT123865,,dropped_in_docs,INSURANCE,5
CPT113291,,in_progress,,6
CPT106100,,in_progress,DL,0
CPT101375,,in_progress,AADHAAR,2
CPT102385,,in_progress,,6
CPT110893,,dropped_in_docs,RC,1
CPT114801,,in_progress,FITNESS,4
CPT124726,,in_progress,RC,1
CPT113587,,in_progress,FITNESS,4
CPT101858,,in_progress,AADHAAR,2
CPT102524,,in_progress,RC,1
CPT121140,,in_progress,RC,1
CPT106929,,in_progress,DL,0
CPT110720,,in_progress,PERMIT,3
CPT115053,,in_progress,RC,1
CPT107170,,in_progress,FITNESS,4
CPT110264,,in_progress,DL,0
CPT116061,,in_progress,,6
CPT124885,,in_progress,RC,1
CPT102162,,in_progress,FITNESS,4
CPT105045,,in_progress,INSURANCE,5
CPT118278,,in_progress,RC,1
CPT111898,,in_progress,FITNESS,4
CPT104973,,dropped_in_docs,RC,1
CPT114028,,dropped_in_docs,FITNESS,4
CPT110241,,in_progress,RC,1
CPT108996,,in_progress,,5
CPT120291,,in_progress,INSURANCE,5
CPT117963,,in_progress,,6
CPT113759,,in_progress,,6
CPT120353,,in_progress,PERMIT,3
CPT122176,,dropped_in_docs,RC,1
CPT124713,,dropped_in_docs,RC,1
CPT118083,,in_progress,,6
CPT102958,,dropped_in_docs,RC,1
CPT105103,,dropped_in_docs,RC,1
CPT112704,,in_progress,RC,1
CPT105221,,in_progress,AADHAAR,2
CPT104275,,in_progress,RC,1
CPT115052,,dropped_in_docs,INSURANCE,5
CPT122106,,in_progress,FITNESS,4
CPT104971,,in_progress,RC,1
CPT109288,,in_progress,INSURANCE,5
CPT121187,,in_progress,INSURANCE,5
CPT119496,,in_progress,INSURANCE,5
CPT121733,,in_progress,FITNESS,4
CPT110629,,in_progress,RC,1
CPT103061,,dropped_in_docs,PERMIT,3
CPT110791,,dropped_in_docs,DL,0
CPT117388,,in_progress,,6
CPT114455,,in_progress,AADHAAR,2
CPT107496,,in_progress,PERMIT,3
CPT101223,,in_progress,FITNESS,4
CPT110654,,dropped_in_docs,FITNESS,4
CPT119727,,in_progress,,5
CPT120064,,in_progress,DL,0
CPT103467,,in_progress,PERMIT,3
CPT112384,,dropped_in_docs,PERMIT,3
CPT101228,,in_progress,DL,0
CPT120470,,in_progress,FITNESS,4
CPT121651,,in_progress,DL,0
CPT110732,,in_progress,INSURANCE,5
CPT105850,,in_progress,,6
CPT108111,,dropped_in_docs,PERMIT,3
CPT105354,,in_progress,,6
CPT109161,,dropped_in_docs,DL,0
CPT124374,,dropped_in_docs,PERMIT,3
CPT120687,,dropped_in_docs,DL,0
CPT118199,,in_progress,,6
CPT121896,,dropped_in_docs,DL,0
CPT123285,,dropped_in_docs,DL,0
CPT105663,,in_progress,,6
CPT102834,,in_progress,RC,1
CPT122848,,in_progress,PERMIT,3
CPT120854,,in_progress,RC,1
CPT117796,,in_progress,INSURANCE,5
CPT121422,,dropped_in_docs,PERMIT,3
CPT118822,,in_progress,RC,1
CPT117931,,in_progress,AADHAAR,2
CPT105416,,in_progress,INSURANCE,5
CPT110282,,dropped_in_docs,PERMIT,3
CPT105666,,in_progress,,6
CPT122775,,dropped_in_docs,RC,1
CPT124475,,in_progress,,6
CPT102171,,in_progress,,6
CPT110493,,dropped_in_docs,INSURANCE,5
CPT111381,,in_progress,AADHAAR,2
CPT102033,,dropped_in_docs,AADHAAR,2
CPT124712,,dropped_in_docs,DL,0
CPT107145,,in_progress,RC,1
CPT109850,,dropped_in_docs,DL,0
CPT121299,,in_progress,PERMIT,3
CPT100295,,in_progress,,5
CPT106626,,in_progress,,6
CPT110437,,in_progress,,6
CPT113095,,dropped_in_docs,RC,1
CPT121023,,in_progress,FITNESS,4
CPT112003,,dropped_in_docs,FITNESS,4
CPT117529,,in_progress,INSURANCE,5
CPT114450,,in_progress,,6
CPT119325,,in_progress,,6
CPT122485,,in_progress,,6
CPT117337,,dropped_in_docs,RC,1
CPT115856,,dropped_in_docs,INSURANCE,5
CPT101082,,in_progress,,6
CPT119835,,dropped_in_docs,FITNESS,4
CPT102574,,in_progress,INSURANCE,5
CPT100016,,dropped_in_docs,FITNESS,4
CPT122829,,dropped_in_docs,RC,1
CPT109649,,dropped_in_docs,AADHAAR,2
CPT118897,,in_progress,,6
CPT104139,,dropped_in_docs,RC,1
CPT102637,,dropped_in_docs,PERMIT,3
CPT121177,,dropped_in_docs,RC,1
CPT113191,,dropped_in_docs,RC,1
CPT121252,,dropped_in_docs,RC,1
CPT107660,,dropped_in_docs,FITNESS,4
CPT106358,,in_progress,DL,0
CPT124350,,in_progress,,6
CPT103727,,in_progress,PERMIT,3
CPT108717,,dropped_in_docs,RC,1
CPT121089,,in_progress,,6
CPT124376,,dropped_in_docs,AADHAAR,2
CPT104919,,in_progress,PERMIT,3
CPT102901,,dropped_in_docs,INSURANCE,5
CPT108969,,in_progress,,5
CPT113746,,dropped_in_docs,DL,0
CPT117435,,in_progress,INSURANCE,5
CPT123301,,dropped_in_docs,PERMIT,3
CPT115992,,in_progress,,5
CPT114382,,in_progress,,5
CPT102212,,in_progress,,5
CPT108487,,in_progress,PERMIT,3
CPT119271,,dropped_in_docs,DL,0
CPT114296,,in_progress,,6
CPT122103,,dropped_in_docs,RC,1
CPT117712,,in_progress,,6
CPT119293,,dropped_in_docs,INSURANCE,5
CPT100483,,dropped_in_docs,PERMIT,3
CPT107895,,dropped_in_docs,RC,1
CPT103646,,dropped_in_docs,INSURANCE,5
CPT105932,,dropped_in_docs,PERMIT,3
CPT116425,,in_progress,INSURANCE,5
CPT111853,,dropped_in_docs,DL,0
CPT118784,,in_progress,AADHAAR,2
CPT123131,,dropped_in_docs,FITNESS,4
CPT112430,,dropped_in_docs,DL,0
CPT115320,,dropped_in_docs,DL,0
CPT112888,,in_progress,PERMIT,3
CPT108228,,in_progress,DL,0
CPT109695,,in_progress,,6
CPT116486,,in_progress,,6
CPT107528,,in_progress,,6
CPT118462,,dropped_in_docs,RC,1
CPT100800,,dropped_in_docs,AADHAAR,2
CPT120623,,in_progress,,6
CPT108647,,in_progress,,6
CPT115910,,dropped_in_docs,DL,0
CPT100345,,dropped_in_docs,AADHAAR,2
CPT116400,,dropped_in_docs,INSURANCE,5
CPT119691,,dropped_in_docs,RC,1
CPT120145,,dropped_in_docs,INSURANCE,5
CPT113121,,in_progress,,6
CPT113807,,in_progress,,5
CPT103583,,dropped_in_docs,DL,0
CPT108377,,dropped_in_docs,RC,1
CPT112065,,dropped_in_docs,DL,0
CPT109440,,dropped_in_docs,DL,0
CPT111794,,dropped_in_docs,FITNESS,4
CPT123085,,dropped_in_docs,PERMIT,3
CPT110134,,in_progress,,6
CPT123986,,dropped_in_docs,FITNESS,4
CPT122127,,in_progress,RC,1
CPT101507,,dropped_in_docs,RC,1
CPT124028,,dropped_in_docs,PERMIT,3
CPT122587,,dropped_in_docs,INSURANCE,5
CPT107226,,in_progress,,6
CPT119116,,dropped_in_docs,INSURANCE,5
CPT124633,,dropped_in_docs,DL,0
CPT119338,,dropped_in_docs,RC,1
CPT113156,,dropped_in_docs,INSURANCE,5
CPT114525,,dropped_in_docs,PERMIT,3
CPT117629,,dropped_in_docs,RC,1
CPT103168,,dropped_in_docs,RC,1
CPT113557,,in_progress,,6
CPT110215,,dropped_in_docs,INSURANCE,5
CPT103759,,dropped_in_docs,AADHAAR,2
CPT119842,,dropped_in_docs,AADHAAR,2
CPT114818,,dropped_in_docs,INSURANCE,5
CPT102389,,dropped_in_docs,DL,0
